config_name,group,checkpoint_step,mean_success_rate,std_success_rate,mean_avg_return,std_avg_return,mean_first_success_step,n_runs,mean_success_rate_smooth,mean_avg_return_smooth,mean_first_success_step_smooth
config_A,test,10000,0.0,0.0,9.242849655520223,3.5687815790718096,,5,0.0,9.242849655520223,
config_A,test,20000,0.0,0.0,9.698350066888436,5.664504047853912,,5,0.0,9.47059986120433,
config_A,test,30000,0.0,0.0,16.836602883541374,8.282824769650219,,5,0.0,11.925934201983344,
config_A,test,40000,0.0,0.0,39.39919778653278,18.14579096373254,,5,0.0,21.97805024565419,
config_A,test,50000,0.0,0.0,26.53680390792428,10.502595614862942,,10,0.0,27.590868192666147,
config_A,test,60000,0.0,0.0,32.823490999246566,7.016297304263379,,5,0.0,32.91983089790121,
config_A,test,70000,0.0,0.0,55.04880168015859,33.175732405354786,,5,0.0,38.13636552910981,
config_A,test,80000,0.04,0.0894427190999916,88.48004954546812,94.65248175606148,81.0,5,0.013333333333333334,58.784114074957756,81.0
config_A,test,90000,0.0,0.0,38.437534375634286,16.120446165910877,,5,0.013333333333333334,60.65546186708699,81.0
config_A,test,100000,0.04,0.0843274042711568,107.5694370760491,89.74568897539051,78.0,10,0.02666666666666667,78.16234033238383,79.5
config_A,test,110000,0.04,0.0894427190999916,92.89146985387923,95.77103129521203,85.0,5,0.02666666666666667,79.63281376852088,81.5
config_A,test,120000,0.04,0.0894427190999916,88.87478125104411,90.23720651434202,95.0,5,0.04,96.44522939365748,86.0
config_A,test,130000,0.04,0.0894427190999916,85.79272488637858,105.4450291461556,184.0,5,0.04,89.18632533043399,121.33333333333333
config_A,test,140000,0.0,0.0,105.74148067022706,114.10325885175816,,5,0.02666666666666667,93.46966226921658,139.5
config_A,test,150000,0.0,0.0,45.88319083299705,11.732203159582575,,10,0.013333333333333334,79.13913212986756,184.0
config_A,test,160000,0.0,0.0,44.76348680069944,19.79557186261034,,5,0.0,65.46271943464119,
config_A,test,170000,0.0,0.0,62.5391433056155,19.782466390517286,,5,0.0,51.061940313103996,
config_A,test,180000,0.0,0.0,41.39784099320942,14.061333588633882,,5,0.0,49.56682369984145,
config_A,test,190000,0.0,0.0,36.47767517710836,16.523686216609278,,5,0.0,46.804886491977754,
config_A,test,200000,0.04,0.0843274042711568,37.55018143214612,12.268791441186274,102.0,10,0.013333333333333334,38.475232534154635,102.0
config_A,test,210000,0.0,0.0,48.54303381025261,15.606051708419978,,5,0.013333333333333334,40.85696347316903,102.0
config_A,test,220000,0.0,0.0,45.88455591841341,25.202790772450143,,5,0.013333333333333334,43.99259038693739,102.0
config_A,test,230000,0.0,0.0,34.17346023993222,16.29377004348539,,5,0.0,42.86701665619941,
config_A,test,240000,0.0,0.0,88.39864015092995,98.7411199548236,,5,0.0,56.15221876975852,
config_A,test,250000,0.04,0.0843274042711568,42.437995103699585,19.39726662885878,66.0,10,0.013333333333333334,55.00336516485391,66.0
config_A,test,260000,0.04,0.0894427190999916,38.22404164866599,13.835205337260735,63.0,5,0.02666666666666667,56.353558967765174,64.5
config_A,test,270000,0.04,0.0894427190999916,93.38463132997516,106.02002801164993,62.0,5,0.04,58.015556027446905,63.666666666666664
config_A,test,280000,0.04,0.0894427190999916,35.05778568198537,12.636546079908422,68.0,5,0.04,55.55548622020884,64.33333333333333
config_A,test,290000,0.04,0.0894427190999916,34.48296763410103,11.383486100124173,77.0,5,0.04,54.308461548687184,69.0
config_A,test,300000,0.04,0.0843274042711568,100.52416625024452,131.78844156955827,90.0,10,0.04,56.6883065221103,78.33333333333333
config_A,test,310000,0.04,0.0894427190999916,50.86209481676265,47.175560627014754,59.0,5,0.04,61.956409567036054,75.33333333333333
config_A,test,320000,0.0,0.0,131.499143650542,209.29168796221566,,5,0.02666666666666666,94.29513490584971,74.5
config_A,test,330000,0.0,0.0,35.92313830935812,6.003515308397578,,5,0.013333333333333334,72.76145892555424,59.0
config_A,test,340000,0.0,0.0,64.12997766840365,43.4737029796663,,5,0.0,77.18408654276793,
config_A,test,350000,0.0,0.0,116.34841875892934,100.98581506566386,,10,0.0,72.13384491223036,
config_A,test,360000,0.0,0.0,211.7546780526315,193.18462267527502,,5,0.0,130.74435815998814,
config_A,test,370000,0.0,0.0,130.81932752039785,130.2312165917432,,5,0.0,152.9741414439862,
config_A,test,380000,0.0,0.0,87.90321856220226,61.66382525139683,,5,0.0,143.49240804507718,
config_A,test,390000,0.08,0.10954451150103323,121.52829908967439,132.17479283099303,48.0,5,0.02666666666666667,113.41694839075815,48.0
config_A,test,400000,0.08,0.10327955589886445,241.49736138003695,242.62544638818923,54.0,10,0.05333333333333334,150.3096263439712,51.0
config_A,test,410000,0.0,0.0,192.2457814064857,147.03481350827897,,5,0.05333333333333334,185.09048062539898,51.0
config_A,test,420000,0.04,0.0894427190999916,141.2108195422292,180.70800769924563,52.0,5,0.04,191.65132077625057,53.0
config_A,test,430000,0.12000000000000002,0.1788854381999832,139.56267689430626,160.55796050182352,57.25,5,0.053333333333333344,157.67309261434036,54.625
config_A,test,440000,0.08,0.10954451150103323,246.30601552474482,239.51896666435033,70.0,5,0.08,175.69317065376006,59.75
config_A,test,450000,0.04,0.0843274042711568,261.2530268602681,131.09691109773627,37.0,10,0.08,215.70723975977307,54.75
config_A,test,460000,0.08,0.1788854381999832,227.52498835326415,132.8059105519417,39.0,5,0.06666666666666667,245.02801024609235,48.666666666666664
config_A,test,470000,0.12000000000000002,0.1788854381999832,228.94310469645197,139.60813417657562,66.25,5,0.08,239.24037330332808,47.416666666666664
config_A,test,480000,0.08,0.1788854381999832,115.01539512804243,121.51802761489046,44.0,5,0.09333333333333334,190.49449605925284,49.75
config_A,test,490000,0.0,0.0,173.47673812517687,254.10212738513792,,5,0.06666666666666667,172.4784126498904,55.125
config_A,test,500000,0.08,0.10327955589886445,129.37685377569724,139.41765214693584,47.0,10,0.05333333333333332,139.28966234297215,45.5
config_A,test,510000,0.04,0.0894427190999916,218.81367604499437,105.6600649799479,35.0,5,0.04,173.88908931528945,41.0
config_A,test,520000,0.08,0.1788854381999832,181.8889321920828,170.2194186060229,35.5,5,0.06666666666666667,176.6931540042581,39.166666666666664
config_A,test,530000,0.08,0.1788854381999832,249.4012617146571,286.8000196241116,35.0,5,0.06666666666666667,216.70128998391138,35.166666666666664
config_A,test,540000,0.08,0.1788854381999832,193.52553854381836,267.7523601522384,40.5,5,0.08,208.2719108168527,37.0
config_A,test,550000,0.08,0.1686548085423136,140.18811232776847,197.97909276554603,35.5,10,0.08,194.37163752874798,37.0
config_A,test,560000,0.12000000000000002,0.1788854381999832,99.99620992015481,118.5527221028474,54.0,5,0.09333333333333334,144.56995359724718,43.333333333333336
config_A,test,570000,0.16,0.16733200530681513,169.72641635211372,183.7477408926146,80.0,5,0.12,136.63691286667895,56.5
config_A,test,580000,0.12,0.2683281572999748,249.77279943878239,255.1967557457003,36.0,5,0.13333333333333333,173.16514190368363,56.666666666666664
config_A,test,590000,0.04,0.0894427190999916,147.04300283244618,258.2774942329104,129.0,5,0.10666666666666667,188.84740620778075,81.66666666666667
config_A,test,600000,0.08,0.16865480854231357,279.09495814323543,411.47290965491123,211.5,10,0.07999999999999999,225.30358680482132,125.5
config_A,test,610000,0.12000000000000002,0.1788854381999832,392.59145510780905,570.1911449271411,47.5,5,0.08,272.90980536116354,129.33333333333334
config_A,test,620000,0.08,0.10954451150103323,368.80655324410003,605.9118914906294,48.5,5,0.09333333333333332,346.8309888317148,102.5
config_A,test,630000,0.04,0.0894427190999916,289.68398062879066,250.9619397911436,36.0,5,0.08,350.36066299356656,44.0
config_A,test,640000,0.12000000000000002,0.10954451150103323,452.6869056230263,567.7022056106351,66.0,5,0.08,370.39247983197237,50.166666666666664
config_A,test,650000,0.12000000000000002,0.10327955589886445,437.97614801278417,412.1117191375446,63.666666666666664,10,0.09333333333333334,393.44901142153367,55.22222222222222
config_A,test,660000,0.12000000000000002,0.1788854381999832,316.07813355195253,267.50037523660404,55.5,5,0.12000000000000002,402.247062395921,61.72222222222222
config_A,test,670000,0.15999999999999998,0.260768096208106,338.9479942150982,526.7336423351205,45.0,5,0.13333333333333333,364.3340919266116,54.72222222222222
config_A,test,680000,0.16,0.16733200530681513,320.24752582197095,457.90698396718113,76.83333333333333,5,0.14666666666666667,325.0912178630072,59.111111111111114
config_A,test,690000,0.16,0.21908902300206645,283.80860185636163,350.3210255939045,56.5,5,0.16,314.3347072978102,59.44444444444445
config_A,test,700000,0.08,0.10327955589886445,344.3737711400209,419.10995631924584,77.5,10,0.13333333333333333,316.1432996061178,70.27777777777779
config_A,test,710000,0.08,0.1788854381999832,360.4577579922968,439.63848437105133,59.0,5,0.10666666666666665,329.54671032955974,64.33333333333333
config_A,test,720000,0.12000000000000002,0.1788854381999832,255.13596751636155,484.84193870113637,142.5,5,0.09333333333333334,319.98916554955974,93.0
config_A,test,730000,0.08,0.10954451150103323,242.5207527423835,308.342619127038,101.0,5,0.09333333333333332,286.0381594170139,100.83333333333333
config_A,test,740000,0.08,0.1788854381999832,390.8693477018363,495.51471941015956,41.5,5,0.09333333333333334,296.17535598686044,95.0
config_A,test,750000,0.16,0.15776212754932312,361.79492967174303,433.9582692871516,104.83333333333333,10,0.10666666666666665,331.7283433719876,82.44444444444444
config_A,test,760000,0.08,0.1788854381999832,365.2123743840149,497.0613744272631,42.0,5,0.10666666666666665,372.6255505858647,62.77777777777777
config_A,test,770000,0.12000000000000002,0.1788854381999832,332.72080287797957,218.76313546880144,97.5,5,0.12,353.24270231124575,81.44444444444444
config_A,test,780000,0.28,0.33466401061363027,210.37649851117675,361.1085817083905,84.08333333333333,5,0.16,302.7698919243904,74.52777777777779
config_A,test,790000,0.16,0.21908902300206645,344.0434524569498,481.38735024654807,56.5,5,0.18666666666666665,295.7135846153687,79.3611111111111
config_A,test,800000,0.2,0.1885618083164127,273.99072875096874,188.49895098944714,70.16666666666667,10,0.21333333333333335,276.1368932396984,70.25
config_A,test,810000,0.27999999999999997,0.2683281572999748,187.35032833597415,312.74763707335455,69.55555555555556,5,0.2133333333333333,268.46150318129753,65.4074074074074
config_A,test,820000,0.27999999999999997,0.2683281572999748,129.401999520245,192.7010038406853,62.88888888888889,5,0.25333333333333324,196.91435220239592,67.53703703703704
config_A,test,830000,0.27999999999999997,0.2683281572999748,244.24992575020377,212.86162622364355,59.055555555555564,5,0.27999999999999997,187.00075120214095,63.83333333333334
config_A,test,840000,0.24000000000000005,0.21908902300206645,166.05874774516346,204.87918544819058,60.166666666666664,5,0.2666666666666666,179.90355767187074,60.7037037037037
config_A,test,850000,0.32,0.28596814119369623,193.24475394382932,316.59162649464196,63.77777777777777,10,0.27999999999999997,201.18447581306552,61.0
config_A,test,860000,0.24000000000000005,0.21908902300206645,141.8574063505069,215.22144853927358,63.0,5,0.26666666666666666,167.05363601316654,62.31481481481481
config_A,test,870000,0.24,0.260768096208106,163.7380369187506,299.8807171773634,59.61111111111111,5,0.26666666666666666,166.2800657376956,62.129629629629626
config_A,test,880000,0.27999999999999997,0.2683281572999748,248.87496556479022,328.3449552854643,62.333333333333336,5,0.2533333333333333,184.8234696113492,61.64814814814815
config_A,test,890000,0.24,0.260768096208106,250.87245209084207,220.5654143487036,64.05555555555556,5,0.25333333333333324,221.16181819146095,62.0
config_A,test,900000,0.24000000000000005,0.2065591117977289,186.1542918798409,225.58732445683805,62.166666666666664,10,0.25333333333333324,228.63390317849107,62.85185185185185
config_A,test,910000,0.24000000000000005,0.21908902300206645,232.05660338089734,354.99348814985314,64.16666666666667,5,0.24,223.02778245052673,63.46296296296296
config_A,test,920000,0.16,0.21908902300206645,236.7458246848527,373.0273502878482,57.5,5,0.21333333333333335,218.3189066485303,61.27777777777778
config_A,test,930000,0.16,0.21908902300206645,301.73004140764334,381.62190317140505,54.25,5,0.18666666666666665,256.8441564911311,58.63888888888889
config_A,test,940000,0.24,0.260768096208106,346.1897670379565,373.15516401466977,68.94444444444444,5,0.18666666666666662,294.8885443768175,60.23148148148149
config_A,test,950000,0.2,0.18856180831641267,418.3586447208653,502.9859882123143,60.0,10,0.19999999999999996,355.4261510554884,61.06481481481482
config_A,test,960000,0.2,0.2,427.75958669191584,390.23798352008873,63.0,5,0.2133333333333333,397.4359994835792,63.98148148148149
config_A,test,970000,0.32,0.33466401061363027,458.5999945131278,344.52677358030496,60.0,5,0.24,434.9060753086363,61.0
config_A,test,980000,0.32,0.30331501776206204,360.93539377713097,368.4480710948577,60.27777777777777,5,0.27999999999999997,415.7649916607249,61.09259259259259
config_A,test,990000,0.32,0.30331501776206204,231.3739617439819,405.2254161581954,56.77777777777777,5,0.32,350.30311667808024,59.01851851851851
config_A,test,1000000,0.44000000000000006,0.429987079909256,328.79457920719466,212.96143940594436,62.449999999999996,10,0.35999999999999993,307.0346449094358,59.835185185185175
config_A,test,1010000,0.4,0.37416573867739417,242.21522516365312,264.4857307699986,99.33333333333331,5,0.38666666666666666,267.46125537160987,72.85370370370369
config_A,test,1020000,0.48,0.46043457732885357,224.06690394724464,257.65971816109953,58.18888888888889,5,0.43999999999999995,265.0255694393641,73.32407407407406
config_A,test,1030000,0.52,0.48166378315169184,172.695491483332,229.65886381606907,58.93333333333334,5,0.4666666666666666,212.99254019807657,72.15185185185184
config_A,test,1040000,0.5599999999999999,0.433589667773576,78.59618475582451,40.680292666980186,78.55,5,0.5199999999999999,158.4528600621337,65.22407407407407
config_A,test,1050000,0.48,0.43410188256265886,215.2835650176258,331.0203384686958,56.82777777777778,10,0.5199999999999999,155.52508041892744,64.77037037037037
config_A,test,1060000,0.4800000000000001,0.4381780460041329,173.1961755199487,125.28506464015568,56.583333333333336,5,0.5066666666666666,155.69197509779966,63.987037037037034
config_A,test,1070000,0.44000000000000006,0.40987803063838396,117.05499098737891,111.67451026406277,55.69444444444445,5,0.4666666666666666,168.51157717498447,56.36851851851852
config_A,test,1080000,0.6,0.469041575982343,61.372028186110924,50.65594329877259,99.25,5,0.5066666666666667,117.20773156447952,70.50925925925925
config_A,test,1090000,0.5599999999999999,0.4560701700396552,68.37340451781246,44.586835954238396,65.26666666666667,5,0.5333333333333333,82.26680789710076,73.4037037037037
config_A,test,1100000,0.5599999999999999,0.40879225911349043,69.62772714518125,40.2932310034409,68.85,10,0.5733333333333333,66.45771994970154,77.78888888888888
config_A,test,1110000,0.5599999999999999,0.4560701700396552,245.13456724800002,245.9796975754425,68.31666666666666,5,0.5599999999999999,127.7118996369979,67.47777777777777
config_A,test,1120000,0.5599999999999999,0.5176871642217914,59.44956285459413,49.035193636194336,55.050000000000004,5,0.5599999999999999,124.73728574925848,64.07222222222222
config_A,test,1130000,0.5599999999999999,0.4560701700396552,57.36406979291091,41.93391309121058,64.93333333333334,5,0.5599999999999999,120.64939996516836,62.76666666666667
config_A,test,1140000,0.5599999999999999,0.5176871642217914,65.77494547319537,40.375952623159414,54.48333333333333,5,0.5599999999999999,60.862859373566806,58.15555555555556
config_A,test,1150000,0.6,0.5163977794943222,69.27834384622155,38.16422328333195,54.800000000000004,10,0.5733333333333331,64.13911970410929,58.07222222222222
config_A,test,1160000,0.6,0.5477225575051661,102.71231840064279,96.06085330904381,55.333333333333336,5,0.5866666666666666,79.25520257335323,54.87222222222223
config_A,test,1170000,0.5599999999999999,0.5176871642217914,137.4795250791397,149.34948101842383,55.56666666666666,5,0.5866666666666666,103.15672910866802,55.23333333333334
config_A,test,1180000,0.52,0.5019960159204453,109.03657902311868,124.99546988204183,55.333333333333336,5,0.5599999999999999,116.40947416763372,55.41111111111112
config_A,test,1190000,0.5599999999999999,0.5176871642217914,194.29150215000627,160.14954532524735,54.48333333333333,5,0.5466666666666665,146.9358687507549,55.12777777777777
config_A,test,1200000,0.52,0.4541169697580374,216.2116325793159,206.35208693529844,54.083333333333336,10,0.5333333333333332,173.17990458414695,54.633333333333326
config_A,test,1210000,0.5599999999999999,0.5176871642217914,316.3944831866252,384.06837518901835,54.449999999999996,5,0.5466666666666665,242.29920597198247,54.33888888888888
config_A,test,1220000,0.52,0.48166378315169184,311.4152919357769,377.5822197997863,55.71666666666667,5,0.5333333333333332,281.34046923390605,54.75
config_A,test,1230000,0.5599999999999999,0.5176871642217914,232.89167935602728,202.7674327866951,55.63333333333333,5,0.5466666666666665,286.90048482614316,55.26666666666667
config_A,test,1240000,0.6,0.5477225575051661,242.72488985980073,215.091083558978,56.53333333333333,5,0.5599999999999999,262.34395371720166,55.96111111111111
config_A,test,1250000,0.64,0.4087922591134905,76.87839535749116,40.34038940766055,76.8625,10,0.6,184.1649881911064,63.00972222222222
config_A,test,1260000,0.5599999999999999,0.3847076812334269,82.15119410904163,51.03069327407987,80.175,5,0.5999999999999999,133.9181597754445,71.19027777777778
config_A,test,1270000,0.52,0.41472882706655445,69.82181610892958,41.39013913872497,67.77916666666667,5,0.5733333333333333,76.28380185848745,74.93888888888888
config_A,test,1280000,0.48,0.41472882706655445,55.49376721886887,30.0074694745496,64.8,5,0.5199999999999999,69.15559247894669,70.91805555555555
config_A,test,1290000,0.6,0.42426406871192857,69.14624356138759,36.73162057246218,91.23333333333332,5,0.5333333333333332,64.82060896306201,74.60416666666666
config_A,test,1300000,0.5599999999999999,0.33730961708462714,59.27355315355756,42.789082311641046,74.43333333333334,10,0.5466666666666665,61.304521311271344,76.82222222222221
config_A,test,1310000,0.52,0.2683281572999748,162.33769577555594,253.0673881044518,73.1,5,0.5599999999999999,96.91916416350035,79.58888888888889
config_A,test,1320000,0.56,0.3847076812334269,168.759359169733,235.91182605849863,59.53333333333333,5,0.5466666666666665,130.1235360329488,69.02222222222223
config_A,test,1330000,0.48,0.363318042491699,46.77673795933972,27.59318303848588,61.77083333333333,5,0.5199999999999999,125.95793096820955,64.80138888888888
config_A,test,1340000,0.6,0.3741657386773941,55.245789346809616,31.28079437048643,57.599999999999994,5,0.5466666666666665,90.26062882529409,59.634722222222216
config_A,test,1350000,0.6,0.4,67.75095812286146,36.51845333339177,57.05833333333334,10,0.5599999999999999,56.59116180967026,58.80972222222223
config_A,test,1360000,0.6,0.42426406871192857,64.06478020480981,36.60843611044373,58.375,5,0.6,62.35384255816029,57.67777777777778
config_A,test,1370000,0.64,0.43358966777357605,70.0833242563155,38.21529809314954,58.875,5,0.6133333333333332,67.29968752799559,58.10277777777778
config_A,test,1380000,0.64,0.43358966777357605,59.842491657062645,34.61284601904343,71.4125,5,0.6266666666666666,64.66353203939597,62.887499999999996
config_A,test,1390000,0.5599999999999999,0.43358966777357605,49.03720534359924,32.7896396434022,55.025,5,0.6133333333333332,59.654340418992454,61.770833333333336
config_A,test,1400000,0.6,0.39999999999999997,47.395942966853134,34.109565418428026,54.525,10,0.6,52.091879989171666,60.320833333333326
config_A,test,1410000,0.48,0.41472882706655445,46.10465022219989,36.83500960544477,54.2375,5,0.5466666666666665,47.51259951088408,54.59583333333333
config_A,test,1420000,0.52,0.46043457732885357,44.45566906113347,37.79722183325491,59.825,5,0.5333333333333332,45.98542075006216,56.195833333333326
config_A,test,1430000,0.52,0.41472882706655445,48.156785376775886,28.040675433769323,54.50833333333333,5,0.5066666666666666,46.239034886703074,56.19027777777777
config_A,test,1440000,0.64,0.3847076812334269,50.596767261118394,30.483361628912704,54.12083333333334,5,0.5599999999999999,47.73640723300924,56.151388888888896
config_A,test,1450000,0.64,0.4087922591134905,63.68755593372966,35.28227943319762,60.2625,10,0.6,54.14703619054131,56.297222222222224
config_A,test,1460000,0.64,0.43358966777357605,47.77996379773775,31.894243817093976,53.3125,5,0.64,54.021428997528595,55.898611111111116
config_A,test,1470000,0.5599999999999999,0.433589667773576,51.261457264993986,30.90151918815144,53.3875,5,0.6133333333333332,54.24299233215379,55.65416666666667
config_A,test,1480000,0.64,0.43358966777357605,51.144774757522605,32.56811381281387,57.025,5,0.6133333333333333,50.062065273418106,54.574999999999996
config_A,test,1490000,0.68,0.30331501776206204,47.12623630185719,31.605510156342564,88.3,5,0.6266666666666666,49.84415610812459,66.2375
config_A,test,1500000,0.6,0.3771236166328254,103.10899300861824,85.42283185961351,55.5375,10,0.64,67.12666802266601,66.95416666666667
config_A,test,1510000,0.5599999999999999,0.3847076812334269,105.08625919261581,85.19893404415605,52.608333333333334,5,0.6133333333333332,85.10716283436373,65.48194444444444
config_A,test,1520000,0.5599999999999999,0.3577708763999663,38.6313675296317,24.590420834379536,56.133333333333326,5,0.5733333333333333,82.27553991028857,54.75972222222222
config_A,test,1530000,0.6,0.3741657386773941,50.06310171953348,25.465125235063823,53.012499999999996,5,0.5733333333333331,64.59357614726032,53.918055555555554
config_A,test,1540000,0.6,0.31622776601683794,48.89427445776992,26.80087398604332,59.086666666666666,5,0.5866666666666666,45.86291456897836,56.07749999999999
config_A,test,1550000,0.64,0.36270588023294514,101.67208882902987,69.83950010477221,52.18333333333334,10,0.6133333333333332,66.87648833544442,54.76083333333333
config_A,test,1560000,0.6,0.4,101.05445031007253,70.32180638044892,53.15,5,0.6133333333333333,83.87360453229076,54.80666666666667
config_A,test,1570000,0.64,0.43358966777357605,102.8316480463794,73.1638339607835,52.725,5,0.6266666666666666,101.85272906182725,52.68611111111111
config_A,test,1580000,0.76,0.43358966777357605,107.072103728477,74.11994209342295,53.525,5,0.6666666666666666,103.65273402830962,53.133333333333326
config_A,test,1590000,0.72,0.4381780460041329,111.0106234664105,72.68690089742748,52.35,5,0.7066666666666667,106.97145841375561,52.86666666666667
config_A,test,1600000,0.72,0.4131182235954578,180.32720572848294,245.73224216736082,51.28333333333333,10,0.7333333333333333,132.80331097445682,52.38611111111111
config_A,test,1610000,0.72,0.4381780460041329,110.72898090631732,77.07251253699486,52.45,5,0.72,134.0222700337369,52.02777777777778
config_A,test,1620000,0.72,0.4381780460041329,100.39984099625386,74.57711957149557,51.516666666666666,5,0.72,130.4853425436847,51.75
config_A,test,1630000,0.72,0.33466401061363027,103.85368174753212,74.8211209767984,68.77000000000001,5,0.72,104.99416788336775,57.57888888888889
config_A,test,1640000,0.64,0.3847076812334269,54.10114041492379,23.71025474881757,51.15833333333333,5,0.6933333333333332,86.11822105290325,57.14833333333333
config_A,test,1650000,0.6,0.4,151.18659928025858,227.39097566783735,51.166666666666664,10,0.6533333333333332,103.04714048090482,57.031666666666666
config_A,test,1660000,0.6,0.37416573867739417,38.41208226719052,17.359826630486054,55.475,5,0.6133333333333333,81.23327398745762,52.6
config_A,test,1670000,0.48,0.363318042491699,50.18246751694254,37.939255436840135,50.55833333333334,5,0.5599999999999999,79.92704968813054,52.4
config_A,test,1680000,0.52,0.36331804249169897,118.77053330683323,160.45721622698647,55.725,5,0.5333333333333332,69.12169436365542,53.91944444444445
config_A,test,1690000,0.52,0.363318042491699,34.09197696258739,22.01565466094342,55.99166666666667,5,0.5066666666666666,67.68165926212104,54.09166666666667
config_A,test,1700000,0.52,0.3910100879630715,31.94125330884716,18.02879106472646,51.079166666666666,10,0.52,61.60125452608926,54.26527777777778
config_A,test,1710000,0.5599999999999999,0.433589667773576,35.08566281555384,22.910177090657708,57.7375,5,0.5333333333333332,33.706297695662784,54.93611111111111
config_A,test,1720000,0.5599999999999999,0.433589667773576,45.77491266477471,29.03624962236735,50.725,5,0.5466666666666665,37.6006095963919,53.18055555555555
config_A,test,1730000,0.6,0.42426406871192857,107.21106063348391,152.62764140640078,96.03333333333333,5,0.5733333333333333,62.69054537127081,68.16527777777777
config_A,test,1740000,0.48,0.3898717737923586,41.30967884571976,24.97543313933749,51.28333333333333,5,0.5466666666666665,64.76521738132612,66.01388888888887
config_A,test,1750000,0.6,0.4,46.311254583356956,21.946861553859673,56.266666666666666,10,0.5599999999999999,64.94399802085353,67.8611111111111
config_A,test,1760000,0.52,0.4147288270665544,41.808255258251094,23.317528927606283,64.6,5,0.5333333333333332,43.14306289577593,57.383333333333326
config_A,test,1770000,0.52,0.363318042491699,108.62575841344476,142.6386750789418,81.67999999999999,5,0.5466666666666665,65.5817560850176,67.51555555555554
config_A,test,1780000,0.5599999999999999,0.43358966777357605,45.53466479275155,30.349889246895255,51.75,5,0.5333333333333332,65.32289282148245,66.00999999999999
config_A,test,1790000,0.52,0.3898717737923586,168.09569704545623,279.32030104375195,52.225,5,0.5333333333333332,107.41870675055084,61.88499999999999
config_A,test,1800000,0.48,0.34253953543107013,174.25134649943337,263.40031371242424,50.625,10,0.5199999999999999,129.2939027792137,51.53333333333333
config_A,test,1810000,0.52,0.363318042491699,113.88105826383654,135.51710885821396,51.508333333333326,5,0.5066666666666666,152.07603393624206,51.452777777777776
config_A,test,1820000,0.5599999999999999,0.3847076812334269,107.57369904827385,129.33000958082087,53.49583333333334,5,0.5199999999999999,131.9020346038479,51.87638888888889
config_A,test,1830000,0.5599999999999999,0.3847076812334269,107.69855424292302,128.24266090656525,54.9375,5,0.5466666666666665,109.71777051834447,53.31388888888889
config_A,test,1840000,0.48,0.41472882706655445,169.8337407131103,281.4900726707649,51.2125,5,0.5333333333333332,128.36866466810238,53.21527777777777
config_A,test,1850000,0.48,0.39101008796307146,174.50527343111054,269.87487187894715,52.35,10,0.5066666666666665,150.6791894623813,52.833333333333336
config_A,test,1860000,0.56,0.45607017003965516,176.0219508277882,304.6493635025463,56.43333333333333,5,0.5066666666666666,173.45365499066966,53.331944444444446
config_A,test,1870000,0.4,0.4242640687119285,133.068844151066,222.47069979279078,51.97777777777778,5,0.48,161.19868946998824,53.58703703703703
config_A,test,1880000,0.6,0.42426406871192857,75.24541042973121,32.99946880782504,53.55833333333334,5,0.5199999999999999,128.11206846952848,53.989814814814814
config_A,test,1890000,0.6,0.42426406871192857,78.00581903519276,51.31708054808381,52.975,5,0.5333333333333332,95.44002453866331,52.83703703703704
config_A,test,1900000,0.5599999999999999,0.4087922591134905,167.9665394241459,254.769249534518,57.525,10,0.5866666666666666,107.07258962968994,54.6861111111111
config_A,test,1910000,0.52,0.46043457732885357,170.91195940487017,278.70515699732925,51.125,5,0.5599999999999999,138.9614392880696,53.87499999999999
config_A,test,1920000,0.52,0.46043457732885357,174.63457422655742,275.57242029668043,51.5,5,0.5333333333333332,171.17102435185782,53.383333333333326
config_A,test,1930000,0.52,0.46043457732885357,105.30591716579895,126.3212140228193,51.45,5,0.52,150.28415026574217,51.35833333333333
config_A,test,1940000,0.5599999999999999,0.43358966777357605,110.71187282317423,100.45540165431007,52.2,5,0.5333333333333332,130.21745473851018,51.71666666666666
config_A,test,1950000,0.48,0.39101008796307146,96.7894146652958,124.48345127376518,51.1125,10,0.5199999999999999,104.26906821808966,51.5875
config_A,test,1960000,0.5599999999999999,0.3847076812334269,39.97757576923946,25.089295474438767,55.57083333333333,5,0.5333333333333332,82.49295441923648,52.96111111111111
config_A,test,1970000,0.52,0.46043457732885357,165.33379943750444,267.7354363800616,50.875,5,0.5199999999999999,100.70026329067987,52.51944444444444
config_A,test,1980000,0.48,0.41472882706655445,169.18934834569328,272.4599351597411,50.5,5,0.5199999999999999,124.83357451747905,52.31527777777777
config_A,test,1990000,0.52,0.46043457732885357,270.15828080042127,307.3887466063035,51.0,5,0.5066666666666666,201.56047619453966,50.791666666666664
config_A,test,2000000,0.5599999999999999,0.36270588023294514,169.89843098688024,253.37486078599022,51.78333333333333,10,0.5199999999999999,203.08202004433159,51.094444444444434
config_A,test,2010000,0.64,0.4979959839195493,171.13828643632056,259.6980801011348,57.25,5,0.5733333333333333,203.7316660745407,53.344444444444434
config_A,test,2020000,0.6,0.469041575982343,216.1435940749605,269.6132417407559,65.3875,5,0.6,185.72677049938707,58.140277777777776
config_A,test,2030000,0.68,0.363318042491699,155.530216747018,151.81906960072726,60.75,5,0.6399999999999999,180.93736575276634,61.12916666666666
config_A,test,2040000,0.64,0.43358966777357605,150.3924843701619,141.34441390789655,51.9125,5,0.64,174.02209839738012,59.349999999999994
config_A,test,2050000,0.64,0.38643671323171835,117.27691456847882,132.32643779073794,58.69,10,0.6533333333333332,141.06653856188623,57.1175
config_A,test,2060000,0.64,0.3286335345030997,116.90994627718278,133.68377866271828,57.529999999999994,5,0.64,128.19311507194115,56.04416666666666
config_A,test,2070000,0.52,0.46043457732885357,158.32040919403556,248.54105669853035,51.05,5,0.6,130.83575667989905,55.75666666666666
config_A,test,2080000,0.64,0.2966479394838265,116.09730356132863,129.45386367305937,55.2,5,0.6,130.442553010849,54.59333333333333
config_A,test,2090000,0.72,0.2683281572999748,120.02883112045402,151.09052031758407,70.38,5,0.6266666666666666,131.48218129193938,58.876666666666665
config_A,test,2100000,0.72,0.3155242550986462,122.82130386915408,122.14716436552587,53.49666666666667,10,0.6933333333333334,119.64914618364558,59.69222222222222
config_A,test,2110000,0.6799999999999999,0.363318042491699,107.69203257928375,138.31561701944742,53.29,5,0.7066666666666666,116.84738918963062,59.05555555555555
config_A,test,2120000,0.6799999999999999,0.363318042491699,107.9112716678407,140.03273828701782,53.620000000000005,5,0.6933333333333332,112.80820270542618,53.46888888888889
config_A,test,2130000,0.72,0.33466401061363027,161.2681818730311,253.4080683997952,55.15333333333333,5,0.6933333333333332,125.62382870671853,54.02111111111111
config_A,test,2140000,0.6799999999999999,0.33466401061363027,161.0805069228905,239.63333148572843,53.506666666666675,5,0.6933333333333332,143.4199868212541,54.093333333333334
config_A,test,2150000,0.6799999999999999,0.34253953543107013,171.21744277266208,230.45445594136393,54.17999999999999,10,0.6933333333333332,164.52204385619456,54.279999999999994
config_A,test,2160000,0.72,0.33466401061363027,115.18864073551654,134.2822724676699,55.126666666666665,5,0.6933333333333332,149.16219681035636,54.27111111111111
config_A,test,2170000,0.64,0.35777087639996635,115.98525548187327,144.3418150533548,59.83333333333333,5,0.6799999999999998,134.1304463300173,56.379999999999995
config_A,test,2180000,0.72,0.33466401061363027,169.37213068839077,147.38490315702097,55.82000000000001,5,0.6933333333333332,133.51534230192686,56.926666666666655
config_A,test,2190000,0.72,0.33466401061363027,65.33735519499795,17.964614153506005,61.10666666666666,5,0.6933333333333332,116.89824712175398,58.919999999999995
config_A,test,2200000,0.72,0.3155242550986462,119.59350139767321,133.2475126495252,59.986666666666665,10,0.72,118.10099576035397,58.97111111111111
config_A,test,2210000,0.72,0.33466401061363027,120.35244643104511,146.68626857736817,59.84333333333333,5,0.72,101.76110100790542,60.31222222222221
config_A,test,2220000,0.8,0.34641016151377546,125.04328181201925,136.56951301974198,58.67999999999999,5,0.7466666666666666,121.66307654691252,59.50333333333333
config_A,test,2230000,0.76,0.3286335345030997,86.78031344895444,33.652023544981745,59.970000000000006,5,0.7599999999999999,110.72534723067294,59.49777777777777
config_A,test,2240000,0.8,0.34641016151377546,134.25184158148593,133.72824063535842,61.56,5,0.7866666666666666,115.35847894748655,60.06999999999999
config_A,test,2250000,0.6799999999999999,0.3425395354310701,144.3180198247897,194.54757568703022,56.120000000000005,10,0.7466666666666666,121.78339161841002,59.21666666666667
config_A,test,2260000,0.8,0.34641016151377546,127.47937465104842,136.08471737432373,59.589999999999996,5,0.7599999999999999,135.34974535244135,59.089999999999996
config_A,test,2270000,0.72,0.33466401061363027,131.95212307443998,137.77505727493673,61.506666666666675,5,0.7333333333333333,134.58317251675936,59.07222222222222
config_A,test,2280000,0.76,0.43358966777357605,125.15194196861789,129.8820130898444,51.825,5,0.7599999999999999,128.19447989803544,57.64055555555556
config_A,test,2290000,0.6799999999999999,0.41472882706655445,126.3796111877306,132.92860378682366,51.57083333333333,5,0.7199999999999999,127.82789207692947,54.9675
config_A,test,2300000,0.76,0.33730961708462714,120.87710370128718,121.60263816858944,57.61333333333333,10,0.7333333333333333,124.13621895254522,53.66972222222222
config_A,test,2310000,0.6799999999999999,0.46043457732885357,116.64960570585852,130.69509882549517,49.95,5,0.7066666666666666,121.30210686495877,53.04472222222222
config_A,test,2320000,0.72,0.38987177379235854,108.7586344202058,140.0217466526802,65.24,5,0.7199999999999999,115.42844794245052,57.6011111111111
config_A,test,2330000,0.72,0.38987177379235854,113.12163966432554,144.4586738514059,64.56,5,0.7066666666666666,112.8432932634633,59.91666666666666
config_A,test,2340000,0.76,0.3286335345030997,215.79814744202184,200.57998589156588,77.53999999999999,5,0.7333333333333333,145.89280717551773,69.11333333333333
config_A,test,2350000,0.6799999999999999,0.3910100879630715,113.55753313339366,124.71584524663828,50.858333333333334,10,0.7199999999999999,147.49244007991368,64.31944444444444
config_A,test,2360000,0.72,0.4381780460041329,118.64713165706632,132.1897064092565,50.56666666666666,5,0.7199999999999999,149.33427074416062,59.654999999999994
config_A,test,2370000,0.6799999999999999,0.363318042491699,111.98261009423307,129.56145762541473,79.49,5,0.6933333333333332,114.72909162823102,60.304999999999986
config_A,test,2380000,0.72,0.4381780460041329,116.77748956689466,131.52923515573573,51.1,5,0.7066666666666666,115.80241043939803,60.385555555555534
config_A,test,2390000,0.72,0.4381780460041329,125.22045695408067,129.69251058996642,67.53333333333333,5,0.7066666666666666,117.99351887173616,66.0411111111111
config_A,test,2400000,0.72,0.4131182235954578,202.5064909805671,291.3823940604164,50.96666666666667,10,0.72,148.1681458338475,56.533333333333324
config_A,test,2410000,0.6799999999999999,0.41472882706655445,275.24466405706943,279.87636529582863,50.225,5,0.7066666666666666,200.99053733057238,56.24166666666665
config_A,test,2420000,0.6799999999999999,0.33466401061363027,194.7202967698344,315.0511758143114,70.25333333333333,5,0.6933333333333332,224.1571506024903,57.14833333333332
config_A,test,2430000,0.6799999999999999,0.33466401061363027,148.26655840522182,216.93446953845347,73.29333333333334,5,0.6799999999999999,206.0771730773752,64.59055555555555
config_A,test,2440000,0.64,0.35777087639996635,144.80188472515061,211.28744957341567,56.9,5,0.6666666666666665,162.59624663340227,66.81555555555555
config_A,test,2450000,0.72,0.36757463338907254,55.892200419369416,11.692139946359658,54.3,10,0.68,116.32021451658062,61.49777777777777
config_A,test,2460000,0.76,0.3286335345030997,153.7119142695356,205.00632732595446,57.620000000000005,5,0.7066666666666666,118.13533313801854,56.27333333333332
config_A,test,2470000,0.6799999999999999,0.363318042491699,66.61995019479255,36.845762676480554,54.92999999999999,5,0.7199999999999999,92.07468829456586,55.61666666666665
config_A,test,2480000,0.6799999999999999,0.30331501776206204,48.23901577514986,22.340266804849048,74.72666666666666,5,0.7066666666666666,89.52362674649267,62.42555555555555
config_A,test,2490000,0.72,0.38987177379235854,113.9209360128505,155.1616159516584,55.8,5,0.6933333333333332,76.25996732759764,61.818888888888885
config_A,test,2500000,0.72,0.38987177379235854,111.99465210220573,143.1279252574009,64.36,5,0.7066666666666666,91.38486796340203,64.96222222222221
config_A,train,10000,0.0,0.0,8.380566826266287,2.0598849427248234,,5,0.0,8.380566826266287,
config_A,train,20000,0.0,0.0,8.940150676012848,4.003373646920696,,5,0.0,8.660358751139569,
config_A,train,30000,0.0,0.0,17.710168936821475,7.888229886895999,,5,0.0,11.67696214636687,
config_A,train,40000,0.0,0.0,23.32329102508196,9.909632974391208,,5,0.0,16.65787021263876,
config_A,train,50000,0.0,0.0,26.16550987703498,5.226913936598085,,10,0.0,22.39965661297947,
config_A,train,60000,0.00444444444444444,0.009938079899999053,30.999807331353406,4.775107356427232,107.0,5,0.00148148148148148,26.829536077823448,107.0
config_A,train,70000,0.0,0.0,38.38681184903332,19.881965130596264,,5,0.00148148148148148,31.850709685807235,107.0
config_A,train,80000,0.0,0.0,39.7051806031284,22.51777138631893,,5,0.00148148148148148,36.36393326117171,107.0
config_A,train,90000,0.0,0.0,37.63187512572041,18.923558889303212,,5,0.0,38.57462252596071,
config_A,train,100000,0.0,0.0,36.77589474288435,18.003010830859584,,10,0.0,38.037650157244386,
config_A,train,110000,0.0,0.0,38.14493587982721,23.334161094663596,,5,0.0,37.51756858281066,
config_A,train,120000,0.00444444444444444,0.009938079899999053,39.02914831954494,17.75420753402854,98.0,5,0.00148148148148148,37.983326314085495,98.0
config_A,train,130000,0.00888888888888888,0.019876159799998107,39.32232359460745,26.821730943550726,101.0,5,0.00444444444444444,38.832135931326526,99.5
config_A,train,140000,0.00444444444444444,0.009938079899999053,48.5108768450273,31.139509350191673,103.0,5,0.00592592592592592,42.28744958639322,100.66666666666667
config_A,train,150000,0.0,0.0,30.653895973875827,6.656516262088786,,10,0.00444444444444444,39.495698804503526,102.0
config_A,train,160000,0.0,0.0,35.4948070965249,4.582567267785354,,5,0.00148148148148148,38.21985997180934,103.0
config_A,train,170000,0.00444444444444444,0.009938079899999053,48.00311557806466,21.69974796533056,123.0,5,0.00148148148148148,38.050606216155124,123.0
config_A,train,180000,0.00444444444444444,0.009938079899999053,35.96031801147981,9.946687305547878,90.0,5,0.00296296296296296,39.81941356202312,106.5
config_A,train,190000,0.00444444444444444,0.009938079899999053,38.35920306596231,11.617384650697941,80.0,5,0.00444444444444444,40.774212218502264,97.66666666666667
config_A,train,200000,0.00444444444444444,0.009369711585684077,45.71148553412261,27.981426775957132,84.0,10,0.00444444444444444,40.01033553718825,84.66666666666667
config_A,train,210000,0.00888888888888888,0.019876159799998107,44.69116753665858,26.704520918146113,179.0,5,0.00592592592592592,42.92061871224784,114.33333333333333
config_A,train,220000,0.01777777777777776,0.039752319599996214,31.95898708875327,14.654918601811817,121.5,5,0.010370370370370361,40.78721338651149,128.16666666666666
config_A,train,230000,0.00888888888888888,0.019876159799998107,40.937929708403196,21.6317379995835,85.5,5,0.01185185185185184,39.19602811127168,128.66666666666666
config_A,train,240000,0.00888888888888888,0.019876159799998107,67.50062189139996,68.31711806929854,100.0,5,0.01185185185185184,46.799179562852146,102.33333333333333
config_A,train,250000,0.00444444444444444,0.009369711585684077,82.98401215215169,58.72669765473769,83.0,10,0.0074074074074074,63.80752125065161,89.5
config_A,train,260000,0.00444444444444444,0.009938079899999053,80.73038057905735,77.82660260790418,79.0,5,0.00592592592592592,77.07167154086966,87.33333333333333
config_A,train,270000,0.00444444444444444,0.009938079899999053,76.71087547759717,68.31128776026956,84.0,5,0.00444444444444444,80.14175606960208,82.0
config_A,train,280000,0.013333333333333319,0.029814239699997164,70.12983790273272,63.60165265993415,129.0,5,0.0074074074074074,75.85703131979575,97.33333333333333
config_A,train,290000,0.013333333333333319,0.029814239699997164,74.55025153692063,79.87646571766722,125.33333333333331,5,0.01037037037037036,73.79698830575016,112.77777777777777
config_A,train,300000,0.00888888888888888,0.018739423171368154,78.10399655129987,51.64716046330989,153.5,10,0.01185185185185184,74.2613619969844,135.94444444444443
config_A,train,310000,0.00444444444444444,0.009938079899999053,85.1757710313395,61.71687526517372,91.0,5,0.008888888888888878,79.27667303985334,123.27777777777777
config_A,train,320000,0.01777777777777776,0.039752319599996214,98.49753805053399,69.17344593374551,140.5,5,0.01037037037037036,87.25910187772445,128.33333333333334
config_A,train,330000,0.00888888888888888,0.019876159799998107,119.90575071861073,104.44733302217153,64.5,5,0.01037037037037036,101.19301993349474,98.66666666666667
config_A,train,340000,0.0,0.0,112.43429067279658,90.6911547591048,,5,0.008888888888888878,110.27919314731378,102.5
config_A,train,350000,0.00888888888888888,0.018739423171368154,111.27332795588748,97.5399102445522,94.0,10,0.005925925925925919,114.5377897824316,79.25
config_A,train,360000,0.0,0.0,123.77729556332474,73.80284674956592,,5,0.002962962962962959,115.82830473066959,94.0
config_A,train,370000,0.00888888888888888,0.012171612389003678,81.28543958627687,50.54926757284591,75.0,5,0.005925925925925919,105.44535436849635,84.5
config_A,train,380000,0.013333333333333319,0.01987615979999811,117.62434871816413,67.34227815927616,130.0,5,0.007407407407407398,107.56236128925525,102.5
config_A,train,390000,0.026666666666666637,0.03975231959999622,113.00966448351183,95.45582173290865,101.0,5,0.016296296296296277,103.97315092931761,102.0
config_A,train,400000,0.01777777777777776,0.027317168762349266,220.22048986272438,164.5064320643808,93.16666666666666,10,0.01925925925925924,150.2848343548001,108.05555555555554
config_A,train,410000,0.00888888888888888,0.012171612389003678,231.99111319012005,145.67515662298928,62.5,5,0.017777777777777757,188.4070891787854,85.55555555555554
config_A,train,420000,0.00888888888888888,0.012171612389003678,193.3550226303198,144.93147081720707,67.0,5,0.01185185185185184,215.1888752277214,74.22222222222221
config_A,train,430000,0.01777777777777776,0.024343224778007357,153.8315167747616,121.5329590593555,57.25,5,0.01185185185185184,193.05921753173382,62.25
config_A,train,440000,0.0311111111111111,0.04868644955601476,160.38997112963096,96.8099833890571,76.9,5,0.019259259259259243,169.19217017823746,67.05
config_A,train,450000,0.0222222222222222,0.0296296296296296,165.38349328107228,124.00090781489044,79.08333333333334,10,0.023703703703703685,159.86832706182165,71.07777777777778
config_A,train,460000,0.0222222222222222,0.03849001794597501,186.49740943551194,116.33481846807108,66.25,5,0.02518518518518516,170.7569579487384,74.07777777777778
config_A,train,470000,0.03999999999999998,0.0674033372804582,189.12879164232982,170.85142632093726,63.035714285714285,5,0.028148148148148127,180.3365647863047,69.4563492063492
config_A,train,480000,0.0311111111111111,0.06956655929999343,151.58088901259634,151.29543052979443,40.85714285714285,5,0.03111111111111109,175.7356966968127,56.714285714285715
config_A,train,490000,0.013333333333333319,0.029814239699997164,131.1845971511497,81.43806544946315,43.0,5,0.02814814814814813,157.29809260202526,48.964285714285715
config_A,train,500000,0.00888888888888888,0.011475506210984926,190.31878535674596,80.22547940519493,167.0,10,0.017777777777777764,157.69475717349732,83.61904761904762
config_A,train,510000,0.03111111111111108,0.03718489006818109,121.31959907783012,81.14002311498275,261.1666666666667,5,0.017777777777777757,147.60766052857525,157.05555555555557
config_A,train,520000,0.02666666666666666,0.048176629752619556,206.21189738306992,144.4132346325626,114.8,5,0.022222222222222202,172.61676060588198,180.9888888888889
config_A,train,530000,0.04888888888888886,0.07269078770576054,192.12962691028721,143.56541743007622,110.9375,5,0.03555555555555553,173.22037445706243,162.3013888888889
config_A,train,540000,0.03555555555555554,0.06776866969767512,262.84736406161755,209.53966675168786,125.57142857142857,5,0.037037037037037014,220.3962961183249,117.10297619047618
config_A,train,550000,0.06666666666666664,0.10683114890263669,282.37964363427494,245.48941948202682,81.27777777777779,10,0.05037037037037034,245.78554486872656,105.92890211640211
config_A,train,560000,0.0622222222222222,0.1270753640488515,238.96683754058986,204.7494629969635,88.1923076923077,5,0.054814814814814795,261.39794841216076,98.34717134717134
config_A,train,570000,0.0711111111111111,0.14690216783145252,273.6544338392277,233.52856113520372,138.66666666666666,5,0.06666666666666664,265.0003050046975,102.71225071225071
config_A,train,580000,0.06666666666666667,0.13698697784375505,271.27379749116585,283.28033512252733,60.5,5,0.06666666666666665,261.2983562903278,95.78632478632478
config_A,train,590000,0.07555555555555554,0.11716823401301392,221.79491008708055,311.6330423080296,128.65833333333333,5,0.07111111111111111,255.57438047249136,109.27499999999999
config_A,train,600000,0.08888888888888886,0.14286890016285858,257.99393576134855,379.1903489054355,68.72222222222223,10,0.07703703703703703,250.35421444653164,85.9601851851852
config_A,train,610000,0.11111111111111108,0.18986674989594515,301.5731191605324,438.2608285032974,84.25,5,0.09185185185185181,260.4539883363205,93.87685185185187
config_A,train,620000,0.07111111111111108,0.11265592760565844,358.55450735502046,425.8870643555847,72.41666666666667,5,0.09037037037037034,306.04052075896715,75.12962962962963
config_A,train,630000,0.07999999999999999,0.15444044759016934,252.55973724466853,311.4936288744282,90.33333333333333,5,0.08740740740740738,304.22912125340713,82.33333333333333
config_A,train,640000,0.12444444444444443,0.13480667456091647,345.38968684578407,417.9078360291924,80.66071428571428,5,0.09185185185185184,318.8346438151577,81.13690476190476
config_A,train,650000,0.1288888888888889,0.16917454724290604,316.2715468422578,368.44584731006097,91.82675438596492,10,0.1111111111111111,304.74032364423675,87.60693400167084
config_A,train,660000,0.11999999999999997,0.14707015206910484,322.4968294404527,250.6910154834823,124.42559523809524,5,0.12444444444444443,328.05268770949823,98.97102130325815
config_A,train,670000,0.1288888888888889,0.165849850284847,341.2287398714494,311.20670154804424,63.11323529411764,5,0.1259259259259259,326.66570538471996,93.12186163939259
config_A,train,680000,0.1288888888888889,0.14350119369744835,337.4475109426794,357.5711986351717,78.28333333333333,5,0.1259259259259259,333.7243600848605,88.60738795518206
config_A,train,690000,0.0933333333333333,0.10351835287868547,351.02495392654794,362.02435720919243,70.93019480519482,5,0.11703703703703701,343.2337349135589,70.77558781088193
config_A,train,700000,0.11999999999999997,0.13464376613335421,253.31205944077155,295.21455944672334,63.28055555555556,10,0.11407407407407405,313.92817476999966,70.83136123136124
config_A,train,710000,0.08444444444444442,0.1290037802106666,251.37593575789856,272.8444016653277,84.24404761904762,5,0.09925925925925923,285.237649708406,72.818265993266
config_A,train,720000,0.0711111111111111,0.08520128672302585,262.6304084422012,284.72978420137974,63.0,5,0.09185185185185184,255.77280121362378,70.17486772486772
config_A,train,730000,0.09777777777777774,0.1095445115010332,325.5377088392177,276.38377158028106,91.51767676767678,5,0.08444444444444442,279.8480176797725,79.58724146224147
config_A,train,740000,0.11555555555555555,0.13644516829341113,376.871314642734,310.2564390940133,70.58201058201058,5,0.0948148148148148,321.67981064138434,75.03322911656245
config_A,train,750000,0.10666666666666665,0.14085765124746324,335.6689410050732,238.54902871186084,64.0138888888889,10,0.10666666666666665,346.02598816234166,75.37119207952541
config_A,train,760000,0.09777777777777777,0.12432533982843878,329.3720840444993,234.91055882882551,76.35757575757576,5,0.10666666666666665,347.3041132307688,70.31782507615843
config_A,train,770000,0.11111111111111108,0.13333333333333336,301.7615523888245,200.14183531439858,102.8,5,0.10518518518518516,322.267525812799,81.05715488215489
config_A,train,780000,0.11555555555555555,0.1058767044406364,313.4528653499459,172.96354461728671,92.025,5,0.10814814814814815,314.86216726108984,90.39419191919193
config_A,train,790000,0.12444444444444443,0.13203067357789286,300.002416121372,218.07541033935289,94.91666666666666,5,0.11703703703703701,305.0722779533808,96.58055555555556
config_A,train,800000,0.14666666666666664,0.14859192791845724,352.05055616063044,191.88324547437225,72.77310924369748,10,0.12888888888888886,321.8352792106494,86.57159197012139
config_A,train,810000,0.17777777777777776,0.1594744454934147,265.51249133267004,160.66403184039115,116.109375,5,0.14962962962962964,305.8551545382242,94.59971697012138
config_A,train,820000,0.17777777777777776,0.14401645996461912,360.93533757172236,197.9589108720592,145.017982017982,5,0.16740740740740737,326.16612835500763,111.30015542055985
config_A,train,830000,0.19555555555555554,0.19206480387850577,348.10343353731935,144.2959887735778,64.55087719298245,5,0.1837037037037037,324.8504208139039,108.5594114036548
config_A,train,840000,0.2133333333333333,0.19474579822405905,302.79387366539834,175.34134988282332,67.83333333333333,5,0.19555555555555557,337.2775482581467,92.46739751476593
config_A,train,850000,0.20444444444444443,0.17678736462431166,333.14678336008717,264.9547555852451,63.776785714285715,10,0.20444444444444443,328.01469685426827,65.38699874686718
config_A,train,860000,0.21333333333333332,0.20643954066655276,222.1884223644075,196.4846954522078,87.60357965621124,5,0.21037037037037035,286.0430264632977,73.07123290127677
config_A,train,870000,0.20444444444444443,0.21221931353445905,217.0119898908084,115.10203620831888,68.14999999999999,5,0.2074074074074074,257.449065205101,73.17678845683231
config_A,train,880000,0.22666666666666666,0.22738448430731523,239.41073303544243,213.0759664601401,91.42672246764317,5,0.21481481481481482,226.2037150968861,82.39343404128482
config_A,train,890000,0.19555555555555554,0.19525229010212264,256.18115175395894,175.44526683710214,84.68333333333334,5,0.20888888888888887,237.53462489340325,81.42001860032552
config_A,train,900000,0.20888888888888885,0.22399294521518492,196.4532514479509,154.44310213798872,97.29714285714287,10,0.21037037037037035,230.68171207911743,91.13573288603982
config_A,train,910000,0.20444444444444443,0.2033060090930254,226.25296918364361,202.5829470397766,81.57575757575758,5,0.20296296296296293,226.2957907951845,87.85207792207795
config_A,train,920000,0.21333333333333332,0.21807236311728165,303.604037106739,203.00263490437968,83.15687935253152,5,0.20888888888888887,242.10341924611114,87.34325992847734
config_A,train,930000,0.20888888888888885,0.21522311133872443,295.8848261197126,203.45851785106427,82.8804347826087,5,0.20888888888888887,275.24727747003175,82.53769057029928
config_A,train,940000,0.22222222222222218,0.21487866228681907,277.1788829413443,183.87427878628392,89.2390289449113,5,0.2148148148148148,292.2225820559319,85.09211436001719
config_A,train,950000,0.2311111111111111,0.21294202795651493,314.6552917379602,182.98500608494953,77.03107580824972,10,0.2207407407407407,295.90633359967234,83.0501798452566
config_A,train,960000,0.21333333333333332,0.2117534088812728,281.3241668620393,213.0708935954356,78.5021645021645,5,0.2222222222222222,291.0527805137813,81.59075641844186
config_A,train,970000,0.2533333333333333,0.24525119397904702,249.6069958183679,240.45602452122856,85.045,5,0.23259259259259257,281.86215147278915,80.19274677013809
config_A,train,980000,0.23999999999999994,0.24665665645353968,289.50265090829873,285.8828305499603,67.65331196581197,5,0.23555555555555552,273.47793786290197,77.0668254893255
config_A,train,990000,0.24888888888888885,0.2825806997157659,297.7721193907293,271.00558485763185,76.30762338020402,5,0.24740740740740738,278.96058870579867,76.33531178200533
config_A,train,1000000,0.5111111111111111,0.39558607178722044,159.86669924809325,96.53082382392044,90.57084301496066,10,0.3333333333333333,249.0471565157071,78.17725945365889
config_A,train,1010000,0.5066666666666666,0.42263138069790473,153.99320389694898,126.35966020157309,83.80224358974358,5,0.4222222222222222,203.87734084525718,83.5602366616361
config_A,train,1020000,0.5244444444444445,0.4523191269364944,150.4783928180327,163.05925730513565,88.50588972431076,5,0.514074074074074,154.77943198769165,87.626325443005
config_A,train,1030000,0.52,0.4506785008308153,138.73975886569198,81.92685295673542,75.58449797266486,5,0.5170370370370371,147.7371185268912,82.63087709557308
config_A,train,1040000,0.4888888888888888,0.42629613540557504,191.8941487570612,211.4240542047134,74.70432692307692,5,0.5111111111111111,160.37076681359528,79.59823820668419
config_A,train,1050000,0.4444444444444445,0.351520311635694,175.0582391046404,186.56164853365948,78.2333275261324,10,0.48444444444444446,168.5640489091312,76.17405080729141
config_A,train,1060000,0.47555555555555556,0.41413303760930037,165.024866696439,190.78490552751694,72.51097560975609,5,0.4696296296296296,177.3257515193802,75.14954335298847
config_A,train,1070000,0.49333333333333335,0.3973368133081512,137.92244332648391,142.01502497234148,87.82988892827602,5,0.4711111111111111,159.3351830425211,79.52473068805485
config_A,train,1080000,0.5155555555555555,0.4453878875433978,171.67842104312723,189.42217984190978,70.83333333333333,5,0.4948148148148148,158.2085770220167,77.05806595712181
config_A,train,1090000,0.5555555555555556,0.4602736706046217,159.27278404976917,101.26943596736962,69.4015873015873,5,0.5214814814814815,156.29121613979345,76.02160318773223
config_A,train,1100000,0.5333333333333333,0.4244903342783527,163.42423517373717,115.02404554399202,81.92369337979093,10,0.5348148148148147,164.79181342221122,74.0528713382372
config_A,train,1110000,0.5244444444444445,0.402338841289126,124.1156732082139,73.96284813543865,73.90056022408963,5,0.5377777777777778,148.93756414390674,75.07528030182264
config_A,train,1120000,0.5022222222222222,0.42791484095683235,186.183270016736,164.5519004456583,87.25608038914491,5,0.52,157.9077261328957,81.02677799767517
config_A,train,1130000,0.5155555555555555,0.41970006927346126,134.45629978060566,90.82859244803156,71.69134615384615,5,0.5140740740740741,148.2517476685185,77.61599558902691
config_A,train,1140000,0.5111111111111111,0.4094561282819618,162.42440133029228,122.18915195820601,60.61628936645926,5,0.5096296296296297,161.02132370921132,73.18790530315012
config_A,train,1150000,0.5111111111111111,0.38059948381230013,195.09999571097177,162.94469506744676,61.24462825065872,10,0.5125925925925926,163.99356560728992,64.51742125698806
config_A,train,1160000,0.49777777777777776,0.45422570122607664,244.70016091725583,275.4647543362423,60.28376068376068,5,0.5066666666666667,200.74151931950664,60.714892766959565
config_A,train,1170000,0.4888888888888888,0.4142522640512722,209.67097995833598,205.69405171095053,65.92813225421921,5,0.49925925925925924,216.49037886218784,62.48550706287955
config_A,train,1180000,0.4844444444444445,0.4261223379659652,239.33679714411696,279.3412182563898,77.0342448249425,5,0.49037037037037035,231.2359793399029,67.74871258764081
config_A,train,1190000,0.5422222222222223,0.42877949094126677,224.2846239478979,262.6619356450942,62.81198131137156,5,0.5051851851851853,224.43080035011693,68.59145279684444
config_A,train,1200000,0.5422222222222222,0.40153341197562203,217.16330495109105,219.56553633371533,62.97345238095238,10,0.522962962962963,226.92824201436864,67.6065595057555
config_A,train,1210000,0.5422222222222223,0.40417573491163233,270.1186102004735,342.18913912571645,66.64925299506695,5,0.5422222222222223,237.18884636648747,64.14489556246365
config_A,train,1220000,0.5688888888888889,0.3857332283545069,237.67350097837803,254.91799575425475,65.16930992026266,5,0.5511111111111111,241.6518053766475,64.93067176542733
config_A,train,1230000,0.5333333333333333,0.37614024177357236,290.64835305292127,353.7300334237583,62.40858348968105,5,0.5481481481481482,266.1468214105909,64.74238213500355
config_A,train,1240000,0.6088888888888888,0.37927806666330166,235.6906251878044,239.0919827011622,80.61731707317074,5,0.5703703703703703,254.67082640636787,69.3984034943715
config_A,train,1250000,0.6222222222222222,0.36559889420009084,196.54581258853844,157.35310243283723,62.634797634797636,10,0.5881481481481482,240.96159694308804,68.55356606588315
config_A,train,1260000,0.64,0.3929627884245781,174.3888148238714,127.7866530136308,59.488303443328554,5,0.6237037037037038,202.20841753340474,67.58013938376565
config_A,train,1270000,0.6311111111111111,0.37502263306184863,136.0266241408408,96.76361903031511,61.126488095238095,5,0.6311111111111111,168.98708385108355,61.08319639112144
config_A,train,1280000,0.5911111111111111,0.34376276631737307,109.56365498729429,77.12634234675963,60.09959512165395,5,0.6207407407407408,139.9930313173355,60.238128886740206
config_A,train,1290000,0.6399999999999999,0.39981477192801645,128.17639758367426,87.87182721871328,58.82569952397539,5,0.6207407407407407,124.58889223726977,60.017260913622486
config_A,train,1300000,0.591111111111111,0.38791058605163,113.55574995488658,76.66503521304233,68.33718255428782,10,0.6074074074074075,117.09860084195172,62.420825733305726
config_A,train,1310000,0.5955555555555556,0.3945305070430604,122.55505694270285,80.73486204197314,57.71274014155713,5,0.6088888888888889,121.42906816042124,61.62520740660679
config_A,train,1320000,0.6355555555555555,0.40539570670191566,117.07461134689325,62.24310545921113,60.65540431790432,5,0.6074074074074074,117.72847274816088,62.2351090045831
config_A,train,1330000,0.5911111111111111,0.386372812989325,103.17891925243998,55.555488298979796,57.06321589882566,5,0.6074074074074075,114.2695291806787,58.47712011942904
config_A,train,1340000,0.671111111111111,0.38148507729337316,124.05704642957366,68.33604883720027,83.77738101191964,5,0.6325925925925926,114.77019234296897,67.16533374288322
config_A,train,1350000,0.6399999999999999,0.37782134824995744,106.3931180843418,45.19835565488312,55.43814102564102,10,0.6340740740740741,111.20969458878513,65.42624597879545
config_A,train,1360000,0.5911111111111111,0.3809021130856147,89.9331378221971,50.41686942712705,55.44411888924084,5,0.634074074074074,106.79443411203751,64.88654697560051
config_A,train,1370000,0.6266666666666667,0.382131772243587,90.99176699366102,42.345564307765486,59.00799293799189,5,0.6192592592592593,95.77267430006664,56.63008428429126
config_A,train,1380000,0.6177777777777778,0.3879035135216864,96.34884982259106,52.92733052332493,58.50287526427062,5,0.611851851851852,92.42458487948306,57.651662363834454
config_A,train,1390000,0.6133333333333333,0.3838080796118141,79.5847794194805,36.194363735028425,57.94024390243902,5,0.6192592592592593,88.97513207857753,58.48370403490052
config_A,train,1400000,0.6755555555555555,0.3618577276902667,87.47170800423697,41.75958651244126,58.60673701298701,10,0.6355555555555555,87.80177908210284,58.3499520598989
config_A,train,1410000,0.6533333333333333,0.3952183331580122,116.40967243156231,51.27133021578395,57.24819214207941,5,0.6474074074074073,94.48871995175993,57.931724352501824
config_A,train,1420000,0.6133333333333334,0.38541303802095644,89.14366806549809,58.13947297563143,54.31812260536398,5,0.6474074074074073,97.67501616709912,56.72435058681015
config_A,train,1430000,0.6888888888888889,0.38968173148333735,104.75072150339857,67.31288790265135,65.39933856840834,5,0.6518518518518519,103.43468733348631,58.98855110528391
config_A,train,1440000,0.6755555555555556,0.40448107282245593,88.6696178689327,35.5323706146445,54.17657828282828,5,0.6592592592592593,94.18800247927646,57.96467981886688
config_A,train,1450000,0.6888888888888889,0.38002238039646397,104.3199863083581,65.78922841196854,53.96185064935065,10,0.6844444444444445,99.24677522689645,57.84592250019577
config_A,train,1460000,0.6755555555555556,0.3667003351545634,118.07296745590266,87.49938285220473,57.09950299700299,5,0.68,103.68752387773115,55.079310643060644
config_A,train,1470000,0.711111111111111,0.37548322774924,100.49575613693173,62.29494337367833,73.3421568627451,5,0.6918518518518519,107.62956996706414,61.46783683636625
config_A,train,1480000,0.6933333333333332,0.3898084366505561,108.45090830609506,79.67989990656112,58.723392612859094,5,0.6933333333333334,109.00654396630982,63.05501749086907
config_A,train,1490000,0.6622222222222222,0.3913887903162087,107.68240522155256,79.82114327721801,56.927191558441564,5,0.6888888888888888,105.54302322152644,62.99758034468192
config_A,train,1500000,0.6266666666666666,0.37137641141768274,97.87552796304229,63.73462059550944,58.14621212121212,10,0.6607407407407407,104.66961383022998,57.932265430837596
config_A,train,1510000,0.6444444444444445,0.3823255674241167,94.87613313087346,67.96929264752386,57.920093375616624,5,0.6444444444444444,100.14468877182276,57.66449901842344
config_A,train,1520000,0.6533333333333333,0.38057785822724827,76.2435377340365,14.246365767332156,54.798911382734914,5,0.6414814814814815,89.66506627598409,56.95507229318789
config_A,train,1530000,0.6888888888888889,0.4061259307221569,94.08060200491076,55.04436253693748,55.4198111631016,5,0.6622222222222223,88.4000909566069,56.04627197381772
config_A,train,1540000,0.6622222222222222,0.3788872596902086,110.74800503151259,84.86333093619253,103.37667012373936,5,0.668148148148148,93.69071492348662,71.19846422319196
config_A,train,1550000,0.6444444444444445,0.3521441281186582,100.18127716280868,50.99987698174348,87.43727744844708,10,0.6651851851851852,101.66996139974401,82.07791957842936
config_A,train,1560000,0.6355555555555557,0.40448107282245604,113.32765820089303,56.32239226285464,57.942764755569634,5,0.6474074074074075,108.08564679840477,82.91890410925204
config_A,train,1570000,0.6311111111111111,0.3753516869402466,98.1234577091501,59.761950172025436,55.33864299142003,5,0.6370370370370371,103.87746435761727,66.90622839847892
config_A,train,1580000,0.6755555555555556,0.3834862818864082,88.23744346886588,42.09668817234402,54.34006144393241,5,0.6474074074074075,99.89618645963634,55.87382306364071
config_A,train,1590000,0.6888888888888889,0.3728435941236115,91.93868366890835,43.99483063233619,58.0691517632694,5,0.6651851851851852,92.76652828230812,55.91595206620729
config_A,train,1600000,0.6533333333333333,0.3380246011777423,84.60431636371763,49.95687712389248,54.6579411286388,10,0.6725925925925926,88.26014783383062,55.68905144528022
config_A,train,1610000,0.6666666666666666,0.3744955454745048,80.21778445290806,33.21470119434011,56.66587986282285,5,0.6696296296296297,85.58692816184468,56.46432425157702
config_A,train,1620000,0.6888888888888889,0.3820025208371352,117.29747195106395,108.57704843691978,74.25324675324676,5,0.6696296296296297,94.03985758922988,61.859022581569484
config_A,train,1630000,0.6666666666666666,0.3634539385288028,96.85066533563581,77.51737699668313,82.34999720709398,5,0.674074074074074,98.12197391320262,71.08970794105454
config_A,train,1640000,0.6622222222222222,0.37164964252656485,111.81082354612582,80.46756027820369,55.2206333808468,5,0.6725925925925926,108.6529869442752,70.6079591137292
config_A,train,1650000,0.6799999999999999,0.36003352991239534,84.94121633873806,29.309318486088245,58.50662797269685,10,0.6696296296296295,97.86756840683323,65.35908618687922
config_A,train,1660000,0.711111111111111,0.38070759331137366,100.8608860621143,70.67631890058867,61.656396396396396,5,0.6844444444444444,99.20430864899272,58.461219249980026
config_A,train,1670000,0.6844444444444444,0.38309976781351024,104.16294645106981,92.30706394072652,56.07326340326341,5,0.6918518518518518,96.65501628397406,58.74542925745222
config_A,train,1680000,0.6799999999999999,0.37699264819108,130.6534909801904,125.62306416238643,57.74425524595803,5,0.6918518518518519,111.89244116445816,58.49130501520596
config_A,train,1690000,0.6266666666666667,0.35395472961564445,135.94457728644815,143.812728040594,57.842687050439075,5,0.6637037037037037,123.58700490590279,57.220068566553515
config_A,train,1700000,0.6755555555555555,0.3434993006504163,110.93055393434949,108.28250230110737,55.65695187165776,10,0.6607407407407407,125.842874066996,57.081298056018305
config_A,train,1710000,0.6755555555555556,0.33869757805853307,147.04060683268958,172.59621655549626,66.29152472527473,5,0.6592592592592593,131.30524601782906,59.930387882457204
config_A,train,1720000,0.6844444444444445,0.37198168015423877,120.4994017893824,130.3743591036816,61.119493353892196,5,0.6785185185185186,126.15685418547382,61.022656650274904
config_A,train,1730000,0.6222222222222221,0.3634539385288028,130.48847821859175,120.41155124497323,70.89805947675514,5,0.6607407407407407,132.67616228022123,66.10302585197404
config_A,train,1740000,0.6222222222222221,0.34889596595794625,108.30943199032886,88.86923516954309,59.02407075682938,5,0.642962962962963,119.765770666101,63.68054119582558
config_A,train,1750000,0.6577777777777778,0.32880879905721583,114.13831646748338,106.17005335216729,62.63943722943723,10,0.6340740740740741,117.64540889213465,64.1871891543406
config_A,train,1760000,0.6888888888888889,0.36582394740342955,115.43199311400119,105.35034434485341,61.57689378484972,5,0.6562962962962963,112.62658052393782,61.08013392370545
config_A,train,1770000,0.6533333333333333,0.3272028856765505,123.6669338635038,130.944739087213,70.8558170995671,5,0.6666666666666666,117.74574781499614,65.02404937128469
config_A,train,1780000,0.6888888888888889,0.3698514883798497,141.66994235956776,166.6799054328462,62.37506741624388,5,0.6770370370370372,126.92295644569093,64.93592610022024
config_A,train,1790000,0.6799999999999999,0.3818732256833767,136.6343767270074,150.46204402252175,56.79769792617712,5,0.674074074074074,133.99041765002633,63.34286081399605
config_A,train,1800000,0.7155555555555555,0.3611899249225665,143.47217976679937,160.94922535720121,65.53642059694691,10,0.6948148148148148,140.59216628445816,61.569728646455985
config_A,train,1810000,0.7022222222222222,0.37535168694024656,134.61329085396616,140.4262285360115,75.39900140400141,5,0.6992592592592594,138.2399491159243,65.91103997570849
config_A,train,1820000,0.6888888888888889,0.3748250620762889,146.53624681770594,172.6484584865699,91.95611111111111,5,0.7022222222222222,141.5405724794905,77.63051103735314
config_A,train,1830000,0.6622222222222222,0.38148507729337305,131.46156365967857,141.86119779534187,53.00897683397683,5,0.6844444444444444,137.53703377711687,73.45469644969647
config_A,train,1840000,0.6666666666666666,0.37745083892140063,149.57208781833413,176.39826401160087,55.238655788655784,5,0.6725925925925926,142.52329943190622,66.73458124458125
config_A,train,1850000,0.6755555555555555,0.35512319391054087,141.81113583018666,162.3762912435864,67.50437378713241,10,0.668148148148148,140.94826243606644,58.584002136588346
config_A,train,1860000,0.6222222222222222,0.38522079607466037,138.4457374256745,169.94516803507202,54.56787287325078,5,0.6548148148148147,143.27632035806508,59.103634149679664
config_A,train,1870000,0.6133333333333333,0.35852923155098976,133.75526293042782,171.11098121515752,57.9788751929115,5,0.637037037037037,138.00404539542967,60.017040617764906
config_A,train,1880000,0.6444444444444445,0.3603838831161523,108.29433051866279,105.10079747340905,54.43525119866583,5,0.6266666666666667,126.83177695825503,55.66066642160937
config_A,train,1890000,0.6755555555555556,0.35887340867886847,101.48963733204994,88.29006738738848,58.82181472593584,5,0.6444444444444445,114.51307692704684,57.07864703917107
config_A,train,1900000,0.6488888888888888,0.35289125228552115,120.36956017781331,127.84016118280279,54.604795778776634,10,0.6562962962962963,110.05117600950867,55.953953901126106
config_A,train,1910000,0.6311111111111111,0.36093157930315767,148.90629243364418,197.2750924881357,73.57459044564098,5,0.6518518518518519,123.58849664783581,62.333733650117814
config_A,train,1920000,0.6355555555555555,0.37502263306184863,151.41134613066703,207.88328604587002,52.783836996336994,5,0.6385185185185186,140.22906624737485,60.3210744069182
config_A,train,1930000,0.6177777777777778,0.3824547096562828,146.33237814997221,201.11238728372138,51.34510260625989,5,0.6281481481481482,148.88333890476113,59.23451001607929
config_A,train,1940000,0.6044444444444445,0.3659589128931361,118.38534911960267,113.92001352979733,56.50094091028477,5,0.6192592592592593,138.709691133414,53.54329350429388
config_A,train,1950000,0.6133333333333334,0.32376387270276114,126.10088348098574,147.07185602801934,60.531643928270384,10,0.6118518518518519,130.27287025018686,56.12589581493835
config_A,train,1960000,0.64,0.3522064489983814,110.1853045528887,111.09301215583781,63.0956148510812,5,0.6192592592592593,118.22384571782571,60.042733229878785
config_A,train,1970000,0.6311111111111111,0.37992851829304114,158.35334842089821,230.5118539386263,50.226958171834625,5,0.6281481481481482,131.5465121515909,57.9514056503954
config_A,train,1980000,0.6622222222222222,0.35430335053105394,152.91634698807098,215.59002442829927,73.96963875205255,5,0.6444444444444445,140.484999987286,62.4307372583228
config_A,train,1990000,0.6533333333333333,0.3473355370655902,149.34267728995007,208.88522231005854,78.8664877757901,5,0.648888888888889,153.53745756630641,67.68769489989243
config_A,train,2000000,0.6399999999999999,0.3602772899470316,145.21557900515143,156.30374555545316,114.17734968734969,10,0.6518518518518518,149.15820109439082,89.00449207173078
config_A,train,2010000,0.6488888888888888,0.36696957185394363,131.81865000362546,171.30743424460024,78.00568041169956,5,0.6474074074074074,142.12563543290898,90.34983929161312
config_A,train,2020000,0.6488888888888888,0.3699849846803096,150.6014616037551,204.5987488924698,69.72905923344948,5,0.6459259259259259,142.54523020417733,87.30402977749958
config_A,train,2030000,0.6755555555555556,0.3831642139015788,140.16442580115242,186.68231127394114,55.96870431893687,5,0.6577777777777777,140.86151246951098,67.90114798802864
config_A,train,2040000,0.6577777777777778,0.3737035201702739,129.11767071809004,162.43122948543495,58.761077335896516,5,0.6607407407407409,139.9611860409992,61.48628029609429
config_A,train,2050000,0.6666666666666667,0.3622820521670365,113.88461301089941,112.73623536652914,64.45694136515873,10,0.6666666666666666,127.72223651004731,59.72890767333072
config_A,train,2060000,0.6533333333333332,0.37633712231140526,121.87934135295275,145.81699985625582,58.89035964035965,5,0.6592592592592593,121.6272083606474,60.70279278047163
config_A,train,2070000,0.6799999999999999,0.3776470361999645,114.75522796251884,116.985539541688,76.6688424947146,5,0.6666666666666666,116.83972744212367,66.672047833411
config_A,train,2080000,0.6622222222222222,0.3779084741241122,151.55295752766432,162.47825519634276,59.25980821504076,5,0.6651851851851851,129.3958422810453,64.939670116705
config_A,train,2090000,0.671111111111111,0.3821317722435871,128.90049590104658,155.278941847983,55.18181252681253,5,0.6711111111111111,131.73622713040993,63.70348774552264
config_A,train,2100000,0.6488888888888888,0.35567899091964744,145.5223483891143,188.3981052579354,57.87424054206663,10,0.6607407407407407,141.99193393927507,57.43862042797331
config_A,train,2110000,0.6577777777777778,0.3609315793031577,155.03640532293193,187.487240734963,61.62043508253264,5,0.6592592592592593,143.15308320436426,58.2254960504706
config_A,train,2120000,0.6444444444444445,0.3381138678822876,141.00743689673664,183.56868591523732,60.04325316169828,5,0.6503703703703704,147.18873020292764,59.845976262099185
config_A,train,2130000,0.6711111111111111,0.3316252533236505,126.35958247041,156.33327451319408,61.90935858252931,5,0.6577777777777779,140.80114156335955,61.19101560892008
config_A,train,2140000,0.6755555555555555,0.34591085699592367,138.34585500228908,177.38486369352108,60.7134593837535,5,0.6637037037037037,135.23762478981192,60.8886903759937
config_A,train,2150000,0.671111111111111,0.31994512561050287,134.1494271268518,164.65207029817992,55.22979475716318,10,0.6725925925925926,132.9516215331836,59.284204241148664
config_A,train,2160000,0.6666666666666666,0.33920750049941667,158.94464912305517,226.55942028594117,54.4430250640777,5,0.6711111111111111,143.8133104173987,56.7954264016648
config_A,train,2170000,0.7066666666666667,0.3574256376083746,152.85224127206828,180.90791654647182,58.13389382171997,5,0.6814814814814815,148.6487725073251,55.935571214320284
config_A,train,2180000,0.6933333333333334,0.3447668741785734,147.32555532118715,192.19259263967268,59.617510211226524,5,0.688888888888889,153.0408152387702,57.39814303234141
config_A,train,2190000,0.6577777777777778,0.33942580417995605,120.82476011481701,114.83493683534302,55.535202402527126,5,0.6859259259259259,140.3341855693575,57.76220214515788
config_A,train,2200000,0.6933333333333334,0.33173278287173313,129.39640544064522,143.9944569006936,58.62822955738934,10,0.6814814814814816,132.5155736255498,57.92698072371434
config_A,train,2210000,0.711111111111111,0.35866694203486615,137.036359380983,166.27567332163682,61.632104044466345,5,0.6874074074074074,129.08584164548174,58.59851200146094
config_A,train,2220000,0.7022222222222222,0.37992851829304114,141.00741604594648,179.97178508712923,58.01599316381294,5,0.7022222222222222,135.8133936225249,59.42544225522288
config_A,train,2230000,0.6888888888888889,0.3794082461991972,131.19409121998237,150.92485240055458,63.52770584538026,5,0.7007407407407408,136.4126222156373,61.058601017886524
config_A,train,2240000,0.6755555555555555,0.3720480521201794,144.2596609229293,185.54824741958984,59.23308895405669,5,0.6888888888888888,138.82038939628606,60.25892932108329
config_A,train,2250000,0.6622222222222222,0.3333827123919456,107.18536244458429,116.74575087788057,61.53253968253968,10,0.6755555555555555,127.54637152916534,61.43111149399221
config_A,train,2260000,0.6755555555555555,0.35332634514403183,145.34584410765945,180.9578217883357,60.51547619047619,5,0.6711111111111111,132.26362249172436,60.42703494235752
config_A,train,2270000,0.6844444444444444,0.33532736906558114,116.83299739992522,127.57925670057358,58.1559543745728,5,0.674074074074074,123.12140131738965,60.06799008252957
config_A,train,2280000,0.6622222222222223,0.3171633531677211,138.5336071583193,178.54630556771943,60.2988781554151,5,0.674074074074074,133.57081622196802,59.65676957348804
config_A,train,2290000,0.6888888888888889,0.33407325285273126,131.55694597823893,142.8074004924964,70.6799643493761,5,0.6785185185185186,128.9745168454945,63.04493229312134
config_A,train,2300000,0.6977777777777778,0.3291423781214534,150.05594019288137,182.41683005964114,57.45480595427964,10,0.682962962962963,140.04883110981322,62.811216153023615
config_A,train,2310000,0.72,0.352976759281107,150.68662959584202,189.6642030907494,66.47058327637275,5,0.7022222222222223,144.09983858898747,64.86845119334284
config_A,train,2320000,0.6799999999999999,0.3536755854636936,149.26146063754976,202.44618642674155,56.82370787135493,5,0.6992592592592594,150.0013434754244,60.24969903400245
config_A,train,2330000,0.6844444444444444,0.3440499533067406,165.86455300604595,214.2595231207441,57.28794417029711,5,0.6948148148148148,155.2708810798126,60.1940784393416
config_A,train,2340000,0.7022222222222222,0.3361363626878051,150.83828036805903,205.38397439767735,61.24848941965221,5,0.6888888888888888,155.32143133721826,58.45338048710141
config_A,train,2350000,0.6666666666666666,0.3249142548068342,174.9747313744001,245.17654430032096,62.791650579150584,10,0.6844444444444444,163.89252158283503,60.4426947230333
config_A,train,2360000,0.7155555555555555,0.35395472961564445,182.36079821584138,247.49521374001284,64.75300713103651,5,0.6948148148148148,169.39126998610018,62.93104904327978
config_A,train,2370000,0.7022222222222222,0.3626377984153144,160.29787315164216,204.66405589380287,61.072306621547035,5,0.6948148148148148,172.54446758062792,62.87232144391138
config_A,train,2380000,0.7022222222222222,0.37633712231140526,187.32427092702002,287.7663560904818,70.57335772586546,5,0.7066666666666667,176.66098076483453,65.46622382614967
config_A,train,2390000,0.7244444444444443,0.3602468289628346,181.94936959722088,265.96862028513533,66.54788051209104,5,0.7096296296296295,176.52383789196105,66.06451495316786
config_A,train,2400000,0.72,0.32980852407334826,183.07072358742843,207.4733571671208,76.03392455497719,10,0.7155555555555555,184.11478803722312,71.05172093097791
config_A,train,2410000,0.6933333333333334,0.33935305189015247,207.13160153436243,334.5958655650806,78.56540935672516,5,0.7125925925925927,190.71723157300391,73.71573814126447
config_A,train,2420000,0.7244444444444443,0.3487543972907433,207.89187197788746,323.7379471330181,56.64159705159706,5,0.7125925925925926,199.36473236655945,70.41364365443314
config_A,train,2430000,0.7333333333333333,0.3307305792474937,188.86172591614968,280.2576604300921,63.20971482760956,5,0.717037037037037,201.2950664761332,66.13890707864392
config_A,train,2440000,0.7466666666666666,0.325690150409978,175.0691874651139,249.5036245553897,70.12548796233007,5,0.7348148148148148,190.60759511971705,63.32559994717891
config_A,train,2450000,0.7288888888888889,0.32267741369035813,114.41275415859839,85.67814646907645,63.20481074481076,10,0.7362962962962962,159.447889179954,65.5133378449168
config_A,train,2460000,0.7466666666666667,0.35087192978508713,137.93874284875352,157.37419883875262,64.09107448107449,5,0.7407407407407408,142.47356149082194,65.80712439607179
config_A,train,2470000,0.7422222222222221,0.368044549101677,134.8113066249428,149.3590512841058,60.0480303030303,5,0.7392592592592592,129.05426787743158,62.44797184297186
config_A,train,2480000,0.72,0.37105122603985424,96.35278653249438,67.44535302625405,58.83989835147521,5,0.7362962962962963,123.03427866873024,60.993001045193346
config_A,train,2490000,0.7333333333333333,0.39252270517012655,138.83146072491468,169.68905783934525,62.669307326831714,5,0.7318518518518519,123.3318512941173,60.51907866044576
config_A,train,2500000,0.72,0.32149342869078684,133.59258987627658,163.35001883795394,72.41942259984415,5,0.7244444444444444,122.92561237789522,64.64287609271703
config_B,test,10000,0.0,0.0,13.355894258431423,7.750518843365246,,5,0.0,13.355894258431423,
config_B,test,20000,0.0,0.0,9.789353133437402,4.299680550256443,,5,0.0,11.572623695934412,
config_B,test,30000,0.0,0.0,20.709589091111354,31.962033296766972,,5,0.0,14.618278827660058,
config_B,test,40000,0.0,0.0,13.167476807287168,7.3311355672391,,5,0.0,14.555473010611975,
config_B,test,50000,0.0,0.0,26.268440718724527,13.216190523653303,,10,0.0,20.04850220570768,
config_B,test,60000,0.0,0.0,24.888855456346754,10.800672671398736,,5,0.0,21.44159099411948,
config_B,test,70000,0.0,0.0,24.060330930928234,12.922333521137526,,5,0.0,25.072542368666504,
config_B,test,80000,0.0,0.0,27.967313538619845,17.560682260802533,,5,0.0,25.638833308631614,
config_B,test,90000,0.0,0.0,27.14191511865792,15.390301445068188,,5,0.0,26.389853196068668,
config_B,test,100000,0.0,0.0,37.12220956001384,10.115593621608685,,10,0.0,30.743812739097205,
config_B,test,110000,0.0,0.0,35.017067848548464,14.84890047980407,,5,0.0,33.09373084240674,
config_B,test,120000,0.0,0.0,35.57048942303394,9.513262073067988,,5,0.0,35.903255610532085,
config_B,test,130000,0.0,0.0,36.14784595102871,11.328295393947618,,5,0.0,35.57846774087037,
config_B,test,140000,0.0,0.0,39.011702354514895,6.871736007775553,,5,0.0,36.910012576192514,
config_B,test,150000,0.0,0.0,37.215198974100545,8.343127842324193,,10,0.0,37.45824909321472,
config_B,test,160000,0.0,0.0,40.2038813464507,4.7536822406524335,,5,0.0,38.81026089168871,
config_B,test,170000,0.0,0.0,34.53893545981345,7.2984649419913765,,5,0.0,37.319338593454894,
config_B,test,180000,0.0,0.0,35.58038597733319,6.979366590397521,,5,0.0,36.77440092786578,
config_B,test,190000,0.0,0.0,40.88314742306657,6.441706449765969,,5,0.0,37.0008229534044,
config_B,test,200000,0.0,0.0,39.44023173496039,4.6511764303838,,10,0.0,38.63458837845338,
config_B,test,210000,0.0,0.0,39.91225884087707,5.091224819496775,,5,0.0,40.07854599963468,
config_B,test,220000,0.0,0.0,38.58715694646566,6.7394899635505165,,5,0.0,39.31321584076771,
config_B,test,230000,0.0,0.0,31.5951974195877,5.981781262710172,,5,0.0,36.69820440231015,
config_B,test,240000,0.0,0.0,32.60695518758713,7.112730814566715,,5,0.0,34.26310318454683,
config_B,test,250000,0.0,0.0,43.36689521827339,11.456140832920346,,10,0.0,35.856349275149405,
config_B,test,260000,0.0,0.0,37.31715873609018,11.172301708544937,,5,0.0,37.76366971398357,
config_B,test,270000,0.0,0.0,34.935984039865644,8.906025542106903,,5,0.0,38.540012664743074,
config_B,test,280000,0.0,0.0,38.32462327492951,8.812400123862263,,5,0.0,36.85925535029511,
config_B,test,290000,0.0,0.0,37.24072087158695,7.306072067656148,,5,0.0,36.83377606212736,
config_B,test,300000,0.0,0.0,35.0666308139808,9.527262559894,,10,0.0,36.87732498683242,
config_B,test,310000,0.0,0.0,30.89835215380102,14.231845245773963,,5,0.0,34.40190127978959,
config_B,test,320000,0.0,0.0,29.602492654822434,17.09245578116002,,5,0.0,31.855825207534753,
config_B,test,330000,0.0,0.0,60.65129586908099,59.14557521491866,,5,0.0,40.38404689256814,
config_B,test,340000,0.0,0.0,33.78714321649081,18.345116948411818,,5,0.0,41.346977246798076,
config_B,test,350000,0.0,0.0,31.6167354661305,19.57348325982841,,10,0.0,42.0183915172341,
config_B,test,360000,0.0,0.0,33.686780684665905,17.298829594022028,,5,0.0,33.03021978909573,
config_B,test,370000,0.0,0.0,31.3801871782235,18.48133820013596,,5,0.0,32.227901109673304,
config_B,test,380000,0.0,0.0,32.48443293062474,16.044842071123636,,5,0.0,32.51713359783805,
config_B,test,390000,0.0,0.0,30.70336740395414,17.938049863989118,,5,0.0,31.52266250426746,
config_B,test,400000,0.0,0.0,34.38310199983444,16.59970053974297,,10,0.0,32.523634111471104,
config_B,test,410000,0.0,0.0,32.71574759866179,18.432784300147773,,5,0.0,32.600739000816795,
config_B,test,420000,0.0,0.0,38.41787587009755,12.95580577995158,,5,0.0,35.17224182286459,
config_B,test,430000,0.0,0.0,38.225329694078404,15.110287302603966,,5,0.0,36.45298438761258,
config_B,test,440000,0.0,0.0,61.54841119417806,53.635612237436185,,5,0.0,46.06387225278467,
config_B,test,450000,0.0,0.0,60.41311563639052,50.19275736722851,,10,0.0,53.395618841549,
config_B,test,460000,0.0,0.0,103.20654889023281,89.9019228567145,,5,0.0,75.05602524026713,
config_B,test,470000,0.0,0.0,115.69576166281959,95.70870398405611,,5,0.0,93.10514206314764,
config_B,test,480000,0.0,0.0,145.6203862740462,113.01693438511792,,5,0.0,121.50756560903288,
config_B,test,490000,0.0,0.0,177.5061729083776,231.6714624108581,,5,0.0,146.27410694841447,
config_B,test,500000,0.0,0.0,90.54731455797958,58.98137326861005,,10,0.0,137.89129124680113,
config_B,test,510000,0.0,0.0,107.38021393238587,95.27645850854118,,5,0.0,125.14456713291435,
config_B,test,520000,0.0,0.0,114.85374193704772,109.05349126193444,,5,0.0,104.26042347580439,
config_B,test,530000,0.0,0.0,143.4233679125928,158.49475694676167,,5,0.0,121.8857745940088,
config_B,test,540000,0.0,0.0,186.37141997004386,170.19506047556033,,5,0.0,148.21617660656145,
config_B,test,550000,0.0,0.0,194.91007634294584,183.04039896924414,,10,0.0,174.9016214085275,
config_B,test,560000,0.0,0.0,335.2942641383888,417.94714095233957,,5,0.0,238.85858681712617,
config_B,test,570000,0.16,0.3577708763999664,204.90113436143957,282.1382594422643,142.0,5,0.05333333333333334,245.03515828092472,142.0
config_B,test,580000,0.16,0.3577708763999664,254.05208648952294,367.4122910279751,148.75,5,0.10666666666666667,264.7491616631171,145.375
config_B,test,590000,0.16,0.3577708763999664,151.88158732805437,151.87903328689777,55.5,5,0.16,203.61160272633893,115.41666666666667
config_B,test,600000,0.2,0.4216370213557839,116.2337985265116,104.62050653397525,62.6,10,0.17333333333333334,174.0558241146963,88.95
config_B,test,610000,0.2,0.4472135954999579,149.44829743015913,134.26399656373817,69.0,5,0.18666666666666668,139.18789442824172,62.36666666666667
config_B,test,620000,0.16,0.3577708763999664,146.5533617346767,100.0563587428891,81.0,5,0.18666666666666668,137.41181923044914,70.86666666666666
config_B,test,630000,0.16,0.2607680962081059,234.06240150774448,183.69753462354973,157.83333333333331,5,0.17333333333333334,176.68802022419345,102.6111111111111
config_B,test,640000,0.24000000000000005,0.3577708763999664,157.69787160751363,176.3954890776383,124.0,5,0.18666666666666668,179.43787828331162,120.94444444444444
config_B,test,650000,0.24,0.30983866769659335,287.9101004089788,235.86163610630828,220.66666666666663,10,0.21333333333333335,226.55679117474563,167.49999999999997
config_B,test,660000,0.2,0.282842712474619,396.7212240641024,306.7985030204931,109.25,5,0.22666666666666668,280.7763986935316,151.30555555555554
config_B,test,670000,0.2,0.282842712474619,313.7871803779643,224.79454738851612,106.91666666666667,5,0.21333333333333335,332.8061682836818,145.61111111111111
config_B,test,680000,0.24000000000000005,0.3577708763999664,94.56126521423354,58.20890151467793,131.125,5,0.21333333333333337,268.3565565521001,115.7638888888889
config_B,test,690000,0.16,0.21908902300206645,255.2632813128285,438.61170772169163,135.25,5,0.20000000000000004,221.20390896834212,124.43055555555556
config_B,test,700000,0.2,0.26666666666666666,221.489741026446,221.1902648855654,136.5,10,0.20000000000000004,190.43809585116932,134.29166666666666
config_B,test,710000,0.04,0.0894427190999916,174.8775583690032,260.62664063142057,225.0,5,0.13333333333333333,217.21019356942588,165.58333333333334
config_B,test,720000,0.12,0.2683281572999748,150.71101820486894,197.04592499486276,109.66666666666669,5,0.12,182.35943920010604,157.05555555555557
config_B,test,730000,0.12000000000000002,0.1788854381999832,218.43925930621626,227.74691487713724,99.75,5,0.09333333333333334,181.34261196002944,144.80555555555557
config_B,test,740000,0.08,0.10954451150103323,209.03579192348698,121.85905678970771,137.5,5,0.10666666666666667,192.72868981152405,115.6388888888889
config_B,test,750000,0.12000000000000002,0.16865480854231357,192.87766585574656,186.1310115360368,103.5,10,0.10666666666666669,206.78423902848326,113.58333333333333
config_B,test,760000,0.2,0.2449489742783178,170.66162524959836,205.1257093599844,168.33333333333334,5,0.13333333333333333,190.8583610096106,136.44444444444446
config_B,test,770000,0.08,0.10954451150103323,331.0517553628521,314.4219712221692,121.0,5,0.13333333333333333,231.53034882273232,130.94444444444446
config_B,test,780000,0.16,0.16733200530681513,311.2774970334218,396.58386779416963,190.83333333333334,5,0.1466666666666667,270.9969592152907,160.05555555555557
config_B,test,790000,0.12000000000000002,0.1788854381999832,397.3104227279026,296.8776063880187,91.75,5,0.12000000000000004,346.54655837472546,134.5277777777778
config_B,test,800000,0.2,0.4216370213557839,305.02631392094526,339.0230253094266,138.4,10,0.16000000000000003,337.87141122742315,140.32777777777778
config_B,test,810000,0.2,0.2449489742783178,185.0467858002932,269.17713209906185,161.88888888888889,5,0.17333333333333337,295.794507483047,130.67962962962963
config_B,test,820000,0.16,0.16733200530681513,269.78173171326006,291.6143134630804,105.16666666666667,5,0.18666666666666668,253.2849438114995,135.15185185185186
config_B,test,830000,0.27999999999999997,0.33466401061363027,201.73998359520357,309.81749502298845,105.08333333333333,5,0.21333333333333335,218.85616703625226,124.04629629629629
config_B,test,840000,0.27999999999999997,0.4381780460041329,270.2821956473141,311.1833589255038,92.95,5,0.24,247.26797031859255,101.06666666666666
config_B,test,850000,0.12000000000000002,0.16865480854231357,496.0115446376741,219.55403213462407,95.5,10,0.22666666666666668,322.6779079600639,97.84444444444443
config_B,test,860000,0.2,0.282842712474619,474.2998230126116,330.32870376776964,175.75,5,0.20000000000000004,413.5311877658666,121.39999999999999
config_B,test,870000,0.16,0.16733200530681513,349.19151595418083,296.0177539766509,96.83333333333333,5,0.16000000000000003,439.83429453482216,122.69444444444444
config_B,test,880000,0.2,0.2449489742783178,202.31638812008666,263.25729890747976,102.66666666666667,5,0.18666666666666668,341.9359090289597,125.08333333333333
config_B,test,890000,0.2,0.2449489742783178,334.81580220982926,225.9135359198715,94.33333333333333,5,0.18666666666666668,295.44123542803226,97.94444444444444
config_B,test,900000,0.16,0.24585451886114365,367.02850504716724,296.1595018971457,107.16666666666667,10,0.18666666666666668,301.3868984590277,101.3888888888889
config_B,test,910000,0.08,0.10954451150103323,450.78504207311346,459.1455033040369,120.5,5,0.1466666666666667,384.20978311003665,107.33333333333333
config_B,test,920000,0.2,0.3464101615137755,602.3503335414791,449.640059032326,128.0,5,0.1466666666666667,473.3879602205866,118.55555555555556
config_B,test,930000,0.24,0.260768096208106,675.2676487994283,451.66890207788435,143.61111111111111,5,0.17333333333333334,576.1343414713402,130.7037037037037
config_B,test,940000,0.2,0.282842712474619,715.4871930697648,397.97879060502044,146.58333333333331,5,0.21333333333333337,664.3683918035575,139.39814814814815
config_B,test,950000,0.24,0.24585451886114368,574.9947296951755,332.2470553983295,169.88888888888889,10,0.22666666666666668,655.2498571881229,153.36111111111111
config_B,test,960000,0.32,0.17888543819998315,713.1697022146129,613.142482988706,128.7,5,0.25333333333333335,667.8838749931843,148.3907407407407
config_B,test,970000,0.27999999999999997,0.2683281572999748,470.068311435631,236.324826327844,119.22222222222221,5,0.28,586.0775811151399,139.27037037037036
config_B,test,980000,0.24,0.260768096208106,802.797860677803,702.4516693363564,123.61111111111113,5,0.28,662.011958109349,123.84444444444443
config_B,test,990000,0.36,0.1673320053068151,761.7767865659519,540.5830268479917,92.5,5,0.29333333333333333,678.2143195597954,111.77777777777779
config_B,test,1000000,0.64,0.2065591117977289,917.2898093178397,590.948414545084,163.85,10,0.4133333333333334,827.2881521871982,126.6537037037037
config_B,test,1010000,0.48,0.30331501776206204,1000.2193735897399,660.8396322408906,84.16666666666666,5,0.49333333333333335,893.0953231578438,113.50555555555555
config_B,test,1020000,0.5599999999999999,0.16733200530681508,763.2950634388797,581.5911525130422,132.16666666666666,5,0.5599999999999999,893.6014154488198,126.72777777777776
config_B,test,1030000,0.68,0.2683281572999748,665.1580706930895,775.285816298838,89.63,5,0.5733333333333334,809.5575025739031,101.98777777777777
config_B,test,1040000,0.72,0.2280350850198276,698.8852968858688,743.8621179654535,150.70666666666665,5,0.6533333333333333,709.1128103392793,124.16777777777777
config_B,test,1050000,0.6799999999999999,0.10327955589886448,556.7365790103338,455.49427659448355,129.15,10,0.6933333333333334,640.2599821964308,123.16222222222223
config_B,test,1060000,0.72,0.10954451150103327,568.6005760382938,487.7569946502097,127.7,5,0.7066666666666667,608.0741506448321,135.85222222222222
config_B,test,1070000,0.76,0.2607680962081059,785.357257755748,600.2456745775696,143.58,5,0.7200000000000001,636.8981376014585,133.47666666666666
config_B,test,1080000,0.76,0.260768096208106,524.3912401303043,467.84471570766163,154.44333333333333,5,0.7466666666666667,626.1163579747821,141.90777777777777
config_B,test,1090000,0.8,0.2,559.1143444603456,579.4814997674689,102.26333333333335,5,0.7733333333333334,622.9542807821327,133.42888888888888
config_B,test,1100000,0.8,0.18856180831641273,435.33537811876306,410.74129492491926,85.22999999999999,10,0.7866666666666667,506.28032090313764,113.97888888888889
config_B,test,1110000,0.64,0.0894427190999916,576.2135638389848,564.6782076599387,127.06666666666665,5,0.7466666666666667,523.5544288060312,104.85333333333334
config_B,test,1120000,0.8,0.2,430.6779934606314,428.35573886640873,84.78999999999999,5,0.7466666666666667,480.74231180612645,99.02888888888889
config_B,test,1130000,0.8400000000000001,0.21908902300206645,445.3227613192703,412.5155102767143,91.94666666666667,5,0.7600000000000001,484.0714395396289,101.26777777777777
config_B,test,1140000,0.76,0.21908902300206645,314.9282670027545,247.6200070083952,123.37333333333333,5,0.8000000000000002,396.97634059421875,100.03666666666668
config_B,test,1150000,0.72,0.2529822128134704,259.54602588486557,239.74494603777586,146.02,10,0.7733333333333334,339.9323514022969,120.44666666666667
config_B,test,1160000,0.72,0.1788854381999832,329.6380769638386,436.7301608051277,120.38666666666666,5,0.7333333333333334,301.3707899504863,129.92666666666665
config_B,test,1170000,0.8400000000000001,0.1673320053068151,245.59422052250846,203.07745309515659,80.59333333333333,5,0.7600000000000001,278.2594411237376,115.66666666666667
config_B,test,1180000,0.8,0.2449489742783178,188.07943441415142,112.03024147251755,122.83,5,0.7866666666666667,254.43724396683288,107.93666666666667
config_B,test,1190000,0.8400000000000001,0.1673320053068151,137.15292989881203,100.48069395672961,83.81666666666668,5,0.8266666666666668,190.27552827849067,95.74666666666667
config_B,test,1200000,0.8800000000000001,0.16865480854231357,158.40815916905805,159.0627675082172,93.64333333333333,10,0.8400000000000002,161.21350782734055,100.09666666666668
config_B,test,1210000,0.8800000000000001,0.17888543819998318,89.2553630530915,31.532658790734498,61.916666666666664,5,0.8666666666666668,128.27215070698722,79.79222222222224
config_B,test,1220000,0.8800000000000001,0.17888543819998318,93.78302633914497,23.548437969325597,61.629999999999995,5,0.8800000000000001,113.81551618709823,72.39666666666666
config_B,test,1230000,0.9199999999999999,0.10954451150103317,94.5774205342415,24.049754896696598,73.97,5,0.8933333333333335,92.53860330882601,65.83888888888889
config_B,test,1240000,0.96,0.08944271909999157,99.59740916451827,37.28407721421567,67.62,5,0.9199999999999999,95.98595201263494,67.74000000000001
config_B,test,1250000,0.96,0.08432740427115677,163.5543950781584,150.03422501945457,69.09,10,0.9466666666666667,119.24307492563942,70.22666666666667
config_B,test,1260000,0.96,0.08944271909999157,178.09721395232265,140.47314946921915,73.17999999999999,5,0.96,147.0830060649998,69.96333333333334
config_B,test,1270000,1.0,0.0,101.784521485852,28.18877573335639,57.64,5,0.9733333333333333,147.8120435054444,66.63666666666667
config_B,test,1280000,1.0,0.0,99.53512228318657,26.894304930217213,57.279999999999994,5,0.9866666666666667,126.47228590712045,62.699999999999996
config_B,test,1290000,1.0,0.0,98.39508738561798,27.77247161531244,56.4,5,1.0,99.90491038488555,57.10666666666666
config_B,test,1300000,1.0,0.0,89.24268133201204,21.414721363867645,58.8,10,1.0,95.72429700027224,57.49333333333334
config_B,test,1310000,0.96,0.08944271909999156,97.59046294721763,26.514032638037314,60.56,5,0.9866666666666667,95.0760772216159,58.586666666666666
config_B,test,1320000,0.96,0.08944271909999156,201.758991582042,181.40352436115168,70.58,5,0.9733333333333333,129.53071195375728,63.31333333333333
config_B,test,1330000,1.0,0.0,102.07897088698671,28.78215204028878,61.32000000000001,5,0.9733333333333333,133.8094751387488,64.15333333333334
config_B,test,1340000,0.96,0.08944271909999157,92.42121863266176,33.474195931530375,63.23,5,0.9733333333333333,132.08639370056355,65.04333333333334
config_B,test,1350000,0.96,0.08432740427115674,91.00872849673188,24.69948546188972,55.39,10,0.9733333333333333,95.16963933879349,59.98000000000001
config_B,test,1360000,0.9199999999999999,0.1788854381999832,88.820783744615,25.843229124473584,55.56,5,0.9466666666666667,90.75024362466958,58.06
config_B,test,1370000,0.96,0.08944271909999156,91.36118639188638,28.112228709940428,63.04,5,0.9466666666666667,90.39689954441111,57.99666666666667
config_B,test,1380000,0.9199999999999999,0.1788854381999832,91.90319953559109,33.938780466286204,56.626666666666665,5,0.9333333333333332,90.6950565573642,58.408888888888896
config_B,test,1390000,0.9199999999999999,0.1788854381999832,82.97046199650167,35.736615432367174,55.8,5,0.9333333333333332,88.74494930799308,58.48888888888889
config_B,test,1400000,0.96,0.08432740427115674,86.59923605959003,31.630846319354056,76.36,10,0.9333333333333332,87.15763253056097,62.9288888888889
config_B,test,1410000,0.9199999999999999,0.1788854381999832,81.2586645092376,31.17134176976549,56.05333333333333,5,0.9333333333333332,83.60945418844314,62.73777777777778
config_B,test,1420000,0.8400000000000001,0.2607680962081059,73.67800566053903,19.828403582143142,54.7,5,0.9066666666666667,80.51196874312227,62.37111111111111
config_B,test,1430000,0.8800000000000001,0.2683281572999748,75.96048839392996,28.599046231988993,55.620000000000005,5,0.8800000000000002,76.96571952123557,55.45777777777778
config_B,test,1440000,0.8400000000000001,0.2607680962081059,70.54068295744472,34.37577154137962,55.32000000000001,5,0.8533333333333335,73.39305900397127,55.213333333333345
config_B,test,1450000,0.8800000000000001,0.25298221281347033,78.48289700205439,25.787023396027777,55.52,10,0.8666666666666668,74.99468945114306,55.48666666666668
config_B,test,1460000,0.8800000000000001,0.2683281572999748,81.84954153596303,29.03799238212446,54.32000000000001,5,0.8666666666666668,76.95770716515408,55.05333333333334
config_B,test,1470000,0.8800000000000001,0.2683281572999748,82.89525152662907,26.96967896862146,79.76,5,0.8800000000000001,81.07589668821554,63.20000000000001
config_B,test,1480000,0.8400000000000001,0.2607680962081059,149.17669082538202,155.1215166626585,53.92,5,0.8666666666666668,104.64049462932473,62.66666666666668
config_B,test,1490000,0.8400000000000001,0.2607680962081059,106.51844674308583,68.21326023723864,52.42999999999999,5,0.8533333333333335,112.86346303169903,62.03666666666667
config_B,test,1500000,0.8400000000000001,0.24585451886114365,73.96003405643202,29.589012730647244,52.29,10,0.8400000000000001,109.8850572083,52.88
config_B,test,1510000,0.8800000000000001,0.1095445115010332,79.95522946183978,35.79714238255882,70.16,5,0.8533333333333335,86.81123675378592,58.29333333333333
config_B,test,1520000,0.8800000000000001,0.1095445115010332,76.56414604427657,36.73448787776947,64.17,5,0.8666666666666668,76.82646985418283,62.20666666666667
config_B,test,1530000,0.8800000000000001,0.1095445115010332,73.05442482372953,34.94247340371827,56.379999999999995,5,0.8800000000000001,76.52460010994866,63.570000000000014
config_B,test,1540000,0.96,0.08944271909999157,81.41600091054295,32.643620785936214,56.52,5,0.9066666666666668,77.01152392618305,59.02333333333334
config_B,test,1550000,0.9199999999999999,0.10327955589886444,75.34044754840852,33.16984792096017,57.98,10,0.92,76.60362442756038,56.96000000000001
config_B,test,1560000,0.96,0.08944271909999157,82.90225619360714,34.01255455223083,59.08,5,0.9466666666666667,79.88623488418624,57.860000000000014
config_B,test,1570000,0.9199999999999999,0.10954451150103317,74.21120979003103,29.541015779679693,51.010000000000005,5,0.9333333333333332,77.48463784401561,56.02333333333334
config_B,test,1580000,0.9199999999999999,0.10954451150103317,71.47402740053877,29.809042391622164,50.989999999999995,5,0.9333333333333332,76.19583112805903,53.69333333333335
config_B,test,1590000,0.9199999999999999,0.10954451150103317,73.77793694858477,28.576026490283507,50.42,5,0.9199999999999999,73.15439137971823,50.80666666666667
config_B,test,1600000,0.96,0.08432740427115677,75.37775975036678,31.27731874626289,64.56,10,0.9333333333333332,73.54324136649682,55.323333333333345
config_B,test,1610000,0.9199999999999999,0.10954451150103317,71.23383129399632,27.790946870603516,49.37,5,0.9333333333333332,73.46317599764933,54.78333333333334
config_B,test,1620000,0.9199999999999999,0.10954451150103317,73.47045641706957,25.932027447410906,49.72,5,0.9333333333333332,73.36068248714426,54.55000000000001
config_B,test,1630000,0.9199999999999999,0.10954451150103317,75.06208898238073,25.560197177412867,50.61,5,0.9199999999999999,73.25545889781557,49.900000000000006
config_B,test,1640000,0.9199999999999999,0.10954451150103317,73.46324875178182,23.82226256861941,50.72,5,0.9199999999999999,73.99859805041073,50.35
config_B,test,1650000,0.9199999999999999,0.10327955589886444,72.67964267397198,20.570742854625486,51.529999999999994,10,0.9199999999999999,73.73499346937821,50.95333333333334
config_B,test,1660000,1.0,0.0,76.9597919754347,23.690939907094954,52.160000000000004,5,0.9466666666666667,74.36756113372955,51.470000000000006
config_B,test,1670000,1.0,0.0,80.8896232367354,25.170805109150738,54.2,5,0.9733333333333333,76.84301929538073,52.63000000000002
config_B,test,1680000,1.0,0.0,73.34504803672272,22.473021783643887,52.839999999999996,5,1.0,77.06482108296431,53.066666666666684
config_B,test,1690000,1.0,0.0,72.9349230183333,19.24038700935528,52.160000000000004,5,1.0,75.72319809726383,53.066666666666684
config_B,test,1700000,0.96,0.08432740427115677,69.55493606954494,20.704932176844956,51.870000000000005,10,0.9866666666666667,71.94496904153368,52.29000000000001
config_B,test,1710000,0.96,0.08944271909999157,69.66719469341895,20.21817850912667,51.55,5,0.9733333333333333,70.7190179270991,51.860000000000014
config_B,test,1720000,0.96,0.08944271909999157,70.86907884136784,20.401514571838916,51.35,5,0.96,70.03040320144395,51.59000000000001
config_B,test,1730000,0.8800000000000001,0.17888543819998318,64.16128745788924,20.026778817115378,51.36,5,0.9333333333333335,68.23252033089206,51.420000000000016
config_B,test,1740000,0.9199999999999999,0.10954451150103317,69.63097953358746,17.713136625973068,52.55,5,0.92,68.22044861094822,51.75333333333334
config_B,test,1750000,0.9199999999999999,0.10327955589886444,68.33735320777257,20.633120755456783,53.79,10,0.9066666666666667,67.37654006641647,52.56666666666667
config_B,test,1760000,0.96,0.08944271909999157,71.22581466545833,21.981989018214342,52.07000000000001,5,0.9333333333333332,69.73138246893949,52.80333333333334
config_B,test,1770000,0.9199999999999999,0.10954451150103317,65.9696038374473,24.359395869187875,51.92,5,0.9333333333333332,68.51092390355943,52.59333333333334
config_B,test,1780000,0.9199999999999999,0.10954451150103317,69.8349122279449,23.335612866110388,53.69,5,0.9333333333333332,69.01011024361688,52.56000000000001
config_B,test,1790000,0.9199999999999999,0.10954451150103317,71.5237851326008,25.04231060235042,54.05,5,0.9199999999999999,69.10943373266437,53.220000000000006
config_B,test,1800000,0.96,0.08432740427115677,70.51267427459467,24.283915051513866,62.54,10,0.9333333333333332,70.62379054504683,56.76000000000001
config_B,test,1810000,0.9199999999999999,0.10954451150103317,68.05246997954399,22.814854340820496,53.620000000000005,5,0.9333333333333332,70.0296431289132,56.73666666666668
config_B,test,1820000,0.8800000000000001,0.17888543819998318,65.361604564962,19.370751164024067,54.15333333333333,5,0.92,67.97558293970026,56.77111111111112
config_B,test,1830000,0.9199999999999999,0.1788854381999832,67.29396435803427,18.5365473548176,55.279999999999994,5,0.9066666666666667,66.90267963418012,54.351111111111116
config_B,test,1840000,0.9199999999999999,0.10954451150103317,65.849218847081,21.62978460784198,52.620000000000005,5,0.9066666666666667,66.16826259002579,54.01777777777778
config_B,test,1850000,0.9199999999999999,0.10327955589886444,67.17092559435284,22.257361279705144,53.19,10,0.9199999999999999,66.77136959982273,53.69666666666668
config_B,test,1860000,0.96,0.08944271909999156,75.17332427750536,19.248657084744696,53.36,5,0.9333333333333332,69.39782290631311,53.05666666666667
config_B,test,1870000,0.9199999999999999,0.1788854381999832,69.82118702022625,19.52291644570799,53.839999999999996,5,0.9333333333333332,70.72181229736152,53.46333333333334
config_B,test,1880000,0.8800000000000001,0.17888543819998318,68.27346983647479,20.625840144476108,53.17666666666666,5,0.92,71.0893270447355,53.4588888888889
config_B,test,1890000,0.8800000000000001,0.17888543819998318,65.81653011708079,23.243013854487533,53.86666666666666,5,0.8933333333333335,67.97039565792731,53.62777777777779
config_B,test,1900000,0.8400000000000001,0.24585451886114365,63.96362879218566,19.547653427687667,54.55,10,0.8666666666666668,66.01787624858044,53.864444444444445
config_B,test,1910000,0.8400000000000001,0.2607680962081059,63.780399721132156,22.807442983093328,54.17,5,0.8533333333333335,64.5201862101329,54.195555555555565
config_B,test,1920000,0.8800000000000001,0.17888543819998318,63.04644680356726,23.497084582570665,53.54333333333334,5,0.8533333333333335,63.5968251056284,54.08777777777778
config_B,test,1930000,0.8800000000000001,0.17888543819998318,66.77510068960359,22.89435560303924,52.336666666666666,5,0.8666666666666668,64.53398240476771,53.350000000000016
config_B,test,1940000,0.8800000000000001,0.17888543819998318,64.98516653603164,23.011855324706993,52.20333333333333,5,0.8800000000000001,64.93557134306754,52.69444444444446
config_B,test,1950000,0.8800000000000001,0.16865480854231357,62.68213174681877,22.876452691724843,53.11666666666666,10,0.8800000000000001,64.81413299081804,52.552222222222234
config_B,test,1960000,0.8800000000000001,0.17888543819998318,60.15673868148332,26.164320489067702,54.36333333333333,5,0.8800000000000001,62.60801232144462,53.22777777777778
config_B,test,1970000,0.8400000000000001,0.2607680962081059,57.09778155293198,17.872334523524483,49.95,5,0.8666666666666668,59.978883993744724,52.47666666666667
config_B,test,1980000,0.8400000000000001,0.2607680962081059,61.434940090779186,22.392059755260643,49.35,5,0.8533333333333335,59.56315344173154,51.22111111111112
config_B,test,1990000,0.8800000000000001,0.17888543819998318,58.31238031772337,14.175486864372626,50.75666666666667,5,0.8533333333333335,58.94836732047821,50.0188888888889
config_B,test,2000000,0.8800000000000001,0.16865480854231357,62.88223502304936,21.915501453327174,50.42333333333333,10,0.8666666666666668,60.876518477184014,50.17666666666668
config_B,test,2010000,0.8800000000000001,0.17888543819998318,61.869522923217595,22.811496690649786,49.89333333333333,5,0.8800000000000001,61.02137942133015,50.35777777777779
config_B,test,2020000,0.8800000000000001,0.17888543819998318,59.68241096246891,13.189178012692523,50.44666666666667,5,0.8800000000000001,61.47805630291199,50.25444444444446
config_B,test,2030000,0.9199999999999999,0.10954451150103317,61.9202990764043,22.924317019247116,66.97,5,0.8933333333333335,61.15741098736364,55.77000000000001
config_B,test,2040000,0.8800000000000001,0.17888543819998318,57.08616197814259,14.80777432200002,49.88666666666667,5,0.8933333333333335,59.5629573390053,55.76777777777779
config_B,test,2050000,0.8800000000000001,0.16865480854231357,54.61816999410185,18.584014497944302,50.243333333333325,10,0.8933333333333335,57.87487701621628,55.70000000000001
config_B,test,2060000,0.8800000000000001,0.17888543819998318,59.521488068086896,23.596263044369536,48.6,5,0.8800000000000001,57.07527334677715,49.576666666666675
config_B,test,2070000,0.8800000000000001,0.17888543819998318,57.81643432489047,24.177526798213613,48.84333333333333,5,0.8800000000000001,57.31869746235978,49.22888888888889
config_B,test,2080000,0.9199999999999999,0.10954451150103317,63.29145498516274,19.7941781040185,48.760000000000005,5,0.8933333333333335,60.209792459380076,48.734444444444456
config_B,test,2090000,0.9199999999999999,0.10954451150103317,64.68309646486725,18.387264545212254,49.25,5,0.9066666666666667,61.93032859164018,48.95111111111112
config_B,test,2100000,0.9199999999999999,0.10327955589886444,62.2757656849701,18.326411665416416,48.45,10,0.9199999999999999,63.4167723783334,48.820000000000014
config_B,test,2110000,0.9199999999999999,0.10954451150103317,59.65977819021261,20.738408405071368,48.28,5,0.9199999999999999,62.20621344668336,48.660000000000004
config_B,test,2120000,0.9199999999999999,0.10954451150103317,61.00249823956055,19.826751617508304,48.32,5,0.9199999999999999,60.97934737158113,48.350000000000016
config_B,test,2130000,0.9199999999999999,0.10954451150103317,60.802063326186136,19.503751642849654,48.69,5,0.9199999999999999,60.488113251986476,48.43000000000001
config_B,test,2140000,0.9199999999999999,0.10954451150103317,119.58393040011966,128.42832681036936,66.6,5,0.9199999999999999,80.46283065528881,54.53666666666667
config_B,test,2150000,0.9199999999999999,0.10327955589886444,57.3881581833351,18.353441154021382,48.7,10,0.9199999999999999,79.258050636547,54.663333333333334
config_B,test,2160000,0.9199999999999999,0.10954451150103317,60.34636034428163,17.614768902575015,48.58,5,0.9199999999999999,79.10614964257884,54.62666666666667
config_B,test,2170000,0.96,0.08944271909999156,60.43014430587219,19.5931821438672,57.04,5,0.9333333333333332,59.38822094449635,51.440000000000005
config_B,test,2180000,0.96,0.08944271909999156,60.202204211654546,18.265343242115396,53.5,5,0.9466666666666667,60.326236287269495,53.04000000000001
config_B,test,2190000,0.96,0.08944271909999156,65.0318891054271,17.127417695398666,56.17999999999999,5,0.96,61.888079207651316,55.573333333333345
config_B,test,2200000,0.9199999999999999,0.10327955589886444,62.61855486974382,19.97663023401241,50.04,10,0.9466666666666667,62.61754939560853,53.24000000000001
config_B,test,2210000,0.96,0.08944271909999157,61.886694695756674,21.025602082078382,51.98,5,0.9466666666666667,63.179046223642565,52.73333333333334
config_B,test,2220000,0.9199999999999999,0.10954451150103317,62.78552379321743,20.908045116620908,49.69,5,0.9333333333333332,62.430257786239345,50.57
config_B,test,2230000,0.8800000000000001,0.17888543819998318,59.155104996173044,23.447214073171807,48.839999999999996,5,0.92,61.275774495049085,50.17000000000001
config_B,test,2240000,0.8800000000000001,0.17888543819998318,57.401607115295135,25.77959126255797,48.63333333333333,5,0.8933333333333335,59.7807453015619,49.05444444444445
config_B,test,2250000,0.8800000000000001,0.16865480854231357,55.89749211097698,23.058716089512547,48.75,10,0.8800000000000001,57.48473474081509,48.74111111111112
config_B,test,2260000,0.8800000000000001,0.17888543819998318,58.41100371451573,23.260776316716214,48.95666666666666,5,0.8800000000000001,57.23670098026265,48.78000000000001
config_B,test,2270000,0.8800000000000001,0.17888543819998318,60.6373228571282,22.649259340478597,49.4,5,0.8800000000000001,58.315272894207006,49.03555555555556
config_B,test,2280000,0.8800000000000001,0.17888543819998318,61.18851231134577,22.80743007385947,49.983333333333334,5,0.8800000000000001,60.07894629432994,49.44666666666668
config_B,test,2290000,0.8800000000000001,0.17888543819998318,59.66600946329206,24.070559410156346,50.776666666666664,5,0.8800000000000001,60.49728154392204,50.05333333333334
config_B,test,2300000,0.8800000000000001,0.16865480854231357,60.34655450785972,21.15383634390674,50.31,10,0.8800000000000001,60.40035876083255,50.356666666666676
config_B,test,2310000,0.8800000000000001,0.17888543819998318,59.49716699951373,23.916351726910598,50.21,5,0.8800000000000001,59.83657699022188,50.43222222222223
config_B,test,2320000,0.9199999999999999,0.10954451150103317,60.50677226616199,23.18958485984607,53.8,5,0.8933333333333335,60.116831257845185,51.440000000000005
config_B,test,2330000,0.8800000000000001,0.17888543819998318,61.68793717460079,22.5026391226979,49.69,5,0.8933333333333335,60.563958813425536,51.23333333333334
config_B,test,2340000,0.8800000000000001,0.17888543819998318,61.32294882146475,23.619700161633403,50.39333333333333,5,0.8933333333333335,61.17255275407589,51.29444444444445
config_B,test,2350000,0.9199999999999999,0.10327955589886444,65.7883125681612,19.227073620345106,51.55,10,0.8933333333333335,62.93306618807562,50.54444444444445
config_B,test,2360000,0.96,0.08944271909999157,65.30740631554235,20.181641000339237,53.35,5,0.92,64.1395559017228,51.76444444444445
config_B,test,2370000,0.9199999999999999,0.10954451150103317,65.73545852206783,20.28288082022699,50.28,5,0.9333333333333332,65.6103924685905,51.72666666666668
config_B,test,2380000,0.96,0.08944271909999157,63.169121103192694,18.35077338110077,53.33,5,0.9466666666666667,64.73732864693433,52.320000000000014
config_B,test,2390000,0.8800000000000001,0.17888543819998318,58.594517667987304,21.826546676284973,48.376666666666665,5,0.92,62.49969909774931,50.66222222222223
config_B,test,2400000,0.96,0.08432740427115677,60.03469613711072,17.465389384431226,52.010000000000005,10,0.9333333333333335,60.59944496943027,51.2388888888889
config_B,test,2410000,0.9199999999999999,0.10954451150103317,64.75612112507207,17.773840455328237,48.68,5,0.92,61.128444976723394,49.6888888888889
config_B,test,2420000,0.9199999999999999,0.10954451150103317,62.08020120700788,19.75936041065156,48.489999999999995,5,0.9333333333333332,62.29033948973026,49.72666666666667
config_B,test,2430000,0.9199999999999999,0.10954451150103317,62.12217601047742,18.35260391349883,48.980000000000004,5,0.9199999999999999,62.98616611418583,48.716666666666676
config_B,test,2440000,0.9199999999999999,0.10954451150103317,90.58450914832852,63.712229519593386,49.3,5,0.9199999999999999,71.59562878860464,48.923333333333346
config_B,test,2450000,0.9199999999999999,0.10327955589886444,61.74749158091428,16.331578682586454,49.03,10,0.9199999999999999,71.48472557990677,49.103333333333346
config_B,test,2460000,0.96,0.08944271909999156,62.7646695326906,17.738823066877455,49.2,5,0.9333333333333332,71.69889008731117,49.17666666666668
config_B,test,2470000,1.0,0.0,61.80929928889525,9.416670945273799,50.28,5,0.96,62.107153467500076,49.50333333333335
config_B,test,2480000,0.96,0.08944271909999157,58.935674973330904,16.798236362655064,50.92,5,0.9733333333333333,61.1698812649723,50.13333333333335
config_B,test,2490000,0.96,0.08944271909999156,62.015110548888366,12.38480208384215,47.75,5,0.9733333333333333,60.920028270371546,49.65000000000001
config_B,test,2500000,0.96,0.08944271909999156,64.82371684763521,11.849120806108338,48.33,5,0.96,61.92483412328486,49.00000000000001
config_B,train,10000,0.0,0.0,10.398665455014546,3.7211548205400207,,5,0.0,10.398665455014546,
config_B,train,20000,0.0,0.0,7.614824047654082,1.2212678355853475,,5,0.0,9.006744751334313,
config_B,train,30000,0.0,0.0,8.832547214447692,5.180765911374363,,5,0.0,8.94867890570544,
config_B,train,40000,0.00444444444444444,0.009938079899999053,13.555126305366096,5.35429669603811,181.0,5,0.00148148148148148,10.00083252248929,181.0
config_B,train,50000,0.0,0.0,22.246926385152538,8.47376776432515,,10,0.00148148148148148,14.87819996832211,181.0
config_B,train,60000,0.0,0.0,25.534742208029673,9.042755757472605,,5,0.00148148148148148,20.445598299516103,181.0
config_B,train,70000,0.0,0.0,26.142983546994607,7.056450683148155,,5,0.0,24.641550713392274,
config_B,train,80000,0.0,0.0,28.979786923888145,7.215372881853908,,5,0.0,26.885837559637476,
config_B,train,90000,0.0,0.0,28.8203764473186,6.98994172374857,,5,0.0,27.981048972733788,
config_B,train,100000,0.0,0.0,34.82997498638384,2.405670740112246,,10,0.0,30.87671278586353,
config_B,train,110000,0.0,0.0,34.496452137459315,5.23197541066723,,5,0.0,32.715601190387254,
config_B,train,120000,0.0,0.0,35.10779892324719,5.947696775492636,,5,0.0,34.81140868236345,
config_B,train,130000,0.0,0.0,33.76098897849141,6.922717701927603,,5,0.0,34.455080013065974,
config_B,train,140000,0.0,0.0,34.55534566857641,9.272958481431052,,5,0.0,34.474711190105005,
config_B,train,150000,0.0,0.0,35.17862401066164,7.742078893171229,,10,0.0,34.49831955257648,
config_B,train,160000,0.0,0.0,35.73131073188971,7.014323408374249,,5,0.0,35.155093470375924,
config_B,train,170000,0.0,0.0,33.52296246766427,5.919971362782727,,5,0.0,34.810965736738545,
config_B,train,180000,0.0,0.0,33.644968876055216,4.602224943095617,,5,0.0,34.29974735853639,
config_B,train,190000,0.0,0.0,36.4561589005883,4.9083103057837905,,5,0.0,34.541363414769265,
config_B,train,200000,0.0,0.0,36.39760859881492,5.745264982048818,,10,0.0,35.49957879181948,
config_B,train,210000,0.0,0.0,35.33388707784788,4.94399262290038,,5,0.0,36.062551525750365,
config_B,train,220000,0.0,0.0,35.37191947709002,4.8245388187493425,,5,0.0,35.701138384584276,
config_B,train,230000,0.0,0.0,31.7851719736321,5.7313705411341305,,5,0.0,34.163659509523335,
config_B,train,240000,0.0,0.0,33.408773283385244,4.365651706560928,,5,0.0,33.52195491136912,
config_B,train,250000,0.0,0.0,47.650270922493476,8.517229477710574,,10,0.0,37.61473872650361,
config_B,train,260000,0.0,0.0,38.7051727977817,13.458198269599029,,5,0.0,39.92140566788681,
config_B,train,270000,0.0,0.0,36.36952960046405,6.4232160308469295,,5,0.0,40.90832444024641,
config_B,train,280000,0.0,0.0,35.538165108417886,4.2638223528295445,,5,0.0,36.87095583555455,
config_B,train,290000,0.0,0.0,34.36310906667902,5.58345439853393,,5,0.0,35.423601258520314,
config_B,train,300000,0.00444444444444444,0.009369711585684077,34.75377043484177,7.213291639428277,431.0,10,0.00148148148148148,34.88501486997956,431.0
config_B,train,310000,0.0,0.0,35.19868584923124,10.941450424282726,,5,0.00148148148148148,34.771855116917344,431.0
config_B,train,320000,0.0,0.0,35.042718528853825,11.430963160431054,,5,0.00148148148148148,34.99839160430895,431.0
config_B,train,330000,0.0,0.0,38.87413172888602,12.673266775711157,,5,0.0,36.37184536899036,
config_B,train,340000,0.0,0.0,42.93205847392802,14.856041770256336,,5,0.0,38.94963624388929,
config_B,train,350000,0.0,0.0,54.387724798757674,11.515279269543413,,10,0.0,45.397971667190575,
config_B,train,360000,0.00444444444444444,0.009938079899999055,56.13275129117778,24.892617692067937,163.0,5,0.00148148148148148,51.15084485462116,163.0
config_B,train,370000,0.0,0.0,50.95586193846014,34.03819017329846,,5,0.00148148148148148,53.825446009465196,163.0
config_B,train,380000,0.0,0.0,51.54401036087938,31.59847070798435,,5,0.00148148148148148,52.877541196839104,163.0
config_B,train,390000,0.0,0.0,40.54117928093515,11.069092218690056,,5,0.0,47.68035052675822,
config_B,train,400000,0.0,0.0,35.57204719503874,15.333664322636057,,10,0.0,42.55241227895109,
config_B,train,410000,0.0,0.0,47.06848582738081,22.515774085792547,,5,0.0,41.060570767784895,
config_B,train,420000,0.0,0.0,53.68822658343005,31.430390072656763,,5,0.0,45.442919868616535,
config_B,train,430000,0.00444444444444444,0.009938079899999053,57.63300927681244,38.73785556012134,134.0,5,0.00148148148148148,52.79657389587444,134.0
config_B,train,440000,0.0,0.0,77.95999314350111,84.35429076458261,,5,0.00148148148148148,63.093743001247866,134.0
config_B,train,450000,0.00444444444444444,0.009369711585684077,83.08879444791398,62.64511126217506,407.0,10,0.00296296296296296,72.89393228940918,270.5
config_B,train,460000,0.0,0.0,72.81257801154001,64.88019139702767,,5,0.00148148148148148,77.95378853431836,407.0
config_B,train,470000,0.0,0.0,78.02093958665884,45.28831697791444,,5,0.00148148148148148,77.97410401537094,407.0
config_B,train,480000,0.013333333333333319,0.012171612389003678,92.61797773533976,42.77490035112065,323.0,5,0.004444444444444439,81.15049844451288,323.0
config_B,train,490000,0.00444444444444444,0.009938079899999055,96.67115806025299,42.56159237206897,184.0,5,0.00592592592592592,89.10335846075054,253.5
config_B,train,500000,0.0,0.0,141.26951693569958,104.05872722903027,,10,0.00592592592592592,110.18621757709745,253.5
config_B,train,510000,0.0,0.0,153.73326950289166,159.04954855332852,,5,0.00148148148148148,130.55798149961473,184.0
config_B,train,520000,0.0,0.0,168.58755609361432,175.34576213383593,,5,0.0,154.53011417740186,
config_B,train,530000,0.00444444444444444,0.009938079899999053,181.40502421767974,159.4229845424422,273.0,5,0.00148148148148148,167.90861660472856,273.0
config_B,train,540000,0.00444444444444444,0.009938079899999053,142.8851431661699,120.0786637902593,364.0,5,0.00296296296296296,164.292574492488,318.5
config_B,train,550000,0.00888888888888888,0.018739423171368154,179.10821348380236,160.30145257523182,110.5,10,0.00592592592592592,167.79946028921734,249.16666666666666
config_B,train,560000,0.0311111111111111,0.06956655929999343,185.39415930436442,151.8524916063653,87.28571428571429,5,0.014814814814814807,169.12917198477888,187.2619047619048
config_B,train,570000,0.04,0.0894427190999916,230.0480469886415,245.7825437167006,190.88888888888889,5,0.02666666666666666,198.18347325893612,129.55820105820106
config_B,train,580000,0.03555555555555554,0.07950463919999248,228.30724636622207,217.7081254789728,62.875,5,0.035555555555555556,214.5831508864093,113.68320105820106
config_B,train,590000,0.04,0.0894427190999916,210.28714660015174,246.1393323456004,64.0,5,0.038518518518518514,222.88081331833845,105.9212962962963
config_B,train,600000,0.04,0.08432740427115679,208.8473336695835,185.4759090047395,65.33333333333333,10,0.038518518518518514,215.81390887865243,64.06944444444444
config_B,train,610000,0.06666666666666667,0.13698697784375505,228.74209918375124,189.74114185938276,101.53571428571428,5,0.04888888888888889,215.95885981782882,76.9563492063492
config_B,train,620000,0.0711111111111111,0.10818365728567185,283.8110861194214,211.33726401496628,153.94545454545454,5,0.059259259259259255,240.46683965758538,106.93816738816737
config_B,train,630000,0.0711111111111111,0.09863262676076509,321.4999215187788,240.73582372613797,157.02380952380952,5,0.06962962962962962,278.01770227398384,137.50165945165944
config_B,train,640000,0.10222222222222221,0.14194417264596718,347.10102535652015,315.5033145065651,149.52307692307693,5,0.08148148148148147,317.4706776649068,153.49744699744699
config_B,train,650000,0.09333333333333332,0.11224116696222702,355.3538335077079,289.66610540477524,168.989898989899,10,0.08888888888888886,341.31826012766896,158.5122618122618
config_B,train,660000,0.12444444444444443,0.16967652594507618,342.36494087640847,314.8778669143569,143.4,5,0.10666666666666665,348.27326658021224,153.97099197099197
config_B,train,670000,0.09777777777777777,0.1262957532300695,402.566989562345,337.7656269941207,156.27777777777774,5,0.10518518518518517,366.76192131548714,156.22255892255893
config_B,train,680000,0.10666666666666665,0.14605934866804426,342.201262636033,329.94978409269885,116.66666666666666,5,0.10962962962962962,362.37773102492883,138.78148148148148
config_B,train,690000,0.07555555555555554,0.11066577420434427,262.8211356674785,242.8254195577763,87.48484848484847,5,0.09333333333333332,335.86312928861884,120.14309764309762
config_B,train,700000,0.08888888888888888,0.11475506210984938,265.12650841220125,239.72969076887782,97.1,10,0.09037037037037036,290.0496355719042,100.41717171717171
config_B,train,710000,0.07999999999999999,0.16674072428714726,170.01266259737886,82.60278001282666,170.11764705882354,5,0.08148148148148147,232.65343555901958,118.234165181224
config_B,train,720000,0.10222222222222221,0.16821502993578277,229.43616583499426,160.2559728836688,183.26388888888889,5,0.09037037037037036,221.5251122815248,150.16051198257082
config_B,train,730000,0.11999999999999997,0.13203067357789286,283.5330133190292,138.60101394323135,183.16666666666669,5,0.10074074074074073,227.66061391713413,178.8494008714597
config_B,train,740000,0.18666666666666662,0.18895423706205614,303.57811962548976,135.91899922586344,155.40734649122805,5,0.13629629629629628,272.1824329265044,173.94596734892787
config_B,train,750000,0.16444444444444445,0.1935021258341416,226.9381712006663,120.3928876129919,201.6625816993464,10,0.157037037037037,271.3497680483951,180.0788649524137
config_B,train,760000,0.1911111111111111,0.20881795485926236,219.119004115107,101.08258587377608,163.80223214285715,5,0.18074074074074073,249.87843164708772,173.6240534444772
config_B,train,770000,0.1822222222222222,0.1965128086171924,299.9339218811454,173.71534829332947,121.33551198257082,5,0.17925925925925923,248.66369906563963,162.2667752749248
config_B,train,780000,0.13777777777777772,0.15022616694360508,249.6599994343453,133.0376959418458,131.32,5,0.17037037037037037,256.23764181019925,138.81924804180932
config_B,train,790000,0.17333333333333328,0.1773606216820881,283.0044069840377,150.9038307086904,126.88878787878787,5,0.1644444444444444,277.5327760998428,126.5147666204529
config_B,train,800000,0.18222222222222217,0.19732087603878434,372.4968794458285,258.3380897057951,112.6802536231884,10,0.1644444444444444,301.72042862140387,123.62968050065876
config_B,train,810000,0.17333333333333328,0.19270651901047822,387.8246864129852,276.3970353185762,119.80272727272727,5,0.17629629629629626,347.77532428095054,119.79058959156784
config_B,train,820000,0.1555555555555555,0.15869840952317446,357.95833423661287,217.50346976624593,133.39473684210526,5,0.1703703703703703,372.7599666984756,121.95923924600697
config_B,train,830000,0.18222222222222217,0.19525229010212264,325.96333630552925,213.23491856387201,128.91818181818184,5,0.1703703703703703,357.2487856517091,127.37188197767144
config_B,train,840000,0.17777777777777776,0.21487866228681907,385.2502068139305,297.6042564235177,109.5625,5,0.1718518518518518,356.3906257853576,123.95847288676237
config_B,train,850000,0.19999999999999998,0.2232076914565832,441.6463028034021,226.19778314823978,183.95466666666667,10,0.18666666666666665,384.28661530762065,140.81178282828282
config_B,train,860000,0.1822222222222222,0.19714004547748334,402.59792035336005,241.07116711190918,128.70247584541062,5,0.18666666666666665,409.83147665689756,140.7398808373591
config_B,train,870000,0.16444444444444445,0.14281128011608557,462.1430400152003,338.455152363615,125.06617647058823,5,0.1822222222222222,435.46242105732085,145.90777299422183
config_B,train,880000,0.18222222222222223,0.2262959932106839,445.689210536519,252.7842574461898,119.15,5,0.1762962962962963,436.8100569683599,124.30621743866628
config_B,train,890000,0.2177777777777777,0.19962928605756186,431.8416697213189,364.68620072994696,123.33333333333334,5,0.18814814814814815,446.5579734243461,122.51650326797385
config_B,train,900000,0.23555555555555552,0.16403686560789818,446.97872072206985,341.27415105249156,127.5133893557423,10,0.21185185185185182,441.503200326636,123.33224089635854
config_B,train,910000,0.13777777777777772,0.10351835287868547,501.58012076859694,440.70575615526354,126.38,5,0.19703703703703698,460.13350373732857,125.74224089635852
config_B,train,920000,0.23555555555555552,0.2180723631172817,436.5359289697979,442.6008221689736,122.05057142857143,5,0.2029629629629629,461.69825682015494,125.31465359477124
config_B,train,930000,0.23555555555555552,0.17398737005389672,432.1978459267657,366.6176806396301,113.17202614379084,5,0.2029629629629629,456.77129855505353,120.53419919078742
config_B,train,940000,0.23999999999999994,0.162845075204989,465.6601005083159,336.406061019534,122.2599019607843,5,0.23703703703703702,444.7979584682932,119.16083317771552
config_B,train,950000,0.2444444444444444,0.18972219962763998,434.7097291821845,286.8166641091258,110.82971428571429,10,0.23999999999999996,444.18922520575535,115.4205474634298
config_B,train,960000,0.2666666666666666,0.17568209223157663,460.2585231392185,239.3167469366694,103.27416666666666,5,0.2503703703703703,453.542784276573,112.12126097105507
config_B,train,970000,0.2666666666666666,0.20123078084749818,530.2711155850782,352.6878304990749,131.67083333333335,5,0.2592592592592592,475.0797893021604,115.25823809523808
config_B,train,980000,0.28888888888888886,0.10999438818457408,610.6284184509454,331.8252770278144,127.89859307359306,5,0.274074074074074,533.7193523917474,120.94786435786433
config_B,train,990000,0.28888888888888886,0.10999438818457405,531.8889449992424,279.6530805081378,102.91532020610968,5,0.28148148148148144,557.5961596784222,120.82824887101202
config_B,train,1000000,0.4622222222222222,0.1774070207990839,914.9673351489295,361.4870438724055,87.05255515099593,10,0.3466666666666667,685.8282328663723,105.95548947689956
config_B,train,1010000,0.48,0.21349530887956358,835.6435093939406,382.6841257194923,82.20660317460317,5,0.41037037037037033,760.8332631807042,90.72482617723625
config_B,train,1020000,0.42666666666666664,0.19077489805630893,750.9213341091852,544.3916742672169,83.51685897435898,5,0.45629629629629626,833.8440595506851,84.25867243331935
config_B,train,1030000,0.5466666666666666,0.1953787079140735,811.7836003094665,455.7516197959478,113.90928969581144,5,0.4844444444444444,799.4494812708641,93.2109172815912
config_B,train,1040000,0.5244444444444445,0.17327634390771493,779.7265028228018,552.4452029628643,84.74430555555554,5,0.4992592592592593,780.8104790804846,94.05681807524199
config_B,train,1050000,0.48888888888888893,0.2861215987530069,741.706522993515,515.2976210676345,73.48104395604396,10,0.52,777.7388753752612,90.71154640247032
config_B,train,1060000,0.5688888888888888,0.285708994660003,718.7123928919538,560.6975135818185,94.33230547230546,5,0.5274074074074074,746.7151395694236,84.18588499463499
config_B,train,1070000,0.5644444444444444,0.24625591426124566,722.0386727664297,524.024284844455,79.01069264069264,5,0.5407407407407406,727.4858628839662,82.27468068968068
config_B,train,1080000,0.5777777777777778,0.22986845406196896,561.5414600024744,416.62394307232245,81.04688923036494,5,0.5703703703703704,667.4308418869526,84.79662911445433
config_B,train,1090000,0.6533333333333333,0.19474579822405902,698.6947513019387,483.61007464722866,89.52754010695188,5,0.5985185185185186,660.758294690281,83.19504065933648
config_B,train,1100000,0.6711111111111111,0.16721719774248842,667.1564457293159,436.1433037067565,92.43550133114086,10,0.6340740740740741,642.464219011243,87.66997688948588
config_B,train,1110000,0.6355555555555557,0.16450449354063776,665.8679959915711,529.6446294543194,96.18576515151514,5,0.6533333333333334,677.2397310076086,92.71626886320261
config_B,train,1120000,0.7777777777777778,0.14142135623730948,510.60383524763336,290.27320116927655,91.02214012041597,5,0.6948148148148148,614.5427589895069,93.21446886769066
config_B,train,1130000,0.7555555555555555,0.16329931618554522,527.0078158837337,283.70653559887694,90.47586705767351,5,0.722962962962963,567.8265490409794,92.56125744320154
config_B,train,1140000,0.7422222222222222,0.15363898682172095,468.9077763342977,319.4505041500909,90.5935837782863,5,0.7585185185185185,502.17314248855496,90.69719698545858
config_B,train,1150000,0.7733333333333332,0.15845620097328514,394.5703015050329,288.3299876160673,88.23883358883359,10,0.757037037037037,463.4952979076881,89.7694281415978
config_B,train,1160000,0.7555555555555555,0.1832491389163405,355.1367201571549,220.6573857269652,87.99142685168974,5,0.757037037037037,406.20493266549516,88.94128140626987
config_B,train,1170000,0.8266666666666665,0.1643543296631164,439.70035638556635,345.24128331556966,86.73385913397541,5,0.7851851851851851,396.4691260159181,87.65470652483292
config_B,train,1180000,0.8266666666666665,0.15186088500684342,367.9440972421929,314.27080497271874,81.78550279178187,5,0.802962962962963,387.59372459497143,85.503596259149
config_B,train,1190000,0.8444444444444444,0.14824071182362594,370.98689356538114,310.17308682569086,86.86876937984496,5,0.8325925925925924,392.87711573104684,85.1293771018674
config_B,train,1200000,0.8088888888888889,0.17123772772503568,402.8848049573403,346.9027891763311,82.28906882591093,10,0.8266666666666665,380.6052652549715,83.64778033251258
config_B,train,1210000,0.8044444444444444,0.12900378021066658,398.44883205141593,303.6807036336925,86.27586433038047,5,0.8192592592592592,390.7735101913791,85.14456751204544
config_B,train,1220000,0.8266666666666665,0.16132170144783586,375.5499141798181,328.7035800105129,75.84976521976522,5,0.8133333333333331,392.2945170628582,81.4715661253522
config_B,train,1230000,0.8355555555555556,0.15120911854403551,422.84962615589393,364.2863043552715,82.88916973791973,5,0.8222222222222223,398.9494574623761,81.67159976268846
config_B,train,1240000,0.8444444444444444,0.11758894715842626,366.5279245441231,316.2723841861525,74.32148258194769,5,0.8355555555555555,388.30915495994503,77.6868058465442
config_B,train,1250000,0.8800000000000001,0.11532741010979886,344.867506944688,247.8123216785076,89.99064147573293,10,0.8533333333333334,378.0816858815684,82.4004312652001
config_B,train,1260000,0.8533333333333333,0.13842143557686606,313.1780453728119,227.34546007059092,85.16047237076648,5,0.8592592592592593,341.5244922872077,83.1575321428157
config_B,train,1270000,0.9111111111111111,0.07856742013183858,261.6170110212961,171.6145836563716,78.32428112439666,5,0.8814814814814814,306.5541877795987,84.49179832363201
config_B,train,1280000,0.9199999999999999,0.08255189164891862,241.43158113286654,174.10321705845143,76.17020202020203,5,0.8948148148148148,272.07554584232486,79.88498517178839
config_B,train,1290000,0.8844444444444445,0.1011050059206873,292.2782203602663,249.1582426439993,71.96303918303917,5,0.9051851851851852,265.1089375048097,75.48584077587928
config_B,train,1300000,0.8977777777777778,0.0655879810997886,272.81542413726373,179.49622387704767,73.74657747448445,10,0.9007407407407407,268.8417418767989,73.95993955924187
config_B,train,1310000,0.9066666666666666,0.06740333728045822,210.57018205741292,169.24816326293575,63.96789965372585,5,0.8962962962962964,258.5546088516477,69.89250543708316
config_B,train,1320000,0.9244444444444445,0.053518198127965745,179.8048784527979,125.77719974997218,61.789390922621216,5,0.9096296296296296,221.06349488249157,66.50128935027716
config_B,train,1330000,0.9199999999999999,0.06776866969767516,188.75565208357406,152.19780933441143,64.29781658735148,5,0.917037037037037,193.043570864595,63.35170238789951
config_B,train,1340000,0.9066666666666666,0.05962847939999444,167.52748450082305,132.90282450143164,65.44622636948218,5,0.9170370370370371,178.6960050123984,63.84447795981828
config_B,train,1350000,0.9155555555555555,0.07611989676246,172.42128258619113,108.91869432931793,67.82550387596899,10,0.9140740740740739,176.23480639019613,65.85651561093421
config_B,train,1360000,0.9155555555555555,0.08805161224959532,154.631783087048,110.2492318738911,71.39940836940838,5,0.9125925925925925,164.8601833913541,68.22371287161984
config_B,train,1370000,0.9066666666666666,0.10351835287868544,179.27653444268267,96.24307749512137,70.91436320145803,5,0.9125925925925925,168.77653337197398,70.04642514894512
config_B,train,1380000,0.9022222222222223,0.11177578968852704,139.8576719310052,73.86815601979897,68.26501328003313,5,0.9081481481481481,157.921996486912,70.19292828363317
config_B,train,1390000,0.9022222222222223,0.0810425890169354,105.97449778200073,41.34583360744661,60.594284231092004,5,0.9037037037037038,141.70290138522958,66.59122023752771
config_B,train,1400000,0.8933333333333333,0.07466431507172827,113.37980899082973,60.62067888530703,59.066423854370534,10,0.8992592592592592,119.73732623461193,62.64190712183188
config_B,train,1410000,0.888888888888889,0.11439589045541107,99.46260419565209,38.70847131874636,61.12418369743951,5,0.894814814814815,106.27230365616089,60.26163059430068
config_B,train,1420000,0.8755555555555554,0.14790721148705546,96.91321152930166,39.29975509061782,56.338730158730165,5,0.8859259259259259,103.2518749052612,58.84311257018006
config_B,train,1430000,0.888888888888889,0.14572085609559995,92.32596291230168,38.33239422599289,56.3373579294269,5,0.8844444444444445,96.23392621241851,57.933423928532186
config_B,train,1440000,0.8844444444444445,0.13277661552257472,92.28542379898275,39.891545124909186,60.0911124376978,5,0.8829629629629631,93.84153274686207,57.58906684195161
config_B,train,1450000,0.9066666666666666,0.15064561563124335,95.1840148288542,41.445048077206444,57.11000805396154,10,0.8933333333333334,93.26513384671291,57.8461594736954
config_B,train,1460000,0.9199999999999999,0.11716823401301386,81.99300586408228,16.472333450229073,57.913847780126844,5,0.9037037037037038,89.82081483063978,58.37165609059539
config_B,train,1470000,0.9111111111111111,0.16178021976178922,82.12741087298187,17.45555457005446,56.49424242424243,5,0.9125925925925925,86.43481052197284,57.172699419443596
config_B,train,1480000,0.9244444444444444,0.1320306735778928,83.48207509560964,19.039115273527276,55.396197458455525,5,0.9185185185185185,82.53416394422463,56.60142922094159
config_B,train,1490000,0.9155555555555555,0.11904973543092325,83.17049753033353,19.41451136899952,53.90420762503079,5,0.917037037037037,82.92666116630839,55.264882502576235
config_B,train,1500000,0.9199999999999999,0.12180625061389305,79.8098229131929,19.399605433047096,52.67859237536656,10,0.9199999999999999,82.15413184637873,53.99299915295095
config_B,train,1510000,0.9377777777777778,0.07919346524980203,82.30508986399416,22.133206909883004,53.49833685694151,5,0.9244444444444445,81.76180343584024,53.360378952446275
config_B,train,1520000,0.9199999999999999,0.1013489266754789,79.87985161676146,20.402804337243126,54.09427510398099,5,0.9259259259259259,80.66492146464954,53.42373477876301
config_B,train,1530000,0.9466666666666665,0.062063289083417475,81.25053042796428,19.637894217206618,55.96795321637427,5,0.9348148148148147,81.14515730290667,54.52018839243224
config_B,train,1540000,0.9466666666666665,0.08255189164891863,85.651133030041,25.937160761202417,52.24363636363637,5,0.9377777777777777,82.26050502492228,54.10195489466387
config_B,train,1550000,0.9466666666666667,0.07922810048664256,80.56351097559673,18.871309646581334,51.624879022786004,10,0.9466666666666667,82.48839147786737,53.278822867598876
config_B,train,1560000,0.9511111111111109,0.07269078770576053,85.50906712084081,26.837041742707097,51.328009828009826,5,0.9481481481481481,83.90790370882621,51.73217507147739
config_B,train,1570000,0.96,0.065546138683345,77.10791125410736,18.554297662518003,51.24797448165869,5,0.9525925925925925,81.06016311684834,51.400287777484834
config_B,train,1580000,0.9511111111111111,0.0743697801363623,75.78670453863609,18.252235731481626,51.00687592455034,5,0.954074074074074,79.46789430452812,51.19428674473961
config_B,train,1590000,0.9511111111111111,0.06554613868334501,75.83007744601832,18.52559095992911,50.524425457583355,5,0.954074074074074,76.24156441292062,50.92642528793078
config_B,train,1600000,0.9333333333333333,0.06285393610547087,75.6776642655398,16.57202637152075,51.8571758664955,10,0.9451851851851852,75.76481541673144,51.12949241620972
config_B,train,1610000,0.9644444444444444,0.03370166864022915,76.82645144070348,16.14049594355011,49.98541897379107,5,0.9496296296296297,76.11139771742057,50.78900676595663
config_B,train,1620000,0.9822222222222223,0.024343224778007353,76.8308478447401,14.681822203626737,49.79731266149871,5,0.96,76.44498785032783,50.54663583392841
config_B,train,1630000,0.9822222222222223,0.039752319599996214,83.0517632593616,20.415893854050182,51.86937669376694,5,0.9762962962962964,78.90302084826844,50.55070277635223
config_B,train,1640000,0.9777777777777779,0.03849001794597504,74.78716002058927,14.229376523840969,50.31501847745751,5,0.9807407407407408,78.22325704156371,50.660569277574375
config_B,train,1650000,0.9777777777777779,0.046848557928420444,75.69952680081495,15.045067888765757,51.86666666666666,10,0.9792592592592593,77.84615002692199,51.35035394596369
config_B,train,1660000,0.9511111111111111,0.0329608821648696,70.89596628066272,9.455244527970446,52.70165608765721,5,0.9688888888888889,73.79421770068902,51.62778041059378
config_B,train,1670000,0.9644444444444444,0.02533723166886976,73.70426952927535,13.113044337649294,55.33958253632672,5,0.9644444444444445,73.43325420358438,53.30263509688353
config_B,train,1680000,0.9733333333333333,0.028974232912011774,70.65979461231689,9.843204200858606,52.77393201114131,5,0.9629629629629629,71.75334347408501,53.60505687837507
config_B,train,1690000,0.9822222222222223,0.039752319599996214,71.61269354571611,9.479795305668596,52.1259620596206,5,0.9733333333333333,71.99225256243615,53.41315886902954
config_B,train,1700000,0.9822222222222221,0.02731716876234937,70.32912628823894,7.920208177514035,53.74298701298701,10,0.9792592592592593,70.86720481542402,52.88096036124963
config_B,train,1710000,0.9911111111111112,0.012171612389003779,69.29628429213183,7.959332513534538,51.22949494949495,5,0.9851851851851853,70.41270137536232,52.36614800736751
config_B,train,1720000,0.9822222222222221,0.01859244503409057,69.80669019554995,7.128198909319788,51.27624383368569,5,0.985185185185185,69.81070025864028,52.08290859872253
config_B,train,1730000,0.9511111111111109,0.053054828383614715,69.04890716228176,8.69754043102822,52.156550116550115,5,0.9748148148148147,69.38396054998789,51.55409629991024
config_B,train,1740000,0.9688888888888888,0.033701668640229034,68.45615763504323,8.220749641116456,52.458499630450845,5,0.9674074074074074,69.10391833095834,51.963764526895545
config_B,train,1750000,0.9866666666666667,0.018739423171368196,69.45488857240781,11.264807976163707,53.040584918957016,10,0.9688888888888888,68.9866511232443,52.55187822198598
config_B,train,1760000,0.9688888888888888,0.0371848900681811,67.04798274310714,8.745212950086756,51.745424293989245,5,0.9748148148148147,68.31967631685276,52.41483628113236
config_B,train,1770000,0.9333333333333332,0.08164965809277255,65.88197342380197,8.501225861555776,51.73343927075634,5,0.9629629629629628,67.46161491310568,52.173149494567525
config_B,train,1780000,0.9422222222222221,0.10493972402771194,68.50731774214769,9.929713903648903,53.28387403446227,5,0.9481481481481481,67.14575796968563,52.254245866402606
config_B,train,1790000,0.96,0.07761888531810214,70.0397920685754,11.522355711955166,54.27020202020202,5,0.945185185185185,68.14302774484172,53.09583844180687
config_B,train,1800000,0.9466666666666667,0.07922810048664257,67.3376272428043,10.362486412317079,52.68955602536998,10,0.9496296296296296,68.62824568450917,53.41454402667808
config_B,train,1810000,0.96,0.06554613868334498,70.36424569129494,11.386209909104707,53.505396065922376,5,0.9555555555555556,69.24722166755825,53.48838470383145
config_B,train,1820000,0.9688888888888888,0.048686449556014776,69.72874484647139,8.998162757951592,55.03913436692507,5,0.9585185185185185,69.14353926019025,53.744695486072466
config_B,train,1830000,0.9555555555555555,0.05211573066470473,71.98937715459975,11.442159231489603,55.50322616407982,5,0.9614814814814814,70.69412256412205,54.682585532309076
config_B,train,1840000,0.9733333333333334,0.03975231959999623,68.36032213702572,6.398527920435958,52.236536207222535,5,0.965925925925926,70.02614804603233,54.259632246075796
config_B,train,1850000,0.9822222222222223,0.022951012421969882,70.46448175098314,6.869047465586109,53.14708010335918,10,0.9703703703703704,70.27139368086956,53.62894749155384
config_B,train,1860000,0.9777777777777776,0.01571348402636767,69.36874337220804,8.816541112784835,52.81328165374678,5,0.9777777777777779,69.397849086739,52.73229932144282
config_B,train,1870000,0.9555555555555555,0.052115730664704735,69.94806134477808,5.686186987721759,54.32266710034152,5,0.9718518518518519,69.92709548932312,53.427676285815814
config_B,train,1880000,0.9555555555555555,0.0521157306647047,69.10091560253457,7.589802469355166,53.52725393469579,5,0.9629629629629628,69.47257343984028,53.55440089626135
config_B,train,1890000,0.9422222222222223,0.09375565826546219,66.70927295322844,4.345368531087845,51.89972314507198,5,0.9511111111111111,68.5860833001804,53.249881393369755
config_B,train,1900000,0.9377777777777778,0.10926867504939719,64.56813712438301,4.630162891934763,53.10681700728212,10,0.9451851851851852,66.79277522671538,52.84459802901662
config_B,train,1910000,0.9022222222222223,0.14790721148705535,62.54201560169486,7.218342631322918,52.8354186949393,5,0.9274074074074075,64.60647522643546,52.61398628243112
config_B,train,1920000,0.9244444444444444,0.10954451150103318,62.354160348000356,8.44709632574734,53.73405483405484,5,0.9214814814814815,63.154771024692785,53.225430178758735
config_B,train,1930000,0.9511111111111111,0.04274529791482521,65.24262135410106,7.135566186372275,53.30053693076949,5,0.9259259259259259,63.37959910126546,53.290003486587864
config_B,train,1940000,0.9333333333333332,0.05665577237325308,65.30395379461807,7.447672805053492,50.60100131083652,5,0.9362962962962963,64.3002451655732,52.54519769188695
config_B,train,1950000,0.9555555555555555,0.0725774738602423,66.56142812490526,7.30945739321403,50.84793351491026,10,0.9466666666666667,65.70266775787483,51.58315725217208
config_B,train,1960000,0.9511111111111111,0.06166416411338487,67.61795735552468,7.007040060651662,50.335381724218934,5,0.9466666666666667,66.49444642501605,50.5947721833219
config_B,train,1970000,0.9688888888888888,0.033701668640229145,67.82034005703647,5.3408354791992805,50.75842712842713,5,0.9585185185185185,67.33324184582217,50.647247455852096
config_B,train,1980000,0.9777777777777779,0.03142696805273547,66.82712774716609,7.795704603751028,50.643344407530456,5,0.965925925925926,67.42180838657579,50.57905108672549
config_B,train,1990000,0.9822222222222221,0.018592445034090577,66.25283970795641,10.138641693443951,50.50123561193329,5,0.9762962962962963,66.9667691707197,50.63433571596361
config_B,train,2000000,0.9688888888888888,0.028109134757052245,66.37102237343173,7.30103842501628,52.13540051679587,10,0.9762962962962963,66.48366327618479,51.09332684541986
config_B,train,2010000,0.9422222222222223,0.046080980785172684,63.50619123278928,8.790048616120798,49.466482068067435,5,0.9644444444444443,65.37668443805917,50.70103939893219
config_B,train,2020000,0.9555555555555555,0.041573970964154904,65.62523247378445,8.271929243881,49.34854819976771,5,0.9555555555555556,65.16748202666854,50.31681026154367
config_B,train,2030000,0.9688888888888888,0.033701668640229145,66.280058926537,7.94005728667848,49.28219336219336,5,0.9555555555555554,65.13716087770361,49.365741210009496
config_B,train,2040000,0.9822222222222221,0.018592445034090587,66.69139264873156,6.9119459711177385,50.41656565656565,5,0.9688888888888888,66.19889468301771,49.6824357395089
config_B,train,2050000,0.9733333333333333,0.027317168762349305,64.93395557290171,7.62983447463645,51.00585153864223,10,0.9748148148148147,65.96846904939012,50.23487018580041
config_B,train,2060000,0.9911111111111112,0.012171612389003767,66.01218816586251,8.9100781727047,48.90868686868687,5,0.9822222222222221,65.87917879583198,50.110368021298235
config_B,train,2070000,0.9777777777777776,0.015713484026367686,64.75328456149334,9.489329454826299,49.05024665257223,5,0.9807407407407407,65.23314276675256,49.65492835330044
config_B,train,2080000,0.9822222222222223,0.018592445034090542,66.43729022307036,6.536256401026852,50.924038054968285,5,0.9837037037037039,65.73425431680879,49.62765719207579
config_B,train,2090000,0.9777777777777776,0.0,66.28312000991161,6.478275425902763,49.05909090909091,5,0.9792592592592593,65.8245649314918,49.67779187221047
config_B,train,2100000,0.9866666666666666,0.011475506210985033,65.40149784689814,6.168625210997899,48.82545454545455,10,0.9822222222222221,66.04063602662674,49.6028611698379
config_B,train,2110000,0.9822222222222221,0.01859244503409056,64.93754131008211,11.396032885923203,48.581435283063186,5,0.9822222222222221,65.54071972229733,48.821993579202875
config_B,train,2120000,0.9955555555555555,0.009938079899999114,62.71382320633976,7.194526539380397,49.661212121212124,5,0.9881481481481481,64.35095412110671,49.02270064990994
config_B,train,2130000,0.9733333333333333,0.03651483716701103,62.01953077917523,6.357974455499272,48.33063562453806,5,0.9837037037037036,63.223631765199066,48.857761009604445
config_B,train,2140000,0.9777777777777779,0.022222222222222244,61.999306235066626,6.3181242343032515,48.62139769790933,5,0.9822222222222222,62.24422007352724,48.87108181455316
config_B,train,2150000,0.9777777777777776,0.025660011963983397,61.36812569565431,7.288536909955312,48.41396825396826,10,0.9762962962962963,61.795654236632096,48.455333858805204
config_B,train,2160000,0.9911111111111112,0.012171612389003791,62.55531613284037,5.997375908239419,50.259595959595956,5,0.9822222222222222,61.974249354520474,49.09832063715783
config_B,train,2170000,1.0,0.0,62.16727674814331,5.8535210851060455,49.77777777777778,5,0.9896296296296296,62.03023952554603,49.48378066378066
config_B,train,2180000,0.9911111111111112,0.019876159799998114,62.67552014026103,6.552347319543587,49.28124031007752,5,0.994074074074074,62.466037673748275,49.772871349150414
config_B,train,2190000,0.9866666666666667,0.01987615979999814,62.91102936373949,6.271692488500456,50.71558609349307,5,0.9925925925925926,62.584608750714644,49.92486806044945
config_B,train,2200000,0.9911111111111112,0.018739423171368157,63.36825033067369,7.469619250899087,49.75886304909561,10,0.9896296296296296,62.984933278224766,49.91856315088873
config_B,train,2210000,0.9955555555555555,0.009938079899999142,62.50415116244591,7.995652665063734,49.83373737373738,5,0.9911111111111112,62.92781028561973,50.10272883877534
config_B,train,2220000,0.9955555555555555,0.009938079899999142,63.612072319923115,6.021284243533357,49.04919191919193,5,0.994074074074074,63.16149127101428,49.5472641140083
config_B,train,2230000,0.9911111111111112,0.012171612389003767,62.849777042759136,5.078790904064059,49.183838383838385,5,0.994074074074074,62.988666841709424,49.35558922558922
config_B,train,2240000,0.9866666666666667,0.019876159799998145,62.1173268363961,6.194884593663011,49.57830866807611,5,0.991111111111111,62.85972539969282,49.27044632370214
config_B,train,2250000,0.9866666666666667,0.01873942317136819,62.17118211820211,6.6189672369025425,49.63996476391825,10,0.9881481481481482,62.37942866578582,49.46737060527757
config_B,train,2260000,0.9733333333333334,0.039752319599996214,62.64395737161279,7.189989761787959,49.55805886430957,5,0.9822222222222222,62.310822108737035,49.59211076543463
config_B,train,2270000,0.9822222222222221,0.018592445034090577,63.551958569796014,5.676626175124957,51.00369743951139,5,0.9807407407407407,62.78903268653701,50.067240355913064
config_B,train,2280000,0.9777777777777779,0.03142696805273547,63.99450031191393,6.038798926169256,49.7959911406423,5,0.9777777777777779,63.39680541777428,50.11924914815441
config_B,train,2290000,0.9866666666666667,0.019876159799998152,64.35402098329088,5.084762494949215,50.79663847780127,5,0.9822222222222222,63.966826621666975,50.53210901931831
config_B,train,2300000,0.9866666666666667,0.01873942317136819,64.04123964229802,4.478391315102844,49.95450786939159,10,0.9837037037037039,64.12992031250099,50.18237916261171
config_B,train,2310000,0.9822222222222221,0.028974232912011837,63.80597591347028,5.3881145429939306,49.7640404040404,5,0.9851851851851853,64.06707884635308,50.17172891707775
config_B,train,2320000,0.9911111111111112,0.01987615979999812,63.988442624239426,4.246123510466483,50.19235142118863,5,0.9866666666666667,63.94521939333595,49.97029989820686
config_B,train,2330000,0.9822222222222223,0.024343224778007353,65.19166150473583,4.688370906209721,50.55421188630491,5,0.9851851851851853,64.32869334748189,50.17020123717797
config_B,train,2340000,0.9777777777777776,0.02721655269759092,63.71905924705171,5.8131974198493435,50.59559884559884,5,0.9837037037037036,64.29972112534236,50.44738738436411
config_B,train,2350000,0.9733333333333333,0.02295101242196988,62.355616893505456,5.1064079044953505,50.62418470418471,10,0.9777777777777779,63.755445881764366,50.59133181202949
config_B,train,2360000,0.9644444444444444,0.029814239699997195,64.25890229369195,4.986687224307694,49.61210678210678,5,0.9718518518518517,63.444526144749744,50.27729677729676
config_B,train,2370000,0.9733333333333333,0.018592445034090545,64.87000806270558,5.386803224429537,49.55920131548039,5,0.9703703703703703,63.8281757499677,49.93183093392395
config_B,train,2380000,0.9777777777777776,0.015713484026367675,62.7071270474029,4.308656010848144,49.14385012919897,5,0.9718518518518517,63.94534580126685,49.43838607559537
config_B,train,2390000,0.9866666666666666,0.01217161238900377,62.07118300301677,4.164364440985413,48.526464646464646,5,0.9792592592592592,63.21610603770845,49.07650536371466
config_B,train,2400000,0.9733333333333333,0.017529125283258094,61.16852071995639,4.315311811450995,48.00363871270848,10,0.9792592592592593,61.98227692345873,48.55798449612402
config_B,train,2410000,0.9866666666666666,0.01217161238900377,63.109136227076895,4.0285031035074015,48.325353535353536,5,0.9822222222222221,62.11627998335005,48.28515229817555
config_B,train,2420000,0.9822222222222221,0.009938079899999114,61.69362748419245,3.8692218538606555,47.99949494949495,5,0.9807407407407407,61.99042814374195,48.10949573251898
config_B,train,2430000,0.9688888888888888,0.012171612389003616,59.76982274808595,4.900380925077771,48.40782241014799,5,0.9792592592592592,61.524195486451795,48.244223631665484
config_B,train,2440000,0.9822222222222221,0.018592445034090584,62.44131102302729,4.443615418596283,49.19447028423773,5,0.9777777777777777,61.301587085101936,48.53392921462688
config_B,train,2450000,0.9911111111111112,0.018739423171368116,62.936652443978915,4.042243869866697,49.15276485788114,10,0.9807407407407407,61.715928738364084,48.91835251742228
config_B,train,2460000,0.9866666666666667,0.019876159799998093,63.41324266004874,3.770005078547712,48.74441390650693,5,0.9866666666666667,62.93040204235169,49.030549682875254
config_B,train,2470000,0.9866666666666667,0.019876159799998128,62.522314796810655,4.508952231848829,48.09596194503171,5,0.9881481481481481,62.95740330027947,48.66438023647325
config_B,train,2480000,0.9866666666666667,0.019876159799998093,63.499639665780805,3.980850403082925,48.02359173126615,5,0.9866666666666667,63.14506570754677,48.28798919426825
config_B,train,2490000,0.9911111111111112,0.019876159799998065,61.60760844125758,6.217923134961559,47.686925064599485,5,0.9881481481481481,62.54318763461638,47.93549291363244
config_B,train,2500000,0.9911111111111112,0.019876159799998065,62.28976351769735,6.413030655762286,48.47555555555556,5,0.9896296296296296,62.46567054157862,48.06202411714039
config_C,test,10000,0.0,0.0,12.560443905337534,10.542631820092504,,5,0.0,12.560443905337534,
config_C,test,20000,0.0,0.0,10.835106553729265,10.6143200987207,,5,0.0,11.697775229533399,
config_C,test,30000,0.0,0.0,18.28398432246538,15.248683587848783,,5,0.0,13.893178260510725,
config_C,test,40000,0.0,0.0,29.237288179230767,3.7904340552877853,,5,0.0,19.45212635180847,
config_C,test,50000,0.0,0.0,27.554864648443004,7.061938528922387,,10,0.0,25.025379050046382,
config_C,test,60000,0.0,0.0,29.295465332190382,5.779139896783597,,5,0.0,28.695872719954718,
config_C,test,70000,0.0,0.0,27.13418468184443,13.78650203907767,,5,0.0,27.99483822082594,
config_C,test,80000,0.0,0.0,34.44172035616392,17.187845531627367,,5,0.0,30.290456790066244,
config_C,test,90000,0.0,0.0,28.638732030823974,9.687407714064417,,5,0.0,30.071545689610772,
config_C,test,100000,0.0,0.0,32.73600003861392,14.011296264837455,,10,0.0,31.938817475200604,
config_C,test,110000,0.0,0.0,34.36443821225765,11.054201380793476,,5,0.0,31.913056760565183,
config_C,test,120000,0.0,0.0,34.141360641819155,7.3427235291656565,,5,0.0,33.74726629756358,
config_C,test,130000,0.0,0.0,34.74229797266316,9.433861572092402,,5,0.0,34.41603227557999,
config_C,test,140000,0.0,0.0,33.974113444370644,11.682907761154846,,5,0.0,34.28592401961765,
config_C,test,150000,0.0,0.0,35.827573799094075,11.780484395236199,,10,0.0,34.84799507204263,
config_C,test,160000,0.0,0.0,44.99534936484035,15.307217064154248,,5,0.0,38.26567886943502,
config_C,test,170000,0.0,0.0,38.5599390402186,12.855768857473374,,5,0.0,39.794287401384345,
config_C,test,180000,0.0,0.0,44.11001656489837,9.623121395182947,,5,0.0,42.55510165665244,
config_C,test,190000,0.0,0.0,43.43368553253731,8.454362062041376,,5,0.0,42.03454704588476,
config_C,test,200000,0.0,0.0,38.17328477630199,16.297309484615045,,10,0.0,41.905662291245896,
config_C,test,210000,0.0,0.0,43.24375882075983,16.186846926056955,,5,0.0,41.61690970986638,
config_C,test,220000,0.0,0.0,44.09201142403053,10.867611237689607,,5,0.0,41.83635167369745,
config_C,test,230000,0.0,0.0,37.37811514404796,5.223168096693432,,5,0.0,41.57129512961277,
config_C,test,240000,0.0,0.0,50.06988543924922,23.042917981206532,,5,0.0,43.84667066910924,
config_C,test,250000,0.0,0.0,47.866970706166214,39.43508683232861,,10,0.0,45.10499042982113,
config_C,test,260000,0.0,0.0,51.24405641392182,27.741294593433842,,5,0.0,49.72697085311241,
config_C,test,270000,0.0,0.0,49.79663739486466,22.85579166907275,,5,0.0,49.63588817165089,
config_C,test,280000,0.0,0.0,39.858349727561155,16.39785040256366,,5,0.0,46.966347845449214,
config_C,test,290000,0.0,0.0,55.572843354958536,25.786576314942533,,5,0.0,48.409276825794784,
config_C,test,300000,0.0,0.0,53.107088343995805,20.800980627808077,,10,0.0,49.51276047550516,
config_C,test,310000,0.0,0.0,51.024044329520535,24.18827181729818,,5,0.0,53.23465867615829,
config_C,test,320000,0.08,0.1788854381999832,66.80080342053671,50.02630974932783,391.0,5,0.02666666666666667,56.977312031351026,391.0
config_C,test,330000,0.04,0.0894427190999916,54.35827453237435,28.89999260047839,239.0,5,0.04,57.39437409414387,315.0
config_C,test,340000,0.0,0.0,46.127477664189904,33.29407467365254,,5,0.04,55.76218520570032,315.0
config_C,test,350000,0.0,0.0,91.60762570645105,111.99377247788914,,10,0.013333333333333334,64.03112596767177,239.0
config_C,test,360000,0.04,0.08944271909999159,110.62038619896946,134.93323730864967,197.0,5,0.013333333333333334,82.78516318987015,197.0
config_C,test,370000,0.0,0.0,49.137933915840634,10.667851890668736,,5,0.013333333333333334,83.78864860708704,197.0
config_C,test,380000,0.0,0.0,42.67889951288758,12.11762046907698,,5,0.013333333333333334,67.47907320923257,197.0
config_C,test,390000,0.0,0.0,61.352860323788676,25.74462054622458,,5,0.0,51.05656458417229,
config_C,test,400000,0.0,0.0,45.092705964737384,12.089874494660275,,10,0.0,49.708155267137876,
config_C,test,410000,0.0,0.0,43.760078002123365,14.086746250355475,,5,0.0,50.06854809688314,
config_C,test,420000,0.0,0.0,47.68622426537498,15.597264407227314,,5,0.0,45.513002744078584,
config_C,test,430000,0.04,0.08944271909999159,82.69828022191504,86.78277520871058,160.0,5,0.013333333333333334,58.048194163137794,160.0
config_C,test,440000,0.0,0.0,37.13868027111076,4.706834473749452,,5,0.013333333333333334,55.841061586133584,160.0
config_C,test,450000,0.0,0.0,41.96287507542789,7.3465109223499185,,10,0.013333333333333334,53.93327852281789,160.0
config_C,test,460000,0.0,0.0,35.90956979790674,16.43673612955638,,5,0.0,38.33704171481513,
config_C,test,470000,0.0,0.0,38.52676262921176,13.452647731140495,,5,0.0,38.79973583418213,
config_C,test,480000,0.0,0.0,40.859430489430764,16.713988259959688,,5,0.0,38.431920972183086,
config_C,test,490000,0.0,0.0,47.60502963964078,22.639994698300853,,5,0.0,42.33040758609443,
config_C,test,500000,0.0,0.0,46.24729205023106,15.914854144367126,,10,0.0,44.90391739310087,
config_C,test,510000,0.04,0.0894427190999916,50.152721527763916,42.60974008697655,118.0,5,0.013333333333333334,48.00168107254526,118.0
config_C,test,520000,0.04,0.08944271909999159,72.06081353188112,76.19573122315516,117.0,5,0.02666666666666667,56.15360903662537,117.5
config_C,test,530000,0.04,0.08944271909999159,32.42551686510935,9.672409378615034,67.0,5,0.04,51.5463506415848,100.66666666666667
config_C,test,540000,0.0,0.0,39.40900613351189,21.491237047791266,,5,0.02666666666666666,47.96511217683412,92.0
config_C,test,550000,0.0,0.0,48.64019833528943,26.688119054749958,,10,0.013333333333333334,40.158240444636895,67.0
config_C,test,560000,0.04,0.08944271909999159,34.63910496295959,14.322111783280045,67.0,5,0.013333333333333334,40.8961031439203,67.0
config_C,test,570000,0.04,0.0894427190999916,37.12771412652676,33.9074483280209,82.0,5,0.02666666666666667,40.135672474925265,74.5
config_C,test,580000,0.04,0.08944271909999159,30.933701252900704,12.32066664301171,87.0,5,0.04,34.233506780795686,78.66666666666667
config_C,test,590000,0.04,0.08944271909999159,30.990249020692552,16.25148952817362,90.0,5,0.04,33.01722146670667,86.33333333333333
config_C,test,600000,0.08,0.16865480854231357,38.246013885515396,14.533812232436947,116.0,10,0.05333333333333334,33.38998805303621,97.66666666666667
config_C,test,610000,0.04,0.0894427190999916,40.194652531708016,16.13785624495973,146.0,5,0.05333333333333334,36.47697181263865,117.33333333333333
config_C,test,620000,0.0,0.0,103.47278847303498,116.63904535404971,,5,0.04,60.637818296752805,131.0
config_C,test,630000,0.04,0.0894427190999916,43.79084473310509,20.941890081053725,82.0,5,0.02666666666666667,62.486095245949365,114.0
config_C,test,640000,0.04,0.0894427190999916,41.747835798855206,18.887339008073916,253.0,5,0.02666666666666667,63.0038230016651,167.5
config_C,test,650000,0.04,0.08432740427115679,77.23017240503678,77.51278875250478,243.0,10,0.04,54.256284312332355,192.66666666666666
config_C,test,660000,0.04,0.08944271909999159,30.94041375145911,14.641507560509302,44.0,5,0.04,49.97280731845037,180.0
config_C,test,670000,0.04,0.08944271909999159,63.485488427923414,64.88392413764643,45.0,5,0.04,57.21869152813977,110.66666666666667
config_C,test,680000,0.08,0.10954451150103323,36.36325636961071,31.54013127022684,67.0,5,0.05333333333333334,43.59638618299775,52.0
config_C,test,690000,0.08,0.10954451150103323,37.12307303700578,28.218682338406754,91.0,5,0.06666666666666667,45.6572726115133,67.66666666666667
config_C,test,700000,0.04,0.08432740427115679,106.16526767247896,106.40667416804247,310.0,10,0.06666666666666667,59.88386569303182,156.0
config_C,test,710000,0.08,0.10954451150103323,66.57572332543415,45.007166378398956,78.0,5,0.06666666666666667,69.95468801163963,159.66666666666666
config_C,test,720000,0.0,0.0,155.84823023779526,174.38087842305669,,5,0.04,109.52974041190278,194.0
config_C,test,730000,0.04,0.0894427190999916,37.78531415622598,34.52764162559519,220.0,5,0.04000000000000001,86.7364225731518,149.0
config_C,test,740000,0.04,0.08944271909999159,62.60576955632854,72.50417928688601,79.0,5,0.02666666666666667,85.41310465011661,149.5
config_C,test,750000,0.0,0.0,150.85451995454912,179.98511587710092,,10,0.02666666666666667,83.74853455570121,149.5
config_C,test,760000,0.08,0.10954451150103323,118.38148617508878,181.85975355090963,61.5,5,0.04,110.61392522865549,70.25
config_C,test,770000,0.08,0.10954451150103323,56.03612971018076,43.00246553929795,68.5,5,0.05333333333333334,108.42404527993955,65.0
config_C,test,780000,0.0,0.0,33.12852401621055,32.376124097272054,,5,0.05333333333333334,69.1820466338267,65.0
config_C,test,790000,0.08,0.10954451150103323,102.04885010623289,102.35592651037364,84.0,5,0.053333333333333344,63.737834610874735,76.25
config_C,test,800000,0.04,0.08432740427115679,204.2325807697347,211.17540569931487,123.0,10,0.04000000000000001,113.13665163072604,103.5
config_C,test,810000,0.0,0.0,183.00522180615388,206.24425570957956,,5,0.04000000000000001,163.09555089404049,103.5
config_C,test,820000,0.0,0.0,73.45084210577721,69.48163233754438,,5,0.013333333333333338,153.56288156055527,123.0
config_C,test,830000,0.08,0.10954451150103323,219.23980870494634,189.51991687299127,285.0,5,0.026666666666666672,158.56529087229248,285.0
config_C,test,840000,0.12000000000000002,0.1788854381999832,233.7147202794541,240.21713727512702,145.25,5,0.06666666666666668,175.4684570300592,215.125
config_C,test,850000,0.04,0.08432740427115679,199.18355897128234,196.20694787049106,95.0,10,0.08000000000000002,217.37936265189424,175.08333333333334
config_C,test,860000,0.04,0.08944271909999159,217.79746329606505,208.2546841538644,135.0,5,0.06666666666666667,216.89858084893385,125.08333333333333
config_C,test,870000,0.0,0.0,130.05529675566868,137.77422663746134,,5,0.026666666666666672,182.34543967433868,115.0
config_C,test,880000,0.16,0.21908902300206645,149.01077679349015,138.04053552935784,176.25,5,0.06666666666666667,165.62117894840796,155.625
config_C,test,890000,0.04,0.08944271909999159,248.15941474264224,215.2892985331507,58.0,5,0.06666666666666667,175.74182943060035,117.125
config_C,test,900000,0.16,0.24585451886114365,133.71867521779384,122.88990227904857,64.66666666666666,10,0.12,176.96295558464206,99.63888888888887
config_C,test,910000,0.12,0.2683281572999748,133.04757975028707,138.21954876145546,55.0,5,0.10666666666666667,171.64188990357437,59.22222222222222
config_C,test,920000,0.0,0.0,208.78371494348767,247.552582510395,,5,0.09333333333333334,158.51665663718953,59.83333333333333
config_C,test,930000,0.24,0.433589667773576,143.20485082092804,114.29941275498062,154.1,5,0.12,161.6787151715676,104.55
config_C,test,940000,0.2,0.4472135954999579,135.2250619993227,149.6312932671661,111.6,5,0.14666666666666667,162.4045425879128,132.85
config_C,test,950000,0.2,0.32659863237109044,190.98527528031224,116.76279940757597,255.875,10,0.21333333333333335,156.4717293668543,173.85833333333335
config_C,test,960000,0.2,0.3464101615137755,192.9817649113173,164.58190746331724,148.625,5,0.2,173.06403406365075,172.0333333333333
config_C,test,970000,0.2,0.3464101615137755,168.46368341510205,127.74369926844233,146.875,5,0.2,184.1435745355772,183.79166666666666
config_C,test,980000,0.24,0.433589667773576,280.91997241414185,192.21416969055923,232.7,5,0.21333333333333335,214.12180691352037,176.0666666666667
config_C,test,990000,0.24000000000000005,0.3286335345030997,284.24930583382064,133.02380708263723,157.33333333333334,5,0.22666666666666668,244.54432055435484,178.96944444444443
config_C,test,1000000,0.27999999999999997,0.39101008796307146,518.4654293423281,396.1073628191714,59.6,10,0.25333333333333335,361.2115691967635,149.87777777777777
config_C,test,1010000,0.27999999999999997,0.41472882706655445,351.77391049505684,188.85646951606597,57.666666666666664,5,0.26666666666666666,384.82954855706856,91.53333333333335
config_C,test,1020000,0.27999999999999997,0.41472882706655445,479.2800715649003,531.8441774062956,68.93333333333334,5,0.27999999999999997,449.83980380076173,62.06666666666666
config_C,test,1030000,0.36,0.40987803063838396,287.96975132502257,156.14753123191588,55.083333333333336,5,0.30666666666666664,373.0079111283266,60.56111111111111
config_C,test,1040000,0.32,0.363318042491699,378.28958991167667,250.85563864634193,54.416666666666664,5,0.32,381.84647093386656,59.47777777777778
config_C,test,1050000,0.32,0.34253953543107013,319.69205028847773,184.95871099715902,50.05555555555555,10,0.3333333333333333,328.6504638417257,53.18518518518518
config_C,test,1060000,0.27999999999999997,0.30331501776206204,351.63350715325237,177.22655772692417,51.333333333333336,5,0.30666666666666664,349.87171578446896,51.93518518518518
config_C,test,1070000,0.32,0.363318042491699,431.14845126781137,289.3187342331124,54.97222222222222,5,0.30666666666666664,367.49133623651386,52.120370370370374
config_C,test,1080000,0.36,0.40987803063838396,320.3891706631453,220.24080587003806,68.08333333333333,5,0.32,367.7237096947363,58.129629629629626
config_C,test,1090000,0.27999999999999997,0.30331501776206204,383.53475129158176,266.79054265283946,50.44444444444445,5,0.32,378.3574577408461,57.833333333333336
config_C,test,1100000,0.32,0.34253953543107013,508.5223540241685,289.19948142578403,67.55555555555556,10,0.32,404.1487586596318,62.02777777777777
config_C,test,1110000,0.32,0.363318042491699,361.7461921276871,202.1369486555628,52.916666666666664,5,0.30666666666666664,417.93443248114585,56.97222222222222
config_C,test,1120000,0.28,0.33466401061363027,294.95279036528405,209.7479542882829,50.833333333333336,5,0.30666666666666664,388.40711217237987,57.10185185185185
config_C,test,1130000,0.32,0.363318042491699,388.82305119251055,223.2309219987562,51.61111111111111,5,0.3066666666666667,348.50734456182727,51.78703703703704
config_C,test,1140000,0.24,0.260768096208106,298.13481626956093,255.14509488199258,50.333333333333336,5,0.28,327.30355260911847,50.925925925925924
config_C,test,1150000,0.27999999999999997,0.28596814119369623,380.9720295410662,207.5773255625178,51.333333333333336,10,0.28,355.97663233437925,51.09259259259259
config_C,test,1160000,0.27999999999999997,0.38987177379235854,456.8367112921945,221.2236601064679,60.0,5,0.26666666666666666,378.6478523676072,53.888888888888886
config_C,test,1170000,0.24000000000000005,0.3577708763999664,441.6180599381963,233.6675212019254,62.0,5,0.26666666666666666,426.47560025715234,57.77777777777778
config_C,test,1180000,0.24000000000000005,0.3577708763999664,443.63497426947595,268.76045642166076,57.25,5,0.25333333333333335,447.36324849995555,59.75
config_C,test,1190000,0.24000000000000005,0.3577708763999664,378.9694600458781,274.643838941696,60.25,5,0.24000000000000005,421.4074980845168,59.833333333333336
config_C,test,1200000,0.36,0.40879225911349043,390.2818349372614,263.4830010963405,53.577777777777776,10,0.28,404.29542308420514,57.025925925925925
config_C,test,1210000,0.32,0.4381780460041329,472.1003585954886,236.18671002320272,59.75,5,0.3066666666666667,413.7838845262094,57.85925925925926
config_C,test,1220000,0.36,0.40987803063838396,411.8982432578118,270.791354349041,75.66666666666667,5,0.3466666666666667,424.760145596854,62.99814814814815
config_C,test,1230000,0.32,0.363318042491699,442.539634725341,244.52934193502128,52.22222222222222,5,0.3333333333333333,442.1794121928804,62.546296296296305
config_C,test,1240000,0.36,0.40987803063838396,443.2492372444164,241.77549030732075,54.916666666666664,5,0.3466666666666667,432.56237174252306,60.93518518518518
config_C,test,1250000,0.32,0.34253953543107013,333.08342288774435,272.8920631165653,53.97222222222222,10,0.3333333333333333,406.29076495250064,53.7037037037037
config_C,test,1260000,0.36,0.40987803063838396,397.9193278876194,253.75040440345924,62.083333333333336,5,0.3466666666666667,391.4173293399267,56.99074074074074
config_C,test,1270000,0.36,0.433589667773576,458.0967615872288,289.7734689964284,62.26666666666667,5,0.3466666666666667,396.3665041208642,59.44074074074074
config_C,test,1280000,0.32,0.4147288270665544,567.7259556507968,337.6510883390191,55.53333333333333,5,0.3466666666666667,474.5806817085483,59.96111111111111
config_C,test,1290000,0.24,0.260768096208106,446.3351227484827,412.5712531754562,58.55555555555555,5,0.3066666666666667,490.7192799955028,58.785185185185185
config_C,test,1300000,0.2,0.2309401076758503,510.94329017310037,346.4460621674455,48.55555555555555,10,0.25333333333333335,508.3347895241266,54.21481481481481
config_C,test,1310000,0.24,0.3286335345030997,443.8904677091623,408.86659565784146,73.75,5,0.22666666666666666,467.05629354358183,60.28703703703703
config_C,test,1320000,0.24,0.260768096208106,423.5202244000099,436.7946977684362,49.833333333333336,5,0.22666666666666666,459.45132742742425,57.379629629629626
config_C,test,1330000,0.24,0.260768096208106,527.523791650007,374.2495955054523,55.0,5,0.24,464.9781612530597,59.52777777777778
config_C,test,1340000,0.4,0.3741657386773941,485.29034622447796,316.1059640418924,122.7,5,0.29333333333333333,478.7781207581649,75.84444444444445
config_C,test,1350000,0.4,0.37712361663282534,370.81099798370917,272.24460816140567,73.5,10,0.3466666666666667,461.208378619398,83.73333333333333
config_C,test,1360000,0.27999999999999997,0.2683281572999748,403.272876737126,208.09047866400093,63.333333333333336,5,0.36000000000000004,419.791406981771,86.5111111111111
config_C,test,1370000,0.36,0.3286335345030997,444.40767295176585,358.3814832165193,64.77777777777777,5,0.3466666666666667,406.1638492242003,67.20370370370371
config_C,test,1380000,0.32,0.30331501776206204,377.34850048311773,188.84172403777998,61.444444444444436,5,0.32,408.34301672400323,63.18518518518518
config_C,test,1390000,0.27999999999999997,0.2683281572999748,359.40476709377106,177.73965884648425,54.38888888888889,5,0.32,393.72031350955154,60.203703703703695
config_C,test,1400000,0.24,0.24585451886114368,356.18947300422985,168.55500430054713,61.888888888888886,10,0.28,364.31424686037286,59.24074074074074
config_C,test,1410000,0.27999999999999997,0.2683281572999748,355.64574726283143,176.2949613583387,58.611111111111114,5,0.26666666666666666,357.07999578694415,58.296296296296305
config_C,test,1420000,0.36,0.3286335345030997,391.1827250465029,189.81624857216568,63.111111111111114,5,0.29333333333333333,367.6726484378548,61.2037037037037
config_C,test,1430000,0.36,0.3286335345030997,377.6014193265351,180.91642864312797,62.444444444444436,5,0.3333333333333333,374.8099638786232,61.388888888888886
config_C,test,1440000,0.32,0.30331501776206204,381.3149907431072,181.76025929589903,78.05555555555556,5,0.3466666666666667,383.36637837204836,67.87037037037037
config_C,test,1450000,0.27999999999999997,0.25298221281347033,263.8370709304457,200.90379059382147,60.61111111111111,10,0.32,340.9178270000293,67.03703703703704
config_C,test,1460000,0.4,0.3741657386773941,299.8739450221857,217.2450721699349,58.888888888888886,5,0.3333333333333333,315.0086688985796,65.85185185185186
config_C,test,1470000,0.4,0.3741657386773941,321.34169547070445,231.47875896794224,60.22222222222223,5,0.36000000000000004,295.0175704744453,59.90740740740741
config_C,test,1480000,0.36,0.3286335345030997,275.13604839232033,226.05825169547197,57.666666666666664,5,0.3866666666666667,298.7838962950702,58.925925925925924
config_C,test,1490000,0.32,0.30331501776206204,434.3890526984238,249.1525405737823,60.166666666666664,5,0.36000000000000004,343.62226552048287,59.35185185185185
config_C,test,1500000,0.36,0.3373096170846272,397.2736508986927,356.8044088755589,59.583333333333336,10,0.3466666666666667,368.93291732981226,59.138888888888886
config_C,test,1510000,0.27999999999999997,0.2683281572999748,294.0005898741848,225.5205781746054,94.77777777777777,5,0.32,375.22109782376714,71.50925925925925
config_C,test,1520000,0.24,0.3286335345030997,231.83605370350065,271.36735602835347,67.33333333333334,5,0.2933333333333333,307.7034314921261,73.89814814814815
config_C,test,1530000,0.32,0.363318042491699,242.94899934249693,208.27830994001792,86.1111111111111,5,0.28,256.2618809733941,82.74074074074075
config_C,test,1540000,0.32,0.30331501776206204,426.94547248853485,497.72061334522374,64.22222222222223,5,0.29333333333333333,300.5768418448442,72.55555555555556
config_C,test,1550000,0.28,0.3155242550986462,312.5500579953763,277.73345682573097,61.583333333333336,10,0.3066666666666667,327.48150994213603,70.63888888888889
config_C,test,1560000,0.24,0.3286335345030997,397.195505362211,333.4549112845048,61.416666666666664,5,0.28,378.89701194870736,62.40740740740741
config_C,test,1570000,0.36,0.35777087639996635,251.16470653125984,205.71564542869015,75.94444444444444,5,0.29333333333333333,320.3034232962824,66.31481481481482
config_C,test,1580000,0.4,0.42426406871192845,310.2334081662758,225.6099255869515,63.9,5,0.3333333333333333,319.53120668658227,67.08703703703704
config_C,test,1590000,0.32,0.363318042491699,372.1113755569716,329.47504343157095,66.69444444444444,5,0.36000000000000004,311.1698300848357,68.8462962962963
config_C,test,1600000,0.36,0.33730961708462714,338.3488488186915,244.10907717466512,105.22222222222221,10,0.36000000000000004,340.231210847313,78.60555555555555
config_C,test,1610000,0.36,0.35777087639996635,431.21298016332395,416.8414338819663,69.08333333333333,5,0.3466666666666667,380.5577348463291,80.33333333333333
config_C,test,1620000,0.36,0.35777087639996635,538.5994734894496,624.9909832500209,69.02777777777777,5,0.36,436.0537674904884,81.1111111111111
config_C,test,1630000,0.4,0.3741657386773941,605.9543102864099,634.52727287634,58.88888888888889,5,0.37333333333333335,525.2555879797278,65.66666666666666
config_C,test,1640000,0.4,0.3741657386773941,503.94105659242143,453.7681326722537,58.055555555555564,5,0.38666666666666666,549.4982801227602,61.99074074074074
config_C,test,1650000,0.44000000000000006,0.40879225911349043,444.3964836313821,419.0447522495126,58.79999999999999,10,0.4133333333333334,518.0972835034045,58.58148148148148
config_C,test,1660000,0.4,0.3741657386773941,484.1614599743264,435.3968576703849,60.638888888888886,5,0.41333333333333333,477.49966673271,59.16481481481481
config_C,test,1670000,0.4,0.3741657386773941,358.2271902374631,280.9612426107439,60.333333333333336,5,0.4133333333333334,428.9283779477239,59.92407407407407
config_C,test,1680000,0.32,0.33466401061363027,227.91853178123898,169.50645637923415,61.25,5,0.37333333333333335,356.7690606643428,60.74074074074074
config_C,test,1690000,0.24,0.260768096208106,283.7547790436866,243.84184274863154,66.55555555555556,5,0.32,289.9668336874629,62.71296296296297
config_C,test,1700000,0.4,0.29814239699997197,391.0559658549433,377.8010246770594,74.85416666666667,10,0.32,300.9097588932896,67.55324074074075
config_C,test,1710000,0.44000000000000006,0.3286335345030997,265.891029891944,230.09023264360832,74.25,5,0.36000000000000004,313.56725826352465,71.88657407407408
config_C,test,1720000,0.36,0.35777087639996635,245.3016291404836,180.41525693220873,60.52777777777777,5,0.4000000000000001,300.7495416291236,69.87731481481482
config_C,test,1730000,0.4,0.31622776601683794,300.809531686018,273.4148768728934,71.27083333333333,5,0.4000000000000001,270.66739690614855,68.68287037037037
config_C,test,1740000,0.4,0.31622776601683794,280.7953681335137,233.40544089279925,69.77083333333334,5,0.3866666666666667,275.63550965333843,67.18981481481482
config_C,test,1750000,0.4,0.4,202.97295888881132,152.5112070526501,59.444444444444436,10,0.4,261.525952902781,66.82870370370371
config_C,test,1760000,0.44000000000000006,0.3286335345030997,341.3137330265806,318.7684635746204,86.79166666666667,5,0.4133333333333334,275.02735334963523,72.00231481481481
config_C,test,1770000,0.44000000000000006,0.40987803063838396,344.05451262837715,303.20157803570004,64.97222222222223,5,0.42666666666666675,296.113734847923,70.40277777777777
config_C,test,1780000,0.4,0.3741657386773941,341.29268913970884,220.17293552424428,59.75,5,0.42666666666666675,342.2203115982222,70.50462962962963
config_C,test,1790000,0.4,0.31622776601683794,598.3995918010261,436.947105230215,82.89583333333333,5,0.4133333333333334,427.91559785637065,69.20601851851852
config_C,test,1800000,0.4,0.37712361663282534,548.109182226938,356.333606878859,76.58333333333333,10,0.4,495.933821055891,73.07638888888889
config_C,test,1810000,0.4,0.4,271.3126263747391,206.41353229993254,69.41666666666667,5,0.4,472.60713346756773,76.2986111111111
config_C,test,1820000,0.4800000000000001,0.4604345773288535,359.1946256859866,390.7602607447993,66.56666666666666,5,0.42666666666666675,392.87214476255457,70.85555555555555
config_C,test,1830000,0.44000000000000006,0.40987803063838396,289.64490767507414,240.73996375716317,69.83333333333333,5,0.4400000000000001,306.7173865785999,68.60555555555555
config_C,test,1840000,0.48,0.4604345773288535,399.4485265281629,312.36375025143536,76.0,5,0.46666666666666673,349.4293532964079,70.8
config_C,test,1850000,0.36,0.33730961708462714,345.1031853653222,291.5034248945503,80.1111111111111,10,0.4266666666666667,344.7322065228531,75.3148148148148
config_C,test,1860000,0.4,0.37416573867739417,359.82311954361705,206.70377265659894,69.05555555555556,5,0.41333333333333333,368.12494381236735,75.05555555555556
config_C,test,1870000,0.4,0.3741657386773941,376.34584970341973,501.90380801718595,64.3611111111111,5,0.3866666666666667,360.42405153745295,71.17592592592592
config_C,test,1880000,0.4,0.4,377.9488320786319,319.330794109667,58.583333333333336,5,0.4,371.3726004418896,64.0
config_C,test,1890000,0.27999999999999997,0.2683281572999748,222.47276855460842,298.05479492843483,58.0,5,0.36000000000000004,325.58915011222,60.31481481481481
config_C,test,1900000,0.44000000000000006,0.3864367132317184,226.38838746646638,270.66232356106696,60.388888888888886,10,0.37333333333333335,275.6033293665689,58.99074074074074
config_C,test,1910000,0.48,0.4604345773288535,404.46814641444143,463.0509874785257,69.59444444444445,5,0.39999999999999997,284.44310081183875,62.661111111111104
config_C,test,1920000,0.4,0.3741657386773941,325.2003283796482,291.24620948626495,60.80555555555555,5,0.44,318.68562075351866,63.59629629629629
config_C,test,1930000,0.44000000000000006,0.40987803063838396,434.14521318686695,436.1951689326096,62.22222222222222,5,0.44,387.93789599365226,64.2074074074074
config_C,test,1940000,0.4,0.3741657386773941,451.4650768528324,449.40688448520353,62.694444444444436,5,0.4133333333333334,403.60353947311586,61.9074074074074
config_C,test,1950000,0.4,0.3527668414752788,439.82981913277035,340.12339297720695,64.16666666666667,10,0.41333333333333333,441.81336972415664,63.02777777777778
config_C,test,1960000,0.4,0.3741657386773941,272.56786193016035,373.7040133891319,68.02777777777777,5,0.4,387.95425263858766,64.96296296296296
config_C,test,1970000,0.44000000000000006,0.40987803063838396,275.193715494663,360.97571431812,66.94444444444444,5,0.41333333333333333,329.1971321858646,66.37962962962963
config_C,test,1980000,0.44000000000000006,0.3286335345030997,356.6098962261269,441.6556359231721,67.02083333333333,5,0.42666666666666675,301.4571578836501,67.33101851851852
config_C,test,1990000,0.31999999999999995,0.2683281572999747,431.8751627133279,390.27846524248395,62.583333333333336,5,0.39999999999999997,354.55959147803924,65.51620370370371
config_C,test,2000000,0.4,0.26666666666666666,336.88245635041403,382.8944664867442,60.75,10,0.3866666666666667,375.12250509662294,63.45138888888889
config_C,test,2010000,0.44000000000000006,0.3847076812334269,431.32537649108616,386.66415421595735,58.95,5,0.38666666666666666,400.0276651849427,60.76111111111111
config_C,test,2020000,0.36000000000000004,0.29664793948382656,527.7968023699607,483.97251423647555,55.125,5,0.4000000000000001,432.001545070487,58.275
config_C,test,2030000,0.44000000000000006,0.3577708763999664,509.23259985348295,469.16305302633907,55.0,5,0.4133333333333334,489.45159290484327,56.35833333333333
config_C,test,2040000,0.36,0.35777087639996635,525.3442277282973,466.2369583846879,57.361111111111114,5,0.3866666666666667,520.7912099839136,55.8287037037037
config_C,test,2050000,0.4,0.29814239699997197,542.6011074399278,465.2405861540536,56.416666666666664,10,0.4000000000000001,525.7259783405693,56.25925925925926
config_C,test,2060000,0.4,0.4,428.23972341856535,505.6175917591207,54.833333333333336,5,0.3866666666666667,498.7283528622634,56.2037037037037
config_C,test,2070000,0.27999999999999997,0.30331501776206204,527.6046597048129,506.6025394368585,47.444444444444436,5,0.36000000000000004,499.4818301877687,52.89814814814815
config_C,test,2080000,0.24,0.3286335345030996,170.21625088958515,223.0271506643944,54.66666666666667,5,0.30666666666666664,375.3535446709878,52.31481481481482
config_C,test,2090000,0.4,0.4,341.1125160722158,371.00803084560283,64.75,5,0.30666666666666664,346.31114222220464,55.62037037037036
config_C,test,2100000,0.4,0.2981423969999719,306.0539546268475,349.29627033543784,71.85416666666666,10,0.3466666666666667,272.46090719621617,63.756944444444436
config_C,test,2110000,0.36,0.40987803063838396,388.79333677813116,426.5184108555789,60.666666666666664,5,0.38666666666666666,345.31993582573153,65.75694444444444
config_C,test,2120000,0.4,0.31622776601683794,319.9853828371264,287.98700872257115,58.041666666666664,5,0.3866666666666667,338.2775580807017,63.52083333333332
config_C,test,2130000,0.4,0.31622776601683794,454.48082420222727,403.8970885571788,62.75,5,0.38666666666666666,387.75318127249494,60.48611111111111
config_C,test,2140000,0.4,0.31622776601683794,455.61057172872216,416.50198051712385,59.25,5,0.4,410.02559292269194,60.01388888888889
config_C,test,2150000,0.44000000000000006,0.36270588023294514,339.69699263271815,333.0466218819225,60.78333333333333,10,0.41333333333333333,416.5961295212225,60.92777777777778
config_C,test,2160000,0.4,0.31622776601683794,318.5591101001508,367.47550765387166,58.354166666666664,5,0.4133333333333334,371.2888914871971,59.4625
config_C,test,2170000,0.36,0.260768096208106,247.21125758986744,197.45546841246642,66.29166666666667,5,0.39999999999999997,301.8224534409121,61.80972222222223
config_C,test,2180000,0.32,0.30331501776206204,221.42286538443932,226.85773485500926,54.444444444444436,5,0.36000000000000004,262.3977443581525,59.69675925925926
config_C,test,2190000,0.36,0.260768096208106,240.88566193162802,246.53354543249975,55.958333333333336,5,0.3466666666666667,236.50659496864492,58.89814814814815
config_C,test,2200000,0.32,0.214993539954628,295.7582954245908,221.08172636780625,64.58333333333333,10,0.3333333333333333,252.68894091355273,58.328703703703695
config_C,test,2210000,0.48,0.303315017762062,384.5733791827894,324.50749554304224,58.541666666666664,5,0.38666666666666666,307.0724455130027,59.69444444444445
config_C,test,2220000,0.4,0.2449489742783178,251.70998260236155,236.8849184652841,57.25,5,0.39999999999999997,310.68055240324725,60.125
config_C,test,2230000,0.4800000000000001,0.41472882706655445,246.73943657771284,239.18632403334206,60.0,5,0.45333333333333337,294.3409327876213,58.59722222222222
config_C,test,2240000,0.44000000000000006,0.3577708763999664,271.44569797094516,293.32076937649015,55.125,5,0.44,256.6317057170065,57.458333333333336
config_C,test,2250000,0.4,0.29814239699997197,264.44545771985185,345.19148639860356,55.229166666666664,10,0.4400000000000001,260.8768640895033,56.78472222222223
config_C,test,2260000,0.4,0.31622776601683794,308.80597394310035,369.829879902668,52.0,5,0.41333333333333333,281.5657098779658,54.118055555555564
config_C,test,2270000,0.4,0.31622776601683794,264.6801000594592,295.70858281481003,65.3125,5,0.4,279.31051057413714,57.51388888888889
config_C,test,2280000,0.36,0.260768096208106,287.1568745701185,311.96876038031905,61.0,5,0.38666666666666666,286.88098285755933,59.4375
config_C,test,2290000,0.48,0.30331501776206204,339.2613338517204,388.4227099717787,55.666666666666664,5,0.41333333333333333,297.032769493766,60.65972222222222
config_C,test,2300000,0.4800000000000001,0.3155242550986462,316.9832654683436,352.91012527756806,60.875,10,0.44,314.4671579633942,59.18055555555555
config_C,test,2310000,0.4,0.31622776601683794,372.407433113755,428.3140708180738,61.1875,5,0.45333333333333337,342.88401081127296,59.24305555555555
config_C,test,2320000,0.48,0.30331501776206204,306.1500231250484,364.1865478418363,56.145833333333336,5,0.45333333333333337,331.84690723571566,59.40277777777778
config_C,test,2330000,0.4,0.31622776601683794,267.2272979556935,348.45864640330893,55.5,5,0.4266666666666667,315.26158473149894,57.611111111111114
config_C,test,2340000,0.27999999999999997,0.38987177379235854,428.50713623763534,573.6357904130961,56.41666666666667,5,0.3866666666666667,333.9614857727924,56.020833333333336
config_C,test,2350000,0.44000000000000006,0.27968235951204046,408.3103809278247,446.84312523064125,59.5625,10,0.37333333333333335,368.0149383737178,57.15972222222223
config_C,test,2360000,0.4,0.39999999999999997,399.19691603592986,477.1117849918979,57.71666666666667,5,0.37333333333333335,412.00481106713,57.89861111111111
config_C,test,2370000,0.52,0.46043457732885357,366.09691983152106,496.79709146280027,60.0,5,0.45333333333333337,391.20140559842525,59.09305555555556
config_C,test,2380000,0.4800000000000001,0.41472882706655445,295.347251899218,346.56675691096524,59.175,5,0.46666666666666673,353.5470292555563,58.96388888888888
config_C,test,2390000,0.4,0.39999999999999997,268.35195069265905,302.7446571390299,70.48333333333333,5,0.4666666666666666,309.93204080779935,63.21944444444444
config_C,test,2400000,0.4,0.35276684147527876,369.2469193956317,289.3658442494754,67.775,10,0.42666666666666675,310.9820406625029,65.81111111111112
config_C,test,2410000,0.4,0.3741657386773941,492.5465785836521,436.6127739973891,86.65,5,0.4,376.7151495573143,74.96944444444445
config_C,test,2420000,0.36,0.3847076812334269,479.90408550440816,490.863898401764,58.125,5,0.3866666666666667,447.2325278278973,70.85000000000001
config_C,test,2430000,0.36,0.3847076812334269,534.3682857200392,537.6646687760874,57.875,5,0.37333333333333335,502.2729832693665,67.55
config_C,test,2440000,0.32,0.33466401061363027,595.0961754464198,574.1382902964561,51.416666666666664,5,0.3466666666666667,536.4561822236224,55.80555555555555
config_C,test,2450000,0.36,0.40879225911349043,435.072435062901,489.77323475491914,73.39999999999999,10,0.3466666666666667,521.51229874312,60.89722222222222
config_C,test,2460000,0.24,0.3286335345030996,354.19897003972045,408.07614060535843,65.33333333333333,5,0.30666666666666664,461.4558601830137,63.383333333333326
config_C,test,2470000,0.24,0.21908902300206642,413.8270405783671,528.4351343399829,84.41666666666667,5,0.27999999999999997,401.0328152269962,74.38333333333334
config_C,test,2480000,0.28,0.30331501776206204,539.0445060176864,653.8947232963756,72.375,5,0.25333333333333335,435.6901722119247,74.04166666666667
config_C,test,2490000,0.32,0.30331501776206204,379.9237661852835,498.0696716493001,55.75,5,0.28,444.2651042604457,70.84722222222223
config_C,test,2500000,0.32,0.4147288270665544,362.6950856034326,464.8913469561394,66.76666666666667,5,0.3066666666666667,427.2211192688008,64.96388888888889
config_C,train,10000,0.0,0.0,10.35146200663572,5.6409500915868485,,5,0.0,10.35146200663572,
config_C,train,20000,0.00444444444444444,0.009938079899999055,14.760604312816682,6.635966398051185,187.0,5,0.00222222222222222,12.556033159726201,187.0
config_C,train,30000,0.0,0.0,20.693198815846984,11.66998049483441,,5,0.00148148148148148,15.268421711766463,187.0
config_C,train,40000,0.0,0.0,29.124712359354767,6.215627974155772,,5,0.00148148148148148,21.52617182933948,187.0
config_C,train,50000,0.0,0.0,30.42104823496941,5.474659722651126,,10,0.0,26.74631980339039,
config_C,train,60000,0.0,0.0,25.263165458994642,6.402645899672144,,5,0.0,28.269642017772938,
config_C,train,70000,0.0,0.0,25.85481686393577,7.218796652979571,,5,0.0,27.179676852633275,
config_C,train,80000,0.0,0.0,27.93996748375339,7.155046619427896,,5,0.0,26.35264993556127,
config_C,train,90000,0.0,0.0,24.445192264803744,4.410839914995687,,5,0.0,26.0799922041643,
config_C,train,100000,0.0,0.0,32.71612811843152,5.9620672554125775,,10,0.0,28.367095955662887,
config_C,train,110000,0.0,0.0,33.25361288162854,3.675746039048522,,5,0.0,30.138311088287935,
config_C,train,120000,0.00444444444444444,0.009938079899999053,32.85472906711218,5.736086875037372,210.0,5,0.00148148148148148,32.94149002239075,210.0
config_C,train,130000,0.0,0.0,37.41397009800651,4.848103005295971,,5,0.00148148148148148,34.507437348915744,210.0
config_C,train,140000,0.0,0.0,35.641554209032584,10.176094430519498,,5,0.00148148148148148,35.30341779138376,210.0
config_C,train,150000,0.00444444444444444,0.009369711585684077,37.580510355758946,10.207985082575789,408.0,10,0.00148148148148148,36.87867822093268,408.0
config_C,train,160000,0.0,0.0,43.04813379305297,11.017411623358695,,5,0.00148148148148148,38.75673278594817,408.0
config_C,train,170000,0.0,0.0,41.37954152039798,11.050211635075275,,5,0.00148148148148148,40.66939522306996,408.0
config_C,train,180000,0.0,0.0,42.39174370907328,12.808154931602662,,5,0.0,42.273139674174736,
config_C,train,190000,0.0,0.0,41.022943527393785,12.144759304737825,,5,0.0,41.59807625228835,
config_C,train,200000,0.0,0.0,41.411940368989725,13.449716064539093,,10,0.0,41.6088758684856,
config_C,train,210000,0.0,0.0,41.30467203984618,11.028588909996026,,5,0.0,41.2465186454099,
config_C,train,220000,0.0,0.0,45.30470109159701,14.703983520285774,,5,0.0,42.67377116681097,
config_C,train,230000,0.013333333333333319,0.029814239699997164,38.26630769315025,9.9981086638735,136.0,5,0.004444444444444439,41.625226941531146,136.0
config_C,train,240000,0.00888888888888888,0.019876159799998107,39.55049432730137,16.2295628912615,147.0,5,0.0074074074074074,41.04050103734954,141.5
config_C,train,250000,0.00888888888888888,0.018739423171368154,43.5352295588243,22.463476923264942,141.0,10,0.01037037037037036,40.45067719309198,141.33333333333334
config_C,train,260000,0.013333333333333319,0.029814239699997164,41.60688346389564,19.22603335344892,202.66666666666663,5,0.01037037037037036,41.5642024500071,163.55555555555554
config_C,train,270000,0.013333333333333319,0.029814239699997164,40.92843231376855,16.00975110332275,212.0,5,0.01185185185185184,42.02351511216283,185.2222222222222
config_C,train,280000,0.0,0.0,43.188541959953845,9.96965719191426,,5,0.008888888888888878,41.90795257920601,207.33333333333331
config_C,train,290000,0.00444444444444444,0.009938079899999053,45.42747494213506,8.992583307567378,327.0,5,0.00592592592592592,43.18148307195249,269.5
config_C,train,300000,0.0,0.0,41.34222014248181,9.14620438091185,,10,0.00148148148148148,43.31941234819024,327.0
config_C,train,310000,0.00444444444444444,0.009938079899999053,46.776816152137386,18.56031976375583,255.0,5,0.00296296296296296,44.515503745584745,291.0
config_C,train,320000,0.00444444444444444,0.009938079899999055,43.541993316979806,15.59977339264543,302.0,5,0.00296296296296296,43.887009870533,278.5
config_C,train,330000,0.00444444444444444,0.009938079899999055,51.410687263934165,27.811336841392066,301.0,5,0.00444444444444444,47.24316557768378,286.0
config_C,train,340000,0.0,0.0,43.94331597507279,22.647503505203435,,5,0.00296296296296296,46.298665518662254,301.5
config_C,train,350000,0.0,0.0,42.00945718713396,8.1336443117033,,10,0.00148148148148148,45.787820142046975,301.0
config_C,train,360000,0.0,0.0,50.596561508865385,19.87900987351221,,5,0.0,45.51644489035738,
config_C,train,370000,0.00444444444444444,0.009938079899999053,49.349803344124744,24.849180310366496,349.0,5,0.00148148148148148,47.31860734670803,349.0
config_C,train,380000,0.00444444444444444,0.009938079899999055,46.89752522217742,18.335492663331383,141.0,5,0.00296296296296296,48.94796335838919,245.0
config_C,train,390000,0.00888888888888888,0.012171612389003678,45.70180263255727,11.433699782157408,179.0,5,0.00592592592592592,47.31637706628647,223.0
config_C,train,400000,0.00888888888888888,0.018739423171368154,48.49828295515954,17.103956214358554,322.0,10,0.0074074074074074,47.03253693663141,214.0
config_C,train,410000,0.00444444444444444,0.009938079899999055,43.27333542793787,4.951730279000875,214.0,5,0.007407407407407401,45.824473671884896,238.33333333333334
config_C,train,420000,0.00888888888888888,0.012171612389003678,41.99722295372261,7.258231837003181,294.0,5,0.0074074074074074,44.58961377894,276.6666666666667
config_C,train,430000,0.00444444444444444,0.009938079899999053,48.664693710211814,23.267704044319498,307.0,5,0.00592592592592592,44.6450840306241,271.6666666666667
config_C,train,440000,0.013333333333333319,0.01987615979999811,36.43333272524687,10.659103555085656,205.0,5,0.008888888888888878,42.365083129727104,268.6666666666667
config_C,train,450000,0.01777777777777776,0.027317168762349266,42.477433314448014,22.976138470684695,150.0,10,0.01185185185185184,42.5251532499689,220.66666666666666
config_C,train,460000,0.00444444444444444,0.009938079899999055,35.332695637272636,6.824123827844436,480.0,5,0.01185185185185184,38.08115389232251,278.3333333333333
config_C,train,470000,0.013333333333333319,0.012171612389003678,35.455623356688236,9.291042630386611,254.66666666666666,5,0.011851851851851837,37.75525076946963,294.88888888888886
config_C,train,480000,0.00444444444444444,0.009938079899999053,34.366188953907724,8.504372665339513,170.0,5,0.007407407407407398,35.05150264928953,301.55555555555554
config_C,train,490000,0.00888888888888888,0.012171612389003678,44.281635264087114,10.941832579584547,306.0,5,0.008888888888888878,38.03448252489436,243.55555555555554
config_C,train,500000,0.00888888888888888,0.018739423171368154,72.0905214242639,25.255119465006164,186.0,10,0.0074074074074074,50.246115214086245,220.66666666666666
config_C,train,510000,0.00444444444444444,0.009938079899999055,37.752945302242814,14.795237717969442,175.0,5,0.0074074074074074,51.37503399686461,222.33333333333334
config_C,train,520000,0.0,0.0,35.42355009305488,16.22502279348906,,5,0.004444444444444439,48.422338939853866,180.5
config_C,train,530000,0.01777777777777776,0.03975231959999622,30.061077673535106,13.622667857374372,178.0,5,0.0074074074074074,34.4125243562776,176.5
config_C,train,540000,0.026666666666666637,0.03975231959999622,33.96440550528975,18.432444348170897,122.375,5,0.0148148148148148,33.14967775729325,150.1875
config_C,train,550000,0.03111111111111108,0.04084162593211913,43.07986341226031,18.536659603687202,111.29166666666667,10,0.025185185185185158,35.701782197028386,137.22222222222223
config_C,train,560000,0.00888888888888888,0.01987615979999811,35.462448677957596,14.111825891289346,66.0,5,0.0222222222222222,37.50223919850255,99.8888888888889
config_C,train,570000,0.03555555555555554,0.055777335102271695,37.40889759774847,21.031388309504724,278.6111111111111,5,0.025185185185185168,38.65040322932213,151.96759259259258
config_C,train,580000,0.0222222222222222,0.02721655269759084,39.175232771420944,21.104532255400905,209.66666666666666,5,0.02222222222222221,37.34885968237567,184.75925925925924
config_C,train,590000,0.00888888888888888,0.012171612389003678,43.03518828416463,22.561657270289285,252.0,5,0.02222222222222221,39.873106217778016,246.75925925925924
config_C,train,600000,0.0222222222222222,0.025660011963983338,47.84180919212483,24.230505195217873,278.4444444444444,10,0.017777777777777757,43.35074341590347,246.7037037037037
config_C,train,610000,0.00888888888888888,0.012171612389003678,49.80643764579732,27.682483137250898,235.5,5,0.01333333333333332,46.89447837402893,255.3148148148148
config_C,train,620000,0.026666666666666637,0.02897423291201174,55.666210396740794,21.931593040695965,196.66666666666666,5,0.01925925925925924,51.10481907822098,236.87037037037035
config_C,train,630000,0.0222222222222222,0.02721655269759084,57.008888900312044,31.441269145275708,129.22222222222223,5,0.01925925925925924,54.16051231428338,187.12962962962965
config_C,train,640000,0.013333333333333319,0.01987615979999811,53.124793410472634,36.38865159518986,204.0,5,0.02074074074074072,55.266630902508496,176.62962962962965
config_C,train,650000,0.013333333333333319,0.011475506210984927,59.460730377726804,22.161727169816725,140.0,10,0.01629629629629628,56.5314708961705,157.74074074074076
config_C,train,660000,0.026666666666666637,0.03975231959999622,56.96490132943175,31.526394847229465,213.75,5,0.017777777777777757,56.51680837254373,185.91666666666666
config_C,train,670000,0.013333333333333319,0.029814239699997164,59.2749555043024,30.222832319651726,170.0,5,0.017777777777777757,58.566862403820316,174.58333333333334
config_C,train,680000,0.01777777777777776,0.01859244503409055,88.17813893500265,25.077518036307836,270.0,5,0.01925925925925924,68.13933192291226,217.91666666666666
config_C,train,690000,0.03555555555555554,0.06776866969767512,84.20785037413671,55.56038673383381,193.42857142857144,5,0.02222222222222221,77.22031493781392,211.14285714285714
config_C,train,700000,0.01777777777777776,0.022951012421969855,95.18362063454825,33.508155438073835,267.0,10,0.023703703703703685,89.18986998122921,243.47619047619048
config_C,train,710000,0.0222222222222222,0.015713484026367706,77.95865313413816,44.929142718183606,172.0,5,0.025185185185185168,85.78337471427437,210.80952380952382
config_C,train,720000,0.0444444444444444,0.04157397096415486,92.50992923524466,20.97950918156122,165.86111111111111,5,0.028148148148148117,88.55073433464368,201.62037037037035
config_C,train,730000,0.03111111111111108,0.029814239699997164,88.15078472971757,28.155691170624216,109.94444444444441,5,0.032592592592592555,86.20645569970013,149.2685185185185
config_C,train,740000,0.05777777777777774,0.06402160129283524,143.9664397619385,55.148868534087235,130.5873015873016,5,0.0444444444444444,108.20905124230023,135.4642857142857
config_C,train,750000,0.04888888888888886,0.04030065335921612,115.99589668113485,24.637826457746236,195.275,10,0.04592592592592589,116.03770705759696,145.26891534391532
config_C,train,760000,0.026666666666666637,0.024343224778007357,110.94026731783993,28.755598552664598,147.16666666666666,5,0.044444444444444405,123.63420125363776,157.67632275132277
config_C,train,770000,0.03555555555555552,0.0371848900681811,100.04363277148761,53.13369260600006,190.08333333333334,5,0.03703703703703701,108.99326559015412,177.50833333333333
config_C,train,780000,0.0533333333333333,0.06402160129283524,73.6910189737483,67.90428858573182,140.26190476190476,5,0.03851851851851849,94.89163968769195,159.1706349206349
config_C,train,790000,0.04888888888888886,0.06363476028122822,132.82351863217676,74.9414036149638,139.23809523809524,5,0.04592592592592589,102.18605679247088,156.52777777777777
config_C,train,800000,0.07555555555555551,0.11532741010979887,157.3810082700912,121.0834764320159,99.87179487179488,10,0.05925925925925923,121.29851529200543,126.45726495726495
config_C,train,810000,0.10666666666666662,0.15666272650679613,132.37565390539618,126.36810439968642,133.2532679738562,5,0.077037037037037,140.86006026922135,124.12105269458209
config_C,train,820000,0.0622222222222222,0.09349192874650057,144.0197125868527,139.53110878763198,104.73333333333333,5,0.08148148148148145,144.59212492078004,112.6194653929948
config_C,train,830000,0.04888888888888886,0.0776188853181021,131.0555940506478,159.88847203047348,120.75,5,0.07259259259259256,135.81698684763222,119.5788671023965
config_C,train,840000,0.07111111111111108,0.11155467020454339,247.29934427589765,225.29431783728876,164.08333333333334,5,0.060740740740740706,174.12488363779937,129.85555555555555
config_C,train,850000,0.04444444444444442,0.07104935590092915,140.65560798571772,129.9673429657257,87.16666666666667,10,0.05481481481481478,173.00351543742104,124.0
config_C,train,860000,0.09777777777777774,0.13480667456091647,114.95677984060713,84.90078931039875,179.25,5,0.07111111111111108,167.63724403407417,143.5
config_C,train,870000,0.05777777777777774,0.07302967433402212,168.87206156381137,201.54985191493193,135.55555555555554,5,0.06666666666666662,141.49481646337873,133.99074074074073
config_C,train,880000,0.04888888888888886,0.07436978013636224,171.78928083223764,115.308155571074,202.54166666666666,5,0.06814814814814811,151.87270741221872,172.44907407407405
config_C,train,890000,0.07111111111111108,0.09081251885201133,236.46533477608563,208.73801830581115,171.0,5,0.05925925925925921,192.37555905737824,169.69907407407405
config_C,train,900000,0.1333333333333333,0.17340296164029073,247.35628959359966,218.24288718851113,152.4125,10,0.08444444444444439,218.53696840064097,175.31805555555556
config_C,train,910000,0.15555555555555556,0.2793290019994786,294.2363819117872,235.05854532682932,99.64655172413794,5,0.11999999999999995,259.3526687604908,141.01968390804598
config_C,train,920000,0.10222222222222217,0.12726952056245644,256.76224647677225,210.0081564312422,103.59615384615385,5,0.13037037037037033,266.11830599405306,118.55173519009726
config_C,train,930000,0.17777777777777776,0.3388433484883757,196.60075099587462,196.5752450438146,82.91428571428571,5,0.14518518518518517,249.1997931281447,95.38566376152583
config_C,train,940000,0.19555555555555554,0.3411672049426719,192.70982109310987,235.3544236207604,114.01666666666667,5,0.15851851851851848,215.35760618858558,100.17570207570208
config_C,train,950000,0.15555555555555553,0.2715600411825683,202.35392375661212,232.85890612058972,87.76666666666667,10,0.17629629629629628,197.2214986151989,94.89920634920634
config_C,train,960000,0.1822222222222222,0.31285227058449894,208.42795363275027,239.85944136014925,118.66666666666667,5,0.17777777777777773,201.16389949415745,106.81666666666666
config_C,train,970000,0.16,0.2746040921170102,189.01987143622972,185.5474383887802,71.09770114942529,5,0.16592592592592592,199.9339162751974,92.51034482758621
config_C,train,980000,0.12888888888888886,0.21682330520267495,284.35629464264656,249.4032595838426,110.95652173913044,5,0.157037037037037,227.26803990387552,100.24029651840748
config_C,train,990000,0.1511111111111111,0.23168731589294875,264.3282849407003,238.17395625806958,105.39999999999999,5,0.14666666666666664,245.90148367319225,95.81807429618523
config_C,train,1000000,0.18666666666666668,0.3380246011777423,473.0936446811012,323.3543604635241,65.48378378378379,10,0.15555555555555553,340.5927414214827,93.94676850763807
config_C,train,1010000,0.1911111111111111,0.35576382788946925,496.9865550246597,262.8130948549512,133.2018018018018,5,0.17629629629629628,411.4694948821537,101.36186186186187
config_C,train,1020000,0.20888888888888885,0.3733730137642615,487.1019986196763,299.42914063456493,142.64835164835165,5,0.19555555555555557,485.7273994418124,113.77797907797908
config_C,train,1030000,0.23555555555555552,0.35680336598091206,489.51975440844853,353.7583888956337,123.53399122807018,5,0.21185185185185182,491.20276935092824,133.12804822607455
config_C,train,1040000,0.23555555555555552,0.3786264976086038,477.3765253085823,287.52380078919083,156.76818181818183,5,0.2266666666666666,484.6660927789024,140.98350823153456
config_C,train,1050000,0.24888888888888888,0.3639140977037639,568.4223495841615,325.60931582972455,110.0542005420054,10,0.24,511.77287643373074,130.1187911960858
config_C,train,1060000,0.24,0.3290089870812755,526.1581688177914,293.9479053419371,204.1261904761905,5,0.2414814814814815,523.9856812368452,156.9828576121259
config_C,train,1070000,0.28888888888888886,0.3644715437079272,489.63512838774506,287.13392667879515,90.57560568086883,5,0.25925925925925924,528.0718822632326,134.91866556635492
config_C,train,1080000,0.28888888888888886,0.3816792008292815,494.4852333847474,329.2307854236937,80.175,5,0.27259259259259255,503.426176863428,124.95893205235312
config_C,train,1090000,0.28888888888888886,0.3754832277492401,524.8750070977352,281.6512027287996,75.80537240537241,5,0.28888888888888886,502.9984562900759,82.18532602874707
config_C,train,1100000,0.31999999999999995,0.38307112162751944,472.8279237418028,253.30061404836192,98.82023921200751,10,0.2992592592592592,497.39605474142854,84.93353720579331
config_C,train,1110000,0.31555555555555553,0.3888571415612807,495.68775226553635,272.8568588587978,73.63247863247862,5,0.3081481481481481,497.79689436835815,82.75269674995285
config_C,train,1120000,0.23555555555555557,0.2683281572999748,423.6750588709353,232.6550519201436,85.71090909090908,5,0.29037037037037033,464.0635782927582,86.0545423117984
config_C,train,1130000,0.26666666666666666,0.33884334848837566,455.5229375129858,278.2197859337952,79.6047619047619,5,0.27259259259259255,458.2952495498192,79.6493832093832
config_C,train,1140000,0.27111111111111114,0.33643005987156555,405.5788150846444,273.28965083415903,71.52698412698413,5,0.2577777777777778,428.25893715618855,78.94755170755171
config_C,train,1150000,0.28888888888888886,0.3499559055116361,438.3426332684415,215.7365104944728,60.684309309309306,10,0.27555555555555555,433.14812862202393,70.60535178035178
config_C,train,1160000,0.27111111111111114,0.3532564556477208,495.4911117063674,276.2576676050166,62.40806069227122,5,0.277037037037037,446.4708533531512,64.87311804285488
config_C,train,1170000,0.28444444444444444,0.35080155130081986,497.51452733057295,292.30536216102524,69.4520202020202,5,0.2814814814814815,477.1160907684607,64.18146340120023
config_C,train,1180000,0.24888888888888888,0.3447668741785733,474.63649242916836,258.93497726804634,60.53880718954249,5,0.2681481481481482,489.21404382203633,64.1329626946113
config_C,train,1190000,0.28888888888888886,0.3685138655950444,552.6110365196304,280.0799434427296,65.70095693779905,5,0.2740740740740741,508.2540187597906,65.23059477645391
config_C,train,1200000,0.27999999999999997,0.3434993006504163,525.5498891988999,239.83651701650828,60.92543859649123,10,0.27259259259259255,517.5991393825662,62.38840090794425
config_C,train,1210000,0.30666666666666664,0.361205115969402,516.2034598503527,245.98021699942325,79.28418803418803,5,0.2918518518518518,531.4547951896277,68.63686118949276
config_C,train,1220000,0.2844444444444444,0.32026223822762484,496.4322917260062,261.78346763886356,63.332589285714285,5,0.29037037037037033,512.7285469250863,67.8474053054645
config_C,train,1230000,0.2844444444444444,0.33643005987156555,483.4031843395543,237.13015995119386,64.09134615384615,5,0.2918518518518518,498.6796453053045,68.9027078245828
config_C,train,1240000,0.2444444444444444,0.24595492912420727,507.73030973934044,269.19117906301136,70.48100570926658,5,0.2711111111111111,495.8552619349671,65.96831371627566
config_C,train,1250000,0.2977777777777778,0.2909140790194626,508.46666462372787,246.58831192777905,90.61964285714285,10,0.27555555555555555,499.86671956754094,75.06399824008518
config_C,train,1260000,0.2977777777777778,0.29880420113727313,520.4971143416168,265.3020648462594,69.768700265252,5,0.28,512.2313629015617,76.9564496105538
config_C,train,1270000,0.28888888888888886,0.2948110924760355,558.7076610250876,291.8916414398505,68.26044634377968,5,0.2948148148148148,529.2238133301441,76.2162631553915
config_C,train,1280000,0.31555555555555553,0.3278813395719649,572.4386210419397,298.16312260952765,79.32065434565435,5,0.30074074074074075,550.5477988028814,72.44993365156199
config_C,train,1290000,0.3377777777777778,0.3669695718539436,524.9735385913559,298.5374295966303,67.63564213564213,5,0.314074074074074,552.0399402194612,71.73891427502537
config_C,train,1300000,0.3155555555555555,0.2960739906781821,585.0717607786338,289.5922829965409,89.90632754342431,10,0.32296296296296295,560.8279734706432,78.95420800824024
config_C,train,1310000,0.28888888888888886,0.2726187588085622,544.1008287603771,297.8337274614604,124.11785714285713,5,0.314074074074074,551.3820427101224,93.88660894064117
config_C,train,1320000,0.3022222222222222,0.29084805757060267,599.7084510556532,326.54107207890667,120.1530303030303,5,0.3022222222222222,576.2936801982215,111.39240499643724
config_C,train,1330000,0.30666666666666664,0.3011910512991979,554.2471383777938,294.26628499701786,93.51537767982369,5,0.2992592592592593,566.0188060646082,112.59542170857037
config_C,train,1340000,0.30666666666666664,0.30200972921945723,539.8443707825274,345.51358870448934,66.49017857142857,5,0.30518518518518517,564.5999867386582,93.38619551809417
config_C,train,1350000,0.30666666666666664,0.2904610591562067,564.2630839932526,320.1992889833578,73.62003968253968,10,0.30666666666666664,552.7848643845247,77.87519864459729
config_C,train,1360000,0.27555555555555555,0.27603900243298507,549.2042809964936,345.82924800586744,68.86388607167005,5,0.2962962962962963,551.1039119240913,69.65803477521276
config_C,train,1370000,0.31999999999999995,0.325690150409978,493.1577814650251,325.8759811708288,72.4100935828877,5,0.3007407407407407,535.5417154849239,71.63133977903246
config_C,train,1380000,0.33333333333333337,0.3392075004994166,614.6616809817884,388.66252501648466,81.35925925925926,5,0.30962962962962964,552.3412478144359,74.211079637939
config_C,train,1390000,0.3111111111111111,0.3034777840832814,590.4851612328208,342.8441817739021,75.33205325140808,5,0.3214814814814815,566.1015412265448,76.36713536451833
config_C,train,1400000,0.29333333333333333,0.2960739906781821,596.8470448157419,387.8337341629305,79.58627450980393,10,0.3125925925925926,600.6646290101171,78.75919567349041
config_C,train,1410000,0.28888888888888886,0.31269438398822863,545.0922105979585,383.44553621504116,66.59346405228759,5,0.29777777777777775,577.4748055488404,73.83726393783319
config_C,train,1420000,0.29333333333333333,0.30078087672335346,604.5776403686784,349.5216845678594,71.65046296296296,5,0.29185185185185186,582.1722985941263,72.61006717501814
config_C,train,1430000,0.31555555555555553,0.3210322855961091,655.9855668549751,384.42227878920016,70.3156015037594,5,0.2992592592592593,601.8851392738708,69.51984283966998
config_C,train,1440000,0.3111111111111111,0.3034777840832814,586.4962303407841,446.34982086079197,76.37002901519031,5,0.30666666666666664,615.686479188146,72.77869782730421
config_C,train,1450000,0.3422222222222222,0.3193271389555316,563.2914150923377,364.6897947532925,69.39879937482239,10,0.32296296296296295,601.9244040960324,72.02814329792402
config_C,train,1460000,0.36888888888888893,0.35472124336417626,559.5909240956637,327.7094623678811,75.55342105263158,5,0.34074074074074073,569.7928565095953,73.77408314754808
config_C,train,1470000,0.37333333333333335,0.367977455025994,612.2116757849872,336.9438748552158,65.20739541160594,5,0.36148148148148146,578.3646716576629,70.05320527968662
config_C,train,1480000,0.3511111111111111,0.3447668741785733,661.4767146978879,392.93392934221873,65.81543859649123,5,0.3644444444444444,611.093104859513,68.85875168690957
config_C,train,1490000,0.3555555555555555,0.3392075004994166,638.0080921742544,389.3026802282258,70.70015037593984,5,0.36000000000000004,637.23216088571,67.240994794679
config_C,train,1500000,0.31555555555555553,0.28163738372632374,570.1282731204253,314.68644948880075,66.84039559167785,10,0.34074074074074073,623.2043599975226,67.7853281880363
config_C,train,1510000,0.3288888888888889,0.29161110581909777,543.9716285674247,384.5894858805042,76.6888888888889,5,0.3333333333333333,584.0359979540349,71.40981161883552
config_C,train,1520000,0.3288888888888889,0.298721555802782,590.3421664505566,389.4844364609175,69.63484195402299,5,0.3244444444444444,568.1473560461355,71.05470881152989
config_C,train,1530000,0.3155555555555555,0.2755017868687991,548.5179529781019,400.06963489986435,63.131547165013984,5,0.3244444444444444,560.9439159986945,69.81842600264194
config_C,train,1540000,0.3288888888888889,0.3028261938863673,528.7740029113833,398.12675019296114,61.10978835978836,5,0.3244444444444444,555.878040780014,64.62539249294177
config_C,train,1550000,0.30666666666666664,0.26559455264052056,539.8578706399405,389.13024735711224,66.06998910675381,10,0.317037037037037,539.0499421764754,63.43710821051871
config_C,train,1560000,0.3244444444444444,0.3041279782599652,471.4720925915194,353.96448067819233,66.04423796166432,5,0.32,513.3679887142812,64.40800514273549
config_C,train,1570000,0.36444444444444446,0.3459108569959236,545.2350226593638,407.9800376181241,64.34368686868686,5,0.33185185185185184,518.8549952969414,65.48597131236832
config_C,train,1580000,0.3822222222222222,0.3532564556477208,494.0612157447821,303.18450384686736,71.85676691729323,5,0.35703703703703704,503.58944366522184,67.41489724921479
config_C,train,1590000,0.3466666666666667,0.3335554815308231,582.1479228776287,447.62506821792186,71.51360887096774,5,0.3644444444444444,540.481387093925,69.23802088564928
config_C,train,1600000,0.36,0.34661601402661446,547.6063295270594,382.4024669647267,69.46060777526296,10,0.36296296296296293,541.2718227164901,70.9436611878413
config_C,train,1610000,0.3511111111111111,0.3293840116953065,550.7825081951147,321.4116727805286,73.45725984541774,5,0.35259259259259257,560.1789201999344,71.47715883054947
config_C,train,1620000,0.3866666666666666,0.36263779841531435,587.6175217235382,408.08891026902364,83.04469696969697,5,0.3659259259259258,562.0021198152375,75.32085486345922
config_C,train,1630000,0.4,0.3748250620762889,538.6064555215887,417.2302991539202,106.66874110953059,5,0.37925925925925924,559.002161813414,87.72356597488175
config_C,train,1640000,0.36,0.3411672049426719,577.5649026300341,415.17440862565445,78.91096307906652,5,0.3822222222222222,567.9296266250537,89.54146705276469
config_C,train,1650000,0.3244444444444444,0.2781873523685659,572.1635973946119,424.4631959667356,91.37491039426523,10,0.36148148148148146,562.7783185154117,92.3182048609541
config_C,train,1660000,0.3555555555555555,0.33591592128513276,578.4466680957514,420.51021972966106,101.71028816384855,5,0.3466666666666667,576.058389373466,90.66538721239341
config_C,train,1670000,0.31555555555555553,0.30160066804130753,534.0991578704559,364.0481869118801,72.91860712387027,5,0.33185185185185184,561.5698077869398,88.66793522732802
config_C,train,1680000,0.29777777777777775,0.27603900243298507,527.1439549645198,371.35658725541657,113.30849673202616,5,0.32296296296296295,546.5632603102425,95.97913067324832
config_C,train,1690000,0.28888888888888886,0.2802115602870776,497.9592879701551,410.78378981144033,79.58829365079366,5,0.3007407407407407,519.7341336017104,88.60513250223003
config_C,train,1700000,0.3466666666666666,0.30019655198165335,522.4232229055735,429.9808692144453,73.46631513647642,10,0.3111111111111111,515.8421552800829,88.7877018397654
config_C,train,1710000,0.3511111111111111,0.3290089870812755,545.2867860491363,408.7618947142711,110.22994652406418,5,0.32888888888888884,521.8897656416217,87.7615184371114
config_C,train,1720000,0.4,0.38135560670512253,541.5790620681292,376.6428785344408,73.3005772005772,5,0.36592592592592593,536.4296903409464,85.66561295370592
config_C,train,1730000,0.39999999999999997,0.36649827783268096,523.4865758354048,398.891013399155,68.87747035573122,5,0.38370370370370366,536.7841413175569,84.13599802679086
config_C,train,1740000,0.3911111111111111,0.35783988418851437,590.4156111555911,412.4245625006982,146.2410485933504,5,0.397037037037037,551.8270830197084,96.13969871655293
config_C,train,1750000,0.4222222222222222,0.360764315907731,563.0581275259384,419.287137146445,74.1426510989011,10,0.40444444444444444,558.9867715056449,96.42039001599422
config_C,train,1760000,0.42222222222222217,0.37614024177357236,556.1646793036476,475.00434965694365,79.13830876330877,5,0.41185185185185186,569.8794726617258,99.84066948518675
config_C,train,1770000,0.4133333333333333,0.38733020971520504,642.8408332981716,428.7143191218284,73.56190476190477,5,0.4192592592592592,587.3545467092525,75.61428820803822
config_C,train,1780000,0.42222222222222217,0.4012326685615064,673.308894442197,415.6246679084425,69.27261904761905,5,0.4192592592592592,624.1048023480055,73.9909441909442
config_C,train,1790000,0.39111111111111113,0.3901883052838039,654.6226332420437,433.82139090960413,64.36765401597981,5,0.40888888888888886,656.9241203274709,69.06739260850121
config_C,train,1800000,0.40444444444444444,0.3602772899470317,647.8857218413586,446.76928166355657,92.97319947209652,10,0.40592592592592586,658.6057498418664,75.53782417856513
config_C,train,1810000,0.3822222222222222,0.36154674577807505,587.2984240372673,381.0396716986125,71.09964274619448,5,0.3925925925925926,629.9355930402234,76.14683207809027
config_C,train,1820000,0.42666666666666664,0.40472517729417634,620.3480083432008,396.6714007589882,74.85119047619048,5,0.40444444444444444,618.5107180739423,79.64134423149382
config_C,train,1830000,0.39555555555555555,0.3859891893835729,588.745985045525,427.1144735789716,102.81444057297715,5,0.4014814814814815,598.7974724753311,82.92175793178738
config_C,train,1840000,0.4311111111111111,0.42239762438538847,569.6589495591493,480.57097094536755,75.24156545209176,5,0.4177777777777778,592.9176476492918,84.30239883375313
config_C,train,1850000,0.4311111111111111,0.38592521504164284,516.2520013099999,433.1572796117348,106.57939741750359,10,0.4192592592592592,558.2189786382247,94.87846781419084
config_C,train,1860000,0.39555555555555555,0.3917040959262899,480.1328371800115,353.8162510955957,72.88963643865762,5,0.4192592592592592,522.0145960163869,84.90353310275098
config_C,train,1870000,0.40444444444444444,0.3563879146085237,492.26232551884794,440.67966065131515,154.05969696969697,5,0.41037037037037033,496.21572133628655,111.17624360861937
config_C,train,1880000,0.43999999999999995,0.4164517964487992,504.1978242216843,447.078731442192,68.5185574229692,5,0.41333333333333333,492.19766230684803,98.48929694377459
config_C,train,1890000,0.36888888888888893,0.33169970056969406,476.4112317511218,416.7571554342024,65.07575431034483,5,0.40444444444444444,490.95712716388476,95.88466956767031
config_C,train,1900000,0.44000000000000006,0.3792708331567324,493.9820512455003,367.59980125146546,83.16970505975083,10,0.41629629629629633,491.5303690727689,72.25467226435494
config_C,train,1910000,0.4133333333333333,0.3763371223114053,510.2200430930101,407.59920273899,68.5609077040427,5,0.40740740740740744,493.5377753632108,72.26878902471277
config_C,train,1920000,0.4444444444444445,0.408248290463863,556.8072444466336,496.8640291269982,76.12044992609017,5,0.4325925925925926,520.3364462617147,75.95035422996122
config_C,train,1930000,0.43555555555555553,0.4081273100817536,565.0970939722727,524.8418895606335,71.87827380952382,5,0.43111111111111117,544.0414605039722,72.18654381321889
config_C,train,1940000,0.42666666666666664,0.36898258515565224,509.7654245694154,464.97211606785186,70.40833333333333,5,0.43555555555555553,543.8899209961073,72.80235235631577
config_C,train,1950000,0.4177777777777778,0.32940899815555075,428.0709073939109,345.9472885843388,64.96041666666667,10,0.4266666666666667,500.97780864519973,69.08234126984127
config_C,train,1960000,0.40888888888888886,0.359903965242856,433.23077551482083,395.2463029738717,72.56132113821138,5,0.4177777777777778,457.02236915938244,69.31002371273712
config_C,train,1970000,0.42666666666666664,0.34974417458239526,369.1649965172751,354.55968514748247,89.20129032258065,5,0.4177777777777778,410.155559808669,75.5743427091529
config_C,train,1980000,0.43999999999999995,0.3632500754080453,476.08322748929584,405.1121873366807,75.60440815146697,5,0.42518518518518517,426.1596665071306,79.12233987075298
config_C,train,1990000,0.4177777777777778,0.3729760194853164,402.2668054883194,379.26650073425924,67.58203792735043,5,0.42814814814814817,415.83834316496353,77.462578800466
config_C,train,2000000,0.4177777777777777,0.33828422072536807,479.5443397767902,456.2643852587783,152.91142857142856,10,0.42518518518518517,452.63145758480186,98.69929155008198
config_C,train,2010000,0.4311111111111111,0.39428009095496663,513.5690782727893,473.28730369555797,72.74235791090629,5,0.4222222222222222,465.12674117929964,97.74527480322843
config_C,train,2020000,0.4311111111111111,0.3876488165057022,534.038707359688,487.48824561425107,107.27424242424243,5,0.4266666666666666,509.0507084697559,110.97600963552576
config_C,train,2030000,0.4177777777777777,0.36562140575420227,505.4609484742412,418.0522801640077,73.19613095238095,5,0.4266666666666666,517.6895780355729,84.40424376250989
config_C,train,2040000,0.42222222222222217,0.3711842908553348,504.1786904539539,487.3180094299673,75.52261072261072,5,0.42370370370370364,514.5594487626278,85.33099469974469
config_C,train,2050000,0.4177777777777777,0.35844504909901315,476.9538892838227,420.6631085811097,74.96683998302207,10,0.4192592592592592,495.5311760706727,74.56186055267125
config_C,train,2060000,0.40888888888888886,0.3619562759215708,539.761049263816,546.3225098058298,68.83472222222223,5,0.4162962962962962,506.96454300053097,73.10805764261835
config_C,train,2070000,0.3911111111111111,0.36195627592157087,543.750693031441,546.6141965092854,94.94100877192983,5,0.40592592592592586,520.15521052636,79.58085699239138
config_C,train,2080000,0.3688888888888889,0.34304374698524825,423.2791434486001,342.9951782011738,97.46118123973726,5,0.3896296296296296,502.26362858128573,87.07897074462977
config_C,train,2090000,0.3644444444444444,0.3419623833186016,476.8412901149306,529.215022659147,75.96319781319781,5,0.37481481481481477,481.2903755316573,89.45512927495497
config_C,train,2100000,0.36444444444444446,0.3179495348660481,561.9951846359103,547.2310032925667,69.20524205524205,10,0.36592592592592593,487.37187273314703,80.87654036939237
config_C,train,2110000,0.3911111111111111,0.35087192978508713,542.1993553741539,525.1822865625743,77.02273139745917,5,0.37333333333333335,527.0119433749984,74.06372375529968
config_C,train,2120000,0.39999999999999997,0.37449554547450487,574.655856737502,528.9241716665086,100.93735732009927,5,0.38518518518518513,559.6167989158554,82.38844359093349
config_C,train,2130000,0.3822222222222222,0.33013278286318015,588.8561355347995,483.8149760792229,117.78078431372549,5,0.39111111111111113,568.5704492154852,98.58029101042797
config_C,train,2140000,0.3911111111111111,0.3331851522487344,534.0374104069253,429.15985447296595,75.9793993993994,5,0.39111111111111113,565.8498008930757,98.2325136777414
config_C,train,2150000,0.4177777777777778,0.32504932621354454,539.150794252299,454.6392081080928,73.26306652046785,10,0.3970370370370371,554.0147800646747,89.00775007786423
config_C,train,2160000,0.3866666666666666,0.3168517977357791,535.9493455082338,468.59322508493545,71.74437661552,5,0.3985185185185185,536.3791833891528,73.66228084512909
config_C,train,2170000,0.37777777777777777,0.34498165991688945,478.8434643038942,334.4485189721234,65.00448994252874,5,0.3940740740740741,517.9812013548091,70.00397769283886
config_C,train,2180000,0.40444444444444444,0.34903747720528117,537.7721876096491,465.79999563550956,67.63632097717411,5,0.3896296296296296,517.5216658072591,68.12839584507428
config_C,train,2190000,0.40888888888888886,0.35783988418851437,528.4190911484304,445.79719535849546,70.75263772175536,5,0.397037037037037,515.011581020658,67.79781621381942
config_C,train,2200000,0.3866666666666666,0.3186390814032875,528.7170032419648,332.98845058252937,91.14180672268907,10,0.39999999999999997,531.6360940000149,76.51025514053951
config_C,train,2210000,0.4133333333333333,0.3230258178727293,504.68516497277324,354.406729182844,105.5261213517665,5,0.4029629629629629,520.6070864543896,89.14018859873698
config_C,train,2220000,0.40444444444444444,0.3853489680283234,514.1061645665984,362.170468719198,76.09416425353925,5,0.4014814814814815,515.8361109271121,90.92069744266495
config_C,train,2230000,0.40444444444444444,0.36562140575420227,489.3839585426179,366.02017378783154,82.78131654381654,5,0.4074074074074074,502.7250960273299,88.13386738304075
config_C,train,2240000,0.37333333333333335,0.3011910512991979,527.237843816257,485.6422037767424,84.48142069327731,5,0.3940740740740741,510.2426556418245,81.11896716354437
config_C,train,2250000,0.4,0.3352209925625114,526.4326526486409,388.6510054715343,80.33478603603604,10,0.3925925925925926,514.3514850025053,82.53250775770995
config_C,train,2260000,0.3866666666666666,0.33169970056969406,497.71689861684627,418.03316834272186,94.80255681818181,5,0.38666666666666666,517.1291316939148,86.53958784916506
config_C,train,2270000,0.3911111111111111,0.3480456902033637,524.570786195908,463.61661676551324,77.85608108108107,5,0.3925925925925926,516.2401124871318,84.33114131176632
config_C,train,2280000,0.3866666666666666,0.3416011680669305,521.9942559204846,483.5288379683695,70.6282196969697,5,0.3881481481481481,514.7606469110797,81.09561919874419
config_C,train,2290000,0.4,0.37184890068181137,529.6135484193741,564.6344128318831,71.04276315789474,5,0.3925925925925926,525.3928635119223,73.1756879786485
config_C,train,2300000,0.3911111111111111,0.3406118919024258,476.8152387259891,436.1064795228897,75.14491341991342,10,0.39259259259259255,509.474347688616,72.27196542492595
config_C,train,2310000,0.4,0.35555555555555557,551.9050098901879,500.0256807859789,83.46490589260988,5,0.3970370370370371,519.4445990118505,76.55086082347269
config_C,train,2320000,0.42222222222222217,0.3987635209983636,484.80936322132436,452.05099979516945,75.4859943977591,5,0.4044444444444444,504.5098706125005,78.03193790342748
config_C,train,2330000,0.43555555555555553,0.39521833315801225,460.95442353156557,402.6423661264556,71.53989283074648,5,0.4192592592592592,499.2229322143594,76.83026437370515
config_C,train,2340000,0.3688888888888888,0.36670033515456346,496.37761365401303,493.85926558049334,85.17208754208754,5,0.40888888888888886,480.7138001356345,77.39932492353104
config_C,train,2350000,0.36,0.32639696601510915,479.7847843976265,496.96967627940603,75.14092457842457,10,0.38814814814814813,479.0389405277351,77.28430165041954
config_C,train,2360000,0.4,0.39377878103709674,495.6834227456999,486.31473489452344,91.0501461988304,5,0.3762962962962963,490.6152735991132,83.78771943978084
config_C,train,2370000,0.3866666666666666,0.40417573491163233,525.9037242094661,532.1141175191658,68.24890350877193,5,0.3822222222222222,500.45731045093095,78.14665809534232
config_C,train,2380000,0.3911111111111111,0.40264557217250446,538.5894455091516,588.1691471413266,67.60293040293041,5,0.39259259259259255,520.0588641547727,75.63399337017758
config_C,train,2390000,0.39555555555555555,0.4022774670470957,561.1561972056468,513.839037955229,75.19331116038433,5,0.39111111111111113,541.8831223080882,70.34838169069555
config_C,train,2400000,0.3866666666666666,0.3746713237266035,568.2205184882793,529.6286987695653,69.82038084464556,10,0.39111111111111113,555.9887204010261,70.87220746932009
config_C,train,2410000,0.37333333333333335,0.3716496425265649,513.6116816106013,509.2353969543826,76.88311962530713,5,0.38518518518518513,547.6627991015092,73.96560387677901
config_C,train,2420000,0.36,0.3605208851675244,476.0365476058881,410.38288508579353,72.53182672590567,5,0.3733333333333333,519.2895825682564,73.07844239861946
config_C,train,2430000,0.40444444444444444,0.38342188993198123,485.6905654987589,455.6863253178073,77.516517379814,5,0.37925925925925924,491.7795982384162,75.6438212436756
config_C,train,2440000,0.37777777777777777,0.3410224278493957,455.6134368352162,416.36022311232256,79.83371647509578,5,0.38074074074074077,472.44684997995455,76.62735352693848
config_C,train,2450000,0.37333333333333324,0.3233568783587153,499.38171271512084,466.5446536555243,125.93076923076924,10,0.38518518518518513,480.22857168303216,94.42700102855969
config_C,train,2460000,0.3333333333333333,0.3034777840832814,458.2778346479862,458.77709339461023,119.12566820276497,5,0.36148148148148146,471.09099473277456,108.29671796954334
config_C,train,2470000,0.3333333333333333,0.314662272411251,531.5328466770399,523.0604386279726,70.53284204671857,5,0.3466666666666666,496.39746468004915,105.1964264934176
config_C,train,2480000,0.31555555555555553,0.26961334912183293,540.9302972192239,520.9838549699797,73.17600574712644,5,0.32740740740740737,510.2469928480835,87.61150533220332
config_C,train,2490000,0.3244444444444444,0.267867665872074,448.4266878562488,445.84016809401805,83.52380952380953,5,0.3244444444444444,506.9632772508376,75.74421910588485
config_C,train,2500000,0.3555555555555555,0.3340732528527313,549.5996318790542,576.2247244496104,69.44122807017544,5,0.3318518518518518,512.9855389848425,75.38034778037047
config_D,test,10000,0.0,0.0,7.081500621410973,2.0681635007801704,,5,0.0,7.081500621410973,
config_D,test,20000,0.0,0.0,7.003049205454926,2.027784666582368,,5,0.0,7.04227491343295,
config_D,test,30000,0.0,0.0,25.19671925879538,15.1003559737844,,5,0.0,13.093756361887094,
config_D,test,40000,0.0,0.0,23.46872337514592,11.085466789270791,,5,0.0,18.556163946465407,
config_D,test,50000,0.0,0.0,26.891876576927842,14.535371932457986,,10,0.0,25.185773070289713,
config_D,test,60000,0.0,0.0,26.958797723233364,12.654202102937369,,5,0.0,25.77313255843571,
config_D,test,70000,0.0,0.0,30.223246062033375,16.131976023578552,,5,0.0,28.02464012073153,
config_D,test,80000,0.0,0.0,32.35730390698904,14.35453676243597,,5,0.0,29.846449230751926,
config_D,test,90000,0.0,0.0,32.79588735225177,15.813925377529266,,5,0.0,31.79214577375806,
config_D,test,100000,0.0,0.0,31.667132473549408,12.625839601722811,,10,0.0,32.2734412442634,
config_D,test,110000,0.0,0.0,45.036331507923265,15.408667809798283,,5,0.0,36.49978377790814,
config_D,test,120000,0.0,0.0,33.525414069950884,14.916382179204643,,5,0.0,36.742959350474514,
config_D,test,130000,0.0,0.0,47.373689318508966,24.071786080604348,,5,0.0,41.97847829879438,
config_D,test,140000,0.0,0.0,33.772415251574344,15.086054147688305,,5,0.0,38.22383954667806,
config_D,test,150000,0.0,0.0,35.68306953942239,13.73899010736727,,10,0.0,38.9430580365019,
config_D,test,160000,0.0,0.0,36.201553390564946,15.160748849932366,,5,0.0,35.21901272718723,
config_D,test,170000,0.0,0.0,36.890099382522294,13.557566938849332,,5,0.0,36.258240770836544,
config_D,test,180000,0.0,0.0,40.65710744658403,7.510864009012866,,5,0.0,37.9162534065571,
config_D,test,190000,0.0,0.0,36.64625685694183,16.288121341894538,,5,0.0,38.06448789534938,
config_D,test,200000,0.0,0.0,36.042340419250586,16.476447996327924,,10,0.0,37.78190157425882,
config_D,test,210000,0.0,0.0,36.02396356502062,17.418012583131397,,5,0.0,36.23752028040435,
config_D,test,220000,0.0,0.0,45.700188263097274,18.9824157701057,,5,0.0,39.25549741578949,
config_D,test,230000,0.0,0.0,52.81584844565744,45.49546635992155,,5,0.0,44.84666675792511,
config_D,test,240000,0.0,0.0,58.15673601769995,40.748358603800426,,5,0.0,52.22425757548489,
config_D,test,250000,0.0,0.0,69.73411142737831,68.75514189913262,,10,0.0,60.23556529691191,
config_D,test,260000,0.0,0.0,72.16224389959376,59.86423959140328,,5,0.0,66.68436378155734,
config_D,test,270000,0.0,0.0,103.56603373636536,163.5828084245422,,5,0.0,81.8207963544458,
config_D,test,280000,0.0,0.0,37.35535206247208,19.232363179154838,,5,0.0,71.02787656614373,
config_D,test,290000,0.0,0.0,34.61715369773564,19.6041488963139,,5,0.0,58.51284649885769,
config_D,test,300000,0.0,0.0,82.62833551746863,116.04525167901684,,10,0.0,51.53361375922545,
config_D,test,310000,0.0,0.0,112.6279737622057,177.8766544021998,,5,0.0,76.62448765913665,
config_D,test,320000,0.0,0.0,101.76841273206769,158.2777767349937,,5,0.0,99.00824067058068,
config_D,test,330000,0.0,0.0,111.3595459811585,195.62384120381455,,5,0.0,108.58531082514396,
config_D,test,340000,0.0,0.0,65.98634500502283,79.51404747374826,,5,0.0,93.03810123941633,
config_D,test,350000,0.0,0.0,65.26498110283931,79.53348301671416,,10,0.0,80.8702906963402,
config_D,test,360000,0.0,0.0,52.77623485225661,49.790959745701976,,5,0.0,61.34252032003959,
config_D,test,370000,0.0,0.0,62.38665329955306,55.63510170931082,,5,0.0,60.14262308488299,
config_D,test,380000,0.0,0.0,77.15601469477913,66.998466486407,,5,0.0,64.10630094886294,
config_D,test,390000,0.0,0.0,142.6619174347933,172.6571332633384,,5,0.0,94.06819514304182,
config_D,test,400000,0.04,0.0843274042711568,67.32713975022052,54.01966995957137,105.0,10,0.013333333333333334,95.71502395993099,105.0
config_D,test,410000,0.0,0.0,78.55765385674646,61.79695848215706,,5,0.013333333333333334,96.1822370139201,105.0
config_D,test,420000,0.12000000000000002,0.1788854381999832,123.41215535161578,87.01686641555969,102.5,5,0.053333333333333344,89.76564965286093,103.75
config_D,test,430000,0.08,0.10954451150103323,217.81048254472208,122.42372443850643,99.0,5,0.06666666666666667,139.92676391769479,100.75
config_D,test,440000,0.08,0.10954451150103323,288.1960561574958,225.84292029647315,160.0,5,0.09333333333333334,209.8062313512779,120.5
config_D,test,450000,0.12000000000000002,0.1686548085423136,205.24476513407512,164.9393279313224,159.5,10,0.09333333333333334,237.083767945431,139.5
config_D,test,460000,0.04,0.08944271909999159,191.244008566579,110.13347235329964,72.0,5,0.08,228.2282766193833,130.5
config_D,test,470000,0.08,0.10954451150103323,150.2440933992837,126.50215714768986,88.0,5,0.08,182.2442890333126,106.5
config_D,test,480000,0.0,0.0,193.88755426548624,222.71983132613957,,5,0.04,178.45855207711634,80.0
config_D,test,490000,0.04,0.08944271909999159,168.5441366891631,210.91398403342413,58.0,5,0.04,170.8919281179777,73.0
config_D,test,500000,0.08,0.10327955589886445,237.21276095976464,222.4350683298286,102.5,10,0.04,199.88148397147134,80.25
config_D,test,510000,0.08,0.10954451150103323,318.7280897309464,356.0368841427718,192.5,5,0.06666666666666667,241.4949957932914,117.66666666666667
config_D,test,520000,0.04,0.08944271909999159,413.785021995193,353.4409990387458,155.0,5,0.06666666666666667,323.24195756196804,150.0
config_D,test,530000,0.04,0.0894427190999916,240.72395715524326,140.88225470370148,460.0,5,0.05333333333333334,324.41235629379423,269.1666666666667
config_D,test,540000,0.08,0.10954451150103323,520.6581060348838,351.361373665282,116.0,5,0.05333333333333334,391.72236172844003,243.66666666666666
config_D,test,550000,0.12000000000000002,0.1686548085423136,533.696085708146,404.7670920659949,93.5,10,0.08,431.6927162994243,223.16666666666666
config_D,test,560000,0.12000000000000002,0.1788854381999832,418.875686332604,458.6097446638774,79.75,5,0.10666666666666669,491.0766260252113,96.41666666666667
config_D,test,570000,0.04,0.0894427190999916,649.008182203375,457.5488791629552,65.0,5,0.09333333333333334,533.8599847480417,79.41666666666667
config_D,test,580000,0.12,0.2683281572999748,371.6791813465919,417.2010815754932,78.66666666666667,5,0.09333333333333334,479.85434996085695,74.47222222222223
config_D,test,590000,0.12000000000000002,0.1788854381999832,421.94561592284583,267.3460903120769,120.25,5,0.09333333333333334,480.8776598242709,87.97222222222223
config_D,test,600000,0.2,0.18856180831641267,415.3263748792903,455.32014281606183,131.0,10,0.1466666666666667,402.98372404957604,109.97222222222223
config_D,test,610000,0.2,0.282842712474619,428.9651890168292,424.61383960411564,136.5,5,0.17333333333333334,422.0790599396551,129.25
config_D,test,620000,0.16,0.260768096208106,406.77652068175166,450.17774302817037,96.66666666666666,5,0.18666666666666668,417.02269485929037,121.38888888888887
config_D,test,630000,0.24,0.3286335345030997,280.3470540956294,249.50932258091302,146.08333333333334,5,0.19999999999999998,372.02958793140334,126.41666666666667
config_D,test,640000,0.24,0.260768096208106,283.16335533540627,154.19287239098028,118.83333333333333,5,0.21333333333333335,323.4289767042624,120.52777777777777
config_D,test,650000,0.27999999999999997,0.25298221281347033,187.4756104559405,132.6573688550295,85.66666666666667,10,0.25333333333333335,250.32867329565875,116.8611111111111
config_D,test,660000,0.24,0.2607680962081059,264.4193502788267,214.71612593662542,73.61111111111111,5,0.25333333333333335,245.01943869005785,92.7037037037037
config_D,test,670000,0.24,0.2607680962081059,264.9602913475142,262.6863657221208,83.66666666666667,5,0.25333333333333335,238.9517506940938,80.98148148148148
config_D,test,680000,0.24,0.2607680962081059,315.0437906378729,155.0535777682227,74.27777777777777,5,0.24,281.4744774214046,77.18518518518518
config_D,test,690000,0.24,0.260768096208106,314.7039465209022,195.43382287053416,85.83333333333333,5,0.24,298.23600950209646,81.25925925925925
config_D,test,700000,0.28,0.3155242550986462,452.58590287117033,202.36060466865192,115.0,10,0.25333333333333335,360.7778800099818,91.7037037037037
config_D,test,710000,0.24,0.260768096208106,494.0237203633866,405.75569506301304,165.27777777777774,5,0.25333333333333335,420.43785658515304,122.03703703703702
config_D,test,720000,0.16,0.2607680962081059,624.236616924627,578.6372425216568,114.66666666666667,5,0.22666666666666668,523.6154133863946,131.64814814814812
config_D,test,730000,0.27999999999999997,0.2683281572999748,668.6313870191044,611.7373492679052,151.61111111111111,5,0.22666666666666666,595.6305747690393,143.85185185185185
config_D,test,740000,0.24000000000000005,0.16733200530681513,391.46262701929606,347.5304293607568,92.875,5,0.22666666666666666,561.4435436543425,119.71759259259261
config_D,test,750000,0.2,0.13333333333333336,356.4117052575312,400.3752967494544,71.75,10,0.24,472.1685730986439,105.41203703703705
config_D,test,760000,0.24000000000000005,0.16733200530681513,306.50407209533165,329.7854433695614,70.25,5,0.2266666666666667,351.459468124053,78.29166666666667
config_D,test,770000,0.24000000000000005,0.16733200530681513,181.72962775482557,213.58583137713114,86.625,5,0.2266666666666667,281.5484683692295,76.20833333333333
config_D,test,780000,0.36,0.3286335345030997,392.4146751442486,359.80739011680686,139.33333333333331,5,0.28,293.5494583314686,98.7361111111111
config_D,test,790000,0.31999999999999995,0.2683281572999748,361.91504385649796,416.75318290350435,75.66666666666666,5,0.3066666666666667,312.01978225185735,100.54166666666667
config_D,test,800000,0.36,0.30983866769659335,250.96692467322865,312.93493183798245,82.0625,10,0.3466666666666667,335.0988812246584,99.02083333333333
config_D,test,810000,0.24,0.260768096208106,294.737764170333,422.45489730101684,58.88888888888889,5,0.30666666666666664,302.53991090001983,72.20601851851852
config_D,test,820000,0.36,0.2607680962081059,491.9816814605888,492.16152610351537,117.08333333333333,5,0.32,345.8954567680501,86.01157407407408
config_D,test,830000,0.4,0.31622776601683794,278.67788477720995,384.7016108906339,90.64583333333333,5,0.3333333333333333,355.1324434693772,88.87268518518518
config_D,test,840000,0.4,0.2449489742783178,548.8834142007316,539.7056285536099,150.5,5,0.3866666666666667,439.8476601461768,119.40972222222221
config_D,test,850000,0.36,0.24585451886114368,425.3700952355738,314.0174843078262,78.20833333333333,10,0.3866666666666667,417.64379807117183,106.45138888888887
config_D,test,860000,0.44000000000000006,0.2607680962081059,472.76812413606166,419.89079181666506,121.16666666666667,5,0.4000000000000001,482.3405445241224,116.625
config_D,test,870000,0.36,0.260768096208106,443.0624674023549,291.9409144666982,83.875,5,0.3866666666666667,447.0668955913302,94.41666666666667
config_D,test,880000,0.32,0.30331501776206204,465.27929112515193,297.6466091585323,116.77777777777777,5,0.37333333333333335,460.3699608878562,107.27314814814815
config_D,test,890000,0.36,0.21908902300206645,413.9638952012671,333.887554006811,99.41666666666666,5,0.3466666666666667,440.7685512429246,100.02314814814815
config_D,test,900000,0.32,0.214993539954628,500.46780644521766,407.1630090014376,81.79166666666666,10,0.3333333333333333,459.9036642572123,99.3287037037037
config_D,test,910000,0.36,0.21908902300206642,433.31025808382054,301.3112825099212,76.83333333333333,5,0.3466666666666667,449.2473199101018,86.01388888888887
config_D,test,920000,0.32,0.2280350850198276,583.138212225198,423.2932536748321,106.16666666666666,5,0.3333333333333333,505.63875891807874,88.26388888888887
config_D,test,930000,0.32,0.30331501776206204,655.9868152052943,507.2866196990513,51.333333333333336,5,0.3333333333333333,557.4784285047709,78.1111111111111
config_D,test,940000,0.44000000000000006,0.21908902300206642,455.96305718719907,576.3154043839626,95.53333333333333,5,0.36000000000000004,565.0293615392305,84.34444444444445
config_D,test,950000,0.36,0.24585451886114368,538.6139470724858,477.89381635977776,104.04166666666666,10,0.37333333333333335,550.1879398216597,83.6361111111111
config_D,test,960000,0.36,0.35777087639996635,278.44694260476547,192.473206296823,57.72222222222222,5,0.3866666666666667,424.3413156214835,85.76574074074074
config_D,test,970000,0.48,0.17888543819998315,483.3351395297256,372.3889944917347,85.6,5,0.39999999999999997,433.4653430689923,82.45462962962962
config_D,test,980000,0.4,0.2449489742783178,414.2071305348224,386.2704334740463,104.0,5,0.41333333333333333,391.9964042231045,82.44074074074074
config_D,test,990000,0.44000000000000006,0.2607680962081059,497.72482159394457,422.35483558060264,69.54166666666666,5,0.44,465.0890305528308,86.38055555555555
config_D,test,1000000,0.52,0.28596814119369623,74.58504511674715,69.66531009476464,68.72916666666666,10,0.45333333333333337,328.83899908183804,80.75694444444444
config_D,test,1010000,0.6,0.37416573867739417,173.39799162298237,191.63553372970728,68.47916666666666,5,0.52,248.56928611122467,68.91666666666666
config_D,test,1020000,0.72,0.4147288270665544,350.0661798654472,381.648154842097,83.8,5,0.6133333333333334,199.34973886839225,73.66944444444444
config_D,test,1030000,0.72,0.4381780460041329,190.80557765342877,182.92008321958218,70.0,5,0.68,238.08991638061948,74.09305555555555
config_D,test,1040000,0.76,0.433589667773576,161.59229866216603,163.83233420856047,60.425,5,0.7333333333333334,234.15468539368067,71.40833333333333
config_D,test,1050000,0.76,0.30983866769659335,134.21318667503192,136.98390112092466,60.239999999999995,10,0.7466666666666667,162.20368766354224,63.55500000000001
config_D,test,1060000,0.76,0.433589667773576,98.52116310397724,55.91519932415251,56.6625,5,0.76,131.4422161470584,59.10916666666666
config_D,test,1070000,0.72,0.4147288270665544,99.3798871972828,53.05611469440446,55.7125,5,0.7466666666666667,110.704745658764,57.538333333333334
config_D,test,1080000,0.64,0.43358966777357594,108.30668921139049,82.33891381511229,58.75,5,0.7066666666666667,102.06924650421684,57.041666666666664
config_D,test,1090000,0.76,0.433589667773576,96.12492204807214,41.92398380109332,56.6625,5,0.7066666666666667,101.27049948558181,57.041666666666664
config_D,test,1100000,0.72,0.4131182235954578,87.3042910522747,41.066596886265145,53.583333333333336,10,0.7066666666666667,97.2453007705791,56.331944444444446
config_D,test,1110000,0.76,0.433589667773576,63.61069505776078,32.59819266724525,61.725,5,0.7466666666666666,82.34663605270254,57.32361111111111
config_D,test,1120000,0.72,0.4381780460041329,92.64306846092202,52.20446191357493,53.400000000000006,5,0.7333333333333334,81.18601819031916,56.236111111111114
config_D,test,1130000,0.6799999999999999,0.4147288270665544,87.71441104358988,54.5113897066158,53.329166666666666,5,0.7199999999999999,81.3227248540909,56.151388888888896
config_D,test,1140000,0.76,0.3286335345030997,149.21630036370897,172.7691211600952,59.370000000000005,5,0.7200000000000001,109.8579266227403,55.3663888888889
config_D,test,1150000,0.8,0.23094010767585033,127.64159088305296,130.68528139504684,74.72999999999999,10,0.7466666666666666,121.52410076345062,62.47638888888889
config_D,test,1160000,0.64,0.433589667773576,99.62251262860428,97.60114401314185,53.475,5,0.7333333333333334,125.49346795845541,62.525
config_D,test,1170000,0.64,0.433589667773576,187.6566916205705,296.89001577905526,51.8,5,0.6933333333333334,138.3069317107426,60.001666666666665
config_D,test,1180000,0.72,0.4147288270665544,149.3479900373875,178.39154911129214,53.4375,5,0.6666666666666666,145.54239809552075,52.90416666666667
config_D,test,1190000,0.72,0.4147288270665544,274.60434136372413,459.16508160543736,53.625,5,0.6933333333333334,203.8696743405607,52.95416666666667
config_D,test,1200000,0.72,0.3910100879630715,276.1600419675956,434.6059701181012,53.4625,10,0.72,233.37079112290243,53.508333333333326
config_D,test,1210000,0.76,0.433589667773576,280.83091270857005,449.0517387333432,55.125,5,0.7333333333333334,277.19843201329655,54.070833333333326
config_D,test,1220000,0.76,0.433589667773576,280.3357106302386,458.8988985150986,52.5125,5,0.7466666666666666,279.1088884354681,53.699999999999996
config_D,test,1230000,0.8,0.4472135954999579,285.7603528579339,451.2247536248966,53.75,5,0.7733333333333334,282.30899206558087,53.79583333333333
config_D,test,1240000,0.76,0.433589667773576,276.7122050985647,449.3770625876396,53.150000000000006,5,0.7733333333333333,280.9360895289124,53.13750000000001
config_D,test,1250000,0.72,0.4131182235954578,221.63759491021278,308.8372115632409,53.65,10,0.7600000000000001,261.37005095557043,53.51666666666667
config_D,test,1260000,0.72,0.4147288270665544,278.1550085962056,467.0119887289318,54.2,5,0.7333333333333333,258.83493620166104,53.666666666666664
config_D,test,1270000,0.64,0.3847076812334269,278.4934581348046,476.8093890911319,65.375,5,0.6933333333333334,259.428687213741,57.74166666666667
config_D,test,1280000,0.52,0.33466401061363027,283.3885173785795,481.66566080880693,51.6875,5,0.6266666666666666,280.0123280365299,57.0875
config_D,test,1290000,0.64,0.3847076812334269,260.7471694024813,452.31239583499547,84.57083333333333,5,0.6000000000000001,274.2097149719552,67.21111111111111
config_D,test,1300000,0.6,0.4,268.6718629667565,454.4768429513118,61.80833333333333,10,0.5866666666666667,270.9358499159391,66.02222222222223
config_D,test,1310000,0.6,0.3741657386773941,274.1612518354702,488.24274394022814,49.79583333333333,5,0.6133333333333333,267.86009473490265,65.39166666666667
config_D,test,1320000,0.72,0.4381780460041329,270.31692438943185,483.2387622444492,55.86666666666666,5,0.64,271.0500130638862,55.8236111111111
config_D,test,1330000,0.64,0.433589667773576,126.01613824289066,174.5409799967324,53.725,5,0.6533333333333333,223.49810482259753,53.12916666666666
config_D,test,1340000,0.64,0.433589667773576,269.81290233015864,501.48255089720584,56.25,5,0.6666666666666666,222.0486549874937,55.28055555555556
config_D,test,1350000,0.6,0.3771236166328253,210.5054411729255,340.529069084894,52.75,10,0.6266666666666667,202.1114939153249,54.24166666666667
config_D,test,1360000,0.6799999999999999,0.4147288270665544,276.3793530070727,486.5733522885622,53.9625,5,0.64,252.23256550338564,54.32083333333333
config_D,test,1370000,0.64,0.40987803063838396,240.41086121954285,359.30533535094287,54.599999999999994,5,0.64,242.43188513318034,53.770833333333336
config_D,test,1380000,0.64,0.3847076812334269,128.50070675023983,152.32285812682073,53.2,5,0.6533333333333333,215.09697365895178,53.92083333333333
config_D,test,1390000,0.72,0.30331501776206204,173.2060007822438,242.1630425899727,57.36,5,0.6666666666666666,180.7058562506755,55.053333333333335
config_D,test,1400000,0.68,0.36757463338907254,102.2343273718749,87.29942652426288,51.7125,10,0.68,134.64701163478617,54.090833333333336
config_D,test,1410000,0.68,0.1788854381999832,151.33672388844124,198.3480357814615,55.75,5,0.6933333333333334,142.25901734751997,54.94083333333333
config_D,test,1420000,0.64,0.3847076812334269,206.99654607229346,331.43184037106624,52.55,5,0.6666666666666666,153.5225324442032,53.3375
config_D,test,1430000,0.64,0.3847076812334269,192.99135084744222,312.7463910510966,53.8875,5,0.6533333333333333,183.77487360272562,54.0625
config_D,test,1440000,0.6,0.3464101615137755,95.93749063526366,107.46248869004218,49.229166666666664,5,0.6266666666666666,165.3084625183331,51.888888888888886
config_D,test,1450000,0.8,0.32659863237109044,219.33574356239902,314.6373450755508,52.720000000000006,10,0.68,169.42152834836827,51.94555555555556
config_D,test,1460000,0.76,0.433589667773576,262.29405464125466,442.9901374757758,49.5,5,0.7200000000000001,192.52242961297245,50.48305555555555
config_D,test,1470000,0.6799999999999999,0.4147288270665544,205.1786143786454,307.23751466968946,48.78333333333333,5,0.7466666666666666,228.93613752743303,50.33444444444444
config_D,test,1480000,0.64,0.3847076812334269,254.75650219236485,462.3084804796681,49.68333333333334,5,0.6933333333333334,240.74305707075496,49.32222222222222
config_D,test,1490000,0.68,0.38987177379235854,299.0577419903446,544.5747250210038,48.0125,5,0.6666666666666666,252.9976195204516,48.82638888888889
config_D,test,1500000,0.6799999999999999,0.3910100879630715,300.7913780375973,525.0140197945909,48.108333333333334,10,0.6666666666666666,284.8685407401022,48.60138888888889
config_D,test,1510000,0.72,0.4147288270665544,306.4263026642685,562.266682701361,49.875,5,0.6933333333333334,302.09180756407017,48.66527777777778
config_D,test,1520000,0.76,0.433589667773576,304.22221460687797,558.8040710645014,53.0,5,0.7199999999999999,303.81329843624786,50.327777777777776
config_D,test,1530000,0.8,0.4472135954999579,318.58106589640346,564.9790597054529,56.699999999999996,5,0.7600000000000001,309.7431943891833,53.19166666666666
config_D,test,1540000,0.8,0.4472135954999579,313.6728406651272,559.2274518227982,52.849999999999994,5,0.7866666666666666,312.15870705613617,54.18333333333334
config_D,test,1550000,0.64,0.33730961708462714,301.2859810118626,529.3257119218563,46.8125,10,0.7466666666666667,311.1799625244644,52.12083333333334
config_D,test,1560000,0.72,0.4147288270665544,315.69914573468395,577.333801541705,48.5625,5,0.7200000000000001,310.21932247055787,49.40833333333333
config_D,test,1570000,0.72,0.4147288270665544,246.33729305874235,421.4813483524796,47.325,5,0.6933333333333334,287.77413993509623,47.56666666666666
config_D,test,1580000,0.6,0.282842712474619,242.23057909999187,405.218246784506,52.0,5,0.68,268.08900596447273,49.29583333333333
config_D,test,1590000,0.5599999999999999,0.35777087639996635,310.26375636297644,403.73651070928554,46.983333333333334,5,0.6266666666666666,266.2772095072369,48.769444444444446
config_D,test,1600000,0.5599999999999999,0.36270588023294514,299.83065759619774,509.49761850492047,47.266666666666666,10,0.5733333333333333,284.108331019722,48.75
config_D,test,1610000,0.68,0.30331501776206204,206.70637109647583,291.5478049930184,49.586666666666666,5,0.6,272.26692835188334,47.94555555555556
config_D,test,1620000,0.8,0.34641016151377546,239.21234289114108,422.0889821362333,49.78,5,0.68,248.5831238612715,48.87777777777777
config_D,test,1630000,0.72,0.3346640106136302,264.1992272782821,413.16031276342073,50.57333333333333,5,0.7333333333333334,236.7059804219663,49.98
config_D,test,1640000,0.6799999999999999,0.4147288270665544,179.967259423061,278.76182388003565,44.99166666666667,5,0.7333333333333334,227.79294319749468,48.44833333333333
config_D,test,1650000,0.64,0.36270588023294514,235.22775141980324,393.8164496749911,44.59166666666667,10,0.68,226.4647460403821,46.71888888888889
config_D,test,1660000,0.72,0.4147288270665544,248.54572789025656,437.74009044334804,46.95,5,0.68,221.24691291104023,45.51111111111111
config_D,test,1670000,0.76,0.433589667773576,258.6975944283277,443.8658471242147,48.3875,5,0.7066666666666667,247.49035791279582,46.643055555555556
config_D,test,1680000,0.76,0.433589667773576,264.23594058662906,455.0234146552111,47.25,5,0.7466666666666666,257.1597543017378,47.52916666666667
config_D,test,1690000,0.72,0.4381780460041329,187.15769310270116,298.790442348167,48.333333333333336,5,0.7466666666666667,236.6970760392193,47.990277777777784
config_D,test,1700000,0.64,0.38643671323171835,258.55474497511256,437.6031422719066,46.36666666666666,10,0.7066666666666667,236.64945955481426,47.31666666666666
config_D,test,1710000,0.6799999999999999,0.4147288270665544,335.9248968752196,636.921562098133,46.30833333333334,5,0.68,260.54577831767773,47.00277777777777
config_D,test,1720000,0.72,0.3346640106136302,186.0407248425497,304.4032261699647,60.279999999999994,5,0.68,260.17345556429393,50.98499999999999
config_D,test,1730000,0.72,0.4381780460041329,158.91166337294848,232.83104024196126,46.21666666666667,5,0.7066666666666667,226.95909503023924,50.935
config_D,test,1740000,0.72,0.4381780460041329,162.55646542955898,233.4532319430394,46.416666666666664,5,0.72,169.1696178816857,50.97111111111111
config_D,test,1750000,0.72,0.3155242550986462,193.23005566011727,284.3069746193184,51.626666666666665,10,0.72,171.56606148754156,48.086666666666666
config_D,test,1760000,0.64,0.2966479394838265,207.00293315756306,349.09028744715636,59.336666666666666,5,0.6933333333333334,187.59648474907976,52.46
config_D,test,1770000,0.72,0.22803508501982758,166.36103176431808,247.80372655799707,53.64333333333333,5,0.6933333333333334,188.8646735273328,54.86888888888888
config_D,test,1780000,0.72,0.3346640106136302,264.69549872035424,474.99698570845476,49.376666666666665,5,0.6933333333333334,212.6864878807451,54.11888888888888
config_D,test,1790000,0.76,0.2607680962081059,196.73280165533544,317.98367374598774,50.239999999999995,5,0.7333333333333333,209.2631107133359,51.086666666666666
config_D,test,1800000,0.6799999999999999,0.28596814119369623,137.6747410998919,192.23861351760812,48.88666666666667,10,0.7200000000000001,199.70101382519383,49.50111111111111
config_D,test,1810000,0.72,0.33466401061363027,200.83510361384322,325.19425830858813,47.53,5,0.7199999999999999,178.41421545635683,48.885555555555555
config_D,test,1820000,0.64,0.40987803063838396,192.75941188569283,328.51906853476453,44.849999999999994,5,0.68,177.08975219980928,47.08888888888888
config_D,test,1830000,0.72,0.30331501776206204,140.57559263893475,204.63596648658117,49.230000000000004,5,0.6933333333333334,178.05670271282358,47.20333333333334
config_D,test,1840000,0.72,0.4147288270665544,390.0069491060519,749.7221001561194,51.075,5,0.6933333333333334,241.1139845435598,48.385
config_D,test,1850000,0.56,0.40879225911349043,381.9646933791099,700.6300681080509,50.5375,10,0.6666666666666666,304.1824117080322,50.28083333333334
config_D,test,1860000,0.68,0.38987177379235854,403.7776874412465,790.0017810933016,48.2875,5,0.6533333333333333,391.9164433088028,49.96666666666667
config_D,test,1870000,0.64,0.3847076812334269,241.07924899414473,425.47131778722564,47.80833333333334,5,0.6266666666666667,342.27387660483373,48.87777777777779
config_D,test,1880000,0.6,0.37416573867739417,308.75167784945813,597.6076752881789,47.53333333333333,5,0.64,317.8695380949498,47.87638888888889
config_D,test,1890000,0.64,0.3847076812334269,424.83963371317293,853.4499795661085,54.67916666666666,5,0.6266666666666666,324.89018685225864,50.00694444444445
config_D,test,1900000,0.64,0.27968235951204046,326.27588235059255,606.9464675252509,49.7,10,0.6266666666666666,353.2890646377412,50.637499999999996
config_D,test,1910000,0.6,0.24494897427831777,347.0589013988364,668.9872515528399,52.7,5,0.6266666666666666,366.05813915420066,52.359722222222224
config_D,test,1920000,0.64,0.260768096208106,347.04403681902136,686.4664256647686,52.7,5,0.6266666666666666,340.12627352281675,51.699999999999996
config_D,test,1930000,0.76,0.21908902300206642,265.82443522081394,479.788959821367,53.2,5,0.6666666666666666,319.9757911462239,52.866666666666674
config_D,test,1940000,0.6,0.14142135623730948,264.7698620418665,493.881732253486,51.516666666666666,5,0.6666666666666666,292.54611136056724,52.47222222222222
config_D,test,1950000,0.64,0.15776212754932312,277.2064547558399,494.8657816578195,51.4,10,0.6666666666666666,269.2669173395068,52.03888888888889
config_D,test,1960000,0.72,0.22803508501982758,223.40790863776957,388.14693821949646,52.41666666666667,5,0.6533333333333333,255.12807514515865,51.77777777777777
config_D,test,1970000,0.76,0.260768096208106,296.0288086204451,548.665436318689,53.95,5,0.7066666666666667,265.5477240046848,52.588888888888896
config_D,test,1980000,0.8400000000000001,0.1673320053068151,221.1316699167202,381.6605654305005,53.38666666666667,5,0.7733333333333333,246.8561290583116,53.25111111111111
config_D,test,1990000,0.76,0.21908902300206645,137.26837200865236,194.201004038236,51.54,5,0.7866666666666667,218.14295018193923,52.958888888888886
config_D,test,2000000,0.76,0.24585451886114365,128.4852627554175,173.8717364303669,55.08,10,0.7866666666666666,162.29510156026333,53.33555555555555
config_D,test,2010000,0.76,0.0894427190999916,217.92112354605564,386.0463784680166,52.266666666666666,5,0.76,161.2249194367085,52.962222222222216
config_D,test,2020000,0.76,0.16733200530681513,129.13321178952359,208.07918465199677,52.23,5,0.76,158.51319936366554,53.19222222222222
config_D,test,2030000,0.72,0.2280350850198276,232.47628332213986,440.2245540930634,51.03,5,0.7466666666666667,193.17687288590636,51.84222222222221
config_D,test,2040000,0.72,0.1788854381999832,248.07874213249065,453.7412654820639,48.85999999999999,5,0.7333333333333333,203.229412414718,50.70666666666667
config_D,test,2050000,0.6799999999999999,0.214993539954628,245.5935815738792,418.92310441007277,49.656666666666666,10,0.7066666666666667,242.04953567616988,49.84888888888889
config_D,test,2060000,0.64,0.21908902300206645,257.88353941775034,482.03012936299376,49.446666666666665,5,0.68,250.5186210413734,49.3211111111111
config_D,test,2070000,0.72,0.2280350850198276,261.80666452081647,474.70211210575377,50.31666666666667,5,0.68,255.09459517081532,49.80666666666667
config_D,test,2080000,0.6799999999999999,0.22803508501982758,273.51011654832297,491.51621177987596,49.016666666666666,5,0.68,264.40010682896326,49.593333333333334
config_D,test,2090000,0.8,0.14142135623730953,167.6158254795842,273.4429619736993,52.69,5,0.7333333333333334,234.3108688495745,50.67444444444445
config_D,test,2100000,0.72,0.1686548085423136,281.26338779511036,309.39055583262046,66.84333333333333,10,0.7333333333333334,240.79644327433917,56.18333333333334
config_D,test,2110000,0.76,0.2607680962081059,153.55110487692681,201.62005814176453,50.63666666666667,5,0.7600000000000001,200.81010605054044,56.723333333333336
config_D,test,2120000,0.8,0.1414213562373095,63.627864796766076,39.504718916918236,49.66666666666667,5,0.7600000000000001,166.14745248960108,55.71555555555556
config_D,test,2130000,0.8400000000000001,0.16733200530681516,54.96214402310919,28.945607796519653,49.016666666666666,5,0.8000000000000002,90.71370456560066,49.77333333333333
config_D,test,2140000,0.8400000000000001,0.08944271909999157,50.4384700872906,30.412786906161696,49.28,5,0.8266666666666668,56.3428263023886,49.321111111111115
config_D,test,2150000,0.8,0.18856180831641273,54.897812994685694,27.53701652833291,59.98,10,0.8266666666666668,53.43280903502847,52.75888888888889
config_D,test,2160000,0.8,0.20000000000000004,55.88480981882303,34.304663231492036,48.269999999999996,5,0.8133333333333335,53.740364300266414,52.51
config_D,test,2170000,0.9199999999999999,0.17888543819998318,52.93090014995805,39.12695178185733,50.38666666666667,5,0.84,54.571174321155574,52.87888888888889
config_D,test,2180000,0.8800000000000001,0.17888543819998318,54.630214477174874,24.616881183086942,50.04333333333333,5,0.8666666666666667,54.48197481531863,49.56666666666666
config_D,test,2190000,0.76,0.21908902300206648,52.635096706803,23.255829644012938,46.70666666666666,5,0.8533333333333334,53.39873711131196,49.04555555555555
config_D,test,2200000,0.8800000000000001,0.16865480854231357,57.41763429772975,25.481080324535764,46.61333333333333,10,0.8400000000000002,54.89431516056919,47.787777777777784
config_D,test,2210000,0.8400000000000001,0.21908902300206645,50.03901479528876,33.66362102032626,58.026666666666664,5,0.8266666666666668,53.363915266607144,50.44888888888889
config_D,test,2220000,0.8400000000000001,0.1673320053068151,52.35642662975833,31.556355693094336,49.736666666666665,5,0.8533333333333335,53.27102524092559,51.458888888888886
config_D,test,2230000,0.8400000000000001,0.1673320053068151,57.957881408830474,27.71177337198357,46.18,5,0.8400000000000001,53.45110761129251,51.31444444444444
config_D,test,2240000,0.8400000000000001,0.2607680962081059,61.99028400897403,36.16169747982944,48.4,5,0.8400000000000001,57.43486401585426,48.105555555555554
config_D,test,2250000,0.8400000000000001,0.24585451886114365,61.42218405671382,23.329883833691806,50.57,10,0.8400000000000001,60.456783158172755,48.38333333333333
config_D,test,2260000,0.8800000000000001,0.17888543819998318,58.72028550878415,25.29776105932799,49.85666666666667,5,0.8533333333333335,60.71091785815731,49.608888888888885
config_D,test,2270000,0.8800000000000001,0.1095445115010332,62.79561580292393,28.74479712805663,46.79,5,0.8666666666666668,60.979361789473955,49.07222222222222
config_D,test,2280000,0.8400000000000001,0.08944271909999156,58.67780470227024,26.65583065923161,46.81,5,0.8666666666666668,60.06456867132609,47.81888888888889
config_D,test,2290000,1.0,0.0,64.63151343876523,26.136478825296855,49.160000000000004,5,0.9066666666666667,62.03497798131978,47.586666666666666
config_D,test,2300000,0.96,0.08432740427115677,66.66342782717064,25.332535284016313,47.07,10,0.9333333333333332,63.324248656068676,47.68000000000001
config_D,test,2310000,0.8800000000000001,0.1095445115010332,58.050844584744894,27.974380238254483,47.37,5,0.9466666666666667,63.1152619502269,47.866666666666674
config_D,test,2320000,0.96,0.08944271909999157,66.29806760194244,25.393719767261352,48.32,5,0.9333333333333332,63.6707800046193,47.586666666666666
config_D,test,2330000,0.9199999999999999,0.10954451150103317,61.690902091512974,24.770224179867906,46.78,5,0.9199999999999999,62.01327142606675,47.49
config_D,test,2340000,0.9199999999999999,0.1095445115010332,71.08113298584374,31.906514216298447,46.489999999999995,5,0.9333333333333332,66.3567008930997,47.196666666666665
config_D,test,2350000,0.96,0.08432740427115674,65.13873920834138,26.432342498611796,50.230000000000004,10,0.9333333333333332,65.97025809523268,47.833333333333336
config_D,test,2360000,0.96,0.08944271909999156,66.41337503282367,20.613252514650828,49.15,5,0.9466666666666667,67.54441574233624,48.623333333333335
config_D,test,2370000,0.9199999999999999,0.10954451150103317,59.22450114544987,27.588955182111984,46.67,5,0.9466666666666667,63.592205128871626,48.68333333333334
config_D,test,2380000,0.96,0.08944271909999157,64.82752397735746,29.996978523686717,45.92,5,0.9466666666666667,63.488466718543656,47.24666666666667
config_D,test,2390000,0.96,0.08944271909999157,65.76178642616111,27.184741671879838,46.0,5,0.9466666666666667,63.2712705163228,46.196666666666665
config_D,test,2400000,0.9199999999999999,0.10327955589886444,62.325960399642874,25.338917882086914,50.38,10,0.9466666666666667,64.30509026772047,47.43333333333334
config_D,test,2410000,0.8400000000000001,0.1673320053068151,156.91583654007883,198.11938931863764,47.52333333333333,5,0.9066666666666666,95.00119445529425,47.967777777777776
config_D,test,2420000,1.0,0.0,69.30335767426541,26.102818660198977,57.760000000000005,5,0.9199999999999999,96.18171820466235,51.887777777777785
config_D,test,2430000,0.72,0.2683281572999748,94.13383062258973,70.90343501414746,47.70666666666666,5,0.8533333333333334,106.78434161231132,50.99666666666667
config_D,test,2440000,0.8800000000000001,0.17888543819998315,140.30467372287754,152.1384979906301,46.96333333333333,5,0.8666666666666667,101.24728733991088,50.81
config_D,test,2450000,0.9199999999999999,0.16865480854231357,66.2565659439496,25.25311112775465,46.720000000000006,10,0.84,100.23169009647228,47.129999999999995
config_D,test,2460000,0.8800000000000001,0.17888543819998318,62.29074762553988,25.32264754880018,45.806666666666665,5,0.8933333333333334,89.61732909745565,46.49666666666667
config_D,test,2470000,0.9199999999999999,0.10954451150103317,59.15611682584803,25.207394879445264,56.910000000000004,5,0.9066666666666666,62.56781013177916,49.812222222222225
config_D,test,2480000,0.96,0.08944271909999157,65.15954094847163,27.530220610046094,46.54,5,0.9199999999999999,62.202135133286504,49.75222222222222
config_D,test,2490000,0.96,0.08944271909999157,64.60471074557805,23.928274831964224,46.760000000000005,5,0.9466666666666667,62.97345617329923,50.07
config_D,test,2500000,0.9199999999999999,0.10954451150103317,65.21122605822873,23.51382455125865,46.55,5,0.9466666666666667,64.99182591742613,46.61666666666667
config_D,train,10000,0.0,0.0,7.090158473397035,1.395383961276222,,5,0.0,7.090158473397035,
config_D,train,20000,0.0,0.0,8.949512451995542,5.691243801287188,,5,0.0,8.019835462696289,
config_D,train,30000,0.0,0.0,20.45419981957582,13.285772243297991,,5,0.0,12.164623581656132,
config_D,train,40000,0.0,0.0,23.21934121369523,8.429481826248486,,5,0.0,17.5410178284222,
config_D,train,50000,0.0,0.0,28.48493729055619,6.111837161762127,,10,0.0,24.052826107942412,
config_D,train,60000,0.0,0.0,30.103882059152845,7.2588288082908,,5,0.0,27.269386854468085,
config_D,train,70000,0.0,0.0,33.24935767489121,9.52689421772963,,5,0.0,30.61272567486675,
config_D,train,80000,0.0,0.0,34.8320455533529,9.286720549048257,,5,0.0,32.728428429132315,
config_D,train,90000,0.0,0.0,36.62938389520857,8.67363444291009,,5,0.0,34.903595707817566,
config_D,train,100000,0.0,0.0,35.65152297150577,3.5576723545724693,,10,0.0,35.70431747335575,
config_D,train,110000,0.0,0.0,37.707808731269914,11.878768337990907,,5,0.0,36.66290519932809,
config_D,train,120000,0.0,0.0,41.925326276222606,21.932762965261634,,5,0.0,38.42821932633276,
config_D,train,130000,0.0,0.0,34.89103765417601,10.078162541018937,,5,0.0,38.17472422055618,
config_D,train,140000,0.0,0.0,33.72597562299783,11.891418580286615,,5,0.0,36.847446517798815,
config_D,train,150000,0.0,0.0,36.58373072050316,12.783706241689904,,10,0.0,35.066914665892334,
config_D,train,160000,0.0,0.0,37.5918377814225,15.948357447434459,,5,0.0,35.967181374974494,
config_D,train,170000,0.0,0.0,42.79855955784481,20.066430396857527,,5,0.0,38.991376019923486,
config_D,train,180000,0.0,0.0,42.58215045485668,13.955137058044759,,5,0.0,40.990849264708,
config_D,train,190000,0.0,0.0,40.776708843676744,18.895964263871505,,5,0.0,42.052472952126074,
config_D,train,200000,0.00444444444444444,0.009369711585684077,52.841031229200574,29.568235986067744,110.0,10,0.00148148148148148,45.399963509244664,110.0
config_D,train,210000,0.0,0.0,55.45446577559742,44.61754025476684,,5,0.00148148148148148,49.69073528282491,110.0
config_D,train,220000,0.00444444444444444,0.009938079899999053,73.95436778325568,41.929641667578025,183.0,5,0.00296296296296296,60.749954929351226,146.5
config_D,train,230000,0.0,0.0,64.86573180020905,61.45720096193603,,5,0.00148148148148148,64.75818845302071,183.0
config_D,train,240000,0.00444444444444444,0.009938079899999053,75.90596520770252,78.07378761124724,450.0,5,0.00296296296296296,71.57535493038908,316.5
config_D,train,250000,0.0,0.0,89.64969134535926,106.41287847198274,,10,0.00148148148148148,76.80712945109026,450.0
config_D,train,260000,0.00888888888888888,0.012171612389003678,77.61892551307895,104.92186768450767,96.0,5,0.00444444444444444,81.0581940220469,273.0
config_D,train,270000,0.00444444444444444,0.009938079899999053,68.49265091310922,83.84017911996577,165.0,5,0.00444444444444444,78.58708925718247,130.5
config_D,train,280000,0.00444444444444444,0.009938079899999055,61.85101097401781,65.01731978822399,411.0,5,0.00592592592592592,69.32086246673532,224.0
config_D,train,290000,0.0,0.0,46.44377063840831,34.94978856063331,,5,0.00296296296296296,58.92914417517844,288.0
config_D,train,300000,0.0,0.0,74.3394244504912,74.8322811156291,,10,0.00148148148148148,60.87806868763911,411.0
config_D,train,310000,0.00888888888888888,0.01987615979999811,93.31048183690305,110.56221877372738,173.5,5,0.00296296296296296,71.36455897526751,173.5
config_D,train,320000,0.013333333333333319,0.029814239699997164,97.93315293938429,96.92653619266753,93.0,5,0.0074074074074074,88.52768640892617,133.25
config_D,train,330000,0.00444444444444444,0.009938079899999055,77.25628368829885,59.36692771571079,102.0,5,0.008888888888888878,89.49997282152873,122.83333333333333
config_D,train,340000,0.00888888888888888,0.01987615979999811,79.76772389702164,57.67982656186683,72.5,5,0.008888888888888878,84.98572017490159,89.16666666666667
config_D,train,350000,0.01777777777777776,0.03747884634273631,49.87487694412558,29.36812260059192,113.0,10,0.01037037037037036,68.96629484314869,95.83333333333333
config_D,train,360000,0.00444444444444444,0.009938079899999053,61.04391549917214,52.754177111103715,157.0,5,0.010370370370370358,63.56217211343979,114.16666666666667
config_D,train,370000,0.0222222222222222,0.03849001794597501,94.24612292916838,98.7386991303816,273.5,5,0.0148148148148148,68.38830512415537,181.16666666666666
config_D,train,380000,0.026666666666666637,0.02897423291201174,136.026120166007,115.06856035824688,149.05555555555557,5,0.017777777777777757,97.10538619811582,193.1851851851852
config_D,train,390000,0.03999999999999996,0.045542003404264834,172.04524817352126,138.18244888523122,86.08333333333333,5,0.0296296296296296,134.1058304228989,169.5462962962963
config_D,train,400000,0.08888888888888886,0.09714723739706667,140.05095493566185,92.58908629961181,110.22222222222223,10,0.051851851851851816,149.3741077583967,115.12037037037038
config_D,train,410000,0.0933333333333333,0.12804320258567053,124.58975928633558,86.0390305900247,114.7936507936508,5,0.07407407407407403,145.5619874651729,103.69973544973546
config_D,train,420000,0.0844444444444444,0.10931887889998969,166.99700493738243,96.35911595938371,82.6111111111111,5,0.08888888888888885,143.87923971979328,102.54232804232805
config_D,train,430000,0.06666666666666664,0.10304020550550781,189.6373491473367,87.78691438963855,86.52525252525253,5,0.08148148148148145,160.40803779035156,94.64333814333816
config_D,train,440000,0.04888888888888886,0.0636347602812282,253.2385189241877,138.2108860865525,66.64285714285715,5,0.06666666666666664,203.29095766963562,78.5930735930736
config_D,train,450000,0.07111111111111108,0.08689113065846032,214.45530416220055,107.91266362188946,118.73333333333333,10,0.0622222222222222,219.11039074457497,90.63381433381433
config_D,train,460000,0.06666666666666667,0.08748897637790902,256.7024018529353,187.28621981342016,74.19259259259259,5,0.0622222222222222,241.46540831310782,86.52292768959437
config_D,train,470000,0.11111111111111108,0.1206975610133357,192.9177703966687,112.96313949933227,94.09935897435898,5,0.08296296296296295,221.35849213726817,95.67509496676162
config_D,train,480000,0.0533333333333333,0.07470105028431824,176.6010338309766,138.12997189003502,65.69444444444444,5,0.07703703703703701,208.7404020268602,77.995465337132
config_D,train,490000,0.08888888888888886,0.09686442096757052,208.38237862129117,142.07340474997548,116.03939393939395,5,0.08444444444444442,192.63372761631217,91.94439911939912
config_D,train,500000,0.1422222222222222,0.16403686560789818,272.4752245583069,156.7489392316361,79.75438596491227,10,0.09481481481481478,219.15287900352487,87.16274144958356
config_D,train,510000,0.11555555555555552,0.17596295906514806,332.6208203158373,293.6345501267987,72.296783625731,5,0.11555555555555552,271.15947449847846,89.36352117667907
config_D,train,520000,0.15555555555555553,0.1547598697464902,290.1053690970212,216.95443578189148,141.35756302521008,5,0.13777777777777775,298.4004713237218,97.80291087195111
config_D,train,530000,0.12444444444444443,0.17398737005389675,268.6956751423843,266.3217579725692,144.53728070175438,5,0.13185185185185183,297.14062151841426,119.39720911756517
config_D,train,540000,0.16888888888888887,0.19913392726417647,315.210236397278,285.96708236544094,79.24545454545455,5,0.1496296296296296,291.3370935455611,121.71343275747302
config_D,train,550000,0.1644444444444444,0.13300370777756115,355.4228645127737,213.36787981195812,84.90246212121212,10,0.15259259259259259,313.10959201747863,102.89506578947369
config_D,train,560000,0.17333333333333328,0.186851760085137,437.1582699802686,289.9101022970217,77.75189393939394,5,0.16888888888888887,369.2637902967734,80.6332702020202
config_D,train,570000,0.16888888888888887,0.13014711523863395,373.3691869299286,279.6824073318341,70.51979166666666,5,0.16888888888888887,388.65010714099026,77.7247159090909
config_D,train,580000,0.18666666666666665,0.15283332323599466,397.82649735173334,213.34615067132304,82.28769841269842,5,0.17629629629629626,402.7846514206435,76.85312800625302
config_D,train,590000,0.1644444444444444,0.12432533982843876,363.386328087448,282.4472143446666,79.8173076923077,5,0.1733333333333333,378.1940041230366,77.54159925722426
config_D,train,600000,0.15111111111111106,0.13200989279967681,463.6848238477757,417.79879285343645,94.7626050420168,10,0.16740740740740737,408.29921642898563,85.62253704900763
config_D,train,610000,0.1644444444444444,0.1262957532300695,331.9865020961644,420.51877973976724,79.14285714285714,5,0.15999999999999995,386.35255134379605,84.57425662572722
config_D,train,620000,0.2577777777777778,0.252200194828642,434.1440286322054,391.9041598074412,74.69345238095238,5,0.1911111111111111,409.9384515253819,82.86630485527543
config_D,train,630000,0.24888888888888888,0.25161208630610066,437.22512882407534,453.04407053276344,80.61608187134503,5,0.22370370370370365,401.11855318414837,78.15079713171819
config_D,train,640000,0.2711111111111111,0.23275059507157622,491.8037047935428,440.7461306631417,89.3181216931217,5,0.25925925925925924,454.3909540832745,81.54255198180637
config_D,train,650000,0.24888888888888888,0.22291250813397367,474.44740378969334,412.33706353244924,74.46577380952381,10,0.2562962962962963,467.82541246910387,81.46665912466351
config_D,train,660000,0.31111111111111106,0.26712922844825127,460.88124667695047,363.4313298907046,73.87749474789916,5,0.277037037037037,475.7107850867289,79.22046341684823
config_D,train,670000,0.3022222222222222,0.24625591426124568,384.2768808661361,375.0938414205134,79.67619047619047,5,0.2874074074074074,439.86851044426,76.0064863445378
config_D,train,680000,0.23555555555555552,0.22199988877763865,426.6883452240565,379.6290302665836,93.23846153846154,5,0.2829629629629629,423.9488242557143,82.26404892085039
config_D,train,690000,0.28888888888888886,0.2914417121912001,443.0047507641016,274.02321358641336,81.1654331140351,5,0.2755555555555555,417.9899922847647,84.69336170956238
config_D,train,700000,0.31999999999999995,0.2516774995624524,382.5494255179266,175.18458225784698,75.25616765480896,10,0.28148148148148144,417.4141738353616,83.22002076910188
config_D,train,710000,0.30666666666666664,0.23221956404645566,365.019336262428,247.36307886469322,76.20975529100528,5,0.30518518518518517,396.85783751481875,77.54378535328311
config_D,train,720000,0.3244444444444444,0.19851299052557594,474.39692514517156,362.15093245835055,86.5547619047619,5,0.317037037037037,407.32189564184205,79.34022828352538
config_D,train,730000,0.39555555555555555,0.26499475885802387,471.18462784184055,353.7799507963904,94.92030303030302,5,0.3422222222222222,436.8669630831467,85.89494007535673
config_D,train,740000,0.32,0.22694971434109845,381.5870697456743,283.3435141633374,75.17999999999999,5,0.3466666666666667,442.38954091089545,85.55168831168832
config_D,train,750000,0.29333333333333333,0.181080433666341,426.0739027986916,335.8032210104957,85.90873205741627,10,0.3362962962962963,426.2818667954022,85.33634502923978
config_D,train,760000,0.30666666666666664,0.2057206544183665,419.1879213605224,304.25971395342475,76.0165520753756,5,0.30666666666666664,408.9496313016295,79.03509471093061
config_D,train,770000,0.2444444444444444,0.22553092366871597,331.7936762754841,260.2825312811337,90.50503663003661,5,0.28148148148148144,392.3518334782327,84.14344025427617
config_D,train,780000,0.4133333333333333,0.2921186973360886,402.2019593589271,344.5223927118264,85.90667242703535,5,0.3214814814814815,384.3945189983112,84.14275371081585
config_D,train,790000,0.4533333333333333,0.29254101748913813,298.8555998158405,338.82153948065013,77.0467241092241,5,0.3703703703703704,344.2837451500839,84.48614438876535
config_D,train,800000,0.4311111111111111,0.2701825831875318,328.4643543087828,270.3949452460123,80.065974002849,10,0.4325925925925926,343.1739711611835,81.00645684636947
config_D,train,810000,0.40444444444444444,0.25886742877197266,288.8690356140337,268.5290305656278,84.14450996642442,5,0.4296296296296296,305.3963299128857,80.41906935949918
config_D,train,820000,0.48888888888888893,0.2927097749404331,317.52592151541785,208.60790299900776,85.87699559438471,5,0.44148148148148153,311.61977047941144,83.36249318788605
config_D,train,830000,0.44000000000000006,0.27773332977720877,315.3734453458951,263.20460750519476,90.42276747655585,5,0.4444444444444445,307.2561341584489,86.81475767912167
config_D,train,840000,0.5066666666666666,0.3116661715187194,290.53931483079884,168.1533450156901,121.79495798319329,5,0.47851851851851857,307.81289389737066,99.36490701804462
config_D,train,850000,0.5422222222222223,0.31026339533627995,266.71004580392713,173.36938764901777,81.017766784133,10,0.4962962962962963,290.87426866020706,97.74516408129405
config_D,train,860000,0.49777777777777776,0.31214115198966014,287.8483273690291,222.14879031268734,79.38019457427352,5,0.5155555555555555,281.699229334585,94.06430644719994
config_D,train,870000,0.4177777777777777,0.27728845790780565,316.8795037685494,255.60213088013788,73.71677596031044,5,0.48592592592592593,290.4792923138352,78.03824577290565
config_D,train,880000,0.4666666666666666,0.2698879511442471,313.5788328681672,241.90137679136674,107.001404853129,5,0.4607407407407407,306.10222133524854,86.69945846257099
config_D,train,890000,0.47555555555555556,0.28871789811398607,375.41368398932156,305.7437811300019,94.92846638655462,5,0.4533333333333333,335.2906735420127,91.88221573333135
config_D,train,900000,0.4844444444444445,0.25805009030877635,373.68890266164163,293.35415410717104,87.59190981432361,10,0.47555555555555556,354.22713983971016,96.50726035133574
config_D,train,910000,0.4622222222222222,0.2682361222578916,398.41035641889266,332.84502782762206,83.74798534798535,5,0.4740740740740741,382.5043143566186,88.75612051628787
config_D,train,920000,0.48,0.3226434028956718,453.47658345008966,361.14846249713287,97.10297766749379,5,0.47555555555555556,408.52528084354134,89.48095760993425
config_D,train,930000,0.4844444444444444,0.3175523676070444,462.0270464128069,430.1961423639791,122.03788006756757,5,0.47555555555555556,437.9713287605964,100.9629476943489
config_D,train,940000,0.4355555555555556,0.33318515224873446,495.12794880972876,497.10727101856276,86.84722222222223,5,0.4666666666666666,470.2105262242085,101.99602665242787
config_D,train,950000,0.4533333333333333,0.2685529990633106,378.07217155859337,291.9551984440849,175.84623593951687,10,0.4577777777777778,445.0757222603763,128.2437794097689
config_D,train,960000,0.48,0.3469799154538992,383.0923084637435,429.21227019070443,84.52880152880152,5,0.45629629629629626,418.76414294402184,115.7407532301802
config_D,train,970000,0.4222222222222222,0.30912061651652345,381.5906892109417,328.70491836831565,74.10210317460317,5,0.4518518518518519,380.9183897444262,111.49238021430718
config_D,train,980000,0.37777777777777777,0.27125679146074894,355.3326386594749,312.9556642437645,76.09846153846154,5,0.4266666666666666,373.33854544472007,78.24312208062207
config_D,train,990000,0.3688888888888888,0.2826680642872506,357.6295272367525,267.0410473299371,77.82568681318682,5,0.38962962962962955,364.8509517023897,76.00875050875051
config_D,train,1000000,0.5733333333333334,0.3475645226338413,210.94937825979795,242.48883464278734,71.39202302631578,10,0.43999999999999995,307.97051471867513,75.10539045932138
config_D,train,1010000,0.5866666666666667,0.33503270523972273,269.6261530505981,326.11979935414814,69.99724164724164,5,0.5096296296296297,279.40168618238283,73.07165049558142
config_D,train,1020000,0.6755555555555556,0.3857332283545069,315.66486520564456,339.35336399545974,69.21153357567229,5,0.6118518518518519,265.4134655053469,70.20026608307656
config_D,train,1030000,0.6622222222222223,0.3775816484345709,250.39688213908843,291.4380046249885,61.53919547478999,5,0.6414814814814815,278.5626334651103,66.91599023256798
config_D,train,1040000,0.7155555555555555,0.36494545508224274,232.24113339430755,259.89308271760655,63.29797693297693,5,0.6844444444444444,266.1009602463468,64.68290199447974
config_D,train,1050000,0.7466666666666666,0.38307112162751933,174.9851301714349,192.6286872873421,61.0435582303875,10,0.7081481481481481,219.2077152349436,61.96024354605148
config_D,train,1060000,0.7155555555555556,0.39950586763100865,177.53853999492125,245.3106218485566,89.48845528455284,5,0.7259259259259259,194.92160118688787,71.2766634826391
config_D,train,1070000,0.7066666666666667,0.3872664569027058,179.3939152250008,162.46930649939947,62.41332550806235,5,0.7229629629629629,177.30586179711895,70.98177967433423
config_D,train,1080000,0.6844444444444444,0.3795383810842447,172.7671125021013,205.9448199486926,65.04387540564011,5,0.7022222222222222,176.56652257400776,72.31521873275177
config_D,train,1090000,0.6799999999999999,0.3854130380209564,156.70136659010373,210.81483339505166,67.77329004329005,5,0.6903703703703704,169.62079810573525,65.07683031899751
config_D,train,1100000,0.7155555555555555,0.3587510724187333,141.41821167077237,149.55035901055703,59.00730380730381,10,0.6933333333333334,156.96223025432576,63.94148975207799
config_D,train,1110000,0.6577777777777778,0.37138379868530336,163.85499124407062,211.18699089436774,62.23172339602572,5,0.6844444444444444,153.99152316831555,63.0041057488732
config_D,train,1120000,0.7333333333333334,0.41126123385159435,182.6909083367893,254.20714280430914,53.46295909611281,5,0.7022222222222222,162.6547037505441,58.23399543314745
config_D,train,1130000,0.7422222222222222,0.4038701661562923,201.6691852336674,299.40959534764715,57.937567084078715,5,0.7111111111111111,182.73836160484242,57.87741652540575
config_D,train,1140000,0.7644444444444444,0.4279148409568323,269.1375186520653,408.9602549276573,54.657467532467535,5,0.7466666666666667,217.8325374075073,55.35266457088636
config_D,train,1150000,0.7466666666666666,0.3864935045779331,199.02683081733093,263.7920143194245,67.47376272376273,10,0.751111111111111,223.2778449010212,60.022932446769666
config_D,train,1160000,0.6977777777777777,0.3626377984153144,221.83791727202305,334.46899628800554,68.81474201474201,5,0.7362962962962962,230.00075558047308,63.648657423657426
config_D,train,1170000,0.7022222222222222,0.3958425924842997,251.30183560441964,395.18739553174464,57.54102824682093,5,0.7155555555555555,224.05552789792452,64.6098443284419
config_D,train,1180000,0.7288888888888889,0.4137751521577992,272.48146862728044,438.3618411140366,52.25241966705382,5,0.7096296296296295,248.5404071679077,59.536063309538925
config_D,train,1190000,0.7066666666666667,0.4013557271960703,259.53572247414394,395.6162276340752,52.43871753246753,5,0.7125925925925927,261.1063422352813,54.077388482114095
config_D,train,1200000,0.7466666666666667,0.39602967839903047,262.82950150446766,408.8748099172269,52.03297803617571,10,0.7274074074074074,264.94889753529736,52.24137174523236
config_D,train,1210000,0.711111111111111,0.38554114606438833,272.7297594709028,457.74964106034474,73.97247029393371,5,0.7214814814814815,265.03166114983816,59.481388620858986
config_D,train,1220000,0.7333333333333333,0.3990729999126216,281.7806066063155,456.4964345542716,73.43292358803987,5,0.7303703703703704,272.44662252722867,66.47945730604977
config_D,train,1230000,0.7644444444444444,0.42820325161231315,258.3131973707837,417.16255476824233,51.190883952972726,5,0.7362962962962962,270.94118781600065,66.19875927831545
config_D,train,1240000,0.7466666666666667,0.38733020971520515,177.95576328624665,231.9209910335123,62.09763156236213,5,0.7481481481481481,239.3498557544486,62.24047970112491
config_D,train,1250000,0.7422222222222222,0.3822107376971165,171.48511411719227,204.57418547509417,54.1163393787784,10,0.751111111111111,202.58469159140756,55.80161829803776
config_D,train,1260000,0.7333333333333334,0.41066041361280725,221.08065295078018,347.0923302005473,51.62846355643789,5,0.7407407407407408,190.17384345140636,55.94747816585948
config_D,train,1270000,0.6933333333333334,0.389174498295375,252.22311269337865,423.45223448577997,50.19227244735107,5,0.722962962962963,214.929626587117,51.97902512752247
config_D,train,1280000,0.6666666666666666,0.3728435941236115,257.0908852867507,437.73232286046357,50.603840682788054,5,0.6977777777777777,243.4648836436365,50.80819222885901
config_D,train,1290000,0.6977777777777778,0.3920821279550094,252.65573107346268,413.6741807267198,49.86545886545886,5,0.6859259259259259,253.98990968453066,50.22052399853266
config_D,train,1300000,0.6888888888888889,0.34298776008267334,194.3049692562035,278.16598766675077,61.92872044977308,10,0.6844444444444444,234.68386187213892,54.132673332673335
config_D,train,1310000,0.7244444444444444,0.38025332686590996,251.56629847859259,399.96198358287455,57.984146341463415,5,0.7037037037037037,232.84233293608625,56.59277521889846
config_D,train,1320000,0.7333333333333333,0.4003085229922627,267.5259497852629,460.7132816020041,59.73474858474858,5,0.7155555555555555,237.79907250668634,59.88253845866169
config_D,train,1330000,0.711111111111111,0.3931512447323141,237.66542112815233,384.92477875396423,58.68226250640885,5,0.7229629629629629,252.2525564640026,58.800385810873614
config_D,train,1340000,0.7288888888888889,0.3988873413773758,272.2266929529584,464.9206691128601,53.591196581196584,5,0.7244444444444444,259.13935462212453,57.33606922411801
config_D,train,1350000,0.6933333333333332,0.3651183170693215,241.20075148001843,381.3690927343154,56.59235722610722,10,0.7111111111111111,250.3642885203764,56.288605437904216
config_D,train,1360000,0.6977777777777778,0.3860531531240705,257.12197864341573,449.79400354578456,61.94888685617788,5,0.7066666666666667,256.84980769213087,57.37748022116057
config_D,train,1370000,0.7155555555555555,0.3785612790227081,268.29056570116006,425.009812615359,53.99246088193456,5,0.7022222222222222,255.5377652748647,57.51123498807323
config_D,train,1380000,0.7066666666666667,0.3736374422774101,262.7577776967875,405.21244205775,56.91518596084079,5,0.7066666666666667,262.7234406804544,57.61884456631774
config_D,train,1390000,0.7155555555555556,0.4016632088371218,259.98006743353346,360.193735250797,48.06160554561718,5,0.7125925925925927,263.676136943827,52.98975079613084
config_D,train,1400000,0.72,0.35758679052392534,256.5364671186547,366.8183428136273,52.50493259414954,10,0.7140740740740741,259.75810408299185,52.49390803353584
config_D,train,1410000,0.6888888888888889,0.3794082461991972,282.61152540684674,472.0198202839021,52.12620708748616,5,0.7081481481481481,266.37601998634494,50.89758174241763
config_D,train,1420000,0.7377777777777778,0.3662961090513696,272.34312609159394,481.9403286870982,63.24172039148783,5,0.7155555555555555,270.4970395390318,55.95762002437451
config_D,train,1430000,0.7155555555555555,0.36696957185394363,253.09517326608898,422.87173898337227,50.565379665379666,5,0.7140740740740741,269.34994158817653,55.31110238145123
config_D,train,1440000,0.7555555555555556,0.34783279649996734,229.72908953808783,383.7923767149278,51.708130081300816,5,0.7362962962962963,251.7224629652569,55.17174337938943
config_D,train,1450000,0.7422222222222222,0.3799068545143611,280.36757985900545,468.2602973178238,50.53828701077708,10,0.7377777777777778,254.39728088772742,50.93726558581918
config_D,train,1460000,0.7244444444444443,0.41502640106413335,298.41135169563546,526.1886007661838,47.15329496543629,5,0.7407407407407408,269.50267369757626,49.7999040191714
config_D,train,1470000,0.7555555555555555,0.41275945824459354,282.95160338944396,500.31280877742705,72.37960246471874,5,0.7407407407407408,287.2435116480283,56.69039481364405
config_D,train,1480000,0.7333333333333334,0.41126123385159435,289.80630315138177,504.11698270516126,48.3920395637639,5,0.7377777777777778,290.3897527454871,55.97497899797298
config_D,train,1490000,0.7155555555555555,0.3923339469456167,235.51398329001137,401.9101246041988,49.340146804100286,5,0.7348148148148148,269.4239632769457,56.703929610860975
config_D,train,1500000,0.7288888888888889,0.3878540022009824,239.7393824902746,389.29862674636763,46.656916062403866,10,0.7259259259259259,255.01988964388923,48.12970081008935
config_D,train,1510000,0.7288888888888889,0.3935906252020157,280.2799979016106,453.49271411051143,54.49754369965041,5,0.7244444444444444,251.84445456063222,50.16486885538486
config_D,train,1520000,0.7022222222222222,0.387330209715205,253.32312926207777,454.1130243300475,59.00313130406154,5,0.7200000000000001,257.780836551321,53.38586368870528
config_D,train,1530000,0.7288888888888889,0.41198106153284325,269.45322002558294,485.5557620620316,46.43423141186299,5,0.7200000000000001,267.6854490630904,53.31163547185832
config_D,train,1540000,0.7066666666666667,0.3970259810511519,266.9414398165554,485.0850675588571,44.96377895752896,5,0.7125925925925926,263.2392630347387,50.13371389115117
config_D,train,1550000,0.6711111111111111,0.3827272001561543,275.95622112902805,433.1253438660761,45.03160405485987,10,0.7022222222222222,270.78362699038877,45.47653814141728
config_D,train,1560000,0.6666666666666666,0.3884124065099674,256.07849438419987,451.803947637633,44.326605048177626,5,0.6814814814814815,266.3253851099277,44.773996020188825
config_D,train,1570000,0.6666666666666666,0.38873012632302,289.83198300820584,528.4113636345311,43.92857142857143,5,0.668148148148148,273.95556617381123,44.42892684386965
config_D,train,1580000,0.6177777777777778,0.38502845814335196,308.47218944842854,502.95264461017615,50.55439699189699,5,0.6503703703703704,284.79422228027806,46.269857822882024
config_D,train,1590000,0.6222222222222222,0.38135560670512253,320.9581369631386,510.64164450139435,44.4694476744186,5,0.6355555555555555,306.42076980659095,46.317472031629016
config_D,train,1600000,0.64,0.36270588023294514,356.2241324364383,588.0362963841986,44.86733974358974,10,0.6266666666666666,328.55148628266846,46.63039480330178
config_D,train,1610000,0.6488888888888888,0.37462738689576036,302.14876565898237,508.96733190581625,49.059161976235146,5,0.637037037037037,326.44367835285306,46.1319831314145
config_D,train,1620000,0.671111111111111,0.36528358677256784,298.5570481604717,451.1691082457632,47.42460084718149,5,0.6533333333333333,318.9766487519641,47.11703418900213
config_D,train,1630000,0.7155555555555555,0.396403585338397,335.9940359277524,592.7739935659204,49.46563407181054,5,0.6785185185185184,312.23328324906885,48.649798965075725
config_D,train,1640000,0.711111111111111,0.3849001794597504,312.84872047616,489.0040074187347,52.83690476190476,5,0.6992592592592591,315.7999348547947,49.90904656029894
config_D,train,1650000,0.7155555555555555,0.3710808001223975,308.6889928801887,488.76929144228734,46.4141196013289,10,0.714074074074074,319.177249761367,49.572219478348075
config_D,train,1660000,0.711111111111111,0.3871389197818743,329.8176246089381,600.7648846048966,48.866126126126126,5,0.7125925925925926,317.1184459884289,49.37238349645327
config_D,train,1670000,0.7333333333333333,0.38745768387028207,330.31304334511333,620.9725015104623,51.888296322200844,5,0.7200000000000001,322.93988694474666,49.05618068321863
config_D,train,1680000,0.7333333333333332,0.39814384149264254,327.63262540349456,613.7955408430983,48.388744588744586,5,0.7259259259259259,329.254431119182,49.714389012357195
config_D,train,1690000,0.7422222222222221,0.3857332283545069,237.34029554499838,419.45164461773373,48.805762609483544,5,0.7362962962962962,298.42865476453545,49.694267840143
config_D,train,1700000,0.7244444444444444,0.3612506852770922,280.04149397906565,472.4477350888292,46.63013804786068,10,0.7333333333333333,281.6714716425195,47.941548415362945
config_D,train,1710000,0.7333333333333333,0.3928371006591931,341.61116841462814,658.7755047628963,59.00555730712849,5,0.7333333333333333,286.33098597956405,51.480485988157575
config_D,train,1720000,0.7244444444444443,0.37927806666330155,343.91606088300625,655.3853343068271,45.48019744483159,5,0.7274074074074074,321.85624109223335,50.37196426660693
config_D,train,1730000,0.7244444444444443,0.36703685017000137,286.5073572459711,499.3675968064279,52.081839826839825,5,0.7274074074074073,324.0115288478685,52.189198192933304
config_D,train,1740000,0.7244444444444443,0.36703685017000137,274.43073991712333,501.560615578401,48.241774891774895,5,0.7244444444444443,301.6180526820336,48.60127072114877
config_D,train,1750000,0.7466666666666666,0.32138247323323177,274.1330584163676,469.0202898846386,48.975334425334424,10,0.7318518518518516,278.3570518598206,49.766316381316386
config_D,train,1760000,0.7555555555555555,0.2905932629027116,230.15343382339543,374.43926320607244,52.12538432610379,5,0.7422222222222222,259.57241071896215,49.78083121440437
config_D,train,1770000,0.7733333333333333,0.3594920971332118,266.98438006533814,479.05817698769033,47.4888088485536,5,0.7585185185185185,257.0902907683671,49.529842533330616
config_D,train,1780000,0.7822222222222223,0.38885714156128076,316.3151874857271,551.2314535120901,48.41155227831348,5,0.7703703703703703,271.15100045815353,49.341915150990296
config_D,train,1790000,0.7688888888888888,0.3680445491016771,299.59608101624616,555.8123178588737,46.43118547929665,5,0.7748148148148148,294.2985495224371,47.443848868721254
config_D,train,1800000,0.7333333333333333,0.30827632661755283,330.3199791999153,596.3415847811734,51.43341522975669,10,0.7614814814814815,315.4104159006295,48.75871766245561
config_D,train,1810000,0.7244444444444444,0.3405152232778303,346.8802051300139,665.2662686447246,48.846482418384554,5,0.7422222222222222,325.5987551153918,48.90369437581264
config_D,train,1820000,0.7333333333333333,0.3258417399692263,350.3818432272739,648.3894947006129,47.434243348115295,5,0.7303703703703704,342.52734251906764,49.23804699875219
config_D,train,1830000,0.711111111111111,0.35590260840104376,344.9513240277978,650.7738563787799,47.93269336805922,5,0.7229629629629629,347.40445746169524,48.07113971151969
config_D,train,1840000,0.72,0.3376022935970301,367.54891006815154,674.4568900718065,51.8751280607937,5,0.7214814814814815,354.29402577440777,49.080688258989404
config_D,train,1850000,0.711111111111111,0.3125188608848739,361.13697496467597,650.9476182915075,50.74474451880061,10,0.714074074074074,357.8790696868751,50.184188649217845
config_D,train,1860000,0.7333333333333333,0.3552081636254618,382.8391447497394,742.4299014624936,50.58784764016471,5,0.7214814814814815,370.5083432608556,51.06924007325301
config_D,train,1870000,0.711111111111111,0.31071403231354583,303.02694167543126,561.2920123035219,48.302284581231945,5,0.7185185185185183,349.0010204632822,49.87829224673243
config_D,train,1880000,0.7511111111111111,0.32712741505262494,263.1471207174002,475.62486506224934,47.50219334719335,5,0.7318518518518519,316.3377357141903,48.79744185619668
config_D,train,1890000,0.7511111111111111,0.31599343640628336,275.60053445870466,506.56109296127556,49.34452039188882,5,0.7377777777777776,280.5915322838453,48.382999440104705
config_D,train,1900000,0.7733333333333332,0.2960739906781821,254.57464536244373,432.82393761888807,59.02805839666305,10,0.7585185185185184,264.44076684618284,51.95825737858174
config_D,train,1910000,0.7288888888888889,0.25062883875327435,259.57075583098697,462.1932907864961,50.941672044379736,5,0.751111111111111,263.2486452173784,53.104750277643866
config_D,train,1920000,0.6888888888888889,0.2114033065604495,275.77696033858604,506.00483067122497,51.14271444162406,5,0.7303703703703702,263.3074538440056,53.704148294222286
config_D,train,1930000,0.7511111111111111,0.19077489805630898,264.68069316497207,489.7421318337891,49.712200012225686,5,0.7229629629629629,266.6761364448484,50.59886216607649
config_D,train,1940000,0.7555555555555555,0.19245008972987526,238.20980682858072,415.81060440856805,51.985850387339475,5,0.7318518518518519,259.5558201107129,50.94692161372975
config_D,train,1950000,0.7511111111111111,0.17110950776866263,266.8043477374633,456.0767186239881,50.44691331191331,10,0.7525925925925926,256.564949243672,50.71498790382616
config_D,train,1960000,0.7777777777777778,0.16405358955814892,231.92110624974916,416.69543407704646,49.17977801681491,5,0.7614814814814815,245.6450869385977,50.5375139053559
config_D,train,1970000,0.7866666666666667,0.15760553979108574,259.9002501709891,447.8531184657691,50.32855629877369,5,0.7718518518518519,252.87523471940048,49.98508254250064
config_D,train,1980000,0.8355555555555556,0.15682025568335428,230.36891764177318,373.97671036241513,48.88326829268293,5,0.8000000000000002,240.73009135417047,49.46386753609051
config_D,train,1990000,0.8488888888888889,0.13090379088909462,206.56131265835626,278.6852040389108,49.10087196316635,5,0.8237037037037038,232.27682682370616,49.43756551820766
config_D,train,2000000,0.8088888888888889,0.18300944079030826,192.60344170700984,280.5696548780767,49.1902860810563,10,0.831111111111111,209.84455733571303,49.05814211230186
config_D,train,2010000,0.8088888888888889,0.10954451150103321,235.30665176811362,387.1315861257692,49.12728327228327,5,0.8222222222222223,211.49046871115988,49.13948043883531
config_D,train,2020000,0.7911111111111111,0.10954451150103325,182.2473247253601,248.76754042470213,48.69146341463415,5,0.802962962962963,203.38580606682783,49.003010922657914
config_D,train,2030000,0.8088888888888889,0.14281128011608557,188.0619019912907,243.58282732289123,48.678400397137615,5,0.802962962962963,201.87195949492147,48.832382361351684
config_D,train,2040000,0.8444444444444444,0.08164965809277265,164.0389109343917,213.81257973519143,48.73348042362003,5,0.8148148148148149,178.1160458836808,48.7011147451306
config_D,train,2050000,0.8266666666666668,0.10091488216845283,173.12169584268236,231.711699969003,47.95939835014186,10,0.8266666666666667,175.07416958945487,48.45709305696651
config_D,train,2060000,0.8044444444444444,0.1169573099283624,165.48207659699443,227.45953577054308,48.33658839193851,5,0.8251851851851852,167.54756112468945,48.34315572190014
config_D,train,2070000,0.8266666666666665,0.1270753640488515,176.97440659435117,208.17778460039125,48.58235023041475,5,0.8192592592592591,171.8593930113426,48.292778990831714
config_D,train,2080000,0.8133333333333332,0.0976261450510613,167.45102281391172,211.31980344577147,50.324758961142074,5,0.8148148148148148,169.9691686684191,49.08123252783178
config_D,train,2090000,0.7955555555555556,0.10110500592068734,178.49754748207448,241.15358887992124,50.917181467181464,5,0.8118518518518517,174.30765896344576,49.94143021957944
config_D,train,2100000,0.8177777777777777,0.06853353188871338,156.85270927367486,179.167450016859,48.760180220997256,10,0.8088888888888889,167.6004265232203,50.000706883106936
config_D,train,2110000,0.831111111111111,0.07302967433402212,152.56173728965265,146.2440287311063,48.05890647226174,5,0.8148148148148148,162.6373313484673,49.24542272014683
config_D,train,2120000,0.8755555555555556,0.04868644955601484,112.27153422849949,100.38110401859103,49.27791694133158,5,0.8414814814814814,140.56199359727563,48.699001211530195
config_D,train,2130000,0.8800000000000001,0.046080980785172754,95.75923838025818,58.116198983929074,48.2121598719518,5,0.8622222222222223,120.19750329947009,48.51632776184837
config_D,train,2140000,0.9022222222222223,0.06206328908341749,94.62251466411347,55.91561241820493,47.97644518272425,5,0.885925925925926,100.884429090957,48.488840665335886
config_D,train,2150000,0.8533333333333333,0.09204281224894265,85.92294733420526,50.25053100409226,48.13395648200668,10,0.8785185185185186,92.10156679285893,48.10752051222758
config_D,train,2160000,0.888888888888889,0.05665577237325308,73.08097199659584,48.996661580039614,49.24784240150094,5,0.8814814814814814,84.54214466497149,48.45274802207729
config_D,train,2170000,0.8800000000000001,0.04036867138796653,77.9380273196741,50.603824954527894,47.451043180183106,5,0.8740740740740742,78.9806488834917,48.27761402123025
config_D,train,2180000,0.8933333333333333,0.050674463337739416,75.61548885113673,49.11608130616103,48.55760505915953,5,0.8874074074074074,75.54482938913553,48.418830213614534
config_D,train,2190000,0.9022222222222223,0.05115939748098375,70.08553977766087,41.84095948233961,49.859079496594795,5,0.8918518518518518,74.54635198282386,48.62257591197915
config_D,train,2200000,0.8755555555555556,0.0792281004866426,64.76225985413086,19.649544526168178,47.64133300543163,10,0.8903703703703704,70.15442949430945,48.68600585372866
config_D,train,2210000,0.8666666666666666,0.12272623352430292,59.9700154767347,21.38477148403432,48.28474150510736,5,0.8814814814814814,64.9392717028421,48.59505133571127
config_D,train,2220000,0.8800000000000001,0.12629575323006956,60.070656611673584,22.3874208486937,46.84870305845916,5,0.8740740740740741,61.60097731417968,47.591592522999385
config_D,train,2230000,0.8577777777777778,0.09506333171647752,91.39022500321482,54.264197925571295,47.27020456333595,5,0.8681481481481481,70.47696569720766,47.46788304230083
config_D,train,2240000,0.7866666666666666,0.20763215336529914,93.4635582191186,64.05372849491216,49.8630447740974,5,0.8414814814814814,81.64147994466897,47.99398413196417
config_D,train,2250000,0.8088888888888889,0.14101338114715012,59.57136534132901,22.451146282101284,48.14969841269841,10,0.8177777777777777,81.47504952122078,48.42764925004392
config_D,train,2260000,0.7955555555555556,0.13644516829341116,85.27072960825788,55.74297634058633,47.73186426508588,5,0.797037037037037,79.43521772290178,48.581535817293904
config_D,train,2270000,0.8311111111111111,0.1591644851508443,72.9002118358818,33.67974688300862,46.9437128101024,5,0.8118518518518519,72.58076892848953,47.6084251626289
config_D,train,2280000,0.8400000000000001,0.12412657816683499,84.27186418142057,52.0328122136752,47.386318681318684,5,0.8222222222222223,80.81426854185338,47.35396525216899
config_D,train,2290000,0.8800000000000001,0.1329624471257919,83.48554545002585,51.983000840614146,47.33084466599048,5,0.8503703703703703,80.21920715577603,47.22029205247053
config_D,train,2300000,0.8800000000000001,0.07042882562373162,86.10598924499182,48.49562458266726,46.41650085925552,10,0.8666666666666668,84.62113295881271,47.044554735521565
config_D,train,2310000,0.8755555555555556,0.07131914015947205,81.96108178006418,49.69558237644802,46.00742165534131,5,0.8785185185185186,83.85087215836059,46.584922393529105
config_D,train,2320000,0.888888888888889,0.054433105395181786,75.13642295974901,40.40908102943335,46.57596396288817,5,0.8814814814814816,81.0678313282683,46.333295492495004
config_D,train,2330000,0.8977777777777778,0.060041138160472435,67.20209856618865,24.815016932910638,45.99889840881273,5,0.8874074074074074,74.76653443533391,46.19409467568074
config_D,train,2340000,0.9244444444444444,0.025337231668869753,79.50425448524332,45.455247527539576,45.778936471922854,5,0.9037037037037038,73.94759200372697,46.117932947874586
config_D,train,2350000,0.9155555555555555,0.03747884634273638,71.1801980503287,25.74151962846457,45.510814753406926,10,0.9125925925925925,72.62885036725352,45.762883211380846
config_D,train,2360000,0.9066666666666666,0.04554200340426482,62.17207018758413,18.2756872899599,46.268909545738815,5,0.9155555555555556,70.95217424105202,45.85288692368954
config_D,train,2370000,0.8711111111111111,0.11904973543092333,54.711154588915406,22.114419952595146,45.169719142645974,5,0.8977777777777777,62.687807608942705,45.64981448059725
config_D,train,2380000,0.8622222222222222,0.10931887889998972,52.804093067092424,20.699335880502087,44.994054834054836,5,0.88,56.56243928119728,45.47756117414655
config_D,train,2390000,0.8666666666666666,0.07200822998230957,54.1455673839316,21.17367868078886,46.635485986881335,5,0.8666666666666666,53.886938346646446,45.59975332119405
config_D,train,2400000,0.8577777777777778,0.0672403301802087,65.44580998234521,24.41925192856513,46.56731931452161,10,0.8622222222222223,57.465156811123045,46.0656200451526
config_D,train,2410000,0.8311111111111111,0.05794846582402357,53.64737773217447,14.024878586418932,45.95992012382256,5,0.8518518518518517,57.74625169948373,46.38757514174184
config_D,train,2420000,0.8444444444444444,0.07027283689263067,50.566062657217394,16.864539860046712,45.42168568192958,5,0.8444444444444444,56.553083457245656,45.982975040091254
config_D,train,2430000,0.8266666666666665,0.10351835287868544,55.272648380627444,17.788729613611142,46.55523011773465,5,0.8340740740740741,53.1620295900064,45.97894530782893
config_D,train,2440000,0.8488888888888889,0.07761888531810215,55.44579372052224,17.40183756014766,44.97929812561499,5,0.84,53.761501586122314,45.65207130842641
config_D,train,2450000,0.8444444444444444,0.11944085553034887,56.25615237707393,18.05299391192656,45.57631734119539,10,0.8399999999999999,55.65819815940784,45.70361519484835
config_D,train,2460000,0.8222222222222222,0.1655518269527926,56.1018770824233,20.400325771829326,45.80158948368704,5,0.8385185185185184,55.934607726673114,45.452401650165804
config_D,train,2470000,0.8266666666666668,0.09609665915750956,62.46414644059073,22.05209652405334,44.75588639719454,5,0.8311111111111112,58.27405863336262,45.37793107402566
config_D,train,2480000,0.8355555555555556,0.1682150299357828,55.67815665482239,20.1741075377456,45.50878636061479,5,0.8281481481481482,58.08139339261211,45.35542074716546
config_D,train,2490000,0.8266666666666665,0.18080751650495994,56.832117541337574,19.04965789472984,45.34393087671137,5,0.8296296296296296,58.32480687891686,45.20286787817357
config_D,train,2500000,0.8488888888888889,0.16733200530681505,78.42403541726353,49.16188269771878,45.292082800920014,5,0.837037037037037,63.644769871141115,45.38160001274873
config_E,test,50000,0.0,0.0,29.68438901877139,19.778416673543106,,5,0.0,29.68438901877139,
config_E,test,100000,0.0,0.0,35.19117305729519,20.095420690536454,,10,0.0,32.43778103803329,
config_E,test,150000,0.0,0.0,38.284816413449036,42.83732606226248,,5,0.0,34.386792829838534,
config_E,test,200000,0.0,0.0,36.259357285390074,16.293635845684705,,10,0.0,36.57844891871144,
config_E,test,250000,0.04,0.0894427190999916,29.532286308178204,14.712451278833006,65.0,5,0.013333333333333334,34.69215333567244,65.0
config_E,test,300000,0.0,0.0,165.99928910672878,180.36434301565816,,10,0.013333333333333334,77.26364423343234,65.0
config_E,test,350000,0.0,0.0,168.60284018150475,204.80849153421096,,5,0.013333333333333334,121.37813853213724,65.0
config_E,test,400000,0.04,0.0843274042711568,140.58562847161085,212.9067479636813,54.0,10,0.013333333333333334,158.39591925328145,54.0
config_E,test,450000,0.04,0.0894427190999916,44.98326069865246,23.435912729932816,211.0,5,0.02666666666666667,118.05724311725601,132.5
config_E,test,500000,0.04,0.0843274042711568,304.7375515911166,392.95390616539834,35.0,10,0.04,163.4354802537933,100.0
config_E,test,550000,0.08,0.1788854381999832,184.3239186507422,367.03873841538666,219.5,5,0.05333333333333334,178.01491031350375,155.16666666666666
config_E,test,600000,0.12000000000000002,0.16865480854231357,236.32314068568658,424.6845126390924,51.0,10,0.08000000000000002,241.7948703091818,101.83333333333333
config_E,test,650000,0.04,0.0894427190999916,41.52307946262604,45.31463801374268,70.0,5,0.08,154.05671293301828,113.5
config_E,test,700000,0.08,0.10327955589886445,87.99953539626857,113.60291925836847,246.5,10,0.08000000000000002,121.94858518152706,122.5
config_E,test,750000,0.08,0.1788854381999832,176.3029061837859,250.60720874586423,251.0,5,0.06666666666666667,101.94184034756017,189.16666666666666
config_E,test,800000,0.16,0.33730961708462714,177.54503740272452,229.0884759423401,95.25,10,0.10666666666666669,147.28249299425966,197.58333333333334
config_E,test,850000,0.08,0.1788854381999832,235.77815283967138,258.1882339860754,58.5,5,0.10666666666666669,196.5420321420606,134.91666666666666
config_E,test,900000,0.2,0.18856180831641267,86.59715471813081,125.35391790712808,65.5,10,0.1466666666666667,166.64011498684224,73.08333333333333
config_E,test,950000,0.12000000000000002,0.1788854381999832,99.83510353602887,172.02401678732497,52.5,5,0.1333333333333334,140.73680369794366,58.833333333333336
config_E,test,1000000,0.44000000000000006,0.38643671323171835,219.87261085771507,165.5793537528654,60.138888888888886,10,0.2533333333333334,135.43495637062492,59.379629629629626
config_E,test,1050000,0.4,0.37416573867739417,263.5027250153142,260.13018351599436,64.36111111111111,5,0.32000000000000006,194.4034798030194,59.0
config_E,test,1100000,0.44000000000000006,0.4087922591134905,101.25111948858746,124.49306580188973,53.31111111111111,10,0.42666666666666675,194.87548512053888,59.270370370370365
config_E,test,1150000,0.27999999999999997,0.2683281572999748,189.05868348508406,170.42139889553658,58.0,5,0.37333333333333335,184.60417599632856,58.5574074074074
config_E,test,1200000,0.4,0.37712361663282534,161.98731309556885,250.36698197482048,70.58333333333333,10,0.37333333333333335,150.76570535641346,60.63148148148148
config_E,test,1250000,0.36,0.35777087639996635,211.51487834084142,226.09647083600663,55.72222222222223,5,0.3466666666666667,187.52029164049813,61.43518518518519
config_E,test,1300000,0.4,0.4,113.65657726516027,145.20040687392685,47.27777777777778,10,0.3866666666666667,162.3862562338568,57.861111111111114
config_E,test,1350000,0.6,0.5477225575051661,219.50305783362828,277.91834521756516,52.73333333333333,5,0.45333333333333337,181.5581711465433,51.91111111111112
config_E,test,1400000,0.48,0.43410188256265886,96.334663546766,104.73827994168737,48.52777777777778,10,0.49333333333333335,143.16476621518484,49.512962962962966
config_E,test,1450000,0.48,0.46043457732885357,92.44180589529901,56.71197721764706,50.37777777777777,5,0.52,136.0931757585644,50.5462962962963
config_E,test,1500000,0.44000000000000006,0.3864367132317184,126.43694500577092,99.93821221313614,47.138888888888886,10,0.4666666666666666,105.07113814927862,48.68148148148148
config_E,test,1550000,0.44000000000000006,0.35777087639996635,215.44253741994402,131.43831774134273,88.4375,5,0.45333333333333337,144.77376277367128,61.98472222222222
config_E,test,1600000,0.5599999999999999,0.48808013913928333,182.8852465654429,174.5524529350669,53.06666666666666,10,0.48,174.92157633038593,62.88101851851851
config_E,test,1650000,0.52,0.4816637831516919,142.3593927620755,138.3842632178925,54.53333333333333,5,0.5066666666666667,180.22905891582081,65.34583333333335
config_E,test,1700000,0.48,0.43410188256265886,196.28703820710615,178.5208433809867,52.23888888888888,10,0.52,173.8438925115415,53.279629629629625
config_E,test,1750000,0.4,0.4242640687119285,141.74666249591195,144.24051080163227,55.37777777777777,5,0.4666666666666666,160.13103115503117,54.04999999999999
config_E,test,1800000,0.4,0.37712361663282534,211.1618694725741,219.59035598502922,50.416666666666664,10,0.4266666666666667,183.0651900585307,52.67777777777777
config_E,test,1850000,0.36,0.35777087639996635,122.11081085123041,105.50809804554716,51.611111111111114,5,0.3866666666666667,158.33978093990547,52.46851851851852
config_E,test,1900000,0.52,0.4732863826479693,126.10272106218838,124.49438927567965,52.644444444444446,10,0.4266666666666667,153.12513379533095,51.5574074074074
config_E,test,1950000,0.27999999999999997,0.33466401061363027,134.98847133634354,146.19885690423573,93.91666666666667,5,0.38666666666666666,127.73400108325409,66.05740740740741
config_E,test,2000000,0.32,0.39101008796307146,118.62727887851433,95.58530889516065,52.4,10,0.37333333333333335,126.57282375901538,66.32037037037037
config_E,test,2050000,0.36,0.43358966777357605,54.76446692611721,47.219375130611645,51.93333333333334,5,0.32,102.79340571365833,66.08333333333333
config_E,test,2100000,0.36,0.40879225911349043,64.3951413047463,38.040786422559414,50.4,10,0.3466666666666667,79.26229570312593,51.57777777777778
config_E,test,2150000,0.44000000000000006,0.433589667773576,93.82971747950884,116.96660503263669,68.60000000000001,5,0.3866666666666667,70.99644190345744,56.97777777777778
config_E,test,2200000,0.32,0.28596814119369623,51.55139836756928,36.455261380781835,63.166666666666664,10,0.37333333333333335,69.92541905060813,60.72222222222222
config_E,test,2250000,0.24,0.32863353450309973,70.04810864674863,99.07102625767072,51.583333333333336,5,0.3333333333333333,71.80974149794223,61.11666666666667
config_E,test,2300000,0.27999999999999997,0.28596814119369623,78.08056230319242,72.57381737449045,53.333333333333336,10,0.27999999999999997,66.56002310583676,56.02777777777778
config_E,test,2350000,0.24,0.260768096208106,114.04309763526416,184.26303329053653,50.22222222222222,5,0.25333333333333335,87.39058952840172,51.71296296296297
config_E,test,2400000,0.2,0.23094010767585027,147.9577459585457,247.91289244871868,48.0,10,0.24,113.36046863233408,50.51851851851851
config_E,test,2450000,0.2,0.2,221.03707538318804,234.29889694891133,47.333333333333336,5,0.21333333333333335,161.0126396589993,48.51851851851851
config_E,test,2500000,0.24,0.260768096208106,126.06285929074848,191.7369327721916,50.05555555555555,5,0.21333333333333335,165.01922687749405,48.46296296296296
config_E,train,50000,0.0,0.0,24.967915673488356,13.00584971773643,,5,0.0,24.967915673488356,
config_E,train,100000,0.0,0.0,31.27075066606711,14.804785838586758,,10,0.0,28.119333169777732,
config_E,train,150000,0.0,0.0,29.437295839263072,11.851309134436132,,5,0.0,28.55865405960618,
config_E,train,200000,0.0,0.0,36.168194486171195,23.04080364337949,,10,0.0,32.29208033050046,
config_E,train,250000,0.00444444444444444,0.009938079899999053,83.8910943364663,56.65819438653869,63.0,5,0.00148148148148148,49.83219488730018,63.0
config_E,train,300000,0.00888888888888888,0.018739423171368154,153.70077116954275,165.3538653376899,52.5,10,0.00444444444444444,91.25335333072674,57.75
config_E,train,350000,0.00888888888888888,0.019876159799998107,123.1986092773323,133.3732965857498,44.0,5,0.0074074074074074,120.2634915944471,53.166666666666664
config_E,train,400000,0.026666666666666637,0.03442651863295478,208.6207624805001,191.61726717386193,131.16666666666666,10,0.0148148148148148,161.8400476424584,75.88888888888889
config_E,train,450000,0.04444444444444442,0.0684934889218775,239.17019379770613,198.52513378682377,183.35714285714286,5,0.026666666666666644,190.32985518517953,119.5079365079365
config_E,train,500000,0.08888888888888886,0.12306109426545293,345.2704020035528,261.106818584022,110.56593406593406,10,0.05333333333333331,264.3537860939197,141.6965811965812
config_E,train,550000,0.05333333333333332,0.08692269873603532,186.06621851479377,236.7283756988842,115.94444444444446,5,0.0622222222222222,256.8356047720176,136.62250712250713
config_E,train,600000,0.1244444444444444,0.1425613241329707,175.52775045227804,104.69927698235554,74.1923076923077,10,0.08888888888888886,235.6214569902082,100.23422873422874
config_E,train,650000,0.09777777777777777,0.10726683009908597,235.7745362089232,138.21949437981277,89.39999999999999,5,0.09185185185185184,199.122835058665,93.17891737891738
config_E,train,700000,0.11999999999999997,0.12180625061389312,260.69123152924914,185.61772754644485,77.62698412698414,10,0.11407407407407405,223.99783939681683,80.4064306064306
config_E,train,750000,0.10222222222222221,0.09888264649460883,241.9984730283208,261.65157576385315,100.24920634920635,5,0.10666666666666665,246.15474692216438,89.0920634920635
config_E,train,800000,0.15111111111111108,0.17678736462431166,138.19301686963755,131.5903658747458,119.2,10,0.12444444444444443,213.62757380906916,99.02539682539684
config_E,train,850000,0.18222222222222223,0.20391235105696823,239.51885774329725,217.09239977326186,99.9148148148148,5,0.14518518518518517,206.57011588041857,106.45467372134038
config_E,train,900000,0.20444444444444443,0.20172099054062606,234.1880187787442,150.8236971255894,87.97716293368467,10,0.17925925925925923,203.96663113055968,102.36399258283315
config_E,train,950000,0.15555555555555553,0.20123078084749813,144.70583708207906,141.16662273875357,76.47196969696971,5,0.18074074074074073,206.13757120137356,88.1213158151564
config_E,train,1000000,0.4222222222222222,0.37712361663282534,197.59199791765997,147.65422599326655,60.66774863098393,10,0.2607407407407407,192.16195125949443,75.0389604205461
config_E,train,1050000,0.4622222222222222,0.4284338403482567,246.2094772868455,176.81345935773203,61.64658683610296,5,0.3466666666666667,196.16910409552818,66.26210172135221
config_E,train,1100000,0.48,0.4133837749654235,172.67083884289636,155.68127335508206,56.226719576719574,10,0.4548148148148148,205.49077134913395,59.51368501460215
config_E,train,1150000,0.47111111111111115,0.43868490336965604,223.51295500118664,218.4851148377977,53.889617944064405,5,0.4711111111111111,214.13109037697618,57.254308118962314
config_E,train,1200000,0.40888888888888886,0.36125068527709225,160.2343955701468,160.39919383336584,51.98826762246117,10,0.45333333333333337,185.47272980474327,54.034868381081715
config_E,train,1250000,0.4222222222222222,0.3993822390135873,214.66693792212791,228.06600096790459,50.63029100529101,5,0.4340740740740741,199.47142949782048,52.16939219060553
config_E,train,1300000,0.4222222222222222,0.3706665482428682,196.8324491256445,228.180340310335,53.91096746390864,10,0.41777777777777775,190.57792753930642,52.17650869722027
config_E,train,1350000,0.39111111111111113,0.36399701531811196,187.56378872504706,225.61118589224841,53.005922920892495,5,0.41185185185185186,199.6877252576065,52.51572713003071
config_E,train,1400000,0.36,0.3164965971727783,174.10886089612728,175.50785498313158,53.51152777777778,10,0.39111111111111113,186.16836624893963,53.4761393875263
config_E,train,1450000,0.36888888888888893,0.3441217126053219,176.42060113870116,199.56675429336,54.46959109730849,5,0.37333333333333335,179.36441691995853,53.662347265326254
config_E,train,1500000,0.3911111111111111,0.3594234065627685,177.30064505992718,158.69041965905987,54.63656633221851,10,0.37333333333333335,175.94336903158523,54.205895069101594
config_E,train,1550000,0.3466666666666667,0.31918105083146237,192.10577216204328,201.1897561211621,53.96264367816092,5,0.3688888888888889,181.94233945355722,54.356267035895975
config_E,train,1600000,0.42666666666666664,0.3710808001223975,201.72219592672067,210.82859033185971,52.09425081366127,10,0.38814814814814813,190.37620438289707,53.5644869413469
config_E,train,1650000,0.48,0.45395382372447757,145.25117294879254,141.3253445415645,53.466799856334745,5,0.4177777777777778,179.69304701251886,53.17456478271898
config_E,train,1700000,0.49333333333333335,0.4325317055070777,177.10266147553173,131.18495816340575,52.8952892985151,10,0.4666666666666666,174.692010117015,52.8187799895037
config_E,train,1750000,0.4,0.395343263881271,166.83555315193976,164.4734434737733,62.06161269628762,5,0.4577777777777778,163.06312919208804,56.14123395037916
config_E,train,1800000,0.39111111111111113,0.3476276645223873,158.68436487746774,144.52180949701264,52.8316049382716,10,0.42814814814814817,167.54085983497976,55.92950231102478
config_E,train,1850000,0.44000000000000006,0.418816675178302,175.16775418091947,144.70657344550466,58.61372549019608,5,0.41037037037037044,166.89589073677567,57.83564770825177
config_E,train,1900000,0.40444444444444444,0.370784953148697,170.760163839212,118.17888052110513,59.99242898913951,10,0.4118518518518519,168.20409429919974,57.14591980586906
config_E,train,1950000,0.37777777777777777,0.37449554547450487,192.51028032525966,195.03938442348388,56.23864994026284,5,0.40740740740740744,179.47939944846374,58.28160147319948
config_E,train,2000000,0.3911111111111111,0.35077026744189993,187.9762249962902,167.69803137286718,106.54119674185463,10,0.39111111111111113,183.74888972025397,74.25742522375232
config_E,train,2050000,0.4133333333333333,0.387330209715205,173.38148232103617,156.71342705424627,56.01018711018711,5,0.3940740740740741,184.62266254752868,72.93001126410152
config_E,train,2100000,0.28444444444444444,0.280857007098299,154.96023972296803,126.51175267352825,53.79288575409265,10,0.36296296296296293,172.10598234676482,72.11475653537813
config_E,train,2150000,0.3555555555555555,0.3648101146529334,142.01385981340485,131.65111471463837,55.39587203302374,5,0.3511111111111111,156.7851939524697,55.06631496576784
config_E,train,2200000,0.3155555555555555,0.3209724592794718,136.38053109038873,124.44795118361733,54.77318494965554,10,0.3185185185185185,144.4515435422539,54.65398091225731
config_E,train,2250000,0.31111111111111106,0.31387659759612296,167.24033256927825,151.52467202062317,56.6536541889483,5,0.3274074074074073,148.5449078243573,55.60757039054253
config_E,train,2300000,0.31111111111111106,0.2974053318501442,173.1880337216503,141.73749176453302,56.50459956709957,10,0.31259259259259253,158.9362991271058,55.97714623523447
config_E,train,2350000,0.36,0.3515047020390418,169.07471829315983,149.57464769239448,54.130291005291014,5,0.32740740740740737,169.8343615280295,55.76284825377963
config_E,train,2400000,0.29333333333333333,0.280857007098299,218.86831952272274,211.30822128081604,82.17521994134897,10,0.3214814814814815,187.04369051251095,64.27003683791318
config_E,train,2450000,0.27555555555555555,0.2632184465748629,163.64863323207027,134.77227015810055,94.76923076923077,5,0.30962962962962964,183.86389034931764,77.02491390529025
config_E,train,2500000,0.29333333333333333,0.2737034531147051,182.0896713448967,154.42333525694934,57.17836257309941,5,0.2874074074074074,188.2022080332299,78.04093776122637
