train_seed,config_name,group,checkpoint_step,mean_success_rate,mean_avg_return,mean_first_success_step,n_runs
11,config_A,test,10000,0.0,9.242849655520223,,5
11,config_A,test,20000,0.0,9.698350066888436,,5
11,config_A,test,30000,0.0,16.836602883541374,,5
11,config_A,test,40000,0.0,39.39919778653278,,5
11,config_A,test,50000,0.0,26.53680390792428,,10
11,config_A,test,60000,0.0,32.823490999246566,,5
11,config_A,test,70000,0.0,55.04880168015859,,5
11,config_A,test,80000,0.04,88.48004954546812,81.0,5
11,config_A,test,90000,0.0,38.437534375634286,,5
11,config_A,test,100000,0.04,107.5694370760491,78.0,10
11,config_A,test,110000,0.04,92.89146985387923,85.0,5
11,config_A,test,120000,0.04,88.87478125104411,95.0,5
11,config_A,test,130000,0.04,85.79272488637858,184.0,5
11,config_A,test,140000,0.0,105.74148067022706,,5
11,config_A,test,150000,0.0,45.88319083299705,,10
11,config_A,test,160000,0.0,44.76348680069944,,5
11,config_A,test,170000,0.0,62.5391433056155,,5
11,config_A,test,180000,0.0,41.39784099320942,,5
11,config_A,test,190000,0.0,36.47767517710836,,5
11,config_A,test,200000,0.04,37.55018143214612,102.0,10
11,config_A,test,210000,0.0,48.54303381025261,,5
11,config_A,test,220000,0.0,45.88455591841341,,5
11,config_A,test,230000,0.0,34.17346023993222,,5
11,config_A,test,240000,0.0,88.39864015092995,,5
11,config_A,test,250000,0.04,42.437995103699585,66.0,10
11,config_A,test,260000,0.04,38.22404164866599,63.0,5
11,config_A,test,270000,0.04,93.38463132997516,62.0,5
11,config_A,test,280000,0.04,35.05778568198537,68.0,5
11,config_A,test,290000,0.04,34.48296763410103,77.0,5
11,config_A,test,300000,0.04,100.52416625024452,90.0,10
11,config_A,test,310000,0.04,50.86209481676265,59.0,5
11,config_A,test,320000,0.0,131.499143650542,,5
11,config_A,test,330000,0.0,35.92313830935812,,5
11,config_A,test,340000,0.0,64.12997766840365,,5
11,config_A,test,350000,0.0,116.34841875892934,,10
11,config_A,test,360000,0.0,211.7546780526315,,5
11,config_A,test,370000,0.0,130.81932752039785,,5
11,config_A,test,380000,0.0,87.90321856220226,,5
11,config_A,test,390000,0.08,121.52829908967439,48.0,5
11,config_A,test,400000,0.08,241.49736138003695,54.0,10
11,config_A,test,410000,0.0,192.2457814064857,,5
11,config_A,test,420000,0.04,141.2108195422292,52.0,5
11,config_A,test,430000,0.12000000000000002,139.56267689430626,57.25,5
11,config_A,test,440000,0.08,246.30601552474482,70.0,5
11,config_A,test,450000,0.04,261.2530268602681,37.0,10
11,config_A,test,460000,0.08,227.52498835326415,39.0,5
11,config_A,test,470000,0.12000000000000002,228.94310469645197,66.25,5
11,config_A,test,480000,0.08,115.01539512804243,44.0,5
11,config_A,test,490000,0.0,173.47673812517687,,5
11,config_A,test,500000,0.08,129.37685377569724,47.0,10
11,config_A,test,510000,0.04,218.81367604499437,35.0,5
11,config_A,test,520000,0.08,181.8889321920828,35.5,5
11,config_A,test,530000,0.08,249.4012617146571,35.0,5
11,config_A,test,540000,0.08,193.52553854381836,40.5,5
11,config_A,test,550000,0.08,140.18811232776847,35.5,10
11,config_A,test,560000,0.12000000000000002,99.99620992015481,54.0,5
11,config_A,test,570000,0.16,169.72641635211372,80.0,5
11,config_A,test,580000,0.12,249.77279943878239,36.0,5
11,config_A,test,590000,0.04,147.04300283244618,129.0,5
11,config_A,test,600000,0.08,279.09495814323543,211.5,10
11,config_A,test,610000,0.12000000000000002,392.59145510780905,47.5,5
11,config_A,test,620000,0.08,368.80655324410003,48.5,5
11,config_A,test,630000,0.04,289.68398062879066,36.0,5
11,config_A,test,640000,0.12000000000000002,452.6869056230263,66.0,5
11,config_A,test,650000,0.12000000000000002,437.97614801278417,63.666666666666664,10
11,config_A,test,660000,0.12000000000000002,316.07813355195253,55.5,5
11,config_A,test,670000,0.15999999999999998,338.9479942150982,45.0,5
11,config_A,test,680000,0.16,320.24752582197095,76.83333333333333,5
11,config_A,test,690000,0.16,283.80860185636163,56.5,5
11,config_A,test,700000,0.08,344.3737711400209,77.5,10
11,config_A,test,710000,0.08,360.4577579922968,59.0,5
11,config_A,test,720000,0.12000000000000002,255.13596751636155,142.5,5
11,config_A,test,730000,0.08,242.5207527423835,101.0,5
11,config_A,test,740000,0.08,390.8693477018363,41.5,5
11,config_A,test,750000,0.16,361.79492967174303,104.83333333333333,10
11,config_A,test,760000,0.08,365.2123743840149,42.0,5
11,config_A,test,770000,0.12000000000000002,332.72080287797957,97.5,5
11,config_A,test,780000,0.28,210.37649851117675,84.08333333333333,5
11,config_A,test,790000,0.16,344.0434524569498,56.5,5
11,config_A,test,800000,0.2,273.99072875096874,70.16666666666667,10
11,config_A,test,810000,0.27999999999999997,187.35032833597415,69.55555555555556,5
11,config_A,test,820000,0.27999999999999997,129.401999520245,62.88888888888889,5
11,config_A,test,830000,0.27999999999999997,244.24992575020377,59.055555555555564,5
11,config_A,test,840000,0.24000000000000005,166.05874774516346,60.166666666666664,5
11,config_A,test,850000,0.32,193.24475394382932,63.77777777777777,10
11,config_A,test,860000,0.24000000000000005,141.8574063505069,63.0,5
11,config_A,test,870000,0.24,163.7380369187506,59.61111111111111,5
11,config_A,test,880000,0.27999999999999997,248.87496556479022,62.333333333333336,5
11,config_A,test,890000,0.24,250.87245209084207,64.05555555555556,5
11,config_A,test,900000,0.24000000000000005,186.1542918798409,62.166666666666664,10
11,config_A,test,910000,0.24000000000000005,232.05660338089734,64.16666666666667,5
11,config_A,test,920000,0.16,236.7458246848527,57.5,5
11,config_A,test,930000,0.16,301.73004140764334,54.25,5
11,config_A,test,940000,0.24,346.1897670379565,68.94444444444444,5
11,config_A,test,950000,0.2,418.3586447208653,60.0,10
11,config_A,test,960000,0.2,427.75958669191584,63.0,5
11,config_A,test,970000,0.32,458.5999945131278,60.0,5
11,config_A,test,980000,0.32,360.93539377713097,60.27777777777777,5
11,config_A,test,990000,0.32,231.3739617439819,56.77777777777777,5
11,config_A,test,1000000,0.44000000000000006,328.79457920719466,62.449999999999996,10
11,config_A,test,1010000,0.4,242.21522516365312,99.33333333333331,5
11,config_A,test,1020000,0.48,224.06690394724464,58.18888888888889,5
11,config_A,test,1030000,0.52,172.695491483332,58.93333333333334,5
11,config_A,test,1040000,0.5599999999999999,78.59618475582451,78.55,5
11,config_A,test,1050000,0.48,215.2835650176258,56.82777777777778,10
11,config_A,test,1060000,0.4800000000000001,173.1961755199487,56.583333333333336,5
11,config_A,test,1070000,0.44000000000000006,117.05499098737891,55.69444444444445,5
11,config_A,test,1080000,0.6,61.372028186110924,99.25,5
11,config_A,test,1090000,0.5599999999999999,68.37340451781246,65.26666666666667,5
11,config_A,test,1100000,0.5599999999999999,69.62772714518125,68.85,10
11,config_A,test,1110000,0.5599999999999999,245.13456724800002,68.31666666666666,5
11,config_A,test,1120000,0.5599999999999999,59.44956285459413,55.050000000000004,5
11,config_A,test,1130000,0.5599999999999999,57.36406979291091,64.93333333333334,5
11,config_A,test,1140000,0.5599999999999999,65.77494547319537,54.48333333333333,5
11,config_A,test,1150000,0.6,69.27834384622155,54.800000000000004,10
11,config_A,test,1160000,0.6,102.71231840064279,55.333333333333336,5
11,config_A,test,1170000,0.5599999999999999,137.4795250791397,55.56666666666666,5
11,config_A,test,1180000,0.52,109.03657902311868,55.333333333333336,5
11,config_A,test,1190000,0.5599999999999999,194.29150215000627,54.48333333333333,5
11,config_A,test,1200000,0.52,216.2116325793159,54.083333333333336,10
11,config_A,test,1210000,0.5599999999999999,316.3944831866252,54.449999999999996,5
11,config_A,test,1220000,0.52,311.4152919357769,55.71666666666667,5
11,config_A,test,1230000,0.5599999999999999,232.89167935602728,55.63333333333333,5
11,config_A,test,1240000,0.6,242.72488985980073,56.53333333333333,5
11,config_A,test,1250000,0.64,76.87839535749116,76.8625,10
11,config_A,test,1260000,0.5599999999999999,82.15119410904163,80.175,5
11,config_A,test,1270000,0.52,69.82181610892958,67.77916666666667,5
11,config_A,test,1280000,0.48,55.49376721886887,64.8,5
11,config_A,test,1290000,0.6,69.14624356138759,91.23333333333332,5
11,config_A,test,1300000,0.5599999999999999,59.27355315355756,74.43333333333334,10
11,config_A,test,1310000,0.52,162.33769577555594,73.1,5
11,config_A,test,1320000,0.56,168.759359169733,59.53333333333333,5
11,config_A,test,1330000,0.48,46.77673795933972,61.77083333333333,5
11,config_A,test,1340000,0.6,55.245789346809616,57.599999999999994,5
11,config_A,test,1350000,0.6,67.75095812286146,57.05833333333334,10
11,config_A,test,1360000,0.6,64.06478020480981,58.375,5
11,config_A,test,1370000,0.64,70.0833242563155,58.875,5
11,config_A,test,1380000,0.64,59.842491657062645,71.4125,5
11,config_A,test,1390000,0.5599999999999999,49.03720534359924,55.025,5
11,config_A,test,1400000,0.6,47.395942966853134,54.525,10
11,config_A,test,1410000,0.48,46.10465022219989,54.2375,5
11,config_A,test,1420000,0.52,44.45566906113347,59.825,5
11,config_A,test,1430000,0.52,48.156785376775886,54.50833333333333,5
11,config_A,test,1440000,0.64,50.596767261118394,54.12083333333334,5
11,config_A,test,1450000,0.64,63.68755593372966,60.2625,10
11,config_A,test,1460000,0.64,47.77996379773775,53.3125,5
11,config_A,test,1470000,0.5599999999999999,51.261457264993986,53.3875,5
11,config_A,test,1480000,0.64,51.144774757522605,57.025,5
11,config_A,test,1490000,0.68,47.12623630185719,88.3,5
11,config_A,test,1500000,0.6,103.10899300861824,55.5375,10
11,config_A,test,1510000,0.5599999999999999,105.08625919261581,52.608333333333334,5
11,config_A,test,1520000,0.5599999999999999,38.6313675296317,56.133333333333326,5
11,config_A,test,1530000,0.6,50.06310171953348,53.012499999999996,5
11,config_A,test,1540000,0.6,48.89427445776992,59.086666666666666,5
11,config_A,test,1550000,0.64,101.67208882902987,52.18333333333334,10
11,config_A,test,1560000,0.6,101.05445031007253,53.15,5
11,config_A,test,1570000,0.64,102.8316480463794,52.725,5
11,config_A,test,1580000,0.76,107.072103728477,53.525,5
11,config_A,test,1590000,0.72,111.0106234664105,52.35,5
11,config_A,test,1600000,0.72,180.32720572848294,51.28333333333333,10
11,config_A,test,1610000,0.72,110.72898090631732,52.45,5
11,config_A,test,1620000,0.72,100.39984099625386,51.516666666666666,5
11,config_A,test,1630000,0.72,103.85368174753212,68.77000000000001,5
11,config_A,test,1640000,0.64,54.10114041492379,51.15833333333333,5
11,config_A,test,1650000,0.6,151.18659928025858,51.166666666666664,10
11,config_A,test,1660000,0.6,38.41208226719052,55.475,5
11,config_A,test,1670000,0.48,50.18246751694254,50.55833333333334,5
11,config_A,test,1680000,0.52,118.77053330683323,55.725,5
11,config_A,test,1690000,0.52,34.09197696258739,55.99166666666667,5
11,config_A,test,1700000,0.52,31.94125330884716,51.079166666666666,10
11,config_A,test,1710000,0.5599999999999999,35.08566281555384,57.7375,5
11,config_A,test,1720000,0.5599999999999999,45.77491266477471,50.725,5
11,config_A,test,1730000,0.6,107.21106063348391,96.03333333333333,5
11,config_A,test,1740000,0.48,41.30967884571976,51.28333333333333,5
11,config_A,test,1750000,0.6,46.311254583356956,56.266666666666666,10
11,config_A,test,1760000,0.52,41.808255258251094,64.6,5
11,config_A,test,1770000,0.52,108.62575841344476,81.67999999999999,5
11,config_A,test,1780000,0.5599999999999999,45.53466479275155,51.75,5
11,config_A,test,1790000,0.52,168.09569704545623,52.225,5
11,config_A,test,1800000,0.48,174.25134649943337,50.625,10
11,config_A,test,1810000,0.52,113.88105826383654,51.508333333333326,5
11,config_A,test,1820000,0.5599999999999999,107.57369904827385,53.49583333333334,5
11,config_A,test,1830000,0.5599999999999999,107.69855424292302,54.9375,5
11,config_A,test,1840000,0.48,169.8337407131103,51.2125,5
11,config_A,test,1850000,0.48,174.50527343111054,52.35,10
11,config_A,test,1860000,0.56,176.0219508277882,56.43333333333333,5
11,config_A,test,1870000,0.4,133.068844151066,51.97777777777778,5
11,config_A,test,1880000,0.6,75.24541042973121,53.55833333333334,5
11,config_A,test,1890000,0.6,78.00581903519276,52.975,5
11,config_A,test,1900000,0.5599999999999999,167.9665394241459,57.525,10
11,config_A,test,1910000,0.52,170.91195940487017,51.125,5
11,config_A,test,1920000,0.52,174.63457422655742,51.5,5
11,config_A,test,1930000,0.52,105.30591716579895,51.45,5
11,config_A,test,1940000,0.5599999999999999,110.71187282317423,52.2,5
11,config_A,test,1950000,0.48,96.7894146652958,51.1125,10
11,config_A,test,1960000,0.5599999999999999,39.97757576923946,55.57083333333333,5
11,config_A,test,1970000,0.52,165.33379943750444,50.875,5
11,config_A,test,1980000,0.48,169.18934834569328,50.5,5
11,config_A,test,1990000,0.52,270.15828080042127,51.0,5
11,config_A,test,2000000,0.5599999999999999,169.89843098688024,51.78333333333333,10
11,config_A,test,2010000,0.64,171.13828643632056,57.25,5
11,config_A,test,2020000,0.6,216.1435940749605,65.3875,5
11,config_A,test,2030000,0.68,155.530216747018,60.75,5
11,config_A,test,2040000,0.64,150.3924843701619,51.9125,5
11,config_A,test,2050000,0.64,117.27691456847882,58.69,10
11,config_A,test,2060000,0.64,116.90994627718278,57.529999999999994,5
11,config_A,test,2070000,0.52,158.32040919403556,51.05,5
11,config_A,test,2080000,0.64,116.09730356132863,55.2,5
11,config_A,test,2090000,0.72,120.02883112045402,70.38,5
11,config_A,test,2100000,0.72,122.82130386915408,53.49666666666667,10
11,config_A,test,2110000,0.6799999999999999,107.69203257928375,53.29,5
11,config_A,test,2120000,0.6799999999999999,107.9112716678407,53.620000000000005,5
11,config_A,test,2130000,0.72,161.2681818730311,55.15333333333333,5
11,config_A,test,2140000,0.6799999999999999,161.0805069228905,53.506666666666675,5
11,config_A,test,2150000,0.6799999999999999,171.21744277266208,54.17999999999999,10
11,config_A,test,2160000,0.72,115.18864073551654,55.126666666666665,5
11,config_A,test,2170000,0.64,115.98525548187327,59.83333333333333,5
11,config_A,test,2180000,0.72,169.37213068839077,55.82000000000001,5
11,config_A,test,2190000,0.72,65.33735519499795,61.10666666666666,5
11,config_A,test,2200000,0.72,119.59350139767321,59.986666666666665,10
11,config_A,test,2210000,0.72,120.35244643104511,59.84333333333333,5
11,config_A,test,2220000,0.8,125.04328181201925,58.67999999999999,5
11,config_A,test,2230000,0.76,86.78031344895444,59.970000000000006,5
11,config_A,test,2240000,0.8,134.25184158148593,61.56,5
11,config_A,test,2250000,0.6799999999999999,144.3180198247897,56.120000000000005,10
11,config_A,test,2260000,0.8,127.47937465104842,59.589999999999996,5
11,config_A,test,2270000,0.72,131.95212307443998,61.506666666666675,5
11,config_A,test,2280000,0.76,125.15194196861789,51.825,5
11,config_A,test,2290000,0.6799999999999999,126.3796111877306,51.57083333333333,5
11,config_A,test,2300000,0.76,120.87710370128718,57.61333333333333,10
11,config_A,test,2310000,0.6799999999999999,116.64960570585852,49.95,5
11,config_A,test,2320000,0.72,108.7586344202058,65.24,5
11,config_A,test,2330000,0.72,113.12163966432554,64.56,5
11,config_A,test,2340000,0.76,215.79814744202184,77.53999999999999,5
11,config_A,test,2350000,0.6799999999999999,113.55753313339366,50.858333333333334,10
11,config_A,test,2360000,0.72,118.64713165706632,50.56666666666666,5
11,config_A,test,2370000,0.6799999999999999,111.98261009423307,79.49,5
11,config_A,test,2380000,0.72,116.77748956689466,51.1,5
11,config_A,test,2390000,0.72,125.22045695408067,67.53333333333333,5
11,config_A,test,2400000,0.72,202.5064909805671,50.96666666666667,10
11,config_A,test,2410000,0.6799999999999999,275.24466405706943,50.225,5
11,config_A,test,2420000,0.6799999999999999,194.7202967698344,70.25333333333333,5
11,config_A,test,2430000,0.6799999999999999,148.26655840522182,73.29333333333334,5
11,config_A,test,2440000,0.64,144.80188472515061,56.9,5
11,config_A,test,2450000,0.72,55.892200419369416,54.3,10
11,config_A,test,2460000,0.76,153.7119142695356,57.620000000000005,5
11,config_A,test,2470000,0.6799999999999999,66.61995019479255,54.92999999999999,5
11,config_A,test,2480000,0.6799999999999999,48.23901577514986,74.72666666666666,5
11,config_A,test,2490000,0.72,113.9209360128505,55.8,5
11,config_A,test,2500000,0.72,111.99465210220573,64.36,5
11,config_A,train,10000,0.0,8.380566826266287,,5
11,config_A,train,20000,0.0,8.940150676012848,,5
11,config_A,train,30000,0.0,17.710168936821475,,5
11,config_A,train,40000,0.0,23.32329102508196,,5
11,config_A,train,50000,0.0,26.16550987703498,,10
11,config_A,train,60000,0.00444444444444444,30.999807331353406,107.0,5
11,config_A,train,70000,0.0,38.38681184903332,,5
11,config_A,train,80000,0.0,39.7051806031284,,5
11,config_A,train,90000,0.0,37.63187512572041,,5
11,config_A,train,100000,0.0,36.77589474288435,,10
11,config_A,train,110000,0.0,38.14493587982721,,5
11,config_A,train,120000,0.00444444444444444,39.02914831954494,98.0,5
11,config_A,train,130000,0.00888888888888888,39.32232359460745,101.0,5
11,config_A,train,140000,0.00444444444444444,48.5108768450273,103.0,5
11,config_A,train,150000,0.0,30.653895973875827,,10
11,config_A,train,160000,0.0,35.4948070965249,,5
11,config_A,train,170000,0.00444444444444444,48.00311557806466,123.0,5
11,config_A,train,180000,0.00444444444444444,35.96031801147981,90.0,5
11,config_A,train,190000,0.00444444444444444,38.35920306596231,80.0,5
11,config_A,train,200000,0.00444444444444444,45.71148553412261,84.0,10
11,config_A,train,210000,0.00888888888888888,44.69116753665858,179.0,5
11,config_A,train,220000,0.01777777777777776,31.95898708875327,121.5,5
11,config_A,train,230000,0.00888888888888888,40.937929708403196,85.5,5
11,config_A,train,240000,0.00888888888888888,67.50062189139996,100.0,5
11,config_A,train,250000,0.00444444444444444,82.98401215215169,83.0,10
11,config_A,train,260000,0.00444444444444444,80.73038057905735,79.0,5
11,config_A,train,270000,0.00444444444444444,76.71087547759717,84.0,5
11,config_A,train,280000,0.013333333333333319,70.12983790273272,129.0,5
11,config_A,train,290000,0.013333333333333319,74.55025153692063,125.33333333333331,5
11,config_A,train,300000,0.00888888888888888,78.10399655129987,153.5,10
11,config_A,train,310000,0.00444444444444444,85.1757710313395,91.0,5
11,config_A,train,320000,0.01777777777777776,98.49753805053399,140.5,5
11,config_A,train,330000,0.00888888888888888,119.90575071861073,64.5,5
11,config_A,train,340000,0.0,112.43429067279658,,5
11,config_A,train,350000,0.00888888888888888,111.27332795588748,94.0,10
11,config_A,train,360000,0.0,123.77729556332474,,5
11,config_A,train,370000,0.00888888888888888,81.28543958627687,75.0,5
11,config_A,train,380000,0.013333333333333319,117.62434871816413,130.0,5
11,config_A,train,390000,0.026666666666666637,113.00966448351183,101.0,5
11,config_A,train,400000,0.01777777777777776,220.22048986272438,93.16666666666666,10
11,config_A,train,410000,0.00888888888888888,231.99111319012005,62.5,5
11,config_A,train,420000,0.00888888888888888,193.3550226303198,67.0,5
11,config_A,train,430000,0.01777777777777776,153.8315167747616,57.25,5
11,config_A,train,440000,0.0311111111111111,160.38997112963096,76.9,5
11,config_A,train,450000,0.0222222222222222,165.38349328107228,79.08333333333334,10
11,config_A,train,460000,0.0222222222222222,186.49740943551194,66.25,5
11,config_A,train,470000,0.03999999999999998,189.12879164232982,63.035714285714285,5
11,config_A,train,480000,0.0311111111111111,151.58088901259634,40.85714285714285,5
11,config_A,train,490000,0.013333333333333319,131.1845971511497,43.0,5
11,config_A,train,500000,0.00888888888888888,190.31878535674596,167.0,10
11,config_A,train,510000,0.03111111111111108,121.31959907783012,261.1666666666667,5
11,config_A,train,520000,0.02666666666666666,206.21189738306992,114.8,5
11,config_A,train,530000,0.04888888888888886,192.12962691028721,110.9375,5
11,config_A,train,540000,0.03555555555555554,262.84736406161755,125.57142857142857,5
11,config_A,train,550000,0.06666666666666664,282.37964363427494,81.27777777777779,10
11,config_A,train,560000,0.0622222222222222,238.96683754058986,88.1923076923077,5
11,config_A,train,570000,0.0711111111111111,273.6544338392277,138.66666666666666,5
11,config_A,train,580000,0.06666666666666667,271.27379749116585,60.5,5
11,config_A,train,590000,0.07555555555555554,221.79491008708055,128.65833333333333,5
11,config_A,train,600000,0.08888888888888886,257.99393576134855,68.72222222222223,10
11,config_A,train,610000,0.11111111111111108,301.5731191605324,84.25,5
11,config_A,train,620000,0.07111111111111108,358.55450735502046,72.41666666666667,5
11,config_A,train,630000,0.07999999999999999,252.55973724466853,90.33333333333333,5
11,config_A,train,640000,0.12444444444444443,345.38968684578407,80.66071428571428,5
11,config_A,train,650000,0.1288888888888889,316.2715468422578,91.82675438596492,10
11,config_A,train,660000,0.11999999999999997,322.4968294404527,124.42559523809524,5
11,config_A,train,670000,0.1288888888888889,341.2287398714494,63.11323529411764,5
11,config_A,train,680000,0.1288888888888889,337.4475109426794,78.28333333333333,5
11,config_A,train,690000,0.0933333333333333,351.02495392654794,70.93019480519482,5
11,config_A,train,700000,0.11999999999999997,253.31205944077155,63.28055555555556,10
11,config_A,train,710000,0.08444444444444442,251.37593575789856,84.24404761904762,5
11,config_A,train,720000,0.0711111111111111,262.6304084422012,63.0,5
11,config_A,train,730000,0.09777777777777774,325.5377088392177,91.51767676767678,5
11,config_A,train,740000,0.11555555555555555,376.871314642734,70.58201058201058,5
11,config_A,train,750000,0.10666666666666665,335.6689410050732,64.0138888888889,10
11,config_A,train,760000,0.09777777777777777,329.3720840444993,76.35757575757576,5
11,config_A,train,770000,0.11111111111111108,301.7615523888245,102.8,5
11,config_A,train,780000,0.11555555555555555,313.4528653499459,92.025,5
11,config_A,train,790000,0.12444444444444443,300.002416121372,94.91666666666666,5
11,config_A,train,800000,0.14666666666666664,352.05055616063044,72.77310924369748,10
11,config_A,train,810000,0.17777777777777776,265.51249133267004,116.109375,5
11,config_A,train,820000,0.17777777777777776,360.93533757172236,145.017982017982,5
11,config_A,train,830000,0.19555555555555554,348.10343353731935,64.55087719298245,5
11,config_A,train,840000,0.2133333333333333,302.79387366539834,67.83333333333333,5
11,config_A,train,850000,0.20444444444444443,333.14678336008717,63.776785714285715,10
11,config_A,train,860000,0.21333333333333332,222.1884223644075,87.60357965621124,5
11,config_A,train,870000,0.20444444444444443,217.0119898908084,68.14999999999999,5
11,config_A,train,880000,0.22666666666666666,239.41073303544243,91.42672246764317,5
11,config_A,train,890000,0.19555555555555554,256.18115175395894,84.68333333333334,5
11,config_A,train,900000,0.20888888888888885,196.4532514479509,97.29714285714287,10
11,config_A,train,910000,0.20444444444444443,226.25296918364361,81.57575757575758,5
11,config_A,train,920000,0.21333333333333332,303.604037106739,83.15687935253152,5
11,config_A,train,930000,0.20888888888888885,295.8848261197126,82.8804347826087,5
11,config_A,train,940000,0.22222222222222218,277.1788829413443,89.2390289449113,5
11,config_A,train,950000,0.2311111111111111,314.6552917379602,77.03107580824972,10
11,config_A,train,960000,0.21333333333333332,281.3241668620393,78.5021645021645,5
11,config_A,train,970000,0.2533333333333333,249.6069958183679,85.045,5
11,config_A,train,980000,0.23999999999999994,289.50265090829873,67.65331196581197,5
11,config_A,train,990000,0.24888888888888885,297.7721193907293,76.30762338020402,5
11,config_A,train,1000000,0.5111111111111111,159.86669924809325,90.57084301496066,10
11,config_A,train,1010000,0.5066666666666666,153.99320389694898,83.80224358974358,5
11,config_A,train,1020000,0.5244444444444445,150.4783928180327,88.50588972431076,5
11,config_A,train,1030000,0.52,138.73975886569198,75.58449797266486,5
11,config_A,train,1040000,0.4888888888888888,191.8941487570612,74.70432692307692,5
11,config_A,train,1050000,0.4444444444444445,175.0582391046404,78.2333275261324,10
11,config_A,train,1060000,0.47555555555555556,165.024866696439,72.51097560975609,5
11,config_A,train,1070000,0.49333333333333335,137.92244332648391,87.82988892827602,5
11,config_A,train,1080000,0.5155555555555555,171.67842104312723,70.83333333333333,5
11,config_A,train,1090000,0.5555555555555556,159.27278404976917,69.4015873015873,5
11,config_A,train,1100000,0.5333333333333333,163.42423517373717,81.92369337979093,10
11,config_A,train,1110000,0.5244444444444445,124.1156732082139,73.90056022408963,5
11,config_A,train,1120000,0.5022222222222222,186.183270016736,87.25608038914491,5
11,config_A,train,1130000,0.5155555555555555,134.45629978060566,71.69134615384615,5
11,config_A,train,1140000,0.5111111111111111,162.42440133029228,60.61628936645926,5
11,config_A,train,1150000,0.5111111111111111,195.09999571097177,61.24462825065872,10
11,config_A,train,1160000,0.49777777777777776,244.70016091725583,60.28376068376068,5
11,config_A,train,1170000,0.4888888888888888,209.67097995833598,65.92813225421921,5
11,config_A,train,1180000,0.4844444444444445,239.33679714411696,77.0342448249425,5
11,config_A,train,1190000,0.5422222222222223,224.2846239478979,62.81198131137156,5
11,config_A,train,1200000,0.5422222222222222,217.16330495109105,62.97345238095238,10
11,config_A,train,1210000,0.5422222222222223,270.1186102004735,66.64925299506695,5
11,config_A,train,1220000,0.5688888888888889,237.67350097837803,65.16930992026266,5
11,config_A,train,1230000,0.5333333333333333,290.64835305292127,62.40858348968105,5
11,config_A,train,1240000,0.6088888888888888,235.6906251878044,80.61731707317074,5
11,config_A,train,1250000,0.6222222222222222,196.54581258853844,62.634797634797636,10
11,config_A,train,1260000,0.64,174.3888148238714,59.488303443328554,5
11,config_A,train,1270000,0.6311111111111111,136.0266241408408,61.126488095238095,5
11,config_A,train,1280000,0.5911111111111111,109.56365498729429,60.09959512165395,5
11,config_A,train,1290000,0.6399999999999999,128.17639758367426,58.82569952397539,5
11,config_A,train,1300000,0.591111111111111,113.55574995488658,68.33718255428782,10
11,config_A,train,1310000,0.5955555555555556,122.55505694270285,57.71274014155713,5
11,config_A,train,1320000,0.6355555555555555,117.07461134689325,60.65540431790432,5
11,config_A,train,1330000,0.5911111111111111,103.17891925243998,57.06321589882566,5
11,config_A,train,1340000,0.671111111111111,124.05704642957366,83.77738101191964,5
11,config_A,train,1350000,0.6399999999999999,106.3931180843418,55.43814102564102,10
11,config_A,train,1360000,0.5911111111111111,89.9331378221971,55.44411888924084,5
11,config_A,train,1370000,0.6266666666666667,90.99176699366102,59.00799293799189,5
11,config_A,train,1380000,0.6177777777777778,96.34884982259106,58.50287526427062,5
11,config_A,train,1390000,0.6133333333333333,79.5847794194805,57.94024390243902,5
11,config_A,train,1400000,0.6755555555555555,87.47170800423697,58.60673701298701,10
11,config_A,train,1410000,0.6533333333333333,116.40967243156231,57.24819214207941,5
11,config_A,train,1420000,0.6133333333333334,89.14366806549809,54.31812260536398,5
11,config_A,train,1430000,0.6888888888888889,104.75072150339857,65.39933856840834,5
11,config_A,train,1440000,0.6755555555555556,88.6696178689327,54.17657828282828,5
11,config_A,train,1450000,0.6888888888888889,104.3199863083581,53.96185064935065,10
11,config_A,train,1460000,0.6755555555555556,118.07296745590266,57.09950299700299,5
11,config_A,train,1470000,0.711111111111111,100.49575613693173,73.3421568627451,5
11,config_A,train,1480000,0.6933333333333332,108.45090830609506,58.723392612859094,5
11,config_A,train,1490000,0.6622222222222222,107.68240522155256,56.927191558441564,5
11,config_A,train,1500000,0.6266666666666666,97.87552796304229,58.14621212121212,10
11,config_A,train,1510000,0.6444444444444445,94.87613313087346,57.920093375616624,5
11,config_A,train,1520000,0.6533333333333333,76.2435377340365,54.798911382734914,5
11,config_A,train,1530000,0.6888888888888889,94.08060200491076,55.4198111631016,5
11,config_A,train,1540000,0.6622222222222222,110.74800503151259,103.37667012373936,5
11,config_A,train,1550000,0.6444444444444445,100.18127716280868,87.43727744844708,10
11,config_A,train,1560000,0.6355555555555557,113.32765820089303,57.942764755569634,5
11,config_A,train,1570000,0.6311111111111111,98.1234577091501,55.33864299142003,5
11,config_A,train,1580000,0.6755555555555556,88.23744346886588,54.34006144393241,5
11,config_A,train,1590000,0.6888888888888889,91.93868366890835,58.0691517632694,5
11,config_A,train,1600000,0.6533333333333333,84.60431636371763,54.6579411286388,10
11,config_A,train,1610000,0.6666666666666666,80.21778445290806,56.66587986282285,5
11,config_A,train,1620000,0.6888888888888889,117.29747195106395,74.25324675324676,5
11,config_A,train,1630000,0.6666666666666666,96.85066533563581,82.34999720709398,5
11,config_A,train,1640000,0.6622222222222222,111.81082354612582,55.2206333808468,5
11,config_A,train,1650000,0.6799999999999999,84.94121633873806,58.50662797269685,10
11,config_A,train,1660000,0.711111111111111,100.8608860621143,61.656396396396396,5
11,config_A,train,1670000,0.6844444444444444,104.16294645106981,56.07326340326341,5
11,config_A,train,1680000,0.6799999999999999,130.6534909801904,57.74425524595803,5
11,config_A,train,1690000,0.6266666666666667,135.94457728644815,57.842687050439075,5
11,config_A,train,1700000,0.6755555555555555,110.93055393434949,55.65695187165776,10
11,config_A,train,1710000,0.6755555555555556,147.04060683268958,66.29152472527473,5
11,config_A,train,1720000,0.6844444444444445,120.4994017893824,61.119493353892196,5
11,config_A,train,1730000,0.6222222222222221,130.48847821859175,70.89805947675514,5
11,config_A,train,1740000,0.6222222222222221,108.30943199032886,59.02407075682938,5
11,config_A,train,1750000,0.6577777777777778,114.13831646748338,62.63943722943723,10
11,config_A,train,1760000,0.6888888888888889,115.43199311400119,61.57689378484972,5
11,config_A,train,1770000,0.6533333333333333,123.6669338635038,70.8558170995671,5
11,config_A,train,1780000,0.6888888888888889,141.66994235956776,62.37506741624388,5
11,config_A,train,1790000,0.6799999999999999,136.6343767270074,56.79769792617712,5
11,config_A,train,1800000,0.7155555555555555,143.47217976679937,65.53642059694691,10
11,config_A,train,1810000,0.7022222222222222,134.61329085396616,75.39900140400141,5
11,config_A,train,1820000,0.6888888888888889,146.53624681770594,91.95611111111111,5
11,config_A,train,1830000,0.6622222222222222,131.46156365967857,53.00897683397683,5
11,config_A,train,1840000,0.6666666666666666,149.57208781833413,55.238655788655784,5
11,config_A,train,1850000,0.6755555555555555,141.81113583018666,67.50437378713241,10
11,config_A,train,1860000,0.6222222222222222,138.4457374256745,54.56787287325078,5
11,config_A,train,1870000,0.6133333333333333,133.75526293042782,57.9788751929115,5
11,config_A,train,1880000,0.6444444444444445,108.29433051866279,54.43525119866583,5
11,config_A,train,1890000,0.6755555555555556,101.48963733204994,58.82181472593584,5
11,config_A,train,1900000,0.6488888888888888,120.36956017781331,54.604795778776634,10
11,config_A,train,1910000,0.6311111111111111,148.90629243364418,73.57459044564098,5
11,config_A,train,1920000,0.6355555555555555,151.41134613066703,52.783836996336994,5
11,config_A,train,1930000,0.6177777777777778,146.33237814997221,51.34510260625989,5
11,config_A,train,1940000,0.6044444444444445,118.38534911960267,56.50094091028477,5
11,config_A,train,1950000,0.6133333333333334,126.10088348098574,60.531643928270384,10
11,config_A,train,1960000,0.64,110.1853045528887,63.0956148510812,5
11,config_A,train,1970000,0.6311111111111111,158.35334842089821,50.226958171834625,5
11,config_A,train,1980000,0.6622222222222222,152.91634698807098,73.96963875205255,5
11,config_A,train,1990000,0.6533333333333333,149.34267728995007,78.8664877757901,5
11,config_A,train,2000000,0.6399999999999999,145.21557900515143,114.17734968734969,10
11,config_A,train,2010000,0.6488888888888888,131.81865000362546,78.00568041169956,5
11,config_A,train,2020000,0.6488888888888888,150.6014616037551,69.72905923344948,5
11,config_A,train,2030000,0.6755555555555556,140.16442580115242,55.96870431893687,5
11,config_A,train,2040000,0.6577777777777778,129.11767071809004,58.761077335896516,5
11,config_A,train,2050000,0.6666666666666667,113.88461301089941,64.45694136515873,10
11,config_A,train,2060000,0.6533333333333332,121.87934135295275,58.89035964035965,5
11,config_A,train,2070000,0.6799999999999999,114.75522796251884,76.6688424947146,5
11,config_A,train,2080000,0.6622222222222222,151.55295752766432,59.25980821504076,5
11,config_A,train,2090000,0.671111111111111,128.90049590104658,55.18181252681253,5
11,config_A,train,2100000,0.6488888888888888,145.5223483891143,57.87424054206663,10
11,config_A,train,2110000,0.6577777777777778,155.03640532293193,61.62043508253264,5
11,config_A,train,2120000,0.6444444444444445,141.00743689673664,60.04325316169828,5
11,config_A,train,2130000,0.6711111111111111,126.35958247041,61.90935858252931,5
11,config_A,train,2140000,0.6755555555555555,138.34585500228908,60.7134593837535,5
11,config_A,train,2150000,0.671111111111111,134.1494271268518,55.22979475716318,10
11,config_A,train,2160000,0.6666666666666666,158.94464912305517,54.4430250640777,5
11,config_A,train,2170000,0.7066666666666667,152.85224127206828,58.13389382171997,5
11,config_A,train,2180000,0.6933333333333334,147.32555532118715,59.617510211226524,5
11,config_A,train,2190000,0.6577777777777778,120.82476011481701,55.535202402527126,5
11,config_A,train,2200000,0.6933333333333334,129.39640544064522,58.62822955738934,10
11,config_A,train,2210000,0.711111111111111,137.036359380983,61.632104044466345,5
11,config_A,train,2220000,0.7022222222222222,141.00741604594648,58.01599316381294,5
11,config_A,train,2230000,0.6888888888888889,131.19409121998237,63.52770584538026,5
11,config_A,train,2240000,0.6755555555555555,144.2596609229293,59.23308895405669,5
11,config_A,train,2250000,0.6622222222222222,107.18536244458429,61.53253968253968,10
11,config_A,train,2260000,0.6755555555555555,145.34584410765945,60.51547619047619,5
11,config_A,train,2270000,0.6844444444444444,116.83299739992522,58.1559543745728,5
11,config_A,train,2280000,0.6622222222222223,138.5336071583193,60.2988781554151,5
11,config_A,train,2290000,0.6888888888888889,131.55694597823893,70.6799643493761,5
11,config_A,train,2300000,0.6977777777777778,150.05594019288137,57.45480595427964,10
11,config_A,train,2310000,0.72,150.68662959584202,66.47058327637275,5
11,config_A,train,2320000,0.6799999999999999,149.26146063754976,56.82370787135493,5
11,config_A,train,2330000,0.6844444444444444,165.86455300604595,57.28794417029711,5
11,config_A,train,2340000,0.7022222222222222,150.83828036805903,61.24848941965221,5
11,config_A,train,2350000,0.6666666666666666,174.9747313744001,62.791650579150584,10
11,config_A,train,2360000,0.7155555555555555,182.36079821584138,64.75300713103651,5
11,config_A,train,2370000,0.7022222222222222,160.29787315164216,61.072306621547035,5
11,config_A,train,2380000,0.7022222222222222,187.32427092702002,70.57335772586546,5
11,config_A,train,2390000,0.7244444444444443,181.94936959722088,66.54788051209104,5
11,config_A,train,2400000,0.72,183.07072358742843,76.03392455497719,10
11,config_A,train,2410000,0.6933333333333334,207.13160153436243,78.56540935672516,5
11,config_A,train,2420000,0.7244444444444443,207.89187197788746,56.64159705159706,5
11,config_A,train,2430000,0.7333333333333333,188.86172591614968,63.20971482760956,5
11,config_A,train,2440000,0.7466666666666666,175.0691874651139,70.12548796233007,5
11,config_A,train,2450000,0.7288888888888889,114.41275415859839,63.20481074481076,10
11,config_A,train,2460000,0.7466666666666667,137.93874284875352,64.09107448107449,5
11,config_A,train,2470000,0.7422222222222221,134.8113066249428,60.0480303030303,5
11,config_A,train,2480000,0.72,96.35278653249438,58.83989835147521,5
11,config_A,train,2490000,0.7333333333333333,138.83146072491468,62.669307326831714,5
11,config_A,train,2500000,0.72,133.59258987627658,72.41942259984415,5
11,config_B,test,10000,0.0,13.355894258431423,,5
11,config_B,test,20000,0.0,9.789353133437402,,5
11,config_B,test,30000,0.0,20.709589091111354,,5
11,config_B,test,40000,0.0,13.167476807287168,,5
11,config_B,test,50000,0.0,26.268440718724527,,10
11,config_B,test,60000,0.0,24.888855456346754,,5
11,config_B,test,70000,0.0,24.060330930928234,,5
11,config_B,test,80000,0.0,27.967313538619845,,5
11,config_B,test,90000,0.0,27.14191511865792,,5
11,config_B,test,100000,0.0,37.12220956001384,,10
11,config_B,test,110000,0.0,35.017067848548464,,5
11,config_B,test,120000,0.0,35.57048942303394,,5
11,config_B,test,130000,0.0,36.14784595102871,,5
11,config_B,test,140000,0.0,39.011702354514895,,5
11,config_B,test,150000,0.0,37.215198974100545,,10
11,config_B,test,160000,0.0,40.2038813464507,,5
11,config_B,test,170000,0.0,34.53893545981345,,5
11,config_B,test,180000,0.0,35.58038597733319,,5
11,config_B,test,190000,0.0,40.88314742306657,,5
11,config_B,test,200000,0.0,39.44023173496039,,10
11,config_B,test,210000,0.0,39.91225884087707,,5
11,config_B,test,220000,0.0,38.58715694646566,,5
11,config_B,test,230000,0.0,31.5951974195877,,5
11,config_B,test,240000,0.0,32.60695518758713,,5
11,config_B,test,250000,0.0,43.36689521827339,,10
11,config_B,test,260000,0.0,37.31715873609018,,5
11,config_B,test,270000,0.0,34.935984039865644,,5
11,config_B,test,280000,0.0,38.32462327492951,,5
11,config_B,test,290000,0.0,37.24072087158695,,5
11,config_B,test,300000,0.0,35.0666308139808,,10
11,config_B,test,310000,0.0,30.89835215380102,,5
11,config_B,test,320000,0.0,29.602492654822434,,5
11,config_B,test,330000,0.0,60.65129586908099,,5
11,config_B,test,340000,0.0,33.78714321649081,,5
11,config_B,test,350000,0.0,31.6167354661305,,10
11,config_B,test,360000,0.0,33.686780684665905,,5
11,config_B,test,370000,0.0,31.3801871782235,,5
11,config_B,test,380000,0.0,32.48443293062474,,5
11,config_B,test,390000,0.0,30.70336740395414,,5
11,config_B,test,400000,0.0,34.38310199983444,,10
11,config_B,test,410000,0.0,32.71574759866179,,5
11,config_B,test,420000,0.0,38.41787587009755,,5
11,config_B,test,430000,0.0,38.225329694078404,,5
11,config_B,test,440000,0.0,61.54841119417806,,5
11,config_B,test,450000,0.0,60.41311563639052,,10
11,config_B,test,460000,0.0,103.20654889023281,,5
11,config_B,test,470000,0.0,115.69576166281959,,5
11,config_B,test,480000,0.0,145.6203862740462,,5
11,config_B,test,490000,0.0,177.5061729083776,,5
11,config_B,test,500000,0.0,90.54731455797958,,10
11,config_B,test,510000,0.0,107.38021393238587,,5
11,config_B,test,520000,0.0,114.85374193704772,,5
11,config_B,test,530000,0.0,143.4233679125928,,5
11,config_B,test,540000,0.0,186.37141997004386,,5
11,config_B,test,550000,0.0,194.91007634294584,,10
11,config_B,test,560000,0.0,335.2942641383888,,5
11,config_B,test,570000,0.16,204.90113436143957,142.0,5
11,config_B,test,580000,0.16,254.05208648952294,148.75,5
11,config_B,test,590000,0.16,151.88158732805437,55.5,5
11,config_B,test,600000,0.2,116.2337985265116,62.6,10
11,config_B,test,610000,0.2,149.44829743015913,69.0,5
11,config_B,test,620000,0.16,146.5533617346767,81.0,5
11,config_B,test,630000,0.16,234.06240150774448,157.83333333333331,5
11,config_B,test,640000,0.24000000000000005,157.69787160751363,124.0,5
11,config_B,test,650000,0.24,287.9101004089788,220.66666666666663,10
11,config_B,test,660000,0.2,396.7212240641024,109.25,5
11,config_B,test,670000,0.2,313.7871803779643,106.91666666666667,5
11,config_B,test,680000,0.24000000000000005,94.56126521423354,131.125,5
11,config_B,test,690000,0.16,255.2632813128285,135.25,5
11,config_B,test,700000,0.2,221.489741026446,136.5,10
11,config_B,test,710000,0.04,174.8775583690032,225.0,5
11,config_B,test,720000,0.12,150.71101820486894,109.66666666666669,5
11,config_B,test,730000,0.12000000000000002,218.43925930621626,99.75,5
11,config_B,test,740000,0.08,209.03579192348698,137.5,5
11,config_B,test,750000,0.12000000000000002,192.87766585574656,103.5,10
11,config_B,test,760000,0.2,170.66162524959836,168.33333333333334,5
11,config_B,test,770000,0.08,331.0517553628521,121.0,5
11,config_B,test,780000,0.16,311.2774970334218,190.83333333333334,5
11,config_B,test,790000,0.12000000000000002,397.3104227279026,91.75,5
11,config_B,test,800000,0.2,305.02631392094526,138.4,10
11,config_B,test,810000,0.2,185.0467858002932,161.88888888888889,5
11,config_B,test,820000,0.16,269.78173171326006,105.16666666666667,5
11,config_B,test,830000,0.27999999999999997,201.73998359520357,105.08333333333333,5
11,config_B,test,840000,0.27999999999999997,270.2821956473141,92.95,5
11,config_B,test,850000,0.12000000000000002,496.0115446376741,95.5,10
11,config_B,test,860000,0.2,474.2998230126116,175.75,5
11,config_B,test,870000,0.16,349.19151595418083,96.83333333333333,5
11,config_B,test,880000,0.2,202.31638812008666,102.66666666666667,5
11,config_B,test,890000,0.2,334.81580220982926,94.33333333333333,5
11,config_B,test,900000,0.16,367.02850504716724,107.16666666666667,10
11,config_B,test,910000,0.08,450.78504207311346,120.5,5
11,config_B,test,920000,0.2,602.3503335414791,128.0,5
11,config_B,test,930000,0.24,675.2676487994283,143.61111111111111,5
11,config_B,test,940000,0.2,715.4871930697648,146.58333333333331,5
11,config_B,test,950000,0.24,574.9947296951755,169.88888888888889,10
11,config_B,test,960000,0.32,713.1697022146129,128.7,5
11,config_B,test,970000,0.27999999999999997,470.068311435631,119.22222222222221,5
11,config_B,test,980000,0.24,802.797860677803,123.61111111111113,5
11,config_B,test,990000,0.36,761.7767865659519,92.5,5
11,config_B,test,1000000,0.64,917.2898093178397,163.85,10
11,config_B,test,1010000,0.48,1000.2193735897399,84.16666666666666,5
11,config_B,test,1020000,0.5599999999999999,763.2950634388797,132.16666666666666,5
11,config_B,test,1030000,0.68,665.1580706930895,89.63,5
11,config_B,test,1040000,0.72,698.8852968858688,150.70666666666665,5
11,config_B,test,1050000,0.6799999999999999,556.7365790103338,129.15,10
11,config_B,test,1060000,0.72,568.6005760382938,127.7,5
11,config_B,test,1070000,0.76,785.357257755748,143.58,5
11,config_B,test,1080000,0.76,524.3912401303043,154.44333333333333,5
11,config_B,test,1090000,0.8,559.1143444603456,102.26333333333335,5
11,config_B,test,1100000,0.8,435.33537811876306,85.22999999999999,10
11,config_B,test,1110000,0.64,576.2135638389848,127.06666666666665,5
11,config_B,test,1120000,0.8,430.6779934606314,84.78999999999999,5
11,config_B,test,1130000,0.8400000000000001,445.3227613192703,91.94666666666667,5
11,config_B,test,1140000,0.76,314.9282670027545,123.37333333333333,5
11,config_B,test,1150000,0.72,259.54602588486557,146.02,10
11,config_B,test,1160000,0.72,329.6380769638386,120.38666666666666,5
11,config_B,test,1170000,0.8400000000000001,245.59422052250846,80.59333333333333,5
11,config_B,test,1180000,0.8,188.07943441415142,122.83,5
11,config_B,test,1190000,0.8400000000000001,137.15292989881203,83.81666666666668,5
11,config_B,test,1200000,0.8800000000000001,158.40815916905805,93.64333333333333,10
11,config_B,test,1210000,0.8800000000000001,89.2553630530915,61.916666666666664,5
11,config_B,test,1220000,0.8800000000000001,93.78302633914497,61.629999999999995,5
11,config_B,test,1230000,0.9199999999999999,94.5774205342415,73.97,5
11,config_B,test,1240000,0.96,99.59740916451827,67.62,5
11,config_B,test,1250000,0.96,163.5543950781584,69.09,10
11,config_B,test,1260000,0.96,178.09721395232265,73.17999999999999,5
11,config_B,test,1270000,1.0,101.784521485852,57.64,5
11,config_B,test,1280000,1.0,99.53512228318657,57.279999999999994,5
11,config_B,test,1290000,1.0,98.39508738561798,56.4,5
11,config_B,test,1300000,1.0,89.24268133201204,58.8,10
11,config_B,test,1310000,0.96,97.59046294721763,60.56,5
11,config_B,test,1320000,0.96,201.758991582042,70.58,5
11,config_B,test,1330000,1.0,102.07897088698671,61.32000000000001,5
11,config_B,test,1340000,0.96,92.42121863266176,63.23,5
11,config_B,test,1350000,0.96,91.00872849673188,55.39,10
11,config_B,test,1360000,0.9199999999999999,88.820783744615,55.56,5
11,config_B,test,1370000,0.96,91.36118639188638,63.04,5
11,config_B,test,1380000,0.9199999999999999,91.90319953559109,56.626666666666665,5
11,config_B,test,1390000,0.9199999999999999,82.97046199650167,55.8,5
11,config_B,test,1400000,0.96,86.59923605959003,76.36,10
11,config_B,test,1410000,0.9199999999999999,81.2586645092376,56.05333333333333,5
11,config_B,test,1420000,0.8400000000000001,73.67800566053903,54.7,5
11,config_B,test,1430000,0.8800000000000001,75.96048839392996,55.620000000000005,5
11,config_B,test,1440000,0.8400000000000001,70.54068295744472,55.32000000000001,5
11,config_B,test,1450000,0.8800000000000001,78.48289700205439,55.52,10
11,config_B,test,1460000,0.8800000000000001,81.84954153596303,54.32000000000001,5
11,config_B,test,1470000,0.8800000000000001,82.89525152662907,79.76,5
11,config_B,test,1480000,0.8400000000000001,149.17669082538202,53.92,5
11,config_B,test,1490000,0.8400000000000001,106.51844674308583,52.42999999999999,5
11,config_B,test,1500000,0.8400000000000001,73.96003405643202,52.29,10
11,config_B,test,1510000,0.8800000000000001,79.95522946183978,70.16,5
11,config_B,test,1520000,0.8800000000000001,76.56414604427657,64.17,5
11,config_B,test,1530000,0.8800000000000001,73.05442482372953,56.379999999999995,5
11,config_B,test,1540000,0.96,81.41600091054295,56.52,5
11,config_B,test,1550000,0.9199999999999999,75.34044754840852,57.98,10
11,config_B,test,1560000,0.96,82.90225619360714,59.08,5
11,config_B,test,1570000,0.9199999999999999,74.21120979003103,51.010000000000005,5
11,config_B,test,1580000,0.9199999999999999,71.47402740053877,50.989999999999995,5
11,config_B,test,1590000,0.9199999999999999,73.77793694858477,50.42,5
11,config_B,test,1600000,0.96,75.37775975036678,64.56,10
11,config_B,test,1610000,0.9199999999999999,71.23383129399632,49.37,5
11,config_B,test,1620000,0.9199999999999999,73.47045641706957,49.72,5
11,config_B,test,1630000,0.9199999999999999,75.06208898238073,50.61,5
11,config_B,test,1640000,0.9199999999999999,73.46324875178182,50.72,5
11,config_B,test,1650000,0.9199999999999999,72.67964267397198,51.529999999999994,10
11,config_B,test,1660000,1.0,76.9597919754347,52.160000000000004,5
11,config_B,test,1670000,1.0,80.8896232367354,54.2,5
11,config_B,test,1680000,1.0,73.34504803672272,52.839999999999996,5
11,config_B,test,1690000,1.0,72.9349230183333,52.160000000000004,5
11,config_B,test,1700000,0.96,69.55493606954494,51.870000000000005,10
11,config_B,test,1710000,0.96,69.66719469341895,51.55,5
11,config_B,test,1720000,0.96,70.86907884136784,51.35,5
11,config_B,test,1730000,0.8800000000000001,64.16128745788924,51.36,5
11,config_B,test,1740000,0.9199999999999999,69.63097953358746,52.55,5
11,config_B,test,1750000,0.9199999999999999,68.33735320777257,53.79,10
11,config_B,test,1760000,0.96,71.22581466545833,52.07000000000001,5
11,config_B,test,1770000,0.9199999999999999,65.9696038374473,51.92,5
11,config_B,test,1780000,0.9199999999999999,69.8349122279449,53.69,5
11,config_B,test,1790000,0.9199999999999999,71.5237851326008,54.05,5
11,config_B,test,1800000,0.96,70.51267427459467,62.54,10
11,config_B,test,1810000,0.9199999999999999,68.05246997954399,53.620000000000005,5
11,config_B,test,1820000,0.8800000000000001,65.361604564962,54.15333333333333,5
11,config_B,test,1830000,0.9199999999999999,67.29396435803427,55.279999999999994,5
11,config_B,test,1840000,0.9199999999999999,65.849218847081,52.620000000000005,5
11,config_B,test,1850000,0.9199999999999999,67.17092559435284,53.19,10
11,config_B,test,1860000,0.96,75.17332427750536,53.36,5
11,config_B,test,1870000,0.9199999999999999,69.82118702022625,53.839999999999996,5
11,config_B,test,1880000,0.8800000000000001,68.27346983647479,53.17666666666666,5
11,config_B,test,1890000,0.8800000000000001,65.81653011708079,53.86666666666666,5
11,config_B,test,1900000,0.8400000000000001,63.96362879218566,54.55,10
11,config_B,test,1910000,0.8400000000000001,63.780399721132156,54.17,5
11,config_B,test,1920000,0.8800000000000001,63.04644680356726,53.54333333333334,5
11,config_B,test,1930000,0.8800000000000001,66.77510068960359,52.336666666666666,5
11,config_B,test,1940000,0.8800000000000001,64.98516653603164,52.20333333333333,5
11,config_B,test,1950000,0.8800000000000001,62.68213174681877,53.11666666666666,10
11,config_B,test,1960000,0.8800000000000001,60.15673868148332,54.36333333333333,5
11,config_B,test,1970000,0.8400000000000001,57.09778155293198,49.95,5
11,config_B,test,1980000,0.8400000000000001,61.434940090779186,49.35,5
11,config_B,test,1990000,0.8800000000000001,58.31238031772337,50.75666666666667,5
11,config_B,test,2000000,0.8800000000000001,62.88223502304936,50.42333333333333,10
11,config_B,test,2010000,0.8800000000000001,61.869522923217595,49.89333333333333,5
11,config_B,test,2020000,0.8800000000000001,59.68241096246891,50.44666666666667,5
11,config_B,test,2030000,0.9199999999999999,61.9202990764043,66.97,5
11,config_B,test,2040000,0.8800000000000001,57.08616197814259,49.88666666666667,5
11,config_B,test,2050000,0.8800000000000001,54.61816999410185,50.243333333333325,10
11,config_B,test,2060000,0.8800000000000001,59.521488068086896,48.6,5
11,config_B,test,2070000,0.8800000000000001,57.81643432489047,48.84333333333333,5
11,config_B,test,2080000,0.9199999999999999,63.29145498516274,48.760000000000005,5
11,config_B,test,2090000,0.9199999999999999,64.68309646486725,49.25,5
11,config_B,test,2100000,0.9199999999999999,62.2757656849701,48.45,10
11,config_B,test,2110000,0.9199999999999999,59.65977819021261,48.28,5
11,config_B,test,2120000,0.9199999999999999,61.00249823956055,48.32,5
11,config_B,test,2130000,0.9199999999999999,60.802063326186136,48.69,5
11,config_B,test,2140000,0.9199999999999999,119.58393040011966,66.6,5
11,config_B,test,2150000,0.9199999999999999,57.3881581833351,48.7,10
11,config_B,test,2160000,0.9199999999999999,60.34636034428163,48.58,5
11,config_B,test,2170000,0.96,60.43014430587219,57.04,5
11,config_B,test,2180000,0.96,60.202204211654546,53.5,5
11,config_B,test,2190000,0.96,65.0318891054271,56.17999999999999,5
11,config_B,test,2200000,0.9199999999999999,62.61855486974382,50.04,10
11,config_B,test,2210000,0.96,61.886694695756674,51.98,5
11,config_B,test,2220000,0.9199999999999999,62.78552379321743,49.69,5
11,config_B,test,2230000,0.8800000000000001,59.155104996173044,48.839999999999996,5
11,config_B,test,2240000,0.8800000000000001,57.401607115295135,48.63333333333333,5
11,config_B,test,2250000,0.8800000000000001,55.89749211097698,48.75,10
11,config_B,test,2260000,0.8800000000000001,58.41100371451573,48.95666666666666,5
11,config_B,test,2270000,0.8800000000000001,60.6373228571282,49.4,5
11,config_B,test,2280000,0.8800000000000001,61.18851231134577,49.983333333333334,5
11,config_B,test,2290000,0.8800000000000001,59.66600946329206,50.776666666666664,5
11,config_B,test,2300000,0.8800000000000001,60.34655450785972,50.31,10
11,config_B,test,2310000,0.8800000000000001,59.49716699951373,50.21,5
11,config_B,test,2320000,0.9199999999999999,60.50677226616199,53.8,5
11,config_B,test,2330000,0.8800000000000001,61.68793717460079,49.69,5
11,config_B,test,2340000,0.8800000000000001,61.32294882146475,50.39333333333333,5
11,config_B,test,2350000,0.9199999999999999,65.7883125681612,51.55,10
11,config_B,test,2360000,0.96,65.30740631554235,53.35,5
11,config_B,test,2370000,0.9199999999999999,65.73545852206783,50.28,5
11,config_B,test,2380000,0.96,63.169121103192694,53.33,5
11,config_B,test,2390000,0.8800000000000001,58.594517667987304,48.376666666666665,5
11,config_B,test,2400000,0.96,60.03469613711072,52.010000000000005,10
11,config_B,test,2410000,0.9199999999999999,64.75612112507207,48.68,5
11,config_B,test,2420000,0.9199999999999999,62.08020120700788,48.489999999999995,5
11,config_B,test,2430000,0.9199999999999999,62.12217601047742,48.980000000000004,5
11,config_B,test,2440000,0.9199999999999999,90.58450914832852,49.3,5
11,config_B,test,2450000,0.9199999999999999,61.74749158091428,49.03,10
11,config_B,test,2460000,0.96,62.7646695326906,49.2,5
11,config_B,test,2470000,1.0,61.80929928889525,50.28,5
11,config_B,test,2480000,0.96,58.935674973330904,50.92,5
11,config_B,test,2490000,0.96,62.015110548888366,47.75,5
11,config_B,test,2500000,0.96,64.82371684763521,48.33,5
11,config_B,train,10000,0.0,10.398665455014546,,5
11,config_B,train,20000,0.0,7.614824047654082,,5
11,config_B,train,30000,0.0,8.832547214447692,,5
11,config_B,train,40000,0.00444444444444444,13.555126305366096,181.0,5
11,config_B,train,50000,0.0,22.246926385152538,,10
11,config_B,train,60000,0.0,25.534742208029673,,5
11,config_B,train,70000,0.0,26.142983546994607,,5
11,config_B,train,80000,0.0,28.979786923888145,,5
11,config_B,train,90000,0.0,28.8203764473186,,5
11,config_B,train,100000,0.0,34.82997498638384,,10
11,config_B,train,110000,0.0,34.496452137459315,,5
11,config_B,train,120000,0.0,35.10779892324719,,5
11,config_B,train,130000,0.0,33.76098897849141,,5
11,config_B,train,140000,0.0,34.55534566857641,,5
11,config_B,train,150000,0.0,35.17862401066164,,10
11,config_B,train,160000,0.0,35.73131073188971,,5
11,config_B,train,170000,0.0,33.52296246766427,,5
11,config_B,train,180000,0.0,33.644968876055216,,5
11,config_B,train,190000,0.0,36.4561589005883,,5
11,config_B,train,200000,0.0,36.39760859881492,,10
11,config_B,train,210000,0.0,35.33388707784788,,5
11,config_B,train,220000,0.0,35.37191947709002,,5
11,config_B,train,230000,0.0,31.7851719736321,,5
11,config_B,train,240000,0.0,33.408773283385244,,5
11,config_B,train,250000,0.0,47.650270922493476,,10
11,config_B,train,260000,0.0,38.7051727977817,,5
11,config_B,train,270000,0.0,36.36952960046405,,5
11,config_B,train,280000,0.0,35.538165108417886,,5
11,config_B,train,290000,0.0,34.36310906667902,,5
11,config_B,train,300000,0.00444444444444444,34.75377043484177,431.0,10
11,config_B,train,310000,0.0,35.19868584923124,,5
11,config_B,train,320000,0.0,35.042718528853825,,5
11,config_B,train,330000,0.0,38.87413172888602,,5
11,config_B,train,340000,0.0,42.93205847392802,,5
11,config_B,train,350000,0.0,54.387724798757674,,10
11,config_B,train,360000,0.00444444444444444,56.13275129117778,163.0,5
11,config_B,train,370000,0.0,50.95586193846014,,5
11,config_B,train,380000,0.0,51.54401036087938,,5
11,config_B,train,390000,0.0,40.54117928093515,,5
11,config_B,train,400000,0.0,35.57204719503874,,10
11,config_B,train,410000,0.0,47.06848582738081,,5
11,config_B,train,420000,0.0,53.68822658343005,,5
11,config_B,train,430000,0.00444444444444444,57.63300927681244,134.0,5
11,config_B,train,440000,0.0,77.95999314350111,,5
11,config_B,train,450000,0.00444444444444444,83.08879444791398,407.0,10
11,config_B,train,460000,0.0,72.81257801154001,,5
11,config_B,train,470000,0.0,78.02093958665884,,5
11,config_B,train,480000,0.013333333333333319,92.61797773533976,323.0,5
11,config_B,train,490000,0.00444444444444444,96.67115806025299,184.0,5
11,config_B,train,500000,0.0,141.26951693569958,,10
11,config_B,train,510000,0.0,153.73326950289166,,5
11,config_B,train,520000,0.0,168.58755609361432,,5
11,config_B,train,530000,0.00444444444444444,181.40502421767974,273.0,5
11,config_B,train,540000,0.00444444444444444,142.8851431661699,364.0,5
11,config_B,train,550000,0.00888888888888888,179.10821348380236,110.5,10
11,config_B,train,560000,0.0311111111111111,185.39415930436442,87.28571428571429,5
11,config_B,train,570000,0.04,230.0480469886415,190.88888888888889,5
11,config_B,train,580000,0.03555555555555554,228.30724636622207,62.875,5
11,config_B,train,590000,0.04,210.28714660015174,64.0,5
11,config_B,train,600000,0.04,208.8473336695835,65.33333333333333,10
11,config_B,train,610000,0.06666666666666667,228.74209918375124,101.53571428571428,5
11,config_B,train,620000,0.0711111111111111,283.8110861194214,153.94545454545454,5
11,config_B,train,630000,0.0711111111111111,321.4999215187788,157.02380952380952,5
11,config_B,train,640000,0.10222222222222221,347.10102535652015,149.52307692307693,5
11,config_B,train,650000,0.09333333333333332,355.3538335077079,168.989898989899,10
11,config_B,train,660000,0.12444444444444443,342.36494087640847,143.4,5
11,config_B,train,670000,0.09777777777777777,402.566989562345,156.27777777777774,5
11,config_B,train,680000,0.10666666666666665,342.201262636033,116.66666666666666,5
11,config_B,train,690000,0.07555555555555554,262.8211356674785,87.48484848484847,5
11,config_B,train,700000,0.08888888888888888,265.12650841220125,97.1,10
11,config_B,train,710000,0.07999999999999999,170.01266259737886,170.11764705882354,5
11,config_B,train,720000,0.10222222222222221,229.43616583499426,183.26388888888889,5
11,config_B,train,730000,0.11999999999999997,283.5330133190292,183.16666666666669,5
11,config_B,train,740000,0.18666666666666662,303.57811962548976,155.40734649122805,5
11,config_B,train,750000,0.16444444444444445,226.9381712006663,201.6625816993464,10
11,config_B,train,760000,0.1911111111111111,219.119004115107,163.80223214285715,5
11,config_B,train,770000,0.1822222222222222,299.9339218811454,121.33551198257082,5
11,config_B,train,780000,0.13777777777777772,249.6599994343453,131.32,5
11,config_B,train,790000,0.17333333333333328,283.0044069840377,126.88878787878787,5
11,config_B,train,800000,0.18222222222222217,372.4968794458285,112.6802536231884,10
11,config_B,train,810000,0.17333333333333328,387.8246864129852,119.80272727272727,5
11,config_B,train,820000,0.1555555555555555,357.95833423661287,133.39473684210526,5
11,config_B,train,830000,0.18222222222222217,325.96333630552925,128.91818181818184,5
11,config_B,train,840000,0.17777777777777776,385.2502068139305,109.5625,5
11,config_B,train,850000,0.19999999999999998,441.6463028034021,183.95466666666667,10
11,config_B,train,860000,0.1822222222222222,402.59792035336005,128.70247584541062,5
11,config_B,train,870000,0.16444444444444445,462.1430400152003,125.06617647058823,5
11,config_B,train,880000,0.18222222222222223,445.689210536519,119.15,5
11,config_B,train,890000,0.2177777777777777,431.8416697213189,123.33333333333334,5
11,config_B,train,900000,0.23555555555555552,446.97872072206985,127.5133893557423,10
11,config_B,train,910000,0.13777777777777772,501.58012076859694,126.38,5
11,config_B,train,920000,0.23555555555555552,436.5359289697979,122.05057142857143,5
11,config_B,train,930000,0.23555555555555552,432.1978459267657,113.17202614379084,5
11,config_B,train,940000,0.23999999999999994,465.6601005083159,122.2599019607843,5
11,config_B,train,950000,0.2444444444444444,434.7097291821845,110.82971428571429,10
11,config_B,train,960000,0.2666666666666666,460.2585231392185,103.27416666666666,5
11,config_B,train,970000,0.2666666666666666,530.2711155850782,131.67083333333335,5
11,config_B,train,980000,0.28888888888888886,610.6284184509454,127.89859307359306,5
11,config_B,train,990000,0.28888888888888886,531.8889449992424,102.91532020610968,5
11,config_B,train,1000000,0.4622222222222222,914.9673351489295,87.05255515099593,10
11,config_B,train,1010000,0.48,835.6435093939406,82.20660317460317,5
11,config_B,train,1020000,0.42666666666666664,750.9213341091852,83.51685897435898,5
11,config_B,train,1030000,0.5466666666666666,811.7836003094665,113.90928969581144,5
11,config_B,train,1040000,0.5244444444444445,779.7265028228018,84.74430555555554,5
11,config_B,train,1050000,0.48888888888888893,741.706522993515,73.48104395604396,10
11,config_B,train,1060000,0.5688888888888888,718.7123928919538,94.33230547230546,5
11,config_B,train,1070000,0.5644444444444444,722.0386727664297,79.01069264069264,5
11,config_B,train,1080000,0.5777777777777778,561.5414600024744,81.04688923036494,5
11,config_B,train,1090000,0.6533333333333333,698.6947513019387,89.52754010695188,5
11,config_B,train,1100000,0.6711111111111111,667.1564457293159,92.43550133114086,10
11,config_B,train,1110000,0.6355555555555557,665.8679959915711,96.18576515151514,5
11,config_B,train,1120000,0.7777777777777778,510.60383524763336,91.02214012041597,5
11,config_B,train,1130000,0.7555555555555555,527.0078158837337,90.47586705767351,5
11,config_B,train,1140000,0.7422222222222222,468.9077763342977,90.5935837782863,5
11,config_B,train,1150000,0.7733333333333332,394.5703015050329,88.23883358883359,10
11,config_B,train,1160000,0.7555555555555555,355.1367201571549,87.99142685168974,5
11,config_B,train,1170000,0.8266666666666665,439.70035638556635,86.73385913397541,5
11,config_B,train,1180000,0.8266666666666665,367.9440972421929,81.78550279178187,5
11,config_B,train,1190000,0.8444444444444444,370.98689356538114,86.86876937984496,5
11,config_B,train,1200000,0.8088888888888889,402.8848049573403,82.28906882591093,10
11,config_B,train,1210000,0.8044444444444444,398.44883205141593,86.27586433038047,5
11,config_B,train,1220000,0.8266666666666665,375.5499141798181,75.84976521976522,5
11,config_B,train,1230000,0.8355555555555556,422.84962615589393,82.88916973791973,5
11,config_B,train,1240000,0.8444444444444444,366.5279245441231,74.32148258194769,5
11,config_B,train,1250000,0.8800000000000001,344.867506944688,89.99064147573293,10
11,config_B,train,1260000,0.8533333333333333,313.1780453728119,85.16047237076648,5
11,config_B,train,1270000,0.9111111111111111,261.6170110212961,78.32428112439666,5
11,config_B,train,1280000,0.9199999999999999,241.43158113286654,76.17020202020203,5
11,config_B,train,1290000,0.8844444444444445,292.2782203602663,71.96303918303917,5
11,config_B,train,1300000,0.8977777777777778,272.81542413726373,73.74657747448445,10
11,config_B,train,1310000,0.9066666666666666,210.57018205741292,63.96789965372585,5
11,config_B,train,1320000,0.9244444444444445,179.8048784527979,61.789390922621216,5
11,config_B,train,1330000,0.9199999999999999,188.75565208357406,64.29781658735148,5
11,config_B,train,1340000,0.9066666666666666,167.52748450082305,65.44622636948218,5
11,config_B,train,1350000,0.9155555555555555,172.42128258619113,67.82550387596899,10
11,config_B,train,1360000,0.9155555555555555,154.631783087048,71.39940836940838,5
11,config_B,train,1370000,0.9066666666666666,179.27653444268267,70.91436320145803,5
11,config_B,train,1380000,0.9022222222222223,139.8576719310052,68.26501328003313,5
11,config_B,train,1390000,0.9022222222222223,105.97449778200073,60.594284231092004,5
11,config_B,train,1400000,0.8933333333333333,113.37980899082973,59.066423854370534,10
11,config_B,train,1410000,0.888888888888889,99.46260419565209,61.12418369743951,5
11,config_B,train,1420000,0.8755555555555554,96.91321152930166,56.338730158730165,5
11,config_B,train,1430000,0.888888888888889,92.32596291230168,56.3373579294269,5
11,config_B,train,1440000,0.8844444444444445,92.28542379898275,60.0911124376978,5
11,config_B,train,1450000,0.9066666666666666,95.1840148288542,57.11000805396154,10
11,config_B,train,1460000,0.9199999999999999,81.99300586408228,57.913847780126844,5
11,config_B,train,1470000,0.9111111111111111,82.12741087298187,56.49424242424243,5
11,config_B,train,1480000,0.9244444444444444,83.48207509560964,55.396197458455525,5
11,config_B,train,1490000,0.9155555555555555,83.17049753033353,53.90420762503079,5
11,config_B,train,1500000,0.9199999999999999,79.8098229131929,52.67859237536656,10
11,config_B,train,1510000,0.9377777777777778,82.30508986399416,53.49833685694151,5
11,config_B,train,1520000,0.9199999999999999,79.87985161676146,54.09427510398099,5
11,config_B,train,1530000,0.9466666666666665,81.25053042796428,55.96795321637427,5
11,config_B,train,1540000,0.9466666666666665,85.651133030041,52.24363636363637,5
11,config_B,train,1550000,0.9466666666666667,80.56351097559673,51.624879022786004,10
11,config_B,train,1560000,0.9511111111111109,85.50906712084081,51.328009828009826,5
11,config_B,train,1570000,0.96,77.10791125410736,51.24797448165869,5
11,config_B,train,1580000,0.9511111111111111,75.78670453863609,51.00687592455034,5
11,config_B,train,1590000,0.9511111111111111,75.83007744601832,50.524425457583355,5
11,config_B,train,1600000,0.9333333333333333,75.6776642655398,51.8571758664955,10
11,config_B,train,1610000,0.9644444444444444,76.82645144070348,49.98541897379107,5
11,config_B,train,1620000,0.9822222222222223,76.8308478447401,49.79731266149871,5
11,config_B,train,1630000,0.9822222222222223,83.0517632593616,51.86937669376694,5
11,config_B,train,1640000,0.9777777777777779,74.78716002058927,50.31501847745751,5
11,config_B,train,1650000,0.9777777777777779,75.69952680081495,51.86666666666666,10
11,config_B,train,1660000,0.9511111111111111,70.89596628066272,52.70165608765721,5
11,config_B,train,1670000,0.9644444444444444,73.70426952927535,55.33958253632672,5
11,config_B,train,1680000,0.9733333333333333,70.65979461231689,52.77393201114131,5
11,config_B,train,1690000,0.9822222222222223,71.61269354571611,52.1259620596206,5
11,config_B,train,1700000,0.9822222222222221,70.32912628823894,53.74298701298701,10
11,config_B,train,1710000,0.9911111111111112,69.29628429213183,51.22949494949495,5
11,config_B,train,1720000,0.9822222222222221,69.80669019554995,51.27624383368569,5
11,config_B,train,1730000,0.9511111111111109,69.04890716228176,52.156550116550115,5
11,config_B,train,1740000,0.9688888888888888,68.45615763504323,52.458499630450845,5
11,config_B,train,1750000,0.9866666666666667,69.45488857240781,53.040584918957016,10
11,config_B,train,1760000,0.9688888888888888,67.04798274310714,51.745424293989245,5
11,config_B,train,1770000,0.9333333333333332,65.88197342380197,51.73343927075634,5
11,config_B,train,1780000,0.9422222222222221,68.50731774214769,53.28387403446227,5
11,config_B,train,1790000,0.96,70.0397920685754,54.27020202020202,5
11,config_B,train,1800000,0.9466666666666667,67.3376272428043,52.68955602536998,10
11,config_B,train,1810000,0.96,70.36424569129494,53.505396065922376,5
11,config_B,train,1820000,0.9688888888888888,69.72874484647139,55.03913436692507,5
11,config_B,train,1830000,0.9555555555555555,71.98937715459975,55.50322616407982,5
11,config_B,train,1840000,0.9733333333333334,68.36032213702572,52.236536207222535,5
11,config_B,train,1850000,0.9822222222222223,70.46448175098314,53.14708010335918,10
11,config_B,train,1860000,0.9777777777777776,69.36874337220804,52.81328165374678,5
11,config_B,train,1870000,0.9555555555555555,69.94806134477808,54.32266710034152,5
11,config_B,train,1880000,0.9555555555555555,69.10091560253457,53.52725393469579,5
11,config_B,train,1890000,0.9422222222222223,66.70927295322844,51.89972314507198,5
11,config_B,train,1900000,0.9377777777777778,64.56813712438301,53.10681700728212,10
11,config_B,train,1910000,0.9022222222222223,62.54201560169486,52.8354186949393,5
11,config_B,train,1920000,0.9244444444444444,62.354160348000356,53.73405483405484,5
11,config_B,train,1930000,0.9511111111111111,65.24262135410106,53.30053693076949,5
11,config_B,train,1940000,0.9333333333333332,65.30395379461807,50.60100131083652,5
11,config_B,train,1950000,0.9555555555555555,66.56142812490526,50.84793351491026,10
11,config_B,train,1960000,0.9511111111111111,67.61795735552468,50.335381724218934,5
11,config_B,train,1970000,0.9688888888888888,67.82034005703647,50.75842712842713,5
11,config_B,train,1980000,0.9777777777777779,66.82712774716609,50.643344407530456,5
11,config_B,train,1990000,0.9822222222222221,66.25283970795641,50.50123561193329,5
11,config_B,train,2000000,0.9688888888888888,66.37102237343173,52.13540051679587,10
11,config_B,train,2010000,0.9422222222222223,63.50619123278928,49.466482068067435,5
11,config_B,train,2020000,0.9555555555555555,65.62523247378445,49.34854819976771,5
11,config_B,train,2030000,0.9688888888888888,66.280058926537,49.28219336219336,5
11,config_B,train,2040000,0.9822222222222221,66.69139264873156,50.41656565656565,5
11,config_B,train,2050000,0.9733333333333333,64.93395557290171,51.00585153864223,10
11,config_B,train,2060000,0.9911111111111112,66.01218816586251,48.90868686868687,5
11,config_B,train,2070000,0.9777777777777776,64.75328456149334,49.05024665257223,5
11,config_B,train,2080000,0.9822222222222223,66.43729022307036,50.924038054968285,5
11,config_B,train,2090000,0.9777777777777776,66.28312000991161,49.05909090909091,5
11,config_B,train,2100000,0.9866666666666666,65.40149784689814,48.82545454545455,10
11,config_B,train,2110000,0.9822222222222221,64.93754131008211,48.581435283063186,5
11,config_B,train,2120000,0.9955555555555555,62.71382320633976,49.661212121212124,5
11,config_B,train,2130000,0.9733333333333333,62.01953077917523,48.33063562453806,5
11,config_B,train,2140000,0.9777777777777779,61.999306235066626,48.62139769790933,5
11,config_B,train,2150000,0.9777777777777776,61.36812569565431,48.41396825396826,10
11,config_B,train,2160000,0.9911111111111112,62.55531613284037,50.259595959595956,5
11,config_B,train,2170000,1.0,62.16727674814331,49.77777777777778,5
11,config_B,train,2180000,0.9911111111111112,62.67552014026103,49.28124031007752,5
11,config_B,train,2190000,0.9866666666666667,62.91102936373949,50.71558609349307,5
11,config_B,train,2200000,0.9911111111111112,63.36825033067369,49.75886304909561,10
11,config_B,train,2210000,0.9955555555555555,62.50415116244591,49.83373737373738,5
11,config_B,train,2220000,0.9955555555555555,63.612072319923115,49.04919191919193,5
11,config_B,train,2230000,0.9911111111111112,62.849777042759136,49.183838383838385,5
11,config_B,train,2240000,0.9866666666666667,62.1173268363961,49.57830866807611,5
11,config_B,train,2250000,0.9866666666666667,62.17118211820211,49.63996476391825,10
11,config_B,train,2260000,0.9733333333333334,62.64395737161279,49.55805886430957,5
11,config_B,train,2270000,0.9822222222222221,63.551958569796014,51.00369743951139,5
11,config_B,train,2280000,0.9777777777777779,63.99450031191393,49.7959911406423,5
11,config_B,train,2290000,0.9866666666666667,64.35402098329088,50.79663847780127,5
11,config_B,train,2300000,0.9866666666666667,64.04123964229802,49.95450786939159,10
11,config_B,train,2310000,0.9822222222222221,63.80597591347028,49.7640404040404,5
11,config_B,train,2320000,0.9911111111111112,63.988442624239426,50.19235142118863,5
11,config_B,train,2330000,0.9822222222222223,65.19166150473583,50.55421188630491,5
11,config_B,train,2340000,0.9777777777777776,63.71905924705171,50.59559884559884,5
11,config_B,train,2350000,0.9733333333333333,62.355616893505456,50.62418470418471,10
11,config_B,train,2360000,0.9644444444444444,64.25890229369195,49.61210678210678,5
11,config_B,train,2370000,0.9733333333333333,64.87000806270558,49.55920131548039,5
11,config_B,train,2380000,0.9777777777777776,62.7071270474029,49.14385012919897,5
11,config_B,train,2390000,0.9866666666666666,62.07118300301677,48.526464646464646,5
11,config_B,train,2400000,0.9733333333333333,61.16852071995639,48.00363871270848,10
11,config_B,train,2410000,0.9866666666666666,63.109136227076895,48.325353535353536,5
11,config_B,train,2420000,0.9822222222222221,61.69362748419245,47.99949494949495,5
11,config_B,train,2430000,0.9688888888888888,59.76982274808595,48.40782241014799,5
11,config_B,train,2440000,0.9822222222222221,62.44131102302729,49.19447028423773,5
11,config_B,train,2450000,0.9911111111111112,62.936652443978915,49.15276485788114,10
11,config_B,train,2460000,0.9866666666666667,63.41324266004874,48.74441390650693,5
11,config_B,train,2470000,0.9866666666666667,62.522314796810655,48.09596194503171,5
11,config_B,train,2480000,0.9866666666666667,63.499639665780805,48.02359173126615,5
11,config_B,train,2490000,0.9911111111111112,61.60760844125758,47.686925064599485,5
11,config_B,train,2500000,0.9911111111111112,62.28976351769735,48.47555555555556,5
11,config_C,test,10000,0.0,12.560443905337534,,5
11,config_C,test,20000,0.0,10.835106553729265,,5
11,config_C,test,30000,0.0,18.28398432246538,,5
11,config_C,test,40000,0.0,29.237288179230767,,5
11,config_C,test,50000,0.0,27.554864648443004,,10
11,config_C,test,60000,0.0,29.295465332190382,,5
11,config_C,test,70000,0.0,27.13418468184443,,5
11,config_C,test,80000,0.0,34.44172035616392,,5
11,config_C,test,90000,0.0,28.638732030823974,,5
11,config_C,test,100000,0.0,32.73600003861392,,10
11,config_C,test,110000,0.0,34.36443821225765,,5
11,config_C,test,120000,0.0,34.141360641819155,,5
11,config_C,test,130000,0.0,34.74229797266316,,5
11,config_C,test,140000,0.0,33.974113444370644,,5
11,config_C,test,150000,0.0,35.827573799094075,,10
11,config_C,test,160000,0.0,44.99534936484035,,5
11,config_C,test,170000,0.0,38.5599390402186,,5
11,config_C,test,180000,0.0,44.11001656489837,,5
11,config_C,test,190000,0.0,43.43368553253731,,5
11,config_C,test,200000,0.0,38.17328477630199,,10
11,config_C,test,210000,0.0,43.24375882075983,,5
11,config_C,test,220000,0.0,44.09201142403053,,5
11,config_C,test,230000,0.0,37.37811514404796,,5
11,config_C,test,240000,0.0,50.06988543924922,,5
11,config_C,test,250000,0.0,47.866970706166214,,10
11,config_C,test,260000,0.0,51.24405641392182,,5
11,config_C,test,270000,0.0,49.79663739486466,,5
11,config_C,test,280000,0.0,39.858349727561155,,5
11,config_C,test,290000,0.0,55.572843354958536,,5
11,config_C,test,300000,0.0,53.107088343995805,,10
11,config_C,test,310000,0.0,51.024044329520535,,5
11,config_C,test,320000,0.08,66.80080342053671,391.0,5
11,config_C,test,330000,0.04,54.35827453237435,239.0,5
11,config_C,test,340000,0.0,46.127477664189904,,5
11,config_C,test,350000,0.0,91.60762570645105,,10
11,config_C,test,360000,0.04,110.62038619896946,197.0,5
11,config_C,test,370000,0.0,49.137933915840634,,5
11,config_C,test,380000,0.0,42.67889951288758,,5
11,config_C,test,390000,0.0,61.352860323788676,,5
11,config_C,test,400000,0.0,45.092705964737384,,10
11,config_C,test,410000,0.0,43.760078002123365,,5
11,config_C,test,420000,0.0,47.68622426537498,,5
11,config_C,test,430000,0.04,82.69828022191504,160.0,5
11,config_C,test,440000,0.0,37.13868027111076,,5
11,config_C,test,450000,0.0,41.96287507542789,,10
11,config_C,test,460000,0.0,35.90956979790674,,5
11,config_C,test,470000,0.0,38.52676262921176,,5
11,config_C,test,480000,0.0,40.859430489430764,,5
11,config_C,test,490000,0.0,47.60502963964078,,5
11,config_C,test,500000,0.0,46.24729205023106,,10
11,config_C,test,510000,0.04,50.152721527763916,118.0,5
11,config_C,test,520000,0.04,72.06081353188112,117.0,5
11,config_C,test,530000,0.04,32.42551686510935,67.0,5
11,config_C,test,540000,0.0,39.40900613351189,,5
11,config_C,test,550000,0.0,48.64019833528943,,10
11,config_C,test,560000,0.04,34.63910496295959,67.0,5
11,config_C,test,570000,0.04,37.12771412652676,82.0,5
11,config_C,test,580000,0.04,30.933701252900704,87.0,5
11,config_C,test,590000,0.04,30.990249020692552,90.0,5
11,config_C,test,600000,0.08,38.246013885515396,116.0,10
11,config_C,test,610000,0.04,40.194652531708016,146.0,5
11,config_C,test,620000,0.0,103.47278847303498,,5
11,config_C,test,630000,0.04,43.79084473310509,82.0,5
11,config_C,test,640000,0.04,41.747835798855206,253.0,5
11,config_C,test,650000,0.04,77.23017240503678,243.0,10
11,config_C,test,660000,0.04,30.94041375145911,44.0,5
11,config_C,test,670000,0.04,63.485488427923414,45.0,5
11,config_C,test,680000,0.08,36.36325636961071,67.0,5
11,config_C,test,690000,0.08,37.12307303700578,91.0,5
11,config_C,test,700000,0.04,106.16526767247896,310.0,10
11,config_C,test,710000,0.08,66.57572332543415,78.0,5
11,config_C,test,720000,0.0,155.84823023779526,,5
11,config_C,test,730000,0.04,37.78531415622598,220.0,5
11,config_C,test,740000,0.04,62.60576955632854,79.0,5
11,config_C,test,750000,0.0,150.85451995454912,,10
11,config_C,test,760000,0.08,118.38148617508878,61.5,5
11,config_C,test,770000,0.08,56.03612971018076,68.5,5
11,config_C,test,780000,0.0,33.12852401621055,,5
11,config_C,test,790000,0.08,102.04885010623289,84.0,5
11,config_C,test,800000,0.04,204.2325807697347,123.0,10
11,config_C,test,810000,0.0,183.00522180615388,,5
11,config_C,test,820000,0.0,73.45084210577721,,5
11,config_C,test,830000,0.08,219.23980870494634,285.0,5
11,config_C,test,840000,0.12000000000000002,233.7147202794541,145.25,5
11,config_C,test,850000,0.04,199.18355897128234,95.0,10
11,config_C,test,860000,0.04,217.79746329606505,135.0,5
11,config_C,test,870000,0.0,130.05529675566868,,5
11,config_C,test,880000,0.16,149.01077679349015,176.25,5
11,config_C,test,890000,0.04,248.15941474264224,58.0,5
11,config_C,test,900000,0.16,133.71867521779384,64.66666666666666,10
11,config_C,test,910000,0.12,133.04757975028707,55.0,5
11,config_C,test,920000,0.0,208.78371494348767,,5
11,config_C,test,930000,0.24,143.20485082092804,154.1,5
11,config_C,test,940000,0.2,135.2250619993227,111.6,5
11,config_C,test,950000,0.2,190.98527528031224,255.875,10
11,config_C,test,960000,0.2,192.9817649113173,148.625,5
11,config_C,test,970000,0.2,168.46368341510205,146.875,5
11,config_C,test,980000,0.24,280.91997241414185,232.7,5
11,config_C,test,990000,0.24000000000000005,284.24930583382064,157.33333333333334,5
11,config_C,test,1000000,0.27999999999999997,518.4654293423281,59.6,10
11,config_C,test,1010000,0.27999999999999997,351.77391049505684,57.666666666666664,5
11,config_C,test,1020000,0.27999999999999997,479.2800715649003,68.93333333333334,5
11,config_C,test,1030000,0.36,287.96975132502257,55.083333333333336,5
11,config_C,test,1040000,0.32,378.28958991167667,54.416666666666664,5
11,config_C,test,1050000,0.32,319.69205028847773,50.05555555555555,10
11,config_C,test,1060000,0.27999999999999997,351.63350715325237,51.333333333333336,5
11,config_C,test,1070000,0.32,431.14845126781137,54.97222222222222,5
11,config_C,test,1080000,0.36,320.3891706631453,68.08333333333333,5
11,config_C,test,1090000,0.27999999999999997,383.53475129158176,50.44444444444445,5
11,config_C,test,1100000,0.32,508.5223540241685,67.55555555555556,10
11,config_C,test,1110000,0.32,361.7461921276871,52.916666666666664,5
11,config_C,test,1120000,0.28,294.95279036528405,50.833333333333336,5
11,config_C,test,1130000,0.32,388.82305119251055,51.61111111111111,5
11,config_C,test,1140000,0.24,298.13481626956093,50.333333333333336,5
11,config_C,test,1150000,0.27999999999999997,380.9720295410662,51.333333333333336,10
11,config_C,test,1160000,0.27999999999999997,456.8367112921945,60.0,5
11,config_C,test,1170000,0.24000000000000005,441.6180599381963,62.0,5
11,config_C,test,1180000,0.24000000000000005,443.63497426947595,57.25,5
11,config_C,test,1190000,0.24000000000000005,378.9694600458781,60.25,5
11,config_C,test,1200000,0.36,390.2818349372614,53.577777777777776,10
11,config_C,test,1210000,0.32,472.1003585954886,59.75,5
11,config_C,test,1220000,0.36,411.8982432578118,75.66666666666667,5
11,config_C,test,1230000,0.32,442.539634725341,52.22222222222222,5
11,config_C,test,1240000,0.36,443.2492372444164,54.916666666666664,5
11,config_C,test,1250000,0.32,333.08342288774435,53.97222222222222,10
11,config_C,test,1260000,0.36,397.9193278876194,62.083333333333336,5
11,config_C,test,1270000,0.36,458.0967615872288,62.26666666666667,5
11,config_C,test,1280000,0.32,567.7259556507968,55.53333333333333,5
11,config_C,test,1290000,0.24,446.3351227484827,58.55555555555555,5
11,config_C,test,1300000,0.2,510.94329017310037,48.55555555555555,10
11,config_C,test,1310000,0.24,443.8904677091623,73.75,5
11,config_C,test,1320000,0.24,423.5202244000099,49.833333333333336,5
11,config_C,test,1330000,0.24,527.523791650007,55.0,5
11,config_C,test,1340000,0.4,485.29034622447796,122.7,5
11,config_C,test,1350000,0.4,370.81099798370917,73.5,10
11,config_C,test,1360000,0.27999999999999997,403.272876737126,63.333333333333336,5
11,config_C,test,1370000,0.36,444.40767295176585,64.77777777777777,5
11,config_C,test,1380000,0.32,377.34850048311773,61.444444444444436,5
11,config_C,test,1390000,0.27999999999999997,359.40476709377106,54.38888888888889,5
11,config_C,test,1400000,0.24,356.18947300422985,61.888888888888886,10
11,config_C,test,1410000,0.27999999999999997,355.64574726283143,58.611111111111114,5
11,config_C,test,1420000,0.36,391.1827250465029,63.111111111111114,5
11,config_C,test,1430000,0.36,377.6014193265351,62.444444444444436,5
11,config_C,test,1440000,0.32,381.3149907431072,78.05555555555556,5
11,config_C,test,1450000,0.27999999999999997,263.8370709304457,60.61111111111111,10
11,config_C,test,1460000,0.4,299.8739450221857,58.888888888888886,5
11,config_C,test,1470000,0.4,321.34169547070445,60.22222222222223,5
11,config_C,test,1480000,0.36,275.13604839232033,57.666666666666664,5
11,config_C,test,1490000,0.32,434.3890526984238,60.166666666666664,5
11,config_C,test,1500000,0.36,397.2736508986927,59.583333333333336,10
11,config_C,test,1510000,0.27999999999999997,294.0005898741848,94.77777777777777,5
11,config_C,test,1520000,0.24,231.83605370350065,67.33333333333334,5
11,config_C,test,1530000,0.32,242.94899934249693,86.1111111111111,5
11,config_C,test,1540000,0.32,426.94547248853485,64.22222222222223,5
11,config_C,test,1550000,0.28,312.5500579953763,61.583333333333336,10
11,config_C,test,1560000,0.24,397.195505362211,61.416666666666664,5
11,config_C,test,1570000,0.36,251.16470653125984,75.94444444444444,5
11,config_C,test,1580000,0.4,310.2334081662758,63.9,5
11,config_C,test,1590000,0.32,372.1113755569716,66.69444444444444,5
11,config_C,test,1600000,0.36,338.3488488186915,105.22222222222221,10
11,config_C,test,1610000,0.36,431.21298016332395,69.08333333333333,5
11,config_C,test,1620000,0.36,538.5994734894496,69.02777777777777,5
11,config_C,test,1630000,0.4,605.9543102864099,58.88888888888889,5
11,config_C,test,1640000,0.4,503.94105659242143,58.055555555555564,5
11,config_C,test,1650000,0.44000000000000006,444.3964836313821,58.79999999999999,10
11,config_C,test,1660000,0.4,484.1614599743264,60.638888888888886,5
11,config_C,test,1670000,0.4,358.2271902374631,60.333333333333336,5
11,config_C,test,1680000,0.32,227.91853178123898,61.25,5
11,config_C,test,1690000,0.24,283.7547790436866,66.55555555555556,5
11,config_C,test,1700000,0.4,391.0559658549433,74.85416666666667,10
11,config_C,test,1710000,0.44000000000000006,265.891029891944,74.25,5
11,config_C,test,1720000,0.36,245.3016291404836,60.52777777777777,5
11,config_C,test,1730000,0.4,300.809531686018,71.27083333333333,5
11,config_C,test,1740000,0.4,280.7953681335137,69.77083333333334,5
11,config_C,test,1750000,0.4,202.97295888881132,59.444444444444436,10
11,config_C,test,1760000,0.44000000000000006,341.3137330265806,86.79166666666667,5
11,config_C,test,1770000,0.44000000000000006,344.05451262837715,64.97222222222223,5
11,config_C,test,1780000,0.4,341.29268913970884,59.75,5
11,config_C,test,1790000,0.4,598.3995918010261,82.89583333333333,5
11,config_C,test,1800000,0.4,548.109182226938,76.58333333333333,10
11,config_C,test,1810000,0.4,271.3126263747391,69.41666666666667,5
11,config_C,test,1820000,0.4800000000000001,359.1946256859866,66.56666666666666,5
11,config_C,test,1830000,0.44000000000000006,289.64490767507414,69.83333333333333,5
11,config_C,test,1840000,0.48,399.4485265281629,76.0,5
11,config_C,test,1850000,0.36,345.1031853653222,80.1111111111111,10
11,config_C,test,1860000,0.4,359.82311954361705,69.05555555555556,5
11,config_C,test,1870000,0.4,376.34584970341973,64.3611111111111,5
11,config_C,test,1880000,0.4,377.9488320786319,58.583333333333336,5
11,config_C,test,1890000,0.27999999999999997,222.47276855460842,58.0,5
11,config_C,test,1900000,0.44000000000000006,226.38838746646638,60.388888888888886,10
11,config_C,test,1910000,0.48,404.46814641444143,69.59444444444445,5
11,config_C,test,1920000,0.4,325.2003283796482,60.80555555555555,5
11,config_C,test,1930000,0.44000000000000006,434.14521318686695,62.22222222222222,5
11,config_C,test,1940000,0.4,451.4650768528324,62.694444444444436,5
11,config_C,test,1950000,0.4,439.82981913277035,64.16666666666667,10
11,config_C,test,1960000,0.4,272.56786193016035,68.02777777777777,5
11,config_C,test,1970000,0.44000000000000006,275.193715494663,66.94444444444444,5
11,config_C,test,1980000,0.44000000000000006,356.6098962261269,67.02083333333333,5
11,config_C,test,1990000,0.31999999999999995,431.8751627133279,62.583333333333336,5
11,config_C,test,2000000,0.4,336.88245635041403,60.75,10
11,config_C,test,2010000,0.44000000000000006,431.32537649108616,58.95,5
11,config_C,test,2020000,0.36000000000000004,527.7968023699607,55.125,5
11,config_C,test,2030000,0.44000000000000006,509.23259985348295,55.0,5
11,config_C,test,2040000,0.36,525.3442277282973,57.361111111111114,5
11,config_C,test,2050000,0.4,542.6011074399278,56.416666666666664,10
11,config_C,test,2060000,0.4,428.23972341856535,54.833333333333336,5
11,config_C,test,2070000,0.27999999999999997,527.6046597048129,47.444444444444436,5
11,config_C,test,2080000,0.24,170.21625088958515,54.66666666666667,5
11,config_C,test,2090000,0.4,341.1125160722158,64.75,5
11,config_C,test,2100000,0.4,306.0539546268475,71.85416666666666,10
11,config_C,test,2110000,0.36,388.79333677813116,60.666666666666664,5
11,config_C,test,2120000,0.4,319.9853828371264,58.041666666666664,5
11,config_C,test,2130000,0.4,454.48082420222727,62.75,5
11,config_C,test,2140000,0.4,455.61057172872216,59.25,5
11,config_C,test,2150000,0.44000000000000006,339.69699263271815,60.78333333333333,10
11,config_C,test,2160000,0.4,318.5591101001508,58.354166666666664,5
11,config_C,test,2170000,0.36,247.21125758986744,66.29166666666667,5
11,config_C,test,2180000,0.32,221.42286538443932,54.444444444444436,5
11,config_C,test,2190000,0.36,240.88566193162802,55.958333333333336,5
11,config_C,test,2200000,0.32,295.7582954245908,64.58333333333333,10
11,config_C,test,2210000,0.48,384.5733791827894,58.541666666666664,5
11,config_C,test,2220000,0.4,251.70998260236155,57.25,5
11,config_C,test,2230000,0.4800000000000001,246.73943657771284,60.0,5
11,config_C,test,2240000,0.44000000000000006,271.44569797094516,55.125,5
11,config_C,test,2250000,0.4,264.44545771985185,55.229166666666664,10
11,config_C,test,2260000,0.4,308.80597394310035,52.0,5
11,config_C,test,2270000,0.4,264.6801000594592,65.3125,5
11,config_C,test,2280000,0.36,287.1568745701185,61.0,5
11,config_C,test,2290000,0.48,339.2613338517204,55.666666666666664,5
11,config_C,test,2300000,0.4800000000000001,316.9832654683436,60.875,10
11,config_C,test,2310000,0.4,372.407433113755,61.1875,5
11,config_C,test,2320000,0.48,306.1500231250484,56.145833333333336,5
11,config_C,test,2330000,0.4,267.2272979556935,55.5,5
11,config_C,test,2340000,0.27999999999999997,428.50713623763534,56.41666666666667,5
11,config_C,test,2350000,0.44000000000000006,408.3103809278247,59.5625,10
11,config_C,test,2360000,0.4,399.19691603592986,57.71666666666667,5
11,config_C,test,2370000,0.52,366.09691983152106,60.0,5
11,config_C,test,2380000,0.4800000000000001,295.347251899218,59.175,5
11,config_C,test,2390000,0.4,268.35195069265905,70.48333333333333,5
11,config_C,test,2400000,0.4,369.2469193956317,67.775,10
11,config_C,test,2410000,0.4,492.5465785836521,86.65,5
11,config_C,test,2420000,0.36,479.90408550440816,58.125,5
11,config_C,test,2430000,0.36,534.3682857200392,57.875,5
11,config_C,test,2440000,0.32,595.0961754464198,51.416666666666664,5
11,config_C,test,2450000,0.36,435.072435062901,73.39999999999999,10
11,config_C,test,2460000,0.24,354.19897003972045,65.33333333333333,5
11,config_C,test,2470000,0.24,413.8270405783671,84.41666666666667,5
11,config_C,test,2480000,0.28,539.0445060176864,72.375,5
11,config_C,test,2490000,0.32,379.9237661852835,55.75,5
11,config_C,test,2500000,0.32,362.6950856034326,66.76666666666667,5
11,config_C,train,10000,0.0,10.35146200663572,,5
11,config_C,train,20000,0.00444444444444444,14.760604312816682,187.0,5
11,config_C,train,30000,0.0,20.693198815846984,,5
11,config_C,train,40000,0.0,29.124712359354767,,5
11,config_C,train,50000,0.0,30.42104823496941,,10
11,config_C,train,60000,0.0,25.263165458994642,,5
11,config_C,train,70000,0.0,25.85481686393577,,5
11,config_C,train,80000,0.0,27.93996748375339,,5
11,config_C,train,90000,0.0,24.445192264803744,,5
11,config_C,train,100000,0.0,32.71612811843152,,10
11,config_C,train,110000,0.0,33.25361288162854,,5
11,config_C,train,120000,0.00444444444444444,32.85472906711218,210.0,5
11,config_C,train,130000,0.0,37.41397009800651,,5
11,config_C,train,140000,0.0,35.641554209032584,,5
11,config_C,train,150000,0.00444444444444444,37.580510355758946,408.0,10
11,config_C,train,160000,0.0,43.04813379305297,,5
11,config_C,train,170000,0.0,41.37954152039798,,5
11,config_C,train,180000,0.0,42.39174370907328,,5
11,config_C,train,190000,0.0,41.022943527393785,,5
11,config_C,train,200000,0.0,41.411940368989725,,10
11,config_C,train,210000,0.0,41.30467203984618,,5
11,config_C,train,220000,0.0,45.30470109159701,,5
11,config_C,train,230000,0.013333333333333319,38.26630769315025,136.0,5
11,config_C,train,240000,0.00888888888888888,39.55049432730137,147.0,5
11,config_C,train,250000,0.00888888888888888,43.5352295588243,141.0,10
11,config_C,train,260000,0.013333333333333319,41.60688346389564,202.66666666666663,5
11,config_C,train,270000,0.013333333333333319,40.92843231376855,212.0,5
11,config_C,train,280000,0.0,43.188541959953845,,5
11,config_C,train,290000,0.00444444444444444,45.42747494213506,327.0,5
11,config_C,train,300000,0.0,41.34222014248181,,10
11,config_C,train,310000,0.00444444444444444,46.776816152137386,255.0,5
11,config_C,train,320000,0.00444444444444444,43.541993316979806,302.0,5
11,config_C,train,330000,0.00444444444444444,51.410687263934165,301.0,5
11,config_C,train,340000,0.0,43.94331597507279,,5
11,config_C,train,350000,0.0,42.00945718713396,,10
11,config_C,train,360000,0.0,50.596561508865385,,5
11,config_C,train,370000,0.00444444444444444,49.349803344124744,349.0,5
11,config_C,train,380000,0.00444444444444444,46.89752522217742,141.0,5
11,config_C,train,390000,0.00888888888888888,45.70180263255727,179.0,5
11,config_C,train,400000,0.00888888888888888,48.49828295515954,322.0,10
11,config_C,train,410000,0.00444444444444444,43.27333542793787,214.0,5
11,config_C,train,420000,0.00888888888888888,41.99722295372261,294.0,5
11,config_C,train,430000,0.00444444444444444,48.664693710211814,307.0,5
11,config_C,train,440000,0.013333333333333319,36.43333272524687,205.0,5
11,config_C,train,450000,0.01777777777777776,42.477433314448014,150.0,10
11,config_C,train,460000,0.00444444444444444,35.332695637272636,480.0,5
11,config_C,train,470000,0.013333333333333319,35.455623356688236,254.66666666666666,5
11,config_C,train,480000,0.00444444444444444,34.366188953907724,170.0,5
11,config_C,train,490000,0.00888888888888888,44.281635264087114,306.0,5
11,config_C,train,500000,0.00888888888888888,72.0905214242639,186.0,10
11,config_C,train,510000,0.00444444444444444,37.752945302242814,175.0,5
11,config_C,train,520000,0.0,35.42355009305488,,5
11,config_C,train,530000,0.01777777777777776,30.061077673535106,178.0,5
11,config_C,train,540000,0.026666666666666637,33.96440550528975,122.375,5
11,config_C,train,550000,0.03111111111111108,43.07986341226031,111.29166666666667,10
11,config_C,train,560000,0.00888888888888888,35.462448677957596,66.0,5
11,config_C,train,570000,0.03555555555555554,37.40889759774847,278.6111111111111,5
11,config_C,train,580000,0.0222222222222222,39.175232771420944,209.66666666666666,5
11,config_C,train,590000,0.00888888888888888,43.03518828416463,252.0,5
11,config_C,train,600000,0.0222222222222222,47.84180919212483,278.4444444444444,10
11,config_C,train,610000,0.00888888888888888,49.80643764579732,235.5,5
11,config_C,train,620000,0.026666666666666637,55.666210396740794,196.66666666666666,5
11,config_C,train,630000,0.0222222222222222,57.008888900312044,129.22222222222223,5
11,config_C,train,640000,0.013333333333333319,53.124793410472634,204.0,5
11,config_C,train,650000,0.013333333333333319,59.460730377726804,140.0,10
11,config_C,train,660000,0.026666666666666637,56.96490132943175,213.75,5
11,config_C,train,670000,0.013333333333333319,59.2749555043024,170.0,5
11,config_C,train,680000,0.01777777777777776,88.17813893500265,270.0,5
11,config_C,train,690000,0.03555555555555554,84.20785037413671,193.42857142857144,5
11,config_C,train,700000,0.01777777777777776,95.18362063454825,267.0,10
11,config_C,train,710000,0.0222222222222222,77.95865313413816,172.0,5
11,config_C,train,720000,0.0444444444444444,92.50992923524466,165.86111111111111,5
11,config_C,train,730000,0.03111111111111108,88.15078472971757,109.94444444444441,5
11,config_C,train,740000,0.05777777777777774,143.9664397619385,130.5873015873016,5
11,config_C,train,750000,0.04888888888888886,115.99589668113485,195.275,10
11,config_C,train,760000,0.026666666666666637,110.94026731783993,147.16666666666666,5
11,config_C,train,770000,0.03555555555555552,100.04363277148761,190.08333333333334,5
11,config_C,train,780000,0.0533333333333333,73.6910189737483,140.26190476190476,5
11,config_C,train,790000,0.04888888888888886,132.82351863217676,139.23809523809524,5
11,config_C,train,800000,0.07555555555555551,157.3810082700912,99.87179487179488,10
11,config_C,train,810000,0.10666666666666662,132.37565390539618,133.2532679738562,5
11,config_C,train,820000,0.0622222222222222,144.0197125868527,104.73333333333333,5
11,config_C,train,830000,0.04888888888888886,131.0555940506478,120.75,5
11,config_C,train,840000,0.07111111111111108,247.29934427589765,164.08333333333334,5
11,config_C,train,850000,0.04444444444444442,140.65560798571772,87.16666666666667,10
11,config_C,train,860000,0.09777777777777774,114.95677984060713,179.25,5
11,config_C,train,870000,0.05777777777777774,168.87206156381137,135.55555555555554,5
11,config_C,train,880000,0.04888888888888886,171.78928083223764,202.54166666666666,5
11,config_C,train,890000,0.07111111111111108,236.46533477608563,171.0,5
11,config_C,train,900000,0.1333333333333333,247.35628959359966,152.4125,10
11,config_C,train,910000,0.15555555555555556,294.2363819117872,99.64655172413794,5
11,config_C,train,920000,0.10222222222222217,256.76224647677225,103.59615384615385,5
11,config_C,train,930000,0.17777777777777776,196.60075099587462,82.91428571428571,5
11,config_C,train,940000,0.19555555555555554,192.70982109310987,114.01666666666667,5
11,config_C,train,950000,0.15555555555555553,202.35392375661212,87.76666666666667,10
11,config_C,train,960000,0.1822222222222222,208.42795363275027,118.66666666666667,5
11,config_C,train,970000,0.16,189.01987143622972,71.09770114942529,5
11,config_C,train,980000,0.12888888888888886,284.35629464264656,110.95652173913044,5
11,config_C,train,990000,0.1511111111111111,264.3282849407003,105.39999999999999,5
11,config_C,train,1000000,0.18666666666666668,473.0936446811012,65.48378378378379,10
11,config_C,train,1010000,0.1911111111111111,496.9865550246597,133.2018018018018,5
11,config_C,train,1020000,0.20888888888888885,487.1019986196763,142.64835164835165,5
11,config_C,train,1030000,0.23555555555555552,489.51975440844853,123.53399122807018,5
11,config_C,train,1040000,0.23555555555555552,477.3765253085823,156.76818181818183,5
11,config_C,train,1050000,0.24888888888888888,568.4223495841615,110.0542005420054,10
11,config_C,train,1060000,0.24,526.1581688177914,204.1261904761905,5
11,config_C,train,1070000,0.28888888888888886,489.63512838774506,90.57560568086883,5
11,config_C,train,1080000,0.28888888888888886,494.4852333847474,80.175,5
11,config_C,train,1090000,0.28888888888888886,524.8750070977352,75.80537240537241,5
11,config_C,train,1100000,0.31999999999999995,472.8279237418028,98.82023921200751,10
11,config_C,train,1110000,0.31555555555555553,495.68775226553635,73.63247863247862,5
11,config_C,train,1120000,0.23555555555555557,423.6750588709353,85.71090909090908,5
11,config_C,train,1130000,0.26666666666666666,455.5229375129858,79.6047619047619,5
11,config_C,train,1140000,0.27111111111111114,405.5788150846444,71.52698412698413,5
11,config_C,train,1150000,0.28888888888888886,438.3426332684415,60.684309309309306,10
11,config_C,train,1160000,0.27111111111111114,495.4911117063674,62.40806069227122,5
11,config_C,train,1170000,0.28444444444444444,497.51452733057295,69.4520202020202,5
11,config_C,train,1180000,0.24888888888888888,474.63649242916836,60.53880718954249,5
11,config_C,train,1190000,0.28888888888888886,552.6110365196304,65.70095693779905,5
11,config_C,train,1200000,0.27999999999999997,525.5498891988999,60.92543859649123,10
11,config_C,train,1210000,0.30666666666666664,516.2034598503527,79.28418803418803,5
11,config_C,train,1220000,0.2844444444444444,496.4322917260062,63.332589285714285,5
11,config_C,train,1230000,0.2844444444444444,483.4031843395543,64.09134615384615,5
11,config_C,train,1240000,0.2444444444444444,507.73030973934044,70.48100570926658,5
11,config_C,train,1250000,0.2977777777777778,508.46666462372787,90.61964285714285,10
11,config_C,train,1260000,0.2977777777777778,520.4971143416168,69.768700265252,5
11,config_C,train,1270000,0.28888888888888886,558.7076610250876,68.26044634377968,5
11,config_C,train,1280000,0.31555555555555553,572.4386210419397,79.32065434565435,5
11,config_C,train,1290000,0.3377777777777778,524.9735385913559,67.63564213564213,5
11,config_C,train,1300000,0.3155555555555555,585.0717607786338,89.90632754342431,10
11,config_C,train,1310000,0.28888888888888886,544.1008287603771,124.11785714285713,5
11,config_C,train,1320000,0.3022222222222222,599.7084510556532,120.1530303030303,5
11,config_C,train,1330000,0.30666666666666664,554.2471383777938,93.51537767982369,5
11,config_C,train,1340000,0.30666666666666664,539.8443707825274,66.49017857142857,5
11,config_C,train,1350000,0.30666666666666664,564.2630839932526,73.62003968253968,10
11,config_C,train,1360000,0.27555555555555555,549.2042809964936,68.86388607167005,5
11,config_C,train,1370000,0.31999999999999995,493.1577814650251,72.4100935828877,5
11,config_C,train,1380000,0.33333333333333337,614.6616809817884,81.35925925925926,5
11,config_C,train,1390000,0.3111111111111111,590.4851612328208,75.33205325140808,5
11,config_C,train,1400000,0.29333333333333333,596.8470448157419,79.58627450980393,10
11,config_C,train,1410000,0.28888888888888886,545.0922105979585,66.59346405228759,5
11,config_C,train,1420000,0.29333333333333333,604.5776403686784,71.65046296296296,5
11,config_C,train,1430000,0.31555555555555553,655.9855668549751,70.3156015037594,5
11,config_C,train,1440000,0.3111111111111111,586.4962303407841,76.37002901519031,5
11,config_C,train,1450000,0.3422222222222222,563.2914150923377,69.39879937482239,10
11,config_C,train,1460000,0.36888888888888893,559.5909240956637,75.55342105263158,5
11,config_C,train,1470000,0.37333333333333335,612.2116757849872,65.20739541160594,5
11,config_C,train,1480000,0.3511111111111111,661.4767146978879,65.81543859649123,5
11,config_C,train,1490000,0.3555555555555555,638.0080921742544,70.70015037593984,5
11,config_C,train,1500000,0.31555555555555553,570.1282731204253,66.84039559167785,10
11,config_C,train,1510000,0.3288888888888889,543.9716285674247,76.6888888888889,5
11,config_C,train,1520000,0.3288888888888889,590.3421664505566,69.63484195402299,5
11,config_C,train,1530000,0.3155555555555555,548.5179529781019,63.131547165013984,5
11,config_C,train,1540000,0.3288888888888889,528.7740029113833,61.10978835978836,5
11,config_C,train,1550000,0.30666666666666664,539.8578706399405,66.06998910675381,10
11,config_C,train,1560000,0.3244444444444444,471.4720925915194,66.04423796166432,5
11,config_C,train,1570000,0.36444444444444446,545.2350226593638,64.34368686868686,5
11,config_C,train,1580000,0.3822222222222222,494.0612157447821,71.85676691729323,5
11,config_C,train,1590000,0.3466666666666667,582.1479228776287,71.51360887096774,5
11,config_C,train,1600000,0.36,547.6063295270594,69.46060777526296,10
11,config_C,train,1610000,0.3511111111111111,550.7825081951147,73.45725984541774,5
11,config_C,train,1620000,0.3866666666666666,587.6175217235382,83.04469696969697,5
11,config_C,train,1630000,0.4,538.6064555215887,106.66874110953059,5
11,config_C,train,1640000,0.36,577.5649026300341,78.91096307906652,5
11,config_C,train,1650000,0.3244444444444444,572.1635973946119,91.37491039426523,10
11,config_C,train,1660000,0.3555555555555555,578.4466680957514,101.71028816384855,5
11,config_C,train,1670000,0.31555555555555553,534.0991578704559,72.91860712387027,5
11,config_C,train,1680000,0.29777777777777775,527.1439549645198,113.30849673202616,5
11,config_C,train,1690000,0.28888888888888886,497.9592879701551,79.58829365079366,5
11,config_C,train,1700000,0.3466666666666666,522.4232229055735,73.46631513647642,10
11,config_C,train,1710000,0.3511111111111111,545.2867860491363,110.22994652406418,5
11,config_C,train,1720000,0.4,541.5790620681292,73.3005772005772,5
11,config_C,train,1730000,0.39999999999999997,523.4865758354048,68.87747035573122,5
11,config_C,train,1740000,0.3911111111111111,590.4156111555911,146.2410485933504,5
11,config_C,train,1750000,0.4222222222222222,563.0581275259384,74.1426510989011,10
11,config_C,train,1760000,0.42222222222222217,556.1646793036476,79.13830876330877,5
11,config_C,train,1770000,0.4133333333333333,642.8408332981716,73.56190476190477,5
11,config_C,train,1780000,0.42222222222222217,673.308894442197,69.27261904761905,5
11,config_C,train,1790000,0.39111111111111113,654.6226332420437,64.36765401597981,5
11,config_C,train,1800000,0.40444444444444444,647.8857218413586,92.97319947209652,10
11,config_C,train,1810000,0.3822222222222222,587.2984240372673,71.09964274619448,5
11,config_C,train,1820000,0.42666666666666664,620.3480083432008,74.85119047619048,5
11,config_C,train,1830000,0.39555555555555555,588.745985045525,102.81444057297715,5
11,config_C,train,1840000,0.4311111111111111,569.6589495591493,75.24156545209176,5
11,config_C,train,1850000,0.4311111111111111,516.2520013099999,106.57939741750359,10
11,config_C,train,1860000,0.39555555555555555,480.1328371800115,72.88963643865762,5
11,config_C,train,1870000,0.40444444444444444,492.26232551884794,154.05969696969697,5
11,config_C,train,1880000,0.43999999999999995,504.1978242216843,68.5185574229692,5
11,config_C,train,1890000,0.36888888888888893,476.4112317511218,65.07575431034483,5
11,config_C,train,1900000,0.44000000000000006,493.9820512455003,83.16970505975083,10
11,config_C,train,1910000,0.4133333333333333,510.2200430930101,68.5609077040427,5
11,config_C,train,1920000,0.4444444444444445,556.8072444466336,76.12044992609017,5
11,config_C,train,1930000,0.43555555555555553,565.0970939722727,71.87827380952382,5
11,config_C,train,1940000,0.42666666666666664,509.7654245694154,70.40833333333333,5
11,config_C,train,1950000,0.4177777777777778,428.0709073939109,64.96041666666667,10
11,config_C,train,1960000,0.40888888888888886,433.23077551482083,72.56132113821138,5
11,config_C,train,1970000,0.42666666666666664,369.1649965172751,89.20129032258065,5
11,config_C,train,1980000,0.43999999999999995,476.08322748929584,75.60440815146697,5
11,config_C,train,1990000,0.4177777777777778,402.2668054883194,67.58203792735043,5
11,config_C,train,2000000,0.4177777777777777,479.5443397767902,152.91142857142856,10
11,config_C,train,2010000,0.4311111111111111,513.5690782727893,72.74235791090629,5
11,config_C,train,2020000,0.4311111111111111,534.038707359688,107.27424242424243,5
11,config_C,train,2030000,0.4177777777777777,505.4609484742412,73.19613095238095,5
11,config_C,train,2040000,0.42222222222222217,504.1786904539539,75.52261072261072,5
11,config_C,train,2050000,0.4177777777777777,476.9538892838227,74.96683998302207,10
11,config_C,train,2060000,0.40888888888888886,539.761049263816,68.83472222222223,5
11,config_C,train,2070000,0.3911111111111111,543.750693031441,94.94100877192983,5
11,config_C,train,2080000,0.3688888888888889,423.2791434486001,97.46118123973726,5
11,config_C,train,2090000,0.3644444444444444,476.8412901149306,75.96319781319781,5
11,config_C,train,2100000,0.36444444444444446,561.9951846359103,69.20524205524205,10
11,config_C,train,2110000,0.3911111111111111,542.1993553741539,77.02273139745917,5
11,config_C,train,2120000,0.39999999999999997,574.655856737502,100.93735732009927,5
11,config_C,train,2130000,0.3822222222222222,588.8561355347995,117.78078431372549,5
11,config_C,train,2140000,0.3911111111111111,534.0374104069253,75.9793993993994,5
11,config_C,train,2150000,0.4177777777777778,539.150794252299,73.26306652046785,10
11,config_C,train,2160000,0.3866666666666666,535.9493455082338,71.74437661552,5
11,config_C,train,2170000,0.37777777777777777,478.8434643038942,65.00448994252874,5
11,config_C,train,2180000,0.40444444444444444,537.7721876096491,67.63632097717411,5
11,config_C,train,2190000,0.40888888888888886,528.4190911484304,70.75263772175536,5
11,config_C,train,2200000,0.3866666666666666,528.7170032419648,91.14180672268907,10
11,config_C,train,2210000,0.4133333333333333,504.68516497277324,105.5261213517665,5
11,config_C,train,2220000,0.40444444444444444,514.1061645665984,76.09416425353925,5
11,config_C,train,2230000,0.40444444444444444,489.3839585426179,82.78131654381654,5
11,config_C,train,2240000,0.37333333333333335,527.237843816257,84.48142069327731,5
11,config_C,train,2250000,0.4,526.4326526486409,80.33478603603604,10
11,config_C,train,2260000,0.3866666666666666,497.71689861684627,94.80255681818181,5
11,config_C,train,2270000,0.3911111111111111,524.570786195908,77.85608108108107,5
11,config_C,train,2280000,0.3866666666666666,521.9942559204846,70.6282196969697,5
11,config_C,train,2290000,0.4,529.6135484193741,71.04276315789474,5
11,config_C,train,2300000,0.3911111111111111,476.8152387259891,75.14491341991342,10
11,config_C,train,2310000,0.4,551.9050098901879,83.46490589260988,5
11,config_C,train,2320000,0.42222222222222217,484.80936322132436,75.4859943977591,5
11,config_C,train,2330000,0.43555555555555553,460.95442353156557,71.53989283074648,5
11,config_C,train,2340000,0.3688888888888888,496.37761365401303,85.17208754208754,5
11,config_C,train,2350000,0.36,479.7847843976265,75.14092457842457,10
11,config_C,train,2360000,0.4,495.6834227456999,91.0501461988304,5
11,config_C,train,2370000,0.3866666666666666,525.9037242094661,68.24890350877193,5
11,config_C,train,2380000,0.3911111111111111,538.5894455091516,67.60293040293041,5
11,config_C,train,2390000,0.39555555555555555,561.1561972056468,75.19331116038433,5
11,config_C,train,2400000,0.3866666666666666,568.2205184882793,69.82038084464556,10
11,config_C,train,2410000,0.37333333333333335,513.6116816106013,76.88311962530713,5
11,config_C,train,2420000,0.36,476.0365476058881,72.53182672590567,5
11,config_C,train,2430000,0.40444444444444444,485.6905654987589,77.516517379814,5
11,config_C,train,2440000,0.37777777777777777,455.6134368352162,79.83371647509578,5
11,config_C,train,2450000,0.37333333333333324,499.38171271512084,125.93076923076924,10
11,config_C,train,2460000,0.3333333333333333,458.2778346479862,119.12566820276497,5
11,config_C,train,2470000,0.3333333333333333,531.5328466770399,70.53284204671857,5
11,config_C,train,2480000,0.31555555555555553,540.9302972192239,73.17600574712644,5
11,config_C,train,2490000,0.3244444444444444,448.4266878562488,83.52380952380953,5
11,config_C,train,2500000,0.3555555555555555,549.5996318790542,69.44122807017544,5
11,config_D,test,10000,0.0,7.081500621410973,,5
11,config_D,test,20000,0.0,7.003049205454926,,5
11,config_D,test,30000,0.0,25.19671925879538,,5
11,config_D,test,40000,0.0,23.46872337514592,,5
11,config_D,test,50000,0.0,26.891876576927842,,10
11,config_D,test,60000,0.0,26.958797723233364,,5
11,config_D,test,70000,0.0,30.223246062033375,,5
11,config_D,test,80000,0.0,32.35730390698904,,5
11,config_D,test,90000,0.0,32.79588735225177,,5
11,config_D,test,100000,0.0,31.667132473549408,,10
11,config_D,test,110000,0.0,45.036331507923265,,5
11,config_D,test,120000,0.0,33.525414069950884,,5
11,config_D,test,130000,0.0,47.373689318508966,,5
11,config_D,test,140000,0.0,33.772415251574344,,5
11,config_D,test,150000,0.0,35.68306953942239,,10
11,config_D,test,160000,0.0,36.201553390564946,,5
11,config_D,test,170000,0.0,36.890099382522294,,5
11,config_D,test,180000,0.0,40.65710744658403,,5
11,config_D,test,190000,0.0,36.64625685694183,,5
11,config_D,test,200000,0.0,36.042340419250586,,10
11,config_D,test,210000,0.0,36.02396356502062,,5
11,config_D,test,220000,0.0,45.700188263097274,,5
11,config_D,test,230000,0.0,52.81584844565744,,5
11,config_D,test,240000,0.0,58.15673601769995,,5
11,config_D,test,250000,0.0,69.73411142737831,,10
11,config_D,test,260000,0.0,72.16224389959376,,5
11,config_D,test,270000,0.0,103.56603373636536,,5
11,config_D,test,280000,0.0,37.35535206247208,,5
11,config_D,test,290000,0.0,34.61715369773564,,5
11,config_D,test,300000,0.0,82.62833551746863,,10
11,config_D,test,310000,0.0,112.6279737622057,,5
11,config_D,test,320000,0.0,101.76841273206769,,5
11,config_D,test,330000,0.0,111.3595459811585,,5
11,config_D,test,340000,0.0,65.98634500502283,,5
11,config_D,test,350000,0.0,65.26498110283931,,10
11,config_D,test,360000,0.0,52.77623485225661,,5
11,config_D,test,370000,0.0,62.38665329955306,,5
11,config_D,test,380000,0.0,77.15601469477913,,5
11,config_D,test,390000,0.0,142.6619174347933,,5
11,config_D,test,400000,0.04,67.32713975022052,105.0,10
11,config_D,test,410000,0.0,78.55765385674646,,5
11,config_D,test,420000,0.12000000000000002,123.41215535161578,102.5,5
11,config_D,test,430000,0.08,217.81048254472208,99.0,5
11,config_D,test,440000,0.08,288.1960561574958,160.0,5
11,config_D,test,450000,0.12000000000000002,205.24476513407512,159.5,10
11,config_D,test,460000,0.04,191.244008566579,72.0,5
11,config_D,test,470000,0.08,150.2440933992837,88.0,5
11,config_D,test,480000,0.0,193.88755426548624,,5
11,config_D,test,490000,0.04,168.5441366891631,58.0,5
11,config_D,test,500000,0.08,237.21276095976464,102.5,10
11,config_D,test,510000,0.08,318.7280897309464,192.5,5
11,config_D,test,520000,0.04,413.785021995193,155.0,5
11,config_D,test,530000,0.04,240.72395715524326,460.0,5
11,config_D,test,540000,0.08,520.6581060348838,116.0,5
11,config_D,test,550000,0.12000000000000002,533.696085708146,93.5,10
11,config_D,test,560000,0.12000000000000002,418.875686332604,79.75,5
11,config_D,test,570000,0.04,649.008182203375,65.0,5
11,config_D,test,580000,0.12,371.6791813465919,78.66666666666667,5
11,config_D,test,590000,0.12000000000000002,421.94561592284583,120.25,5
11,config_D,test,600000,0.2,415.3263748792903,131.0,10
11,config_D,test,610000,0.2,428.9651890168292,136.5,5
11,config_D,test,620000,0.16,406.77652068175166,96.66666666666666,5
11,config_D,test,630000,0.24,280.3470540956294,146.08333333333334,5
11,config_D,test,640000,0.24,283.16335533540627,118.83333333333333,5
11,config_D,test,650000,0.27999999999999997,187.4756104559405,85.66666666666667,10
11,config_D,test,660000,0.24,264.4193502788267,73.61111111111111,5
11,config_D,test,670000,0.24,264.9602913475142,83.66666666666667,5
11,config_D,test,680000,0.24,315.0437906378729,74.27777777777777,5
11,config_D,test,690000,0.24,314.7039465209022,85.83333333333333,5
11,config_D,test,700000,0.28,452.58590287117033,115.0,10
11,config_D,test,710000,0.24,494.0237203633866,165.27777777777774,5
11,config_D,test,720000,0.16,624.236616924627,114.66666666666667,5
11,config_D,test,730000,0.27999999999999997,668.6313870191044,151.61111111111111,5
11,config_D,test,740000,0.24000000000000005,391.46262701929606,92.875,5
11,config_D,test,750000,0.2,356.4117052575312,71.75,10
11,config_D,test,760000,0.24000000000000005,306.50407209533165,70.25,5
11,config_D,test,770000,0.24000000000000005,181.72962775482557,86.625,5
11,config_D,test,780000,0.36,392.4146751442486,139.33333333333331,5
11,config_D,test,790000,0.31999999999999995,361.91504385649796,75.66666666666666,5
11,config_D,test,800000,0.36,250.96692467322865,82.0625,10
11,config_D,test,810000,0.24,294.737764170333,58.88888888888889,5
11,config_D,test,820000,0.36,491.9816814605888,117.08333333333333,5
11,config_D,test,830000,0.4,278.67788477720995,90.64583333333333,5
11,config_D,test,840000,0.4,548.8834142007316,150.5,5
11,config_D,test,850000,0.36,425.3700952355738,78.20833333333333,10
11,config_D,test,860000,0.44000000000000006,472.76812413606166,121.16666666666667,5
11,config_D,test,870000,0.36,443.0624674023549,83.875,5
11,config_D,test,880000,0.32,465.27929112515193,116.77777777777777,5
11,config_D,test,890000,0.36,413.9638952012671,99.41666666666666,5
11,config_D,test,900000,0.32,500.46780644521766,81.79166666666666,10
11,config_D,test,910000,0.36,433.31025808382054,76.83333333333333,5
11,config_D,test,920000,0.32,583.138212225198,106.16666666666666,5
11,config_D,test,930000,0.32,655.9868152052943,51.333333333333336,5
11,config_D,test,940000,0.44000000000000006,455.96305718719907,95.53333333333333,5
11,config_D,test,950000,0.36,538.6139470724858,104.04166666666666,10
11,config_D,test,960000,0.36,278.44694260476547,57.72222222222222,5
11,config_D,test,970000,0.48,483.3351395297256,85.6,5
11,config_D,test,980000,0.4,414.2071305348224,104.0,5
11,config_D,test,990000,0.44000000000000006,497.72482159394457,69.54166666666666,5
11,config_D,test,1000000,0.52,74.58504511674715,68.72916666666666,10
11,config_D,test,1010000,0.6,173.39799162298237,68.47916666666666,5
11,config_D,test,1020000,0.72,350.0661798654472,83.8,5
11,config_D,test,1030000,0.72,190.80557765342877,70.0,5
11,config_D,test,1040000,0.76,161.59229866216603,60.425,5
11,config_D,test,1050000,0.76,134.21318667503192,60.239999999999995,10
11,config_D,test,1060000,0.76,98.52116310397724,56.6625,5
11,config_D,test,1070000,0.72,99.3798871972828,55.7125,5
11,config_D,test,1080000,0.64,108.30668921139049,58.75,5
11,config_D,test,1090000,0.76,96.12492204807214,56.6625,5
11,config_D,test,1100000,0.72,87.3042910522747,53.583333333333336,10
11,config_D,test,1110000,0.76,63.61069505776078,61.725,5
11,config_D,test,1120000,0.72,92.64306846092202,53.400000000000006,5
11,config_D,test,1130000,0.6799999999999999,87.71441104358988,53.329166666666666,5
11,config_D,test,1140000,0.76,149.21630036370897,59.370000000000005,5
11,config_D,test,1150000,0.8,127.64159088305296,74.72999999999999,10
11,config_D,test,1160000,0.64,99.62251262860428,53.475,5
11,config_D,test,1170000,0.64,187.6566916205705,51.8,5
11,config_D,test,1180000,0.72,149.3479900373875,53.4375,5
11,config_D,test,1190000,0.72,274.60434136372413,53.625,5
11,config_D,test,1200000,0.72,276.1600419675956,53.4625,10
11,config_D,test,1210000,0.76,280.83091270857005,55.125,5
11,config_D,test,1220000,0.76,280.3357106302386,52.5125,5
11,config_D,test,1230000,0.8,285.7603528579339,53.75,5
11,config_D,test,1240000,0.76,276.7122050985647,53.150000000000006,5
11,config_D,test,1250000,0.72,221.63759491021278,53.65,10
11,config_D,test,1260000,0.72,278.1550085962056,54.2,5
11,config_D,test,1270000,0.64,278.4934581348046,65.375,5
11,config_D,test,1280000,0.52,283.3885173785795,51.6875,5
11,config_D,test,1290000,0.64,260.7471694024813,84.57083333333333,5
11,config_D,test,1300000,0.6,268.6718629667565,61.80833333333333,10
11,config_D,test,1310000,0.6,274.1612518354702,49.79583333333333,5
11,config_D,test,1320000,0.72,270.31692438943185,55.86666666666666,5
11,config_D,test,1330000,0.64,126.01613824289066,53.725,5
11,config_D,test,1340000,0.64,269.81290233015864,56.25,5
11,config_D,test,1350000,0.6,210.5054411729255,52.75,10
11,config_D,test,1360000,0.6799999999999999,276.3793530070727,53.9625,5
11,config_D,test,1370000,0.64,240.41086121954285,54.599999999999994,5
11,config_D,test,1380000,0.64,128.50070675023983,53.2,5
11,config_D,test,1390000,0.72,173.2060007822438,57.36,5
11,config_D,test,1400000,0.68,102.2343273718749,51.7125,10
11,config_D,test,1410000,0.68,151.33672388844124,55.75,5
11,config_D,test,1420000,0.64,206.99654607229346,52.55,5
11,config_D,test,1430000,0.64,192.99135084744222,53.8875,5
11,config_D,test,1440000,0.6,95.93749063526366,49.229166666666664,5
11,config_D,test,1450000,0.8,219.33574356239902,52.720000000000006,10
11,config_D,test,1460000,0.76,262.29405464125466,49.5,5
11,config_D,test,1470000,0.6799999999999999,205.1786143786454,48.78333333333333,5
11,config_D,test,1480000,0.64,254.75650219236485,49.68333333333334,5
11,config_D,test,1490000,0.68,299.0577419903446,48.0125,5
11,config_D,test,1500000,0.6799999999999999,300.7913780375973,48.108333333333334,10
11,config_D,test,1510000,0.72,306.4263026642685,49.875,5
11,config_D,test,1520000,0.76,304.22221460687797,53.0,5
11,config_D,test,1530000,0.8,318.58106589640346,56.699999999999996,5
11,config_D,test,1540000,0.8,313.6728406651272,52.849999999999994,5
11,config_D,test,1550000,0.64,301.2859810118626,46.8125,10
11,config_D,test,1560000,0.72,315.69914573468395,48.5625,5
11,config_D,test,1570000,0.72,246.33729305874235,47.325,5
11,config_D,test,1580000,0.6,242.23057909999187,52.0,5
11,config_D,test,1590000,0.5599999999999999,310.26375636297644,46.983333333333334,5
11,config_D,test,1600000,0.5599999999999999,299.83065759619774,47.266666666666666,10
11,config_D,test,1610000,0.68,206.70637109647583,49.586666666666666,5
11,config_D,test,1620000,0.8,239.21234289114108,49.78,5
11,config_D,test,1630000,0.72,264.1992272782821,50.57333333333333,5
11,config_D,test,1640000,0.6799999999999999,179.967259423061,44.99166666666667,5
11,config_D,test,1650000,0.64,235.22775141980324,44.59166666666667,10
11,config_D,test,1660000,0.72,248.54572789025656,46.95,5
11,config_D,test,1670000,0.76,258.6975944283277,48.3875,5
11,config_D,test,1680000,0.76,264.23594058662906,47.25,5
11,config_D,test,1690000,0.72,187.15769310270116,48.333333333333336,5
11,config_D,test,1700000,0.64,258.55474497511256,46.36666666666666,10
11,config_D,test,1710000,0.6799999999999999,335.9248968752196,46.30833333333334,5
11,config_D,test,1720000,0.72,186.0407248425497,60.279999999999994,5
11,config_D,test,1730000,0.72,158.91166337294848,46.21666666666667,5
11,config_D,test,1740000,0.72,162.55646542955898,46.416666666666664,5
11,config_D,test,1750000,0.72,193.23005566011727,51.626666666666665,10
11,config_D,test,1760000,0.64,207.00293315756306,59.336666666666666,5
11,config_D,test,1770000,0.72,166.36103176431808,53.64333333333333,5
11,config_D,test,1780000,0.72,264.69549872035424,49.376666666666665,5
11,config_D,test,1790000,0.76,196.73280165533544,50.239999999999995,5
11,config_D,test,1800000,0.6799999999999999,137.6747410998919,48.88666666666667,10
11,config_D,test,1810000,0.72,200.83510361384322,47.53,5
11,config_D,test,1820000,0.64,192.75941188569283,44.849999999999994,5
11,config_D,test,1830000,0.72,140.57559263893475,49.230000000000004,5
11,config_D,test,1840000,0.72,390.0069491060519,51.075,5
11,config_D,test,1850000,0.56,381.9646933791099,50.5375,10
11,config_D,test,1860000,0.68,403.7776874412465,48.2875,5
11,config_D,test,1870000,0.64,241.07924899414473,47.80833333333334,5
11,config_D,test,1880000,0.6,308.75167784945813,47.53333333333333,5
11,config_D,test,1890000,0.64,424.83963371317293,54.67916666666666,5
11,config_D,test,1900000,0.64,326.27588235059255,49.7,10
11,config_D,test,1910000,0.6,347.0589013988364,52.7,5
11,config_D,test,1920000,0.64,347.04403681902136,52.7,5
11,config_D,test,1930000,0.76,265.82443522081394,53.2,5
11,config_D,test,1940000,0.6,264.7698620418665,51.516666666666666,5
11,config_D,test,1950000,0.64,277.2064547558399,51.4,10
11,config_D,test,1960000,0.72,223.40790863776957,52.41666666666667,5
11,config_D,test,1970000,0.76,296.0288086204451,53.95,5
11,config_D,test,1980000,0.8400000000000001,221.1316699167202,53.38666666666667,5
11,config_D,test,1990000,0.76,137.26837200865236,51.54,5
11,config_D,test,2000000,0.76,128.4852627554175,55.08,10
11,config_D,test,2010000,0.76,217.92112354605564,52.266666666666666,5
11,config_D,test,2020000,0.76,129.13321178952359,52.23,5
11,config_D,test,2030000,0.72,232.47628332213986,51.03,5
11,config_D,test,2040000,0.72,248.07874213249065,48.85999999999999,5
11,config_D,test,2050000,0.6799999999999999,245.5935815738792,49.656666666666666,10
11,config_D,test,2060000,0.64,257.88353941775034,49.446666666666665,5
11,config_D,test,2070000,0.72,261.80666452081647,50.31666666666667,5
11,config_D,test,2080000,0.6799999999999999,273.51011654832297,49.016666666666666,5
11,config_D,test,2090000,0.8,167.6158254795842,52.69,5
11,config_D,test,2100000,0.72,281.26338779511036,66.84333333333333,10
11,config_D,test,2110000,0.76,153.55110487692681,50.63666666666667,5
11,config_D,test,2120000,0.8,63.627864796766076,49.66666666666667,5
11,config_D,test,2130000,0.8400000000000001,54.96214402310919,49.016666666666666,5
11,config_D,test,2140000,0.8400000000000001,50.4384700872906,49.28,5
11,config_D,test,2150000,0.8,54.897812994685694,59.98,10
11,config_D,test,2160000,0.8,55.88480981882303,48.269999999999996,5
11,config_D,test,2170000,0.9199999999999999,52.93090014995805,50.38666666666667,5
11,config_D,test,2180000,0.8800000000000001,54.630214477174874,50.04333333333333,5
11,config_D,test,2190000,0.76,52.635096706803,46.70666666666666,5
11,config_D,test,2200000,0.8800000000000001,57.41763429772975,46.61333333333333,10
11,config_D,test,2210000,0.8400000000000001,50.03901479528876,58.026666666666664,5
11,config_D,test,2220000,0.8400000000000001,52.35642662975833,49.736666666666665,5
11,config_D,test,2230000,0.8400000000000001,57.957881408830474,46.18,5
11,config_D,test,2240000,0.8400000000000001,61.99028400897403,48.4,5
11,config_D,test,2250000,0.8400000000000001,61.42218405671382,50.57,10
11,config_D,test,2260000,0.8800000000000001,58.72028550878415,49.85666666666667,5
11,config_D,test,2270000,0.8800000000000001,62.79561580292393,46.79,5
11,config_D,test,2280000,0.8400000000000001,58.67780470227024,46.81,5
11,config_D,test,2290000,1.0,64.63151343876523,49.160000000000004,5
11,config_D,test,2300000,0.96,66.66342782717064,47.07,10
11,config_D,test,2310000,0.8800000000000001,58.050844584744894,47.37,5
11,config_D,test,2320000,0.96,66.29806760194244,48.32,5
11,config_D,test,2330000,0.9199999999999999,61.690902091512974,46.78,5
11,config_D,test,2340000,0.9199999999999999,71.08113298584374,46.489999999999995,5
11,config_D,test,2350000,0.96,65.13873920834138,50.230000000000004,10
11,config_D,test,2360000,0.96,66.41337503282367,49.15,5
11,config_D,test,2370000,0.9199999999999999,59.22450114544987,46.67,5
11,config_D,test,2380000,0.96,64.82752397735746,45.92,5
11,config_D,test,2390000,0.96,65.76178642616111,46.0,5
11,config_D,test,2400000,0.9199999999999999,62.325960399642874,50.38,10
11,config_D,test,2410000,0.8400000000000001,156.91583654007883,47.52333333333333,5
11,config_D,test,2420000,1.0,69.30335767426541,57.760000000000005,5
11,config_D,test,2430000,0.72,94.13383062258973,47.70666666666666,5
11,config_D,test,2440000,0.8800000000000001,140.30467372287754,46.96333333333333,5
11,config_D,test,2450000,0.9199999999999999,66.2565659439496,46.720000000000006,10
11,config_D,test,2460000,0.8800000000000001,62.29074762553988,45.806666666666665,5
11,config_D,test,2470000,0.9199999999999999,59.15611682584803,56.910000000000004,5
11,config_D,test,2480000,0.96,65.15954094847163,46.54,5
11,config_D,test,2490000,0.96,64.60471074557805,46.760000000000005,5
11,config_D,test,2500000,0.9199999999999999,65.21122605822873,46.55,5
11,config_D,train,10000,0.0,7.090158473397035,,5
11,config_D,train,20000,0.0,8.949512451995542,,5
11,config_D,train,30000,0.0,20.45419981957582,,5
11,config_D,train,40000,0.0,23.21934121369523,,5
11,config_D,train,50000,0.0,28.48493729055619,,10
11,config_D,train,60000,0.0,30.103882059152845,,5
11,config_D,train,70000,0.0,33.24935767489121,,5
11,config_D,train,80000,0.0,34.8320455533529,,5
11,config_D,train,90000,0.0,36.62938389520857,,5
11,config_D,train,100000,0.0,35.65152297150577,,10
11,config_D,train,110000,0.0,37.707808731269914,,5
11,config_D,train,120000,0.0,41.925326276222606,,5
11,config_D,train,130000,0.0,34.89103765417601,,5
11,config_D,train,140000,0.0,33.72597562299783,,5
11,config_D,train,150000,0.0,36.58373072050316,,10
11,config_D,train,160000,0.0,37.5918377814225,,5
11,config_D,train,170000,0.0,42.79855955784481,,5
11,config_D,train,180000,0.0,42.58215045485668,,5
11,config_D,train,190000,0.0,40.776708843676744,,5
11,config_D,train,200000,0.00444444444444444,52.841031229200574,110.0,10
11,config_D,train,210000,0.0,55.45446577559742,,5
11,config_D,train,220000,0.00444444444444444,73.95436778325568,183.0,5
11,config_D,train,230000,0.0,64.86573180020905,,5
11,config_D,train,240000,0.00444444444444444,75.90596520770252,450.0,5
11,config_D,train,250000,0.0,89.64969134535926,,10
11,config_D,train,260000,0.00888888888888888,77.61892551307895,96.0,5
11,config_D,train,270000,0.00444444444444444,68.49265091310922,165.0,5
11,config_D,train,280000,0.00444444444444444,61.85101097401781,411.0,5
11,config_D,train,290000,0.0,46.44377063840831,,5
11,config_D,train,300000,0.0,74.3394244504912,,10
11,config_D,train,310000,0.00888888888888888,93.31048183690305,173.5,5
11,config_D,train,320000,0.013333333333333319,97.93315293938429,93.0,5
11,config_D,train,330000,0.00444444444444444,77.25628368829885,102.0,5
11,config_D,train,340000,0.00888888888888888,79.76772389702164,72.5,5
11,config_D,train,350000,0.01777777777777776,49.87487694412558,113.0,10
11,config_D,train,360000,0.00444444444444444,61.04391549917214,157.0,5
11,config_D,train,370000,0.0222222222222222,94.24612292916838,273.5,5
11,config_D,train,380000,0.026666666666666637,136.026120166007,149.05555555555557,5
11,config_D,train,390000,0.03999999999999996,172.04524817352126,86.08333333333333,5
11,config_D,train,400000,0.08888888888888886,140.05095493566185,110.22222222222223,10
11,config_D,train,410000,0.0933333333333333,124.58975928633558,114.7936507936508,5
11,config_D,train,420000,0.0844444444444444,166.99700493738243,82.6111111111111,5
11,config_D,train,430000,0.06666666666666664,189.6373491473367,86.52525252525253,5
11,config_D,train,440000,0.04888888888888886,253.2385189241877,66.64285714285715,5
11,config_D,train,450000,0.07111111111111108,214.45530416220055,118.73333333333333,10
11,config_D,train,460000,0.06666666666666667,256.7024018529353,74.19259259259259,5
11,config_D,train,470000,0.11111111111111108,192.9177703966687,94.09935897435898,5
11,config_D,train,480000,0.0533333333333333,176.6010338309766,65.69444444444444,5
11,config_D,train,490000,0.08888888888888886,208.38237862129117,116.03939393939395,5
11,config_D,train,500000,0.1422222222222222,272.4752245583069,79.75438596491227,10
11,config_D,train,510000,0.11555555555555552,332.6208203158373,72.296783625731,5
11,config_D,train,520000,0.15555555555555553,290.1053690970212,141.35756302521008,5
11,config_D,train,530000,0.12444444444444443,268.6956751423843,144.53728070175438,5
11,config_D,train,540000,0.16888888888888887,315.210236397278,79.24545454545455,5
11,config_D,train,550000,0.1644444444444444,355.4228645127737,84.90246212121212,10
11,config_D,train,560000,0.17333333333333328,437.1582699802686,77.75189393939394,5
11,config_D,train,570000,0.16888888888888887,373.3691869299286,70.51979166666666,5
11,config_D,train,580000,0.18666666666666665,397.82649735173334,82.28769841269842,5
11,config_D,train,590000,0.1644444444444444,363.386328087448,79.8173076923077,5
11,config_D,train,600000,0.15111111111111106,463.6848238477757,94.7626050420168,10
11,config_D,train,610000,0.1644444444444444,331.9865020961644,79.14285714285714,5
11,config_D,train,620000,0.2577777777777778,434.1440286322054,74.69345238095238,5
11,config_D,train,630000,0.24888888888888888,437.22512882407534,80.61608187134503,5
11,config_D,train,640000,0.2711111111111111,491.8037047935428,89.3181216931217,5
11,config_D,train,650000,0.24888888888888888,474.44740378969334,74.46577380952381,10
11,config_D,train,660000,0.31111111111111106,460.88124667695047,73.87749474789916,5
11,config_D,train,670000,0.3022222222222222,384.2768808661361,79.67619047619047,5
11,config_D,train,680000,0.23555555555555552,426.6883452240565,93.23846153846154,5
11,config_D,train,690000,0.28888888888888886,443.0047507641016,81.1654331140351,5
11,config_D,train,700000,0.31999999999999995,382.5494255179266,75.25616765480896,10
11,config_D,train,710000,0.30666666666666664,365.019336262428,76.20975529100528,5
11,config_D,train,720000,0.3244444444444444,474.39692514517156,86.5547619047619,5
11,config_D,train,730000,0.39555555555555555,471.18462784184055,94.92030303030302,5
11,config_D,train,740000,0.32,381.5870697456743,75.17999999999999,5
11,config_D,train,750000,0.29333333333333333,426.0739027986916,85.90873205741627,10
11,config_D,train,760000,0.30666666666666664,419.1879213605224,76.0165520753756,5
11,config_D,train,770000,0.2444444444444444,331.7936762754841,90.50503663003661,5
11,config_D,train,780000,0.4133333333333333,402.2019593589271,85.90667242703535,5
11,config_D,train,790000,0.4533333333333333,298.8555998158405,77.0467241092241,5
11,config_D,train,800000,0.4311111111111111,328.4643543087828,80.065974002849,10
11,config_D,train,810000,0.40444444444444444,288.8690356140337,84.14450996642442,5
11,config_D,train,820000,0.48888888888888893,317.52592151541785,85.87699559438471,5
11,config_D,train,830000,0.44000000000000006,315.3734453458951,90.42276747655585,5
11,config_D,train,840000,0.5066666666666666,290.53931483079884,121.79495798319329,5
11,config_D,train,850000,0.5422222222222223,266.71004580392713,81.017766784133,10
11,config_D,train,860000,0.49777777777777776,287.8483273690291,79.38019457427352,5
11,config_D,train,870000,0.4177777777777777,316.8795037685494,73.71677596031044,5
11,config_D,train,880000,0.4666666666666666,313.5788328681672,107.001404853129,5
11,config_D,train,890000,0.47555555555555556,375.41368398932156,94.92846638655462,5
11,config_D,train,900000,0.4844444444444445,373.68890266164163,87.59190981432361,10
11,config_D,train,910000,0.4622222222222222,398.41035641889266,83.74798534798535,5
11,config_D,train,920000,0.48,453.47658345008966,97.10297766749379,5
11,config_D,train,930000,0.4844444444444444,462.0270464128069,122.03788006756757,5
11,config_D,train,940000,0.4355555555555556,495.12794880972876,86.84722222222223,5
11,config_D,train,950000,0.4533333333333333,378.07217155859337,175.84623593951687,10
11,config_D,train,960000,0.48,383.0923084637435,84.52880152880152,5
11,config_D,train,970000,0.4222222222222222,381.5906892109417,74.10210317460317,5
11,config_D,train,980000,0.37777777777777777,355.3326386594749,76.09846153846154,5
11,config_D,train,990000,0.3688888888888888,357.6295272367525,77.82568681318682,5
11,config_D,train,1000000,0.5733333333333334,210.94937825979795,71.39202302631578,10
11,config_D,train,1010000,0.5866666666666667,269.6261530505981,69.99724164724164,5
11,config_D,train,1020000,0.6755555555555556,315.66486520564456,69.21153357567229,5
11,config_D,train,1030000,0.6622222222222223,250.39688213908843,61.53919547478999,5
11,config_D,train,1040000,0.7155555555555555,232.24113339430755,63.29797693297693,5
11,config_D,train,1050000,0.7466666666666666,174.9851301714349,61.0435582303875,10
11,config_D,train,1060000,0.7155555555555556,177.53853999492125,89.48845528455284,5
11,config_D,train,1070000,0.7066666666666667,179.3939152250008,62.41332550806235,5
11,config_D,train,1080000,0.6844444444444444,172.7671125021013,65.04387540564011,5
11,config_D,train,1090000,0.6799999999999999,156.70136659010373,67.77329004329005,5
11,config_D,train,1100000,0.7155555555555555,141.41821167077237,59.00730380730381,10
11,config_D,train,1110000,0.6577777777777778,163.85499124407062,62.23172339602572,5
11,config_D,train,1120000,0.7333333333333334,182.6909083367893,53.46295909611281,5
11,config_D,train,1130000,0.7422222222222222,201.6691852336674,57.937567084078715,5
11,config_D,train,1140000,0.7644444444444444,269.1375186520653,54.657467532467535,5
11,config_D,train,1150000,0.7466666666666666,199.02683081733093,67.47376272376273,10
11,config_D,train,1160000,0.6977777777777777,221.83791727202305,68.81474201474201,5
11,config_D,train,1170000,0.7022222222222222,251.30183560441964,57.54102824682093,5
11,config_D,train,1180000,0.7288888888888889,272.48146862728044,52.25241966705382,5
11,config_D,train,1190000,0.7066666666666667,259.53572247414394,52.43871753246753,5
11,config_D,train,1200000,0.7466666666666667,262.82950150446766,52.03297803617571,10
11,config_D,train,1210000,0.711111111111111,272.7297594709028,73.97247029393371,5
11,config_D,train,1220000,0.7333333333333333,281.7806066063155,73.43292358803987,5
11,config_D,train,1230000,0.7644444444444444,258.3131973707837,51.190883952972726,5
11,config_D,train,1240000,0.7466666666666667,177.95576328624665,62.09763156236213,5
11,config_D,train,1250000,0.7422222222222222,171.48511411719227,54.1163393787784,10
11,config_D,train,1260000,0.7333333333333334,221.08065295078018,51.62846355643789,5
11,config_D,train,1270000,0.6933333333333334,252.22311269337865,50.19227244735107,5
11,config_D,train,1280000,0.6666666666666666,257.0908852867507,50.603840682788054,5
11,config_D,train,1290000,0.6977777777777778,252.65573107346268,49.86545886545886,5
11,config_D,train,1300000,0.6888888888888889,194.3049692562035,61.92872044977308,10
11,config_D,train,1310000,0.7244444444444444,251.56629847859259,57.984146341463415,5
11,config_D,train,1320000,0.7333333333333333,267.5259497852629,59.73474858474858,5
11,config_D,train,1330000,0.711111111111111,237.66542112815233,58.68226250640885,5
11,config_D,train,1340000,0.7288888888888889,272.2266929529584,53.591196581196584,5
11,config_D,train,1350000,0.6933333333333332,241.20075148001843,56.59235722610722,10
11,config_D,train,1360000,0.6977777777777778,257.12197864341573,61.94888685617788,5
11,config_D,train,1370000,0.7155555555555555,268.29056570116006,53.99246088193456,5
11,config_D,train,1380000,0.7066666666666667,262.7577776967875,56.91518596084079,5
11,config_D,train,1390000,0.7155555555555556,259.98006743353346,48.06160554561718,5
11,config_D,train,1400000,0.72,256.5364671186547,52.50493259414954,10
11,config_D,train,1410000,0.6888888888888889,282.61152540684674,52.12620708748616,5
11,config_D,train,1420000,0.7377777777777778,272.34312609159394,63.24172039148783,5
11,config_D,train,1430000,0.7155555555555555,253.09517326608898,50.565379665379666,5
11,config_D,train,1440000,0.7555555555555556,229.72908953808783,51.708130081300816,5
11,config_D,train,1450000,0.7422222222222222,280.36757985900545,50.53828701077708,10
11,config_D,train,1460000,0.7244444444444443,298.41135169563546,47.15329496543629,5
11,config_D,train,1470000,0.7555555555555555,282.95160338944396,72.37960246471874,5
11,config_D,train,1480000,0.7333333333333334,289.80630315138177,48.3920395637639,5
11,config_D,train,1490000,0.7155555555555555,235.51398329001137,49.340146804100286,5
11,config_D,train,1500000,0.7288888888888889,239.7393824902746,46.656916062403866,10
11,config_D,train,1510000,0.7288888888888889,280.2799979016106,54.49754369965041,5
11,config_D,train,1520000,0.7022222222222222,253.32312926207777,59.00313130406154,5
11,config_D,train,1530000,0.7288888888888889,269.45322002558294,46.43423141186299,5
11,config_D,train,1540000,0.7066666666666667,266.9414398165554,44.96377895752896,5
11,config_D,train,1550000,0.6711111111111111,275.95622112902805,45.03160405485987,10
11,config_D,train,1560000,0.6666666666666666,256.07849438419987,44.326605048177626,5
11,config_D,train,1570000,0.6666666666666666,289.83198300820584,43.92857142857143,5
11,config_D,train,1580000,0.6177777777777778,308.47218944842854,50.55439699189699,5
11,config_D,train,1590000,0.6222222222222222,320.9581369631386,44.4694476744186,5
11,config_D,train,1600000,0.64,356.2241324364383,44.86733974358974,10
11,config_D,train,1610000,0.6488888888888888,302.14876565898237,49.059161976235146,5
11,config_D,train,1620000,0.671111111111111,298.5570481604717,47.42460084718149,5
11,config_D,train,1630000,0.7155555555555555,335.9940359277524,49.46563407181054,5
11,config_D,train,1640000,0.711111111111111,312.84872047616,52.83690476190476,5
11,config_D,train,1650000,0.7155555555555555,308.6889928801887,46.4141196013289,10
11,config_D,train,1660000,0.711111111111111,329.8176246089381,48.866126126126126,5
11,config_D,train,1670000,0.7333333333333333,330.31304334511333,51.888296322200844,5
11,config_D,train,1680000,0.7333333333333332,327.63262540349456,48.388744588744586,5
11,config_D,train,1690000,0.7422222222222221,237.34029554499838,48.805762609483544,5
11,config_D,train,1700000,0.7244444444444444,280.04149397906565,46.63013804786068,10
11,config_D,train,1710000,0.7333333333333333,341.61116841462814,59.00555730712849,5
11,config_D,train,1720000,0.7244444444444443,343.91606088300625,45.48019744483159,5
11,config_D,train,1730000,0.7244444444444443,286.5073572459711,52.081839826839825,5
11,config_D,train,1740000,0.7244444444444443,274.43073991712333,48.241774891774895,5
11,config_D,train,1750000,0.7466666666666666,274.1330584163676,48.975334425334424,10
11,config_D,train,1760000,0.7555555555555555,230.15343382339543,52.12538432610379,5
11,config_D,train,1770000,0.7733333333333333,266.98438006533814,47.4888088485536,5
11,config_D,train,1780000,0.7822222222222223,316.3151874857271,48.41155227831348,5
11,config_D,train,1790000,0.7688888888888888,299.59608101624616,46.43118547929665,5
11,config_D,train,1800000,0.7333333333333333,330.3199791999153,51.43341522975669,10
11,config_D,train,1810000,0.7244444444444444,346.8802051300139,48.846482418384554,5
11,config_D,train,1820000,0.7333333333333333,350.3818432272739,47.434243348115295,5
11,config_D,train,1830000,0.711111111111111,344.9513240277978,47.93269336805922,5
11,config_D,train,1840000,0.72,367.54891006815154,51.8751280607937,5
11,config_D,train,1850000,0.711111111111111,361.13697496467597,50.74474451880061,10
11,config_D,train,1860000,0.7333333333333333,382.8391447497394,50.58784764016471,5
11,config_D,train,1870000,0.711111111111111,303.02694167543126,48.302284581231945,5
11,config_D,train,1880000,0.7511111111111111,263.1471207174002,47.50219334719335,5
11,config_D,train,1890000,0.7511111111111111,275.60053445870466,49.34452039188882,5
11,config_D,train,1900000,0.7733333333333332,254.57464536244373,59.02805839666305,10
11,config_D,train,1910000,0.7288888888888889,259.57075583098697,50.941672044379736,5
11,config_D,train,1920000,0.6888888888888889,275.77696033858604,51.14271444162406,5
11,config_D,train,1930000,0.7511111111111111,264.68069316497207,49.712200012225686,5
11,config_D,train,1940000,0.7555555555555555,238.20980682858072,51.985850387339475,5
11,config_D,train,1950000,0.7511111111111111,266.8043477374633,50.44691331191331,10
11,config_D,train,1960000,0.7777777777777778,231.92110624974916,49.17977801681491,5
11,config_D,train,1970000,0.7866666666666667,259.9002501709891,50.32855629877369,5
11,config_D,train,1980000,0.8355555555555556,230.36891764177318,48.88326829268293,5
11,config_D,train,1990000,0.8488888888888889,206.56131265835626,49.10087196316635,5
11,config_D,train,2000000,0.8088888888888889,192.60344170700984,49.1902860810563,10
11,config_D,train,2010000,0.8088888888888889,235.30665176811362,49.12728327228327,5
11,config_D,train,2020000,0.7911111111111111,182.2473247253601,48.69146341463415,5
11,config_D,train,2030000,0.8088888888888889,188.0619019912907,48.678400397137615,5
11,config_D,train,2040000,0.8444444444444444,164.0389109343917,48.73348042362003,5
11,config_D,train,2050000,0.8266666666666668,173.12169584268236,47.95939835014186,10
11,config_D,train,2060000,0.8044444444444444,165.48207659699443,48.33658839193851,5
11,config_D,train,2070000,0.8266666666666665,176.97440659435117,48.58235023041475,5
11,config_D,train,2080000,0.8133333333333332,167.45102281391172,50.324758961142074,5
11,config_D,train,2090000,0.7955555555555556,178.49754748207448,50.917181467181464,5
11,config_D,train,2100000,0.8177777777777777,156.85270927367486,48.760180220997256,10
11,config_D,train,2110000,0.831111111111111,152.56173728965265,48.05890647226174,5
11,config_D,train,2120000,0.8755555555555556,112.27153422849949,49.27791694133158,5
11,config_D,train,2130000,0.8800000000000001,95.75923838025818,48.2121598719518,5
11,config_D,train,2140000,0.9022222222222223,94.62251466411347,47.97644518272425,5
11,config_D,train,2150000,0.8533333333333333,85.92294733420526,48.13395648200668,10
11,config_D,train,2160000,0.888888888888889,73.08097199659584,49.24784240150094,5
11,config_D,train,2170000,0.8800000000000001,77.9380273196741,47.451043180183106,5
11,config_D,train,2180000,0.8933333333333333,75.61548885113673,48.55760505915953,5
11,config_D,train,2190000,0.9022222222222223,70.08553977766087,49.859079496594795,5
11,config_D,train,2200000,0.8755555555555556,64.76225985413086,47.64133300543163,10
11,config_D,train,2210000,0.8666666666666666,59.9700154767347,48.28474150510736,5
11,config_D,train,2220000,0.8800000000000001,60.070656611673584,46.84870305845916,5
11,config_D,train,2230000,0.8577777777777778,91.39022500321482,47.27020456333595,5
11,config_D,train,2240000,0.7866666666666666,93.4635582191186,49.8630447740974,5
11,config_D,train,2250000,0.8088888888888889,59.57136534132901,48.14969841269841,10
11,config_D,train,2260000,0.7955555555555556,85.27072960825788,47.73186426508588,5
11,config_D,train,2270000,0.8311111111111111,72.9002118358818,46.9437128101024,5
11,config_D,train,2280000,0.8400000000000001,84.27186418142057,47.386318681318684,5
11,config_D,train,2290000,0.8800000000000001,83.48554545002585,47.33084466599048,5
11,config_D,train,2300000,0.8800000000000001,86.10598924499182,46.41650085925552,10
11,config_D,train,2310000,0.8755555555555556,81.96108178006418,46.00742165534131,5
11,config_D,train,2320000,0.888888888888889,75.13642295974901,46.57596396288817,5
11,config_D,train,2330000,0.8977777777777778,67.20209856618865,45.99889840881273,5
11,config_D,train,2340000,0.9244444444444444,79.50425448524332,45.778936471922854,5
11,config_D,train,2350000,0.9155555555555555,71.1801980503287,45.510814753406926,10
11,config_D,train,2360000,0.9066666666666666,62.17207018758413,46.268909545738815,5
11,config_D,train,2370000,0.8711111111111111,54.711154588915406,45.169719142645974,5
11,config_D,train,2380000,0.8622222222222222,52.804093067092424,44.994054834054836,5
11,config_D,train,2390000,0.8666666666666666,54.1455673839316,46.635485986881335,5
11,config_D,train,2400000,0.8577777777777778,65.44580998234521,46.56731931452161,10
11,config_D,train,2410000,0.8311111111111111,53.64737773217447,45.95992012382256,5
11,config_D,train,2420000,0.8444444444444444,50.566062657217394,45.42168568192958,5
11,config_D,train,2430000,0.8266666666666665,55.272648380627444,46.55523011773465,5
11,config_D,train,2440000,0.8488888888888889,55.44579372052224,44.97929812561499,5
11,config_D,train,2450000,0.8444444444444444,56.25615237707393,45.57631734119539,10
11,config_D,train,2460000,0.8222222222222222,56.1018770824233,45.80158948368704,5
11,config_D,train,2470000,0.8266666666666668,62.46414644059073,44.75588639719454,5
11,config_D,train,2480000,0.8355555555555556,55.67815665482239,45.50878636061479,5
11,config_D,train,2490000,0.8266666666666665,56.832117541337574,45.34393087671137,5
11,config_D,train,2500000,0.8488888888888889,78.42403541726353,45.292082800920014,5
11,config_E,test,50000,0.0,29.68438901877139,,5
11,config_E,test,100000,0.0,35.19117305729519,,10
11,config_E,test,150000,0.0,38.284816413449036,,5
11,config_E,test,200000,0.0,36.259357285390074,,10
11,config_E,test,250000,0.04,29.532286308178204,65.0,5
11,config_E,test,300000,0.0,165.99928910672878,,10
11,config_E,test,350000,0.0,168.60284018150475,,5
11,config_E,test,400000,0.04,140.58562847161085,54.0,10
11,config_E,test,450000,0.04,44.98326069865246,211.0,5
11,config_E,test,500000,0.04,304.7375515911166,35.0,10
11,config_E,test,550000,0.08,184.3239186507422,219.5,5
11,config_E,test,600000,0.12000000000000002,236.32314068568658,51.0,10
11,config_E,test,650000,0.04,41.52307946262604,70.0,5
11,config_E,test,700000,0.08,87.99953539626857,246.5,10
11,config_E,test,750000,0.08,176.3029061837859,251.0,5
11,config_E,test,800000,0.16,177.54503740272452,95.25,10
11,config_E,test,850000,0.08,235.77815283967138,58.5,5
11,config_E,test,900000,0.2,86.59715471813081,65.5,10
11,config_E,test,950000,0.12000000000000002,99.83510353602887,52.5,5
11,config_E,test,1000000,0.44000000000000006,219.87261085771507,60.138888888888886,10
11,config_E,test,1050000,0.4,263.5027250153142,64.36111111111111,5
11,config_E,test,1100000,0.44000000000000006,101.25111948858746,53.31111111111111,10
11,config_E,test,1150000,0.27999999999999997,189.05868348508406,58.0,5
11,config_E,test,1200000,0.4,161.98731309556885,70.58333333333333,10
11,config_E,test,1250000,0.36,211.51487834084142,55.72222222222223,5
11,config_E,test,1300000,0.4,113.65657726516027,47.27777777777778,10
11,config_E,test,1350000,0.6,219.50305783362828,52.73333333333333,5
11,config_E,test,1400000,0.48,96.334663546766,48.52777777777778,10
11,config_E,test,1450000,0.48,92.44180589529901,50.37777777777777,5
11,config_E,test,1500000,0.44000000000000006,126.43694500577092,47.138888888888886,10
11,config_E,test,1550000,0.44000000000000006,215.44253741994402,88.4375,5
11,config_E,test,1600000,0.5599999999999999,182.8852465654429,53.06666666666666,10
11,config_E,test,1650000,0.52,142.3593927620755,54.53333333333333,5
11,config_E,test,1700000,0.48,196.28703820710615,52.23888888888888,10
11,config_E,test,1750000,0.4,141.74666249591195,55.37777777777777,5
11,config_E,test,1800000,0.4,211.1618694725741,50.416666666666664,10
11,config_E,test,1850000,0.36,122.11081085123041,51.611111111111114,5
11,config_E,test,1900000,0.52,126.10272106218838,52.644444444444446,10
11,config_E,test,1950000,0.27999999999999997,134.98847133634354,93.91666666666667,5
11,config_E,test,2000000,0.32,118.62727887851433,52.4,10
11,config_E,test,2050000,0.36,54.76446692611721,51.93333333333334,5
11,config_E,test,2100000,0.36,64.3951413047463,50.4,10
11,config_E,test,2150000,0.44000000000000006,93.82971747950884,68.60000000000001,5
11,config_E,test,2200000,0.32,51.55139836756928,63.166666666666664,10
11,config_E,test,2250000,0.24,70.04810864674863,51.583333333333336,5
11,config_E,test,2300000,0.27999999999999997,78.08056230319242,53.333333333333336,10
11,config_E,test,2350000,0.24,114.04309763526416,50.22222222222222,5
11,config_E,test,2400000,0.2,147.9577459585457,48.0,10
11,config_E,test,2450000,0.2,221.03707538318804,47.333333333333336,5
11,config_E,test,2500000,0.24,126.06285929074848,50.05555555555555,5
11,config_E,train,50000,0.0,24.967915673488356,,5
11,config_E,train,100000,0.0,31.27075066606711,,10
11,config_E,train,150000,0.0,29.437295839263072,,5
11,config_E,train,200000,0.0,36.168194486171195,,10
11,config_E,train,250000,0.00444444444444444,83.8910943364663,63.0,5
11,config_E,train,300000,0.00888888888888888,153.70077116954275,52.5,10
11,config_E,train,350000,0.00888888888888888,123.1986092773323,44.0,5
11,config_E,train,400000,0.026666666666666637,208.6207624805001,131.16666666666666,10
11,config_E,train,450000,0.04444444444444442,239.17019379770613,183.35714285714286,5
11,config_E,train,500000,0.08888888888888886,345.2704020035528,110.56593406593406,10
11,config_E,train,550000,0.05333333333333332,186.06621851479377,115.94444444444446,5
11,config_E,train,600000,0.1244444444444444,175.52775045227804,74.1923076923077,10
11,config_E,train,650000,0.09777777777777777,235.7745362089232,89.39999999999999,5
11,config_E,train,700000,0.11999999999999997,260.69123152924914,77.62698412698414,10
11,config_E,train,750000,0.10222222222222221,241.9984730283208,100.24920634920635,5
11,config_E,train,800000,0.15111111111111108,138.19301686963755,119.2,10
11,config_E,train,850000,0.18222222222222223,239.51885774329725,99.9148148148148,5
11,config_E,train,900000,0.20444444444444443,234.1880187787442,87.97716293368467,10
11,config_E,train,950000,0.15555555555555553,144.70583708207906,76.47196969696971,5
11,config_E,train,1000000,0.4222222222222222,197.59199791765997,60.66774863098393,10
11,config_E,train,1050000,0.4622222222222222,246.2094772868455,61.64658683610296,5
11,config_E,train,1100000,0.48,172.67083884289636,56.226719576719574,10
11,config_E,train,1150000,0.47111111111111115,223.51295500118664,53.889617944064405,5
11,config_E,train,1200000,0.40888888888888886,160.2343955701468,51.98826762246117,10
11,config_E,train,1250000,0.4222222222222222,214.66693792212791,50.63029100529101,5
11,config_E,train,1300000,0.4222222222222222,196.8324491256445,53.91096746390864,10
11,config_E,train,1350000,0.39111111111111113,187.56378872504706,53.005922920892495,5
11,config_E,train,1400000,0.36,174.10886089612728,53.51152777777778,10
11,config_E,train,1450000,0.36888888888888893,176.42060113870116,54.46959109730849,5
11,config_E,train,1500000,0.3911111111111111,177.30064505992718,54.63656633221851,10
11,config_E,train,1550000,0.3466666666666667,192.10577216204328,53.96264367816092,5
11,config_E,train,1600000,0.42666666666666664,201.72219592672067,52.09425081366127,10
11,config_E,train,1650000,0.48,145.25117294879254,53.466799856334745,5
11,config_E,train,1700000,0.49333333333333335,177.10266147553173,52.8952892985151,10
11,config_E,train,1750000,0.4,166.83555315193976,62.06161269628762,5
11,config_E,train,1800000,0.39111111111111113,158.68436487746774,52.8316049382716,10
11,config_E,train,1850000,0.44000000000000006,175.16775418091947,58.61372549019608,5
11,config_E,train,1900000,0.40444444444444444,170.760163839212,59.99242898913951,10
11,config_E,train,1950000,0.37777777777777777,192.51028032525966,56.23864994026284,5
11,config_E,train,2000000,0.3911111111111111,187.9762249962902,106.54119674185463,10
11,config_E,train,2050000,0.4133333333333333,173.38148232103617,56.01018711018711,5
11,config_E,train,2100000,0.28444444444444444,154.96023972296803,53.79288575409265,10
11,config_E,train,2150000,0.3555555555555555,142.01385981340485,55.39587203302374,5
11,config_E,train,2200000,0.3155555555555555,136.38053109038873,54.77318494965554,10
11,config_E,train,2250000,0.31111111111111106,167.24033256927825,56.6536541889483,5
11,config_E,train,2300000,0.31111111111111106,173.1880337216503,56.50459956709957,10
11,config_E,train,2350000,0.36,169.07471829315983,54.130291005291014,5
11,config_E,train,2400000,0.29333333333333333,218.86831952272274,82.17521994134897,10
11,config_E,train,2450000,0.27555555555555555,163.64863323207027,94.76923076923077,5
11,config_E,train,2500000,0.29333333333333333,182.0896713448967,57.17836257309941,5
