config_name,split_id,train_seed,group,checkpoint_step,mean_success_rate,mean_avg_return,mean_first_success_step,n_runs,mean_success_rate_smooth,mean_avg_return_smooth,mean_first_success_step_smooth
config_A,0,11,test,50000,0.0,21.3780265371169,,1,0.0,21.3780265371169,
config_A,0,11,test,100000,0.0,19.69643195438465,,1,0.0,19.69643195438465,
config_A,0,11,test,150000,0.0,29.72923364008501,,1,0.0,29.72923364008501,
config_A,0,11,test,200000,0.0,41.081137821664086,,1,0.0,41.081137821664086,
config_A,0,11,test,250000,0.0,28.060642158631403,,1,0.0,28.060642158631403,
config_A,0,11,test,300000,0.0,29.91996905006185,,1,0.0,29.91996905006185,
config_A,0,11,test,350000,0.0,47.61623418093454,,1,0.0,47.61623418093454,
config_A,0,11,test,400000,0.0,68.90882874171118,,1,0.0,68.90882874171118,
config_A,0,11,test,450000,0.0,86.67891097563097,,1,0.0,86.67891097563097,
config_A,0,11,test,500000,0.0,252.606126594267,,1,0.0,252.606126594267,
config_A,0,11,test,550000,0.0,74.69818260288507,,1,0.0,74.69818260288507,
config_A,0,11,test,600000,0.0,71.56671515751272,,1,0.0,71.56671515751272,
config_A,0,11,test,650000,0.0,33.2225703007102,,1,0.0,33.2225703007102,
config_A,0,11,test,700000,0.0,67.88588234636543,,1,0.0,67.88588234636543,
config_A,0,11,test,750000,0.0,318.01857219035867,,1,0.0,318.01857219035867,
config_A,0,11,test,800000,0.0,283.7943042252092,,1,0.0,283.7943042252092,
config_A,0,11,test,850000,0.0,787.7122002807738,,1,0.0,787.7122002807738,
config_A,0,11,test,900000,0.0,30.684940523163853,,1,0.0,30.684940523163853,
config_A,0,11,test,950000,0.0,42.50058131315989,,1,0.0,42.50058131315989,
config_A,0,11,test,1000000,0.0,1973.9150163599647,,1,0.0,1973.9150163599647,
config_A,0,11,test,1050000,0.0,1841.977299306661,,1,0.0,1841.977299306661,
config_A,0,11,test,1100000,0.2,1255.5807496201237,77.0,1,0.2,1255.5807496201237,77.0
config_A,0,11,test,1150000,0.4,1120.6029164319075,223.5,1,0.4,1120.6029164319075,223.5
config_A,0,11,test,1200000,0.4,1368.7601678447168,77.5,1,0.4,1368.7601678447168,77.5
config_A,0,11,test,1250000,0.6,228.1836365258019,96.33333333333331,1,0.6,228.1836365258019,96.33333333333331
config_A,0,11,test,1300000,1.0,229.30143526276007,83.6,1,1.0,229.30143526276007,83.6
config_A,0,11,test,1350000,0.8,258.00552853749906,65.0,1,0.8,258.00552853749906,65.0
config_A,0,11,test,1400000,1.0,196.9908404306749,71.2,1,1.0,196.9908404306749,71.2
config_A,0,11,test,1450000,0.8,839.5715684958419,81.5,1,0.8,839.5715684958419,81.5
config_A,0,11,test,1500000,0.8,193.5052183846529,81.25,1,0.8,193.5052183846529,81.25
config_A,0,11,test,1550000,1.0,361.4949967122241,105.6,1,1.0,361.4949967122241,105.6
config_A,0,11,test,1600000,0.8,620.6385942000625,151.0,1,0.8,620.6385942000625,151.0
config_A,0,11,test,1650000,1.0,489.0671313737069,113.2,1,1.0,489.0671313737069,113.2
config_A,0,11,test,1700000,1.0,384.6622395038224,96.4,1,1.0,384.6622395038224,96.4
config_A,0,11,test,1750000,1.0,381.1267604979748,95.8,1,1.0,381.1267604979748,95.8
config_A,0,11,test,1800000,1.0,307.44017983728224,84.6,1,1.0,307.44017983728224,84.6
config_A,0,11,test,1850000,0.8,114.60026088057448,67.5,1,0.8,114.60026088057448,67.5
config_A,0,11,test,1900000,1.0,124.2596335607005,65.4,1,1.0,124.2596335607005,65.4
config_A,0,11,test,1950000,1.0,254.44745522747348,74.2,1,1.0,254.44745522747348,74.2
config_A,0,11,test,2000000,0.8,192.72518890857725,61.25,1,0.8,192.72518890857725,61.25
config_A,0,11,test,2050000,0.8,138.10073986558953,61.5,1,0.8,138.10073986558953,61.5
config_A,0,11,test,2100000,0.8,450.37150740490296,121.75,1,0.8,450.37150740490296,121.75
config_A,0,11,test,2150000,0.8,303.94912287624885,65.0,1,0.8,303.94912287624885,65.0
config_A,0,11,test,2200000,0.8,542.5858932127335,63.75,1,0.8,542.5858932127335,63.75
config_A,0,11,test,2250000,0.8,126.5333590764609,60.5,1,0.8,126.5333590764609,60.5
config_A,0,11,test,2300000,1.0,151.01052061702325,66.6,1,1.0,151.01052061702325,66.6
config_A,0,11,test,2350000,1.0,173.46874125977106,64.4,1,1.0,173.46874125977106,64.4
config_A,0,11,test,2400000,1.0,195.1763751096034,72.4,1,1.0,195.1763751096034,72.4
config_A,0,11,test,2450000,1.0,144.79575875094542,64.6,1,1.0,144.79575875094542,64.6
config_A,0,11,test,2500000,1.0,241.6308173146318,80.4,1,1.0,241.6308173146318,80.4
config_A,0,11,train,50000,0.0,15.584696123681832,,1,0.0,15.584696123681832,
config_A,0,11,train,100000,0.0,43.75716633287618,,1,0.0,43.75716633287618,
config_A,0,11,train,150000,0.0,75.81272756473946,,1,0.0,75.81272756473946,
config_A,0,11,train,200000,0.0,150.3226368932706,,1,0.0,150.3226368932706,
config_A,0,11,train,250000,0.0,97.9996814832208,,1,0.0,97.9996814832208,
config_A,0,11,train,300000,0.0,28.479569550867645,,1,0.0,28.479569550867645,
config_A,0,11,train,350000,0.0,35.204385381765846,,1,0.0,35.204385381765846,
config_A,0,11,train,400000,0.0,53.83241553514608,,1,0.0,53.83241553514608,
config_A,0,11,train,450000,0.0,97.48742151904618,,1,0.0,97.48742151904618,
config_A,0,11,train,500000,0.0,281.1944505197317,,1,0.0,281.1944505197317,
config_A,0,11,train,550000,0.0,59.71790324206402,,1,0.0,59.71790324206402,
config_A,0,11,train,600000,0.0,60.81105895114508,,1,0.0,60.81105895114508,
config_A,0,11,train,650000,0.0,47.13554184846946,,1,0.0,47.13554184846946,
config_A,0,11,train,700000,0.0,130.25552507703753,,1,0.0,130.25552507703753,
config_A,0,11,train,750000,0.0,237.6636031723341,,1,0.0,237.6636031723341,
config_A,0,11,train,800000,0.0,457.400700083248,,1,0.0,457.400700083248,
config_A,0,11,train,850000,0.0,442.7653358390938,,1,0.0,442.7653358390938,
config_A,0,11,train,900000,0.0,68.76996658680055,,1,0.0,68.76996658680055,
config_A,0,11,train,950000,0.0,149.19837879871469,,1,0.0,149.19837879871469,
config_A,0,11,train,1000000,0.0,2074.805033549548,,1,0.0,2074.805033549548,
config_A,0,11,train,1050000,0.0222222222222222,2376.3977324863563,67.0,1,0.0222222222222222,2376.3977324863563,67.0
config_A,0,11,train,1100000,0.3111111111111111,1803.7100785533407,77.0,1,0.3111111111111111,1803.7100785533407,77.0
config_A,0,11,train,1150000,0.5111111111111111,883.9625420596142,114.1304347826087,1,0.5111111111111111,883.9625420596142,114.1304347826087
config_A,0,11,train,1200000,0.6666666666666666,513.9210690655034,83.46666666666667,1,0.6666666666666666,513.9210690655034,83.46666666666667
config_A,0,11,train,1250000,0.8666666666666667,230.1616409264355,85.97435897435898,1,0.8666666666666667,230.1616409264355,85.97435897435898
config_A,0,11,train,1300000,0.8222222222222222,217.6470806802733,90.10810810810813,1,0.8222222222222222,217.6470806802733,90.10810810810813
config_A,0,11,train,1350000,0.8222222222222222,405.9738211092487,74.48648648648648,1,0.8222222222222222,405.9738211092487,74.48648648648648
config_A,0,11,train,1400000,0.9777777777777776,180.63533125484724,70.22727272727273,1,0.9777777777777776,180.63533125484724,70.22727272727273
config_A,0,11,train,1450000,0.9555555555555556,270.90577478564376,75.09302325581395,1,0.9555555555555556,270.90577478564376,75.09302325581395
config_A,0,11,train,1500000,0.9555555555555556,227.39817192554983,80.4186046511628,1,0.9555555555555556,227.39817192554983,80.4186046511628
config_A,0,11,train,1550000,0.8888888888888888,407.8172251629803,92.75,1,0.8888888888888888,407.8172251629803,92.75
config_A,0,11,train,1600000,0.8888888888888888,469.4704918903232,137.75,1,0.8888888888888888,469.4704918903232,137.75
config_A,0,11,train,1650000,0.9333333333333332,535.2206820113399,104.64285714285714,1,0.9333333333333332,535.2206820113399,104.64285714285714
config_A,0,11,train,1700000,0.9777777777777776,332.4095494897832,83.93181818181819,1,0.9777777777777776,332.4095494897832,83.93181818181819
config_A,0,11,train,1750000,0.8888888888888888,275.34609380380795,81.05,1,0.8888888888888888,275.34609380380795,81.05
config_A,0,11,train,1800000,1.0,239.6413029786832,76.84444444444445,1,1.0,239.6413029786832,76.84444444444445
config_A,0,11,train,1850000,0.9777777777777776,162.0857774254805,63.63636363636363,1,0.9777777777777776,162.0857774254805,63.63636363636363
config_A,0,11,train,1900000,0.9777777777777776,221.83517579235,62.20454545454545,1,0.9777777777777776,221.83517579235,62.20454545454545
config_A,0,11,train,1950000,0.9555555555555556,181.89495303281808,66.06976744186046,1,0.9555555555555556,181.89495303281808,66.06976744186046
config_A,0,11,train,2000000,0.9333333333333332,173.44420685951974,65.73809523809524,1,0.9333333333333332,173.44420685951974,65.73809523809524
config_A,0,11,train,2050000,0.8,242.65386554771123,63.86111111111112,1,0.8,242.65386554771123,63.86111111111112
config_A,0,11,train,2100000,0.8888888888888888,241.4431081803066,67.4,1,0.8888888888888888,241.4431081803066,67.4
config_A,0,11,train,2150000,0.8888888888888888,503.6299963391065,75.275,1,0.8888888888888888,503.6299963391065,75.275
config_A,0,11,train,2200000,0.8444444444444444,326.62528195716527,70.44736842105263,1,0.8444444444444444,326.62528195716527,70.44736842105263
config_A,0,11,train,2250000,0.8666666666666667,165.32825170493714,66.56410256410257,1,0.8666666666666667,165.32825170493714,66.56410256410257
config_A,0,11,train,2300000,0.9111111111111112,275.11272101469183,70.29268292682927,1,0.9111111111111112,275.11272101469183,70.29268292682927
config_A,0,11,train,2350000,0.9555555555555556,172.65703522403635,63.58139534883721,1,0.9555555555555556,172.65703522403635,63.58139534883721
config_A,0,11,train,2400000,0.9555555555555556,144.89504546987305,61.53488372093023,1,0.9555555555555556,144.89504546987305,61.53488372093023
config_A,0,11,train,2450000,0.8666666666666667,286.30371018148355,64.3076923076923,1,0.8666666666666667,286.30371018148355,64.3076923076923
config_A,0,11,train,2500000,0.9111111111111112,139.44736606785915,62.26829268292683,1,0.9111111111111112,139.44736606785915,62.26829268292683
config_A,1,11,test,50000,0.0,14.492700736348402,,1,0.0,14.492700736348402,
config_A,1,11,test,100000,0.0,13.23388798642029,,1,0.0,13.23388798642029,
config_A,1,11,test,150000,0.0,107.36950879279638,,1,0.0,107.36950879279638,
config_A,1,11,test,200000,0.0,18.57837831944792,,1,0.0,18.57837831944792,
config_A,1,11,test,250000,0.0,52.49684115263624,,1,0.0,52.49684115263624,
config_A,1,11,test,300000,0.0,166.02964394392413,,1,0.0,166.02964394392413,
config_A,1,11,test,350000,0.0,69.60980642772844,,1,0.0,69.60980642772844,
config_A,1,11,test,400000,0.0,28.24136816002338,,1,0.0,28.24136816002338,
config_A,1,11,test,450000,0.0,48.50338864885614,,1,0.0,48.50338864885614,
config_A,1,11,test,500000,0.0,24.45998267043322,,1,0.0,24.45998267043322,
config_A,1,11,test,550000,0.0,20.258460815897223,,1,0.0,20.258460815897223,
config_A,1,11,test,600000,0.0,37.81385881762369,,1,0.0,37.81385881762369,
config_A,1,11,test,650000,0.0,222.0961926950301,,1,0.0,222.0961926950301,
config_A,1,11,test,700000,0.0,194.42954011488777,,1,0.0,194.42954011488777,
config_A,1,11,test,750000,0.0,48.36775037755804,,1,0.0,48.36775037755804,
config_A,1,11,test,800000,0.0,23.147484908368,,1,0.0,23.147484908368,
config_A,1,11,test,850000,0.0,12.525529279175837,,1,0.0,12.525529279175837,
config_A,1,11,test,900000,0.0,12.39042960605772,,1,0.0,12.39042960605772,
config_A,1,11,test,950000,0.0,16.366341166132287,,1,0.0,16.366341166132287,
config_A,1,11,test,1000000,0.0,1002.3720207145444,,1,0.0,1002.3720207145444,
config_A,1,11,test,1050000,0.0,913.4994814825434,,1,0.0,913.4994814825434,
config_A,1,11,test,1100000,0.0,774.43182488729,,1,0.0,774.43182488729,
config_A,1,11,test,1150000,0.0,491.512575868254,,1,0.0,491.512575868254,
config_A,1,11,test,1200000,0.0,652.6320112783451,,1,0.0,652.6320112783451,
config_A,1,11,test,1250000,0.0,1351.0834557942865,,1,0.0,1351.0834557942865,
config_A,1,11,test,1300000,0.2,1043.231201704414,460.0,1,0.2,1043.231201704414,460.0
config_A,1,11,test,1350000,0.2,627.3449556295886,69.0,1,0.2,627.3449556295886,69.0
config_A,1,11,test,1400000,0.0,1151.8048894489584,,1,0.0,1151.8048894489584,
config_A,1,11,test,1450000,0.2,1410.837471817167,145.0,1,0.2,1410.837471817167,145.0
config_A,1,11,test,1500000,0.2,432.0097983248088,82.0,1,0.2,432.0097983248088,82.0
config_A,1,11,test,1550000,1.0,339.8644902141409,120.0,1,1.0,339.8644902141409,120.0
config_A,1,11,test,1600000,0.2,587.3329288420965,58.0,1,0.2,587.3329288420965,58.0
config_A,1,11,test,1650000,0.8,287.4031409507591,114.75,1,0.8,287.4031409507591,114.75
config_A,1,11,test,1700000,0.6,994.3700448513522,124.33333333333331,1,0.6,994.3700448513522,124.33333333333331
config_A,1,11,test,1750000,0.2,1147.5066618749656,57.0,1,0.2,1147.5066618749656,57.0
config_A,1,11,test,1800000,0.6,563.5620131179815,63.0,1,0.6,563.5620131179815,63.0
config_A,1,11,test,1850000,0.6,890.6663852872531,61.333333333333336,1,0.6,890.6663852872531,61.333333333333336
config_A,1,11,test,1900000,0.4,1006.7277741920605,61.0,1,0.4,1006.7277741920605,61.0
config_A,1,11,test,1950000,0.8,999.1066139208378,172.25,1,0.8,999.1066139208378,172.25
config_A,1,11,test,2000000,0.8,872.1091507515682,116.0,1,0.8,872.1091507515682,116.0
config_A,1,11,test,2050000,0.6,910.4399976902376,150.0,1,0.6,910.4399976902376,150.0
config_A,1,11,test,2100000,0.2,1436.3722561212858,55.0,1,0.2,1436.3722561212858,55.0
config_A,1,11,test,2150000,0.4,1192.5629159742311,68.0,1,0.4,1192.5629159742311,68.0
config_A,1,11,test,2200000,0.8,304.40588216139724,94.0,1,0.8,304.40588216139724,94.0
config_A,1,11,test,2250000,0.8,793.0513568127168,77.25,1,0.8,793.0513568127168,77.25
config_A,1,11,test,2300000,0.2,1846.9457653846523,71.0,1,0.2,1846.9457653846523,71.0
config_A,1,11,test,2350000,0.4,1792.9425953404325,79.5,1,0.4,1792.9425953404325,79.5
config_A,1,11,test,2400000,1.0,248.2683397975812,83.2,1,1.0,248.2683397975812,83.2
config_A,1,11,test,2450000,0.4,725.2797678017116,71.0,1,0.4,725.2797678017116,71.0
config_A,1,11,test,2500000,1.0,143.08515232997507,72.8,1,1.0,143.08515232997507,72.8
config_A,1,11,train,50000,0.0,20.12359634325685,,1,0.0,20.12359634325685,
config_A,1,11,train,100000,0.0,16.052618796934823,,1,0.0,16.052618796934823,
config_A,1,11,train,150000,0.0,27.53490484154592,,1,0.0,27.53490484154592,
config_A,1,11,train,200000,0.0,43.58890770633692,,1,0.0,43.58890770633692,
config_A,1,11,train,250000,0.0,31.72323702891614,,1,0.0,31.72323702891614,
config_A,1,11,train,300000,0.0,62.75706715210973,,1,0.0,62.75706715210973,
config_A,1,11,train,350000,0.0,80.17675803487164,,1,0.0,80.17675803487164,
config_A,1,11,train,400000,0.0,51.93941105283112,,1,0.0,51.93941105283112,
config_A,1,11,train,450000,0.0,32.63705428467545,,1,0.0,32.63705428467545,
config_A,1,11,train,500000,0.0,38.9583795704039,,1,0.0,38.9583795704039,
config_A,1,11,train,550000,0.0,50.13905071008285,,1,0.0,50.13905071008285,
config_A,1,11,train,600000,0.0,31.348903627593668,,1,0.0,31.348903627593668,
config_A,1,11,train,650000,0.0,155.6731147736321,,1,0.0,155.6731147736321,
config_A,1,11,train,700000,0.0,41.51371252680857,,1,0.0,41.51371252680857,
config_A,1,11,train,750000,0.0,62.49229764011695,,1,0.0,62.49229764011695,
config_A,1,11,train,800000,0.0,46.55641039856207,,1,0.0,46.55641039856207,
config_A,1,11,train,850000,0.0,27.36231691052743,,1,0.0,27.36231691052743,
config_A,1,11,train,900000,0.0,23.11009445898868,,1,0.0,23.11009445898868,
config_A,1,11,train,950000,0.0,20.933901918975856,,1,0.0,20.933901918975856,
config_A,1,11,train,1000000,0.0,878.2623815287133,,1,0.0,878.2623815287133,
config_A,1,11,train,1050000,0.0444444444444444,495.2239651092825,320.5,1,0.0444444444444444,495.2239651092825,320.5
config_A,1,11,train,1100000,0.0,899.6625439359881,,1,0.0,899.6625439359881,
config_A,1,11,train,1150000,0.0222222222222222,1219.430207470046,129.0,1,0.0222222222222222,1219.430207470046,129.0
config_A,1,11,train,1200000,0.1333333333333333,1236.8459479490857,114.5,1,0.1333333333333333,1236.8459479490857,114.5
config_A,1,11,train,1250000,0.1111111111111111,1041.6713558748695,91.6,1,0.1111111111111111,1041.6713558748695,91.6
config_A,1,11,train,1300000,0.1111111111111111,1370.3781037344902,252.0,1,0.1111111111111111,1370.3781037344902,252.0
config_A,1,11,train,1350000,0.1333333333333333,1090.8412551138326,118.5,1,0.1333333333333333,1090.8412551138326,118.5
config_A,1,11,train,1400000,0.0444444444444444,1215.2008709230151,118.5,1,0.0444444444444444,1215.2008709230151,118.5
config_A,1,11,train,1450000,0.0888888888888888,1760.94047311833,222.25,1,0.0888888888888888,1760.94047311833,222.25
config_A,1,11,train,1500000,0.2444444444444444,1167.0068627674164,92.0,1,0.2444444444444444,1167.0068627674164,92.0
config_A,1,11,train,1550000,0.4888888888888889,978.1063067690436,115.5909090909091,1,0.4888888888888889,978.1063067690436,115.5909090909091
config_A,1,11,train,1600000,0.2222222222222222,453.9967444699088,107.6,1,0.2222222222222222,453.9967444699088,107.6
config_A,1,11,train,1650000,0.5555555555555556,855.4170635531478,99.92,1,0.5555555555555556,855.4170635531478,99.92
config_A,1,11,train,1700000,0.4222222222222222,621.184360368961,80.52631578947368,1,0.4222222222222222,621.184360368961,80.52631578947368
config_A,1,11,train,1750000,0.3333333333333333,602.77744861562,81.26666666666667,1,0.3333333333333333,602.77744861562,81.26666666666667
config_A,1,11,train,1800000,0.4,731.1931089886207,76.88888888888889,1,0.4,731.1931089886207,76.88888888888889
config_A,1,11,train,1850000,0.5111111111111111,445.0118437475159,88.1304347826087,1,0.5111111111111111,445.0118437475159,88.1304347826087
config_A,1,11,train,1900000,0.6444444444444445,641.4675536734837,90.20689655172414,1,0.6444444444444445,641.4675536734837,90.20689655172414
config_A,1,11,train,1950000,0.7555555555555555,348.2466281394245,95.91176470588236,1,0.7555555555555555,348.2466281394245,95.91176470588236
config_A,1,11,train,2000000,0.8,660.6987883532813,97.61111111111111,1,0.8,660.6987883532813,97.61111111111111
config_A,1,11,train,2050000,0.7777777777777778,502.7915804156368,115.11428571428571,1,0.7777777777777778,502.7915804156368,115.11428571428571
config_A,1,11,train,2100000,0.7777777777777778,506.2740954356887,122.91428571428573,1,0.7777777777777778,506.2740954356887,122.91428571428573
config_A,1,11,train,2150000,0.8,468.37434399439167,77.05555555555556,1,0.8,468.37434399439167,77.05555555555556
config_A,1,11,train,2200000,0.9111111111111112,215.67698759786617,83.63414634146342,1,0.9111111111111112,215.67698759786617,83.63414634146342
config_A,1,11,train,2250000,0.9111111111111112,349.4242905957898,77.78048780487805,1,0.9111111111111112,349.4242905957898,77.78048780487805
config_A,1,11,train,2300000,0.6444444444444445,894.0980634929797,80.75862068965517,1,0.6444444444444445,894.0980634929797,80.75862068965517
config_A,1,11,train,2350000,0.3777777777777777,1598.477960704882,90.0,1,0.3777777777777777,1598.477960704882,90.0
config_A,1,11,train,2400000,0.9777777777777776,305.8884482879725,82.6590909090909,1,0.9777777777777776,305.8884482879725,82.6590909090909
config_A,1,11,train,2450000,0.8888888888888888,222.4003604361435,85.375,1,0.8888888888888888,222.4003604361435,85.375
config_A,1,11,train,2500000,0.9777777777777776,212.3343317498625,76.31818181818181,1,0.9777777777777776,212.3343317498625,76.31818181818181
config_A,2,11,test,50000,0.0,6.4731571358084015,,1,0.0,6.4731571358084015,
config_A,2,11,test,100000,0.0,7.705950016624716,,1,0.0,7.705950016624716,
config_A,2,11,test,150000,0.0,19.74623206960173,,1,0.0,19.74623206960173,
config_A,2,11,test,200000,0.0,18.95177871607837,,1,0.0,18.95177871607837,
config_A,2,11,test,250000,0.0,11.531422036892856,,1,0.0,11.531422036892856,
config_A,2,11,test,300000,0.0,10.006722047735993,,1,0.0,10.006722047735993,
config_A,2,11,test,350000,0.0,16.975944147834294,,1,0.0,16.975944147834294,
config_A,2,11,test,400000,0.0,40.65307322817683,,1,0.0,40.65307322817683,
config_A,2,11,test,450000,0.0,35.81363789377913,,1,0.0,35.81363789377913,
config_A,2,11,test,500000,0.0,16.995726143282287,,1,0.0,16.995726143282287,
config_A,2,11,test,550000,0.0,25.32558825003625,,1,0.0,25.32558825003625,
config_A,2,11,test,600000,0.0,16.476647901179877,,1,0.0,16.476647901179877,
config_A,2,11,test,650000,0.0,14.969188559197686,,1,0.0,14.969188559197686,
config_A,2,11,test,700000,0.0,19.228996464216625,,1,0.0,19.228996464216625,
config_A,2,11,test,750000,0.0,22.450299589046285,,1,0.0,22.450299589046285,
config_A,2,11,test,800000,0.0,24.40662003275448,,1,0.0,24.40662003275448,
config_A,2,11,test,850000,0.0,23.79439213762793,,1,0.0,23.79439213762793,
config_A,2,11,test,900000,0.0,19.9348986223848,,1,0.0,19.9348986223848,
config_A,2,11,test,950000,0.0,23.09652567409161,,1,0.0,23.09652567409161,
config_A,2,11,test,1000000,0.0,839.3584692173533,,1,0.0,839.3584692173533,
config_A,2,11,test,1050000,0.0,647.5259385694804,,1,0.0,647.5259385694804,
config_A,2,11,test,1100000,0.0,726.1019965970407,,1,0.0,726.1019965970407,
config_A,2,11,test,1150000,0.0,719.6993462219345,,1,0.0,719.6993462219345,
config_A,2,11,test,1200000,0.0,1711.0976411680008,,1,0.0,1711.0976411680008,
config_A,2,11,test,1250000,0.4,1533.151097527059,181.5,1,0.4,1533.151097527059,181.5
config_A,2,11,test,1300000,0.4,1317.1240406902275,83.0,1,0.4,1317.1240406902275,83.0
config_A,2,11,test,1350000,0.6,831.1142904183929,89.33333333333333,1,0.6,831.1142904183929,89.33333333333333
config_A,2,11,test,1400000,0.6,1442.964086268052,101.66666666666669,1,0.6,1442.964086268052,101.66666666666669
config_A,2,11,test,1450000,0.8,235.1277249936309,84.25,1,0.8,235.1277249936309,84.25
config_A,2,11,test,1500000,1.0,365.1454675547165,97.0,1,1.0,365.1454675547165,97.0
config_A,2,11,test,1550000,1.0,288.43180346329564,85.8,1,1.0,288.43180346329564,85.8
config_A,2,11,test,1600000,0.6,283.7970119523541,79.66666666666667,1,0.6,283.7970119523541,79.66666666666667
config_A,2,11,test,1650000,1.0,291.54280894224496,86.0,1,1.0,291.54280894224496,86.0
config_A,2,11,test,1700000,0.8,398.8257533033246,113.5,1,0.8,398.8257533033246,113.5
config_A,2,11,test,1750000,0.8,197.2479889528462,78.0,1,0.8,197.2479889528462,78.0
config_A,2,11,test,1800000,0.8,228.9769636471148,80.5,1,0.8,228.9769636471148,80.5
config_A,2,11,test,1850000,0.8,188.5476799089737,68.5,1,0.8,188.5476799089737,68.5
config_A,2,11,test,1900000,1.0,159.54833158694174,67.4,1,1.0,159.54833158694174,67.4
config_A,2,11,test,1950000,1.0,248.0603104038975,76.0,1,1.0,248.0603104038975,76.0
config_A,2,11,test,2000000,1.0,205.3046973822024,72.0,1,1.0,205.3046973822024,72.0
config_A,2,11,test,2050000,0.8,222.80921008069737,69.25,1,0.8,222.80921008069737,69.25
config_A,2,11,test,2100000,1.0,149.63333575230791,60.0,1,1.0,149.63333575230791,60.0
config_A,2,11,test,2150000,1.0,176.62863933625323,64.2,1,1.0,176.62863933625323,64.2
config_A,2,11,test,2200000,0.6,192.36644440204603,67.66666666666667,1,0.6,192.36644440204603,67.66666666666667
config_A,2,11,test,2250000,1.0,399.79603525953615,103.6,1,1.0,399.79603525953615,103.6
config_A,2,11,test,2300000,0.8,212.8093639983372,66.25,1,0.8,212.8093639983372,66.25
config_A,2,11,test,2350000,0.8,212.94350814977224,73.5,1,0.8,212.94350814977224,73.5
config_A,2,11,test,2400000,0.8,235.0801691766331,74.25,1,0.8,235.0801691766331,74.25
config_A,2,11,test,2450000,0.8,577.1116943463834,68.0,1,0.8,577.1116943463834,68.0
config_A,2,11,test,2500000,1.0,582.470398292621,142.2,1,1.0,582.470398292621,142.2
config_A,2,11,train,50000,0.0,12.131493453219116,,1,0.0,12.131493453219116,
config_A,2,11,train,100000,0.0,9.91134558999284,,1,0.0,9.91134558999284,
config_A,2,11,train,150000,0.0,14.155152265634246,,1,0.0,14.155152265634246,
config_A,2,11,train,200000,0.0,11.568346886932478,,1,0.0,11.568346886932478,
config_A,2,11,train,250000,0.0,10.016250182969143,,1,0.0,10.016250182969143,
config_A,2,11,train,300000,0.0,10.808781932377368,,1,0.0,10.808781932377368,
config_A,2,11,train,350000,0.0,19.34790434016413,,1,0.0,19.34790434016413,
config_A,2,11,train,400000,0.0,42.93206300050083,,1,0.0,42.93206300050083,
config_A,2,11,train,450000,0.0,28.61778994322541,,1,0.0,28.61778994322541,
config_A,2,11,train,500000,0.0,24.137710351201385,,1,0.0,24.137710351201385,
config_A,2,11,train,550000,0.0,46.81828579776393,,1,0.0,46.81828579776393,
config_A,2,11,train,600000,0.0,37.73015692063295,,1,0.0,37.73015692063295,
config_A,2,11,train,650000,0.0,32.29549731381218,,1,0.0,32.29549731381218,
config_A,2,11,train,700000,0.0,27.39285161087586,,1,0.0,27.39285161087586,
config_A,2,11,train,750000,0.0,41.77280938259144,,1,0.0,41.77280938259144,
config_A,2,11,train,800000,0.0,32.41187134569274,,1,0.0,32.41187134569274,
config_A,2,11,train,850000,0.0,37.176588037551966,,1,0.0,37.176588037551966,
config_A,2,11,train,900000,0.0,63.4946977620965,,1,0.0,63.4946977620965,
config_A,2,11,train,950000,0.0,35.903588156441685,,1,0.0,35.903588156441685,
config_A,2,11,train,1000000,0.0,755.4566657745761,,1,0.0,755.4566657745761,
config_A,2,11,train,1050000,0.0,599.1837933771504,,1,0.0,599.1837933771504,
config_A,2,11,train,1100000,0.0,834.9878515751224,,1,0.0,834.9878515751224,
config_A,2,11,train,1150000,0.0,818.3582568785704,,1,0.0,818.3582568785704,
config_A,2,11,train,1200000,0.0,1543.7030205513606,,1,0.0,1543.7030205513606,
config_A,2,11,train,1250000,0.2444444444444444,1924.1501244876536,210.0909090909091,1,0.2444444444444444,1924.1501244876536,210.0909090909091
config_A,2,11,train,1300000,0.7777777777777778,561.9466702263309,86.74285714285715,1,0.7777777777777778,561.9466702263309,86.74285714285715
config_A,2,11,train,1350000,0.7333333333333333,640.7832268583438,89.39393939393939,1,0.7333333333333333,640.7832268583438,89.39393939393939
config_A,2,11,train,1400000,0.7111111111111111,1001.9901873238294,99.96875,1,0.7111111111111111,1001.9901873238294,99.96875
config_A,2,11,train,1450000,0.8666666666666667,388.6486426424812,90.82051282051282,1,0.8666666666666667,388.6486426424812,90.82051282051282
config_A,2,11,train,1500000,0.9555555555555556,456.9139421310361,104.51162790697674,1,0.9555555555555556,456.9139421310361,104.51162790697674
config_A,2,11,train,1550000,0.9333333333333332,448.2787327685319,95.04761904761904,1,0.9333333333333332,448.2787327685319,95.04761904761904
config_A,2,11,train,1600000,0.8444444444444444,319.9315388245703,118.44736842105264,1,0.8444444444444444,319.9315388245703,118.44736842105264
config_A,2,11,train,1650000,0.8666666666666667,511.2237301702565,97.6153846153846,1,0.8666666666666667,511.2237301702565,97.6153846153846
config_A,2,11,train,1700000,0.8,623.4544648069077,103.19444444444444,1,0.8,623.4544648069077,103.19444444444444
config_A,2,11,train,1750000,0.8,288.32974752865806,95.13888888888889,1,0.8,288.32974752865806,95.13888888888889
config_A,2,11,train,1800000,0.8444444444444444,299.8344307492155,88.1842105263158,1,0.8444444444444444,299.8344307492155,88.1842105263158
config_A,2,11,train,1850000,0.8888888888888888,211.1390086815043,75.15,1,0.8888888888888888,211.1390086815043,75.15
config_A,2,11,train,1900000,0.9777777777777776,242.5364611182949,79.45454545454545,1,0.9777777777777776,242.5364611182949,79.45454545454545
config_A,2,11,train,1950000,0.9333333333333332,246.5228635286648,78.26190476190476,1,0.9333333333333332,246.5228635286648,78.26190476190476
config_A,2,11,train,2000000,0.9333333333333332,340.00422131091483,87.78571428571429,1,0.9333333333333332,340.00422131091483,87.78571428571429
config_A,2,11,train,2050000,0.9111111111111112,188.8113863509672,69.46341463414635,1,0.9111111111111112,188.8113863509672,69.46341463414635
config_A,2,11,train,2100000,0.9333333333333332,171.0071772107325,65.30952380952381,1,0.9333333333333332,171.0071772107325,65.30952380952381
config_A,2,11,train,2150000,0.9555555555555556,219.66458643620047,69.46511627906976,1,0.9555555555555556,219.66458643620047,69.46511627906976
config_A,2,11,train,2200000,0.7333333333333333,199.0635976516503,66.3030303030303,1,0.7333333333333333,199.0635976516503,66.3030303030303
config_A,2,11,train,2250000,0.9333333333333332,264.64597323334783,77.26190476190476,1,0.9333333333333332,264.64597323334783,77.26190476190476
config_A,2,11,train,2300000,0.8666666666666667,271.6490287017433,85.1025641025641,1,0.8666666666666667,271.6490287017433,85.1025641025641
config_A,2,11,train,2350000,0.9333333333333332,305.3084388942796,72.54761904761905,1,0.9333333333333332,305.3084388942796,72.54761904761905
config_A,2,11,train,2400000,0.8444444444444444,338.96350328497635,72.36842105263158,1,0.8444444444444444,338.96350328497635,72.36842105263158
config_A,2,11,train,2450000,0.9333333333333332,264.036487165118,76.47619047619048,1,0.9333333333333332,264.036487165118,76.47619047619048
config_A,2,11,train,2500000,0.9333333333333332,240.32088708531268,78.4047619047619,1,0.9333333333333332,240.32088708531268,78.4047619047619
config_A,3,11,test,50000,0.0,11.604027030538038,,1,0.0,11.604027030538038,
config_A,3,11,test,100000,0.0,20.17297564898204,,1,0.0,20.17297564898204,
config_A,3,11,test,150000,0.0,27.77222058476821,,1,0.0,27.77222058476821,
config_A,3,11,test,200000,0.0,31.33017052404346,,1,0.0,31.33017052404346,
config_A,3,11,test,250000,0.0,39.5457416232489,,1,0.0,39.5457416232489,
config_A,3,11,test,300000,0.0,41.0818457252168,,1,0.0,41.0818457252168,
config_A,3,11,test,350000,0.0,68.39664356566422,,1,0.0,68.39664356566422,
config_A,3,11,test,400000,0.0,67.54439659812738,,1,0.0,67.54439659812738,
config_A,3,11,test,450000,0.0,141.61162007279543,,1,0.0,141.61162007279543,
config_A,3,11,test,500000,0.0,117.19084950705223,,1,0.0,117.19084950705223,
config_A,3,11,test,550000,0.0,95.71051128019111,,1,0.0,95.71051128019111,
config_A,3,11,test,600000,0.0,206.12193980926423,,1,0.0,206.12193980926423,
config_A,3,11,test,650000,0.0,227.5002128984714,,1,0.0,227.5002128984714,
config_A,3,11,test,700000,0.0,332.3131998136004,,1,0.0,332.3131998136004,
config_A,3,11,test,750000,0.0,233.5992442567403,,1,0.0,233.5992442567403,
config_A,3,11,test,800000,0.0,202.3434004509194,,1,0.0,202.3434004509194,
config_A,3,11,test,850000,0.0,308.4666643385736,,1,0.0,308.4666643385736,
config_A,3,11,test,900000,0.0,205.5689317111629,,1,0.0,205.5689317111629,
config_A,3,11,test,950000,0.0,160.9369835185948,,1,0.0,160.9369835185948,
config_A,3,11,test,1000000,0.0,622.247258403507,,1,0.0,622.247258403507,
config_A,3,11,test,1050000,0.0,499.0717428448796,,1,0.0,499.0717428448796,
config_A,3,11,test,1100000,0.0,745.5948052921842,,1,0.0,745.5948052921842,
config_A,3,11,test,1150000,0.0,849.9828527057031,,1,0.0,849.9828527057031,
config_A,3,11,test,1200000,0.0,894.4415482585598,,1,0.0,894.4415482585598,
config_A,3,11,test,1250000,0.0,891.3494875672583,,1,0.0,891.3494875672583,
config_A,3,11,test,1300000,0.0,910.3157118313476,,1,0.0,910.3157118313476,
config_A,3,11,test,1350000,0.0,911.2707985412592,,1,0.0,911.2707985412592,
config_A,3,11,test,1400000,0.0,932.302302139952,,1,0.0,932.302302139952,
config_A,3,11,test,1450000,0.0,824.9609710703323,,1,0.0,824.9609710703323,
config_A,3,11,test,1500000,0.0,681.2403210675627,,1,0.0,681.2403210675627,
config_A,3,11,test,1550000,0.0,751.5628500843266,,1,0.0,751.5628500843266,
config_A,3,11,test,1600000,0.0,823.5375386181674,,1,0.0,823.5375386181674,
config_A,3,11,test,1650000,0.0,765.8624406622024,,1,0.0,765.8624406622024,
config_A,3,11,test,1700000,0.0,851.7354104624216,,1,0.0,851.7354104624216,
config_A,3,11,test,1750000,0.0,927.107048267317,,1,0.0,927.107048267317,
config_A,3,11,test,1800000,0.0,939.9267476167718,,1,0.0,939.9267476167718,
config_A,3,11,test,1850000,0.0,757.7322091859494,,1,0.0,757.7322091859494,
config_A,3,11,test,1900000,0.0,761.2208505814599,,1,0.0,761.2208505814599,
config_A,3,11,test,1950000,0.0,763.8668736236112,,1,0.0,763.8668736236112,
config_A,3,11,test,2000000,0.0,942.2356866382306,,1,0.0,942.2356866382306,
config_A,3,11,test,2050000,0.0,935.5600504907948,,1,0.0,935.5600504907948,
config_A,3,11,test,2100000,0.0,954.6416596374754,,1,0.0,954.6416596374754,
config_A,3,11,test,2150000,0.0,993.7742147284634,,1,0.0,993.7742147284634,
config_A,3,11,test,2200000,0.0,996.3918961931984,,1,0.0,996.3918961931984,
config_A,3,11,test,2250000,0.0,1007.591600341666,,1,0.0,1007.591600341666,
config_A,3,11,test,2300000,0.0,1023.8061021839544,,1,0.0,1023.8061021839544,
config_A,3,11,test,2350000,0.0,964.026575804458,,1,0.0,964.026575804458,
config_A,3,11,test,2400000,0.0,1006.1916407492856,,1,0.0,1006.1916407492856,
config_A,3,11,test,2450000,0.0,981.234900991844,,1,0.0,981.234900991844,
config_A,3,11,test,2500000,0.0,1045.6038018185857,,1,0.0,1045.6038018185857,
config_A,3,11,train,50000,0.0,19.681766713698263,,1,0.0,19.681766713698263,
config_A,3,11,train,100000,0.0,32.74688208029486,,1,0.0,32.74688208029486,
config_A,3,11,train,150000,0.0,42.890606352696665,,1,0.0,42.890606352696665,
config_A,3,11,train,200000,0.0,37.548014743110464,,1,0.0,37.548014743110464,
config_A,3,11,train,250000,0.0,43.32020148727852,,1,0.0,43.32020148727852,
config_A,3,11,train,300000,0.0,54.03146887432911,,1,0.0,54.03146887432911,
config_A,3,11,train,350000,0.0,64.86921784052971,,1,0.0,64.86921784052971,
config_A,3,11,train,400000,0.0,72.0420460030394,,1,0.0,72.0420460030394,
config_A,3,11,train,450000,0.0,144.1957061418805,,1,0.0,144.1957061418805,
config_A,3,11,train,500000,0.0,123.4783863162057,,1,0.0,123.4783863162057,
config_A,3,11,train,550000,0.0,111.6426715519203,,1,0.0,111.6426715519203,
config_A,3,11,train,600000,0.0,167.43608045733336,,1,0.0,167.43608045733336,
config_A,3,11,train,650000,0.0,213.49239051494823,,1,0.0,213.49239051494823,
config_A,3,11,train,700000,0.0,243.40025775883024,,1,0.0,243.40025775883024,
config_A,3,11,train,750000,0.0,245.5851537838741,,1,0.0,245.5851537838741,
config_A,3,11,train,800000,0.0,283.97452121186416,,1,0.0,283.97452121186416,
config_A,3,11,train,850000,0.0,302.8599458802403,,1,0.0,302.8599458802403,
config_A,3,11,train,900000,0.0,201.99077976835304,,1,0.0,201.99077976835304,
config_A,3,11,train,950000,0.0,241.06941065952063,,1,0.0,241.06941065952063,
config_A,3,11,train,1000000,0.0,679.7872668056066,,1,0.0,679.7872668056066,
config_A,3,11,train,1050000,0.0,692.6705103760809,,1,0.0,692.6705103760809,
config_A,3,11,train,1100000,0.0,718.1771626466993,,1,0.0,718.1771626466993,
config_A,3,11,train,1150000,0.0,829.5030006220181,,1,0.0,829.5030006220181,
config_A,3,11,train,1200000,0.0,853.1592961498602,,1,0.0,853.1592961498602,
config_A,3,11,train,1250000,0.0,818.3276869609509,,1,0.0,818.3276869609509,
config_A,3,11,train,1300000,0.0,884.8727664231407,,1,0.0,884.8727664231407,
config_A,3,11,train,1350000,0.0,891.0487476861024,,1,0.0,891.0487476861024,
config_A,3,11,train,1400000,0.0,913.6670928815556,,1,0.0,913.6670928815556,
config_A,3,11,train,1450000,0.0,861.0750099948618,,1,0.0,861.0750099948618,
config_A,3,11,train,1500000,0.0,906.795371663692,,1,0.0,906.795371663692,
config_A,3,11,train,1550000,0.0,905.755950848679,,1,0.0,905.755950848679,
config_A,3,11,train,1600000,0.0,904.5704667829624,,1,0.0,904.5704667829624,
config_A,3,11,train,1650000,0.0,885.5906261659115,,1,0.0,885.5906261659115,
config_A,3,11,train,1700000,0.0,900.7226418570144,,1,0.0,900.7226418570144,
config_A,3,11,train,1750000,0.0,916.1937276941106,,1,0.0,916.1937276941106,
config_A,3,11,train,1800000,0.0,920.0500376403522,,1,0.0,920.0500376403522,
config_A,3,11,train,1850000,0.0,920.2843637296456,,1,0.0,920.2843637296456,
config_A,3,11,train,1900000,0.0,919.0238005040728,,1,0.0,919.0238005040728,
config_A,3,11,train,1950000,0.0,914.7500158590154,,1,0.0,914.7500158590154,
config_A,3,11,train,2000000,0.0,928.4068852534202,,1,0.0,928.4068852534202,
config_A,3,11,train,2050000,0.0,923.7528081556684,,1,0.0,923.7528081556684,
config_A,3,11,train,2100000,0.0,933.5860969432052,,1,0.0,933.5860969432052,
config_A,3,11,train,2150000,0.0,954.1256166870612,,1,0.0,954.1256166870612,
config_A,3,11,train,2200000,0.0,946.5792819287792,,1,0.0,946.5792819287792,
config_A,3,11,train,2250000,0.0,991.627570850608,,1,0.0,991.627570850608,
config_A,3,11,train,2300000,0.0,1005.0528375766472,,1,0.0,1005.0528375766472,
config_A,3,11,train,2350000,0.0,1009.623397658872,,1,0.0,1009.623397658872,
config_A,3,11,train,2400000,0.0,1006.076660485487,,1,0.0,1006.076660485487,
config_A,3,11,train,2450000,0.0,1006.9346949179684,,1,0.0,1006.9346949179684,
config_A,3,11,train,2500000,0.0,1024.7966407958293,,1,0.0,1024.7966407958293,
config_A,4,11,test,50000,0.0,11.425541237631908,,1,0.0,11.425541237631908,
config_A,4,11,test,100000,0.0,12.81073456503186,,1,0.0,12.81073456503186,
config_A,4,11,test,150000,0.0,16.973417476255353,,1,0.0,16.973417476255353,
config_A,4,11,test,200000,0.0,15.253200751835765,,1,0.0,15.253200751835765,
config_A,4,11,test,250000,0.0,20.988561848252623,,1,0.0,20.988561848252623,
config_A,4,11,test,300000,0.0,25.79111095528942,,1,0.0,25.79111095528942,
config_A,4,11,test,350000,0.0,31.50617996439133,,1,0.0,31.50617996439133,
config_A,4,11,test,400000,0.0,31.795357360052027,,1,0.0,31.795357360052027,
config_A,4,11,test,450000,0.0,33.78694976599934,,1,0.0,33.78694976599934,
config_A,4,11,test,500000,0.0,18.38043830408728,,1,0.0,18.38043830408728,
config_A,4,11,test,550000,0.0,13.510900198752443,,1,0.0,13.510900198752443,
config_A,4,11,test,600000,0.0,29.60889299163833,,1,0.0,29.60889299163833,
config_A,4,11,test,650000,0.0,21.63279990969989,,1,0.0,21.63279990969989,
config_A,4,11,test,700000,0.0,344.3388786857433,,1,0.0,344.3388786857433,
config_A,4,11,test,750000,0.0,396.9495236589112,,1,0.0,396.9495236589112,
config_A,4,11,test,800000,0.0,212.15817051697564,,1,0.0,212.15817051697564,
config_A,4,11,test,850000,0.0,33.02656437505371,,1,0.0,33.02656437505371,
config_A,4,11,test,900000,0.0,35.82040714735071,,1,0.0,35.82040714735071,
config_A,4,11,test,950000,0.0,28.64347063536804,,1,0.0,28.64347063536804,
config_A,4,11,test,1000000,0.0,1258.1418883394483,,1,0.0,1258.1418883394483,
config_A,4,11,test,1050000,0.0,1089.9663286205569,,1,0.0,1089.9663286205569,
config_A,4,11,test,1100000,0.0,706.202117665731,,1,0.0,706.202117665731,
config_A,4,11,test,1150000,0.2,1396.1629689817448,89.0,1,0.2,1396.1629689817448,89.0
config_A,4,11,test,1200000,0.4,1411.6260024177884,158.5,1,0.4,1411.6260024177884,158.5
config_A,4,11,test,1250000,0.0,1931.377741316659,,1,0.0,1931.377741316659,
config_A,4,11,test,1300000,0.0,1879.3516453903344,,1,0.0,1879.3516453903344,
config_A,4,11,test,1350000,0.0,1714.1624502984437,,1,0.0,1714.1624502984437,
config_A,4,11,test,1400000,0.0,1434.5243369160949,,1,0.0,1434.5243369160949,
config_A,4,11,test,1450000,0.2,294.1859299364948,257.0,1,0.2,294.1859299364948,257.0
config_A,4,11,test,1500000,0.6,658.3503745741375,123.33333333333331,1,0.6,658.3503745741375,123.33333333333331
config_A,4,11,test,1550000,0.6,1230.5301236569496,116.0,1,0.6,1230.5301236569496,116.0
config_A,4,11,test,1600000,0.2,1114.5379481047744,97.0,1,0.2,1114.5379481047744,97.0
config_A,4,11,test,1650000,0.0,1271.3543303333386,,1,0.0,1271.3543303333386,
config_A,4,11,test,1700000,0.0,2036.475075137765,,1,0.0,2036.475075137765,
config_A,4,11,test,1750000,1.0,359.83643754765,109.4,1,1.0,359.83643754765,109.4
config_A,4,11,test,1800000,0.6,1427.1763280943287,113.0,1,0.6,1427.1763280943287,113.0
config_A,4,11,test,1850000,1.0,284.54607264550884,97.8,1,1.0,284.54607264550884,97.8
config_A,4,11,test,1900000,0.6,771.1784372034057,105.33333333333331,1,0.6,771.1784372034057,105.33333333333331
config_A,4,11,test,1950000,0.6,602.0620408189683,80.66666666666667,1,0.6,602.0620408189683,80.66666666666667
config_A,4,11,test,2000000,0.8,313.7816959466288,100.25,1,0.8,313.7816959466288,100.25
config_A,4,11,test,2050000,0.8,691.1121900984485,98.75,1,0.8,691.1121900984485,98.75
config_A,4,11,test,2100000,0.8,215.3828319375426,96.5,1,0.8,215.3828319375426,96.5
config_A,4,11,test,2150000,0.8,199.4132868109619,93.0,1,0.8,199.4132868109619,93.0
config_A,4,11,test,2200000,0.8,204.30104987011768,96.75,1,0.8,204.30104987011768,96.75
config_A,4,11,test,2250000,0.8,191.0800041987656,90.5,1,0.8,191.0800041987656,90.5
config_A,4,11,test,2300000,0.8,188.28703591612904,90.75,1,0.8,188.28703591612904,90.75
config_A,4,11,test,2350000,0.6,117.28122613986784,82.0,1,0.6,117.28122613986784,82.0
config_A,4,11,test,2400000,0.8,181.91534841960788,89.0,1,0.8,181.91534841960788,89.0
config_A,4,11,test,2450000,0.6,100.04421693169064,68.66666666666667,1,0.6,100.04421693169064,68.66666666666667
config_A,4,11,test,2500000,0.4,817.3637039917348,66.0,1,0.4,817.3637039917348,66.0
config_A,4,11,train,50000,0.0,22.13527090349909,,1,0.0,22.13527090349909,
config_A,4,11,train,100000,0.0,17.22247806663828,,1,0.0,17.22247806663828,
config_A,4,11,train,150000,0.0,21.991620327770363,,1,0.0,21.991620327770363,
config_A,4,11,train,200000,0.0,19.04964018525045,,1,0.0,19.04964018525045,
config_A,4,11,train,250000,0.0,29.746809862139163,,1,0.0,29.746809862139163,
config_A,4,11,train,300000,0.0,30.806190682966253,,1,0.0,30.806190682966253,
config_A,4,11,train,350000,0.0,36.71231196897233,,1,0.0,36.71231196897233,
config_A,4,11,train,400000,0.0,29.38463643498061,,1,0.0,29.38463643498061,
config_A,4,11,train,450000,0.0,25.102030740474905,,1,0.0,25.102030740474905,
config_A,4,11,train,500000,0.0,71.9008065563908,,1,0.0,71.9008065563908,
config_A,4,11,train,550000,0.0,39.72148372639408,,1,0.0,39.72148372639408,
config_A,4,11,train,600000,0.0,63.31580754965338,,1,0.0,63.31580754965338,
config_A,4,11,train,650000,0.0,39.44126828549755,,1,0.0,39.44126828549755,
config_A,4,11,train,700000,0.0,67.19458546301811,,1,0.0,67.19458546301811,
config_A,4,11,train,750000,0.0,53.73090784993807,,1,0.0,53.73090784993807,
config_A,4,11,train,800000,0.0,19.942663760500945,,1,0.0,19.942663760500945,
config_A,4,11,train,850000,0.0,35.53235294673815,,1,0.0,35.53235294673815,
config_A,4,11,train,900000,0.0,125.8083748261316,,1,0.0,125.8083748261316,
config_A,4,11,train,950000,0.0,58.10681855834578,,1,0.0,58.10681855834578,
config_A,4,11,train,1000000,0.0444444444444444,1319.928718680545,129.0,1,0.0444444444444444,1319.928718680545,129.0
config_A,4,11,train,1050000,0.1333333333333333,1208.6431186526324,111.33333333333331,1,0.1333333333333333,1208.6431186526324,111.33333333333331
config_A,4,11,train,1100000,0.1777777777777777,1113.538238917038,274.125,1,0.1777777777777777,1113.538238917038,274.125
config_A,4,11,train,1150000,0.2444444444444444,1162.0372756577044,217.72727272727272,1,0.2444444444444444,1162.0372756577044,217.72727272727272
config_A,4,11,train,1200000,0.2,1897.359422977283,224.3333333333333,1,0.2,1897.359422977283,224.3333333333333
config_A,4,11,train,1250000,0.0222222222222222,1383.5916144555404,354.0,1,0.0222222222222222,1383.5916144555404,354.0
config_A,4,11,train,1300000,0.0222222222222222,1969.636045938077,418.0,1,0.0222222222222222,1969.636045938077,418.0
config_A,4,11,train,1350000,0.3111111111111111,1434.55843529996,213.0,1,0.3111111111111111,1434.55843529996,213.0
config_A,4,11,train,1400000,0.4666666666666667,883.9223338637056,174.95238095238096,1,0.4666666666666667,883.9223338637056,174.95238095238096
config_A,4,11,train,1450000,0.4222222222222222,587.2463955703624,193.3684210526316,1,0.4222222222222222,587.2463955703624,193.3684210526316
config_A,4,11,train,1500000,0.5777777777777777,1036.7892213140085,152.57692307692307,1,0.5777777777777777,1036.7892213140085,152.57692307692307
config_A,4,11,train,1550000,0.5777777777777777,1046.6500406102894,127.1153846153846,1,0.5777777777777777,1046.6500406102894,127.1153846153846
config_A,4,11,train,1600000,0.4444444444444444,1234.2338809039074,97.95,1,0.4444444444444444,1234.2338809039074,97.95
config_A,4,11,train,1650000,0.3111111111111111,1268.7752966068658,106.21428571428572,1,0.3111111111111111,1268.7752966068658,106.21428571428572
config_A,4,11,train,1700000,0.5777777777777777,1087.3217215205989,119.8846153846154,1,0.5777777777777777,1087.3217215205989,119.8846153846154
config_A,4,11,train,1750000,0.7111111111111111,953.761841053824,107.84375,1,0.7111111111111111,953.761841053824,107.84375
config_A,4,11,train,1800000,0.5777777777777777,1067.8520788660885,108.1153846153846,1,0.5777777777777777,1067.8520788660885,108.1153846153846
config_A,4,11,train,1850000,0.7111111111111111,658.2599932610041,105.09375,1,0.7111111111111111,658.2599932610041,105.09375
config_A,4,11,train,1900000,0.4666666666666667,853.2529331780074,96.57142857142856,1,0.4666666666666667,853.2529331780074,96.57142857142856
config_A,4,11,train,1950000,0.7333333333333333,237.3718418044323,91.0909090909091,1,0.7333333333333333,237.3718418044323,91.0909090909091
config_A,4,11,train,2000000,0.8222222222222222,692.5457139529442,102.16216216216216,1,0.8222222222222222,692.5457139529442,102.16216216216216
config_A,4,11,train,2050000,0.9777777777777776,291.8809529461962,102.72727272727272,1,0.9777777777777776,291.8809529461962,102.72727272727272
config_A,4,11,train,2100000,0.8888888888888888,237.98117183930407,92.15,1,0.8888888888888888,237.98117183930407,92.15
config_A,4,11,train,2150000,0.9555555555555556,249.21876399382447,95.34883720930232,1,0.9555555555555556,249.21876399382447,95.34883720930232
config_A,4,11,train,2200000,0.8222222222222222,414.846569445789,93.0,1,0.8222222222222222,414.846569445789,93.0
config_A,4,11,train,2250000,0.7555555555555555,348.7454340068624,86.1470588235294,1,0.7555555555555555,348.7454340068624,86.1470588235294
config_A,4,11,train,2300000,0.8,204.32136331480413,82.97222222222223,1,0.8,204.32136331480413,82.97222222222223
config_A,4,11,train,2350000,0.7555555555555555,214.09168767068925,92.61764705882354,1,0.7555555555555555,214.09168767068925,92.61764705882354
config_A,4,11,train,2400000,0.7777777777777778,307.5668591457276,85.48571428571428,1,0.7777777777777778,307.5668591457276,85.48571428571428
config_A,4,11,train,2450000,0.8444444444444444,248.18956425336012,90.21052631578948,1,0.8444444444444444,248.18956425336012,90.21052631578948
config_A,4,11,train,2500000,0.7555555555555555,588.7048450412192,83.32352941176471,1,0.7555555555555555,588.7048450412192,83.32352941176471
config_B,0,11,test,50000,0.0,23.78798820808735,,1,0.0,23.78798820808735,
config_B,0,11,test,100000,0.0,14.722287430334926,,1,0.0,14.722287430334926,
config_B,0,11,test,150000,0.0,11.215073943106962,,1,0.0,11.215073943106962,
config_B,0,11,test,200000,0.0,18.71390907100554,,1,0.0,18.71390907100554,
config_B,0,11,test,250000,0.0,22.75706084444655,,1,0.0,22.75706084444655,
config_B,0,11,test,300000,0.0,25.5385184278819,,1,0.0,25.5385184278819,
config_B,0,11,test,350000,0.0,46.7168332892749,,1,0.0,46.7168332892749,
config_B,0,11,test,400000,0.0,35.4588864135123,,1,0.0,35.4588864135123,
config_B,0,11,test,450000,0.0,21.092396460620684,,1,0.0,21.092396460620684,
config_B,0,11,test,500000,0.0,173.80893158464838,,1,0.0,173.80893158464838,
config_B,0,11,test,550000,0.0,35.91712530973239,,1,0.0,35.91712530973239,
config_B,0,11,test,600000,0.0,43.74428475288843,,1,0.0,43.74428475288843,
config_B,0,11,test,650000,0.0,60.95218182114904,,1,0.0,60.95218182114904,
config_B,0,11,test,700000,0.0,62.5718945566564,,1,0.0,62.5718945566564,
config_B,0,11,test,750000,0.0,200.36747549608543,,1,0.0,200.36747549608543,
config_B,0,11,test,800000,0.0,32.05665871856466,,1,0.0,32.05665871856466,
config_B,0,11,test,850000,0.0,31.65073722781052,,1,0.0,31.65073722781052,
config_B,0,11,test,900000,0.0,46.01731009875941,,1,0.0,46.01731009875941,
config_B,0,11,test,950000,0.0,32.77432333176683,,1,0.0,32.77432333176683,
config_B,0,11,test,1000000,0.0,133.03117894447584,,1,0.0,133.03117894447584,
config_B,0,11,test,1050000,0.0,483.2176869318216,,1,0.0,483.2176869318216,
config_B,0,11,test,1100000,0.0,476.1327694957819,,1,0.0,476.1327694957819,
config_B,0,11,test,1150000,0.0,413.13241157761456,,1,0.0,413.13241157761456,
config_B,0,11,test,1200000,0.0,499.6638713208401,,1,0.0,499.6638713208401,
config_B,0,11,test,1250000,0.0,621.3930169454406,,1,0.0,621.3930169454406,
config_B,0,11,test,1300000,0.0,499.7395071299028,,1,0.0,499.7395071299028,
config_B,0,11,test,1350000,0.0,612.7787390959585,,1,0.0,612.7787390959585,
config_B,0,11,test,1400000,0.0,552.897416090102,,1,0.0,552.897416090102,
config_B,0,11,test,1450000,0.0,520.55201154676,,1,0.0,520.55201154676,
config_B,0,11,test,1500000,0.0,82.358181630573,,1,0.0,82.358181630573,
config_B,0,11,test,1550000,0.0,583.6789265637582,,1,0.0,583.6789265637582,
config_B,0,11,test,1600000,0.0,852.449072075033,,1,0.0,852.449072075033,
config_B,0,11,test,1650000,0.0,149.28225861429337,,1,0.0,149.28225861429337,
config_B,0,11,test,1700000,0.0,616.7923671966824,,1,0.0,616.7923671966824,
config_B,0,11,test,1750000,0.0,614.9263884607979,,1,0.0,614.9263884607979,
config_B,0,11,test,1800000,0.2,425.6328187030711,61.0,1,0.2,425.6328187030711,61.0
config_B,0,11,test,1850000,0.0,1432.146310478039,,1,0.0,1432.146310478039,
config_B,0,11,test,1900000,0.4,618.2614400029397,172.5,1,0.4,618.2614400029397,172.5
config_B,0,11,test,1950000,0.4,82.99942296220162,72.5,1,0.4,82.99942296220162,72.5
config_B,0,11,test,2000000,0.2,652.3102837003955,69.0,1,0.2,652.3102837003955,69.0
config_B,0,11,test,2050000,0.2,728.9986896716113,111.0,1,0.2,728.9986896716113,111.0
config_B,0,11,test,2100000,0.6,720.8072311045895,81.66666666666667,1,0.6,720.8072311045895,81.66666666666667
config_B,0,11,test,2150000,0.6,1254.8220125302462,75.66666666666667,1,0.6,1254.8220125302462,75.66666666666667
config_B,0,11,test,2200000,0.6,1257.672878371087,63.333333333333336,1,0.6,1257.672878371087,63.333333333333336
config_B,0,11,test,2250000,0.8,696.0689848499914,69.25,1,0.8,696.0689848499914,69.25
config_B,0,11,test,2300000,0.8,742.7657611446284,70.5,1,0.8,742.7657611446284,70.5
config_B,0,11,test,2350000,0.8,1199.702198983627,152.75,1,0.8,1199.702198983627,152.75
config_B,0,11,test,2400000,0.4,1821.07195577124,70.5,1,0.4,1821.07195577124,70.5
config_B,0,11,test,2450000,0.6,1555.3874606538186,123.0,1,0.6,1555.3874606538186,123.0
config_B,0,11,test,2500000,0.8,836.1464764889952,78.0,1,0.8,836.1464764889952,78.0
config_B,0,11,train,50000,0.0,18.62631980005516,,1,0.0,18.62631980005516,
config_B,0,11,train,100000,0.0,20.514544186078485,,1,0.0,20.514544186078485,
config_B,0,11,train,150000,0.0,19.056868411111736,,1,0.0,19.056868411111736,
config_B,0,11,train,200000,0.0,22.480147664413344,,1,0.0,22.480147664413344,
config_B,0,11,train,250000,0.0,26.636512395438896,,1,0.0,26.636512395438896,
config_B,0,11,train,300000,0.0,26.37171074686721,,1,0.0,26.37171074686721,
config_B,0,11,train,350000,0.0,44.31659757117143,,1,0.0,44.31659757117143,
config_B,0,11,train,400000,0.0,66.86063958948628,,1,0.0,66.86063958948628,
config_B,0,11,train,450000,0.0,33.81872553547117,,1,0.0,33.81872553547117,
config_B,0,11,train,500000,0.0,53.27917214109311,,1,0.0,53.27917214109311,
config_B,0,11,train,550000,0.0,34.83862290585449,,1,0.0,34.83862290585449,
config_B,0,11,train,600000,0.0,41.392031865075495,,1,0.0,41.392031865075495,
config_B,0,11,train,650000,0.0,39.387544221783,,1,0.0,39.387544221783,
config_B,0,11,train,700000,0.0,46.67977159820317,,1,0.0,46.67977159820317,
config_B,0,11,train,750000,0.0,146.2829946767114,,1,0.0,146.2829946767114,
config_B,0,11,train,800000,0.0,43.31619453840539,,1,0.0,43.31619453840539,
config_B,0,11,train,850000,0.0,48.97767885044559,,1,0.0,48.97767885044559,
config_B,0,11,train,900000,0.0,35.25631399206459,,1,0.0,35.25631399206459,
config_B,0,11,train,950000,0.0,71.35335234247229,,1,0.0,71.35335234247229,
config_B,0,11,train,1000000,0.0,635.8676041326146,,1,0.0,635.8676041326146,
config_B,0,11,train,1050000,0.0666666666666666,554.4015628096818,190.0,1,0.0666666666666666,554.4015628096818,190.0
config_B,0,11,train,1100000,0.0444444444444444,455.1587884175435,169.0,1,0.0444444444444444,455.1587884175435,169.0
config_B,0,11,train,1150000,0.0,228.1244923152809,,1,0.0,228.1244923152809,
config_B,0,11,train,1200000,0.0222222222222222,469.33034318783984,187.0,1,0.0222222222222222,469.33034318783984,187.0
config_B,0,11,train,1250000,0.0,335.4551927336517,,1,0.0,335.4551927336517,
config_B,0,11,train,1300000,0.0,590.4806449572069,,1,0.0,590.4806449572069,
config_B,0,11,train,1350000,0.0444444444444444,807.6869309202156,214.5,1,0.0444444444444444,807.6869309202156,214.5
config_B,0,11,train,1400000,0.0222222222222222,856.521220272681,73.0,1,0.0222222222222222,856.521220272681,73.0
config_B,0,11,train,1450000,0.0,320.1832005079446,,1,0.0,320.1832005079446,
config_B,0,11,train,1500000,0.0,775.8938579948199,,1,0.0,775.8938579948199,
config_B,0,11,train,1550000,0.0,745.101890350366,,1,0.0,745.101890350366,
config_B,0,11,train,1600000,0.0222222222222222,698.8062092237213,99.0,1,0.0222222222222222,698.8062092237213,99.0
config_B,0,11,train,1650000,0.0222222222222222,805.9168444262882,88.0,1,0.0222222222222222,805.9168444262882,88.0
config_B,0,11,train,1700000,0.0,1082.9361187884094,,1,0.0,1082.9361187884094,
config_B,0,11,train,1750000,0.0222222222222222,1058.6311575261973,184.0,1,0.0222222222222222,1058.6311575261973,184.0
config_B,0,11,train,1800000,0.0,1182.2704073937084,,1,0.0,1182.2704073937084,
config_B,0,11,train,1850000,0.0888888888888888,1152.986120222297,66.25,1,0.0888888888888888,1152.986120222297,66.25
config_B,0,11,train,1900000,0.0888888888888888,1108.3172624602516,68.75,1,0.0888888888888888,1108.3172624602516,68.75
config_B,0,11,train,1950000,0.1333333333333333,1270.0602624403596,73.5,1,0.1333333333333333,1270.0602624403596,73.5
config_B,0,11,train,2000000,0.0888888888888888,1511.039038734954,162.75,1,0.0888888888888888,1511.039038734954,162.75
config_B,0,11,train,2050000,0.1555555555555555,1204.209114994232,88.57142857142857,1,0.1555555555555555,1204.209114994232,88.57142857142857
config_B,0,11,train,2100000,0.3111111111111111,1389.7784279847012,79.07142857142857,1,0.3111111111111111,1389.7784279847012,79.07142857142857
config_B,0,11,train,2150000,0.3555555555555555,1677.2796896242314,76.0625,1,0.3555555555555555,1677.2796896242314,76.0625
config_B,0,11,train,2200000,0.4666666666666667,1401.8200196141809,64.57142857142857,1,0.4666666666666667,1401.8200196141809,64.57142857142857
config_B,0,11,train,2250000,0.6,1304.8308516076831,68.22222222222223,1,0.6,1304.8308516076831,68.22222222222223
config_B,0,11,train,2300000,0.6222222222222222,1231.0556125546404,70.5,1,0.6222222222222222,1231.0556125546404,70.5
config_B,0,11,train,2350000,0.6,1440.9612148730355,102.88888888888889,1,0.6,1440.9612148730355,102.88888888888889
config_B,0,11,train,2400000,0.6,1283.2180927417287,81.48148148148148,1,0.6,1283.2180927417287,81.48148148148148
config_B,0,11,train,2450000,0.3555555555555555,1894.2336087596973,75.8125,1,0.3555555555555555,1894.2336087596973,75.8125
config_B,0,11,train,2500000,0.6444444444444445,1065.1865606273125,67.48275862068965,1,0.6444444444444445,1065.1865606273125,67.48275862068965
config_B,1,11,test,50000,0.0,27.17195608236505,,1,0.0,27.17195608236505,
config_B,1,11,test,100000,0.0,21.142460389418368,,1,0.0,21.142460389418368,
config_B,1,11,test,150000,0.0,30.21832745603681,,1,0.0,30.21832745603681,
config_B,1,11,test,200000,0.0,41.00793823510908,,1,0.0,41.00793823510908,
config_B,1,11,test,250000,0.0,40.41559342467495,,1,0.0,40.41559342467495,
config_B,1,11,test,300000,0.0,32.21730640190721,,1,0.0,32.21730640190721,
config_B,1,11,test,350000,0.0,159.69682061789717,,1,0.0,159.69682061789717,
config_B,1,11,test,400000,0.0,23.899737599519973,,1,0.0,23.899737599519973,
config_B,1,11,test,450000,0.0,20.444966954857072,,1,0.0,20.444966954857072,
config_B,1,11,test,500000,0.0,16.776867466776704,,1,0.0,16.776867466776704,
config_B,1,11,test,550000,0.0,12.664578679971132,,1,0.0,12.664578679971132,
config_B,1,11,test,600000,0.0,23.54880407595304,,1,0.0,23.54880407595304,
config_B,1,11,test,650000,0.0,16.59576265992384,,1,0.0,16.59576265992384,
config_B,1,11,test,700000,0.0,15.757071544153428,,1,0.0,15.757071544153428,
config_B,1,11,test,750000,0.0,15.370080854586783,,1,0.0,15.370080854586783,
config_B,1,11,test,800000,0.0,15.503635702389952,,1,0.0,15.503635702389952,
config_B,1,11,test,850000,0.0,27.271629175577,,1,0.0,27.271629175577,
config_B,1,11,test,900000,0.0,12.36370711922942,,1,0.0,12.36370711922942,
config_B,1,11,test,950000,0.0,8.748558303909986,,1,0.0,8.748558303909986,
config_B,1,11,test,1000000,0.0,15.746744707071926,,1,0.0,15.746744707071926,
config_B,1,11,test,1050000,0.0,9.028072469597143,,1,0.0,9.028072469597143,
config_B,1,11,test,1100000,0.0,10.926739699871458,,1,0.0,10.926739699871458,
config_B,1,11,test,1150000,0.0,14.468759932477068,,1,0.0,14.468759932477068,
config_B,1,11,test,1200000,0.0,16.524643292741164,,1,0.0,16.524643292741164,
config_B,1,11,test,1250000,0.0,213.14096411689928,,1,0.0,213.14096411689928,
config_B,1,11,test,1300000,0.0,213.3343309582864,,1,0.0,213.3343309582864,
config_B,1,11,test,1350000,0.0,17.555483780545057,,1,0.0,17.555483780545057,
config_B,1,11,test,1400000,0.0,37.93495579689413,,1,0.0,37.93495579689413,
config_B,1,11,test,1450000,0.0,13.77208917815317,,1,0.0,13.77208917815317,
config_B,1,11,test,1500000,0.0,37.37945360955093,,1,0.0,37.37945360955093,
config_B,1,11,test,1550000,0.0,24.12534366330343,,1,0.0,24.12534366330343,
config_B,1,11,test,1600000,0.0,299.39989217715845,,1,0.0,299.39989217715845,
config_B,1,11,test,1650000,0.0,288.88372545184365,,1,0.0,288.88372545184365,
config_B,1,11,test,1700000,0.0,10.843876991306578,,1,0.0,10.843876991306578,
config_B,1,11,test,1750000,0.0,10.016598799906031,,1,0.0,10.016598799906031,
config_B,1,11,test,1800000,0.0,11.983072965583576,,1,0.0,11.983072965583576,
config_B,1,11,test,1850000,0.0,103.96860131255842,,1,0.0,103.96860131255842,
config_B,1,11,test,1900000,0.0,9.14070997182646,,1,0.0,9.14070997182646,
config_B,1,11,test,1950000,0.0,29.48884358950328,,1,0.0,29.48884358950328,
config_B,1,11,test,2000000,0.0,9.754073649255725,,1,0.0,9.754073649255725,
config_B,1,11,test,2050000,0.0,9.31309517761736,,1,0.0,9.31309517761736,
config_B,1,11,test,2100000,0.0,12.064350997886043,,1,0.0,12.064350997886043,
config_B,1,11,test,2150000,0.0,18.979825545290616,,1,0.0,18.979825545290616,
config_B,1,11,test,2200000,0.0,18.11436674838184,,1,0.0,18.11436674838184,
config_B,1,11,test,2250000,0.0,228.4678187292267,,1,0.0,228.4678187292267,
config_B,1,11,test,2300000,0.0,15.62580690462651,,1,0.0,15.62580690462651,
config_B,1,11,test,2350000,0.0,15.31419207728481,,1,0.0,15.31419207728481,
config_B,1,11,test,2400000,0.0,10.31056282425188,,1,0.0,10.31056282425188,
config_B,1,11,test,2450000,0.0,10.371381216903972,,1,0.0,10.371381216903972,
config_B,1,11,test,2500000,0.0,11.130314809725352,,1,0.0,11.130314809725352,
config_B,1,11,train,50000,0.0,25.04071945254882,,1,0.0,25.04071945254882,
config_B,1,11,train,100000,0.0,22.34280506469368,,1,0.0,22.34280506469368,
config_B,1,11,train,150000,0.0,37.78980584637121,,1,0.0,37.78980584637121,
config_B,1,11,train,200000,0.0,41.78081022595651,,1,0.0,41.78081022595651,
config_B,1,11,train,250000,0.0,38.029658947554864,,1,0.0,38.029658947554864,
config_B,1,11,train,300000,0.0,44.80250319174534,,1,0.0,44.80250319174534,
config_B,1,11,train,350000,0.0,41.55108068092139,,1,0.0,41.55108068092139,
config_B,1,11,train,400000,0.0,31.309638284174813,,1,0.0,31.309638284174813,
config_B,1,11,train,450000,0.0,43.611829226176816,,1,0.0,43.611829226176816,
config_B,1,11,train,500000,0.0,47.32882816178256,,1,0.0,47.32882816178256,
config_B,1,11,train,550000,0.0,108.91752621630128,,1,0.0,108.91752621630128,
config_B,1,11,train,600000,0.0,242.54053206575983,,1,0.0,242.54053206575983,
config_B,1,11,train,650000,0.0,208.5412591211264,,1,0.0,208.5412591211264,
config_B,1,11,train,700000,0.0,207.387720048946,,1,0.0,207.387720048946,
config_B,1,11,train,750000,0.0,296.3064779542371,,1,0.0,296.3064779542371,
config_B,1,11,train,800000,0.0,249.15326273627247,,1,0.0,249.15326273627247,
config_B,1,11,train,850000,0.0,269.3500868020101,,1,0.0,269.3500868020101,
config_B,1,11,train,900000,0.0,255.3031848306246,,1,0.0,255.3031848306246,
config_B,1,11,train,950000,0.0,292.7140470650058,,1,0.0,292.7140470650058,
config_B,1,11,train,1000000,0.0,375.3417094521518,,1,0.0,375.3417094521518,
config_B,1,11,train,1050000,0.0,455.7927436107816,,1,0.0,455.7927436107816,
config_B,1,11,train,1100000,0.0,316.1781015848085,,1,0.0,316.1781015848085,
config_B,1,11,train,1150000,0.0,220.52617521578344,,1,0.0,220.52617521578344,
config_B,1,11,train,1200000,0.0,495.4035905777125,,1,0.0,495.4035905777125,
config_B,1,11,train,1250000,0.0,704.849178935774,,1,0.0,704.849178935774,
config_B,1,11,train,1300000,0.0,716.6969881033187,,1,0.0,716.6969881033187,
config_B,1,11,train,1350000,0.0,488.7341120708776,,1,0.0,488.7341120708776,
config_B,1,11,train,1400000,0.0,486.3294409928508,,1,0.0,486.3294409928508,
config_B,1,11,train,1450000,0.0,508.8638902215571,,1,0.0,508.8638902215571,
config_B,1,11,train,1500000,0.0,520.2215669670388,,1,0.0,520.2215669670388,
config_B,1,11,train,1550000,0.0,579.5081190240057,,1,0.0,579.5081190240057,
config_B,1,11,train,1600000,0.0,422.42573743476896,,1,0.0,422.42573743476896,
config_B,1,11,train,1650000,0.0,209.1344908088251,,1,0.0,209.1344908088251,
config_B,1,11,train,1700000,0.0,387.3011966017779,,1,0.0,387.3011966017779,
config_B,1,11,train,1750000,0.0,375.3316113992775,,1,0.0,375.3316113992775,
config_B,1,11,train,1800000,0.0,356.8629507791262,,1,0.0,356.8629507791262,
config_B,1,11,train,1850000,0.0,412.9111149670423,,1,0.0,412.9111149670423,
config_B,1,11,train,1900000,0.0,232.7348630282832,,1,0.0,232.7348630282832,
config_B,1,11,train,1950000,0.0,316.9221927827033,,1,0.0,316.9221927827033,
config_B,1,11,train,2000000,0.0,424.590162911752,,1,0.0,424.590162911752,
config_B,1,11,train,2050000,0.0,374.1586054038429,,1,0.0,374.1586054038429,
config_B,1,11,train,2100000,0.0,448.3955957884868,,1,0.0,448.3955957884868,
config_B,1,11,train,2150000,0.0,387.41109963866336,,1,0.0,387.41109963866336,
config_B,1,11,train,2200000,0.0,401.4612574707741,,1,0.0,401.4612574707741,
config_B,1,11,train,2250000,0.0,459.2013548272261,,1,0.0,459.2013548272261,
config_B,1,11,train,2300000,0.0,438.0408976869486,,1,0.0,438.0408976869486,
config_B,1,11,train,2350000,0.0,432.8435330909096,,1,0.0,432.8435330909096,
config_B,1,11,train,2400000,0.0,301.7843381073265,,1,0.0,301.7843381073265,
config_B,1,11,train,2450000,0.0,532.4044749883628,,1,0.0,532.4044749883628,
config_B,1,11,train,2500000,0.0,461.8430237835968,,1,0.0,461.8430237835968,
config_B,2,11,test,50000,0.0,16.176996537803078,,1,0.0,16.176996537803078,
config_B,2,11,test,100000,0.0,36.25725266375577,,1,0.0,36.25725266375577,
config_B,2,11,test,150000,0.0,33.56751156568247,,1,0.0,33.56751156568247,
config_B,2,11,test,200000,0.0,47.07916159674564,,1,0.0,47.07916159674564,
config_B,2,11,test,250000,0.0,41.7765515873629,,1,0.0,41.7765515873629,
config_B,2,11,test,300000,0.0,37.00068502530669,,1,0.0,37.00068502530669,
config_B,2,11,test,350000,0.0,40.28436531089668,,1,0.0,40.28436531089668,
config_B,2,11,test,400000,0.0,43.65535231046962,,1,0.0,43.65535231046962,
config_B,2,11,test,450000,0.0,36.20693015708737,,1,0.0,36.20693015708737,
config_B,2,11,test,500000,0.0,46.89809200795982,,1,0.0,46.89809200795982,
config_B,2,11,test,550000,0.0,37.86571440744355,,1,0.0,37.86571440744355,
config_B,2,11,test,600000,0.0,41.47021520424399,,1,0.0,41.47021520424399,
config_B,2,11,test,650000,0.0,41.130032099797845,,1,0.0,41.130032099797845,
config_B,2,11,test,700000,0.0,37.469344292885246,,1,0.0,37.469344292885246,
config_B,2,11,test,750000,0.0,42.31497719579649,,1,0.0,42.31497719579649,
config_B,2,11,test,800000,0.0,20.763316783279286,,1,0.0,20.763316783279286,
config_B,2,11,test,850000,0.0,330.4819449557396,,1,0.0,330.4819449557396,
config_B,2,11,test,900000,0.0,155.88870323309428,,1,0.0,155.88870323309428,
config_B,2,11,test,950000,0.0,149.86847476020858,,1,0.0,149.86847476020858,
config_B,2,11,test,1000000,0.0,887.684173773021,,1,0.0,887.684173773021,
config_B,2,11,test,1050000,0.0,638.2223716183822,,1,0.0,638.2223716183822,
config_B,2,11,test,1100000,0.2,2044.86177588244,70.0,1,0.2,2044.86177588244,70.0
config_B,2,11,test,1150000,0.4,1178.160453829371,75.5,1,0.4,1178.160453829371,75.5
config_B,2,11,test,1200000,0.4,1665.8717536855208,82.0,1,0.4,1665.8717536855208,82.0
config_B,2,11,test,1250000,0.4,1725.4728605229188,64.0,1,0.4,1725.4728605229188,64.0
config_B,2,11,test,1300000,0.6,749.3231998497758,78.33333333333333,1,0.6,749.3231998497758,78.33333333333333
config_B,2,11,test,1350000,0.4,1863.866478774573,72.5,1,0.4,1863.866478774573,72.5
config_B,2,11,test,1400000,0.4,1865.7772180513352,74.0,1,0.4,1865.7772180513352,74.0
config_B,2,11,test,1450000,0.8,778.1034672734995,74.25,1,0.8,778.1034672734995,74.25
config_B,2,11,test,1500000,0.6,856.992233893057,86.0,1,0.6,856.992233893057,86.0
config_B,2,11,test,1550000,1.0,235.9178305920108,75.0,1,1.0,235.9178305920108,75.0
config_B,2,11,test,1600000,1.0,161.9372840857131,62.2,1,1.0,161.9372840857131,62.2
config_B,2,11,test,1650000,1.0,182.09626061083367,64.8,1,1.0,182.09626061083367,64.8
config_B,2,11,test,1700000,1.0,223.44227305016457,70.8,1,1.0,223.44227305016457,70.8
config_B,2,11,test,1750000,0.8,913.4489986054704,90.5,1,0.8,913.4489986054704,90.5
config_B,2,11,test,1800000,0.8,205.0527547067698,74.0,1,0.8,205.0527547067698,74.0
config_B,2,11,test,1850000,1.0,208.95398184000587,68.2,1,1.0,208.95398184000587,68.2
config_B,2,11,test,1900000,0.8,173.0834026090885,64.5,1,0.8,173.0834026090885,64.5
config_B,2,11,test,1950000,1.0,189.21737441273484,64.6,1,1.0,189.21737441273484,64.6
config_B,2,11,test,2000000,1.0,194.0271408576396,65.8,1,1.0,194.0271408576396,65.8
config_B,2,11,test,2050000,1.0,163.616395001312,62.6,1,1.0,163.616395001312,62.6
config_B,2,11,test,2100000,0.6,247.7227226405692,78.33333333333333,1,0.6,247.7227226405692,78.33333333333333
config_B,2,11,test,2150000,1.0,138.47517945045186,58.6,1,1.0,138.47517945045186,58.6
config_B,2,11,test,2200000,1.0,143.78646552086394,58.4,1,1.0,143.78646552086394,58.4
config_B,2,11,test,2250000,1.0,137.37331135223215,56.8,1,1.0,137.37331135223215,56.8
config_B,2,11,test,2300000,1.0,144.78022545648014,58.2,1,1.0,144.78022545648014,58.2
config_B,2,11,test,2350000,1.0,192.98153577137884,65.0,1,1.0,192.98153577137884,65.0
config_B,2,11,test,2400000,1.0,171.12626141646078,62.0,1,1.0,171.12626141646078,62.0
config_B,2,11,test,2450000,1.0,169.110436365954,62.4,1,1.0,169.110436365954,62.4
config_B,2,11,test,2500000,1.0,161.50066036339638,60.8,1,1.0,161.50066036339638,60.8
config_B,2,11,train,50000,0.0,20.438575564120327,,1,0.0,20.438575564120327,
config_B,2,11,train,100000,0.0,30.5844500296796,,1,0.0,30.5844500296796,
config_B,2,11,train,150000,0.0,34.58038959882148,,1,0.0,34.58038959882148,
config_B,2,11,train,200000,0.0,42.664880317999376,,1,0.0,42.664880317999376,
config_B,2,11,train,250000,0.0,42.502509384146585,,1,0.0,42.502509384146585,
config_B,2,11,train,300000,0.0,34.562327257766015,,1,0.0,34.562327257766015,
config_B,2,11,train,350000,0.0,37.42492345365031,,1,0.0,37.42492345365031,
config_B,2,11,train,400000,0.0,43.48011706332415,,1,0.0,43.48011706332415,
config_B,2,11,train,450000,0.0,53.204200188527295,,1,0.0,53.204200188527295,
config_B,2,11,train,500000,0.0,48.138107406941465,,1,0.0,48.138107406941465,
config_B,2,11,train,550000,0.0,39.45044481237632,,1,0.0,39.45044481237632,
config_B,2,11,train,600000,0.0,38.2422182581946,,1,0.0,38.2422182581946,
config_B,2,11,train,650000,0.0,41.71660794799711,,1,0.0,41.71660794799711,
config_B,2,11,train,700000,0.0,47.00511279118006,,1,0.0,47.00511279118006,
config_B,2,11,train,750000,0.0,160.21497556111566,,1,0.0,160.21497556111566,
config_B,2,11,train,800000,0.0,47.24297694233193,,1,0.0,47.24297694233193,
config_B,2,11,train,850000,0.0,167.44604786731935,,1,0.0,167.44604786731935,
config_B,2,11,train,900000,0.0,104.56010537878151,,1,0.0,104.56010537878151,
config_B,2,11,train,950000,0.0,66.07415110367232,,1,0.0,66.07415110367232,
config_B,2,11,train,1000000,0.0,819.1756730397464,,1,0.0,819.1756730397464,
config_B,2,11,train,1050000,0.0,817.9605512343795,,1,0.0,817.9605512343795,
config_B,2,11,train,1100000,0.1333333333333333,1280.7319967537578,157.16666666666666,1,0.1333333333333333,1280.7319967537578,157.16666666666666
config_B,2,11,train,1150000,0.3111111111111111,1236.3645248500231,82.85714285714286,1,0.3111111111111111,1236.3645248500231,82.85714285714286
config_B,2,11,train,1200000,0.4,1202.817366481583,91.27777777777776,1,0.4,1202.817366481583,91.27777777777776
config_B,2,11,train,1250000,0.4444444444444444,1371.2741620224183,73.95,1,0.4444444444444444,1371.2741620224183,73.95
config_B,2,11,train,1300000,0.6,815.0573104408495,83.18518518518519,1,0.6,815.0573104408495,83.18518518518519
config_B,2,11,train,1350000,0.6222222222222222,1098.5904393268183,81.21428571428571,1,0.6222222222222222,1098.5904393268183,81.21428571428571
config_B,2,11,train,1400000,0.5555555555555556,1349.661537628175,76.24,1,0.5555555555555556,1349.661537628175,76.24
config_B,2,11,train,1450000,0.7111111111111111,1016.3128726810048,73.25,1,0.7111111111111111,1016.3128726810048,73.25
config_B,2,11,train,1500000,0.7111111111111111,863.0905002836604,88.65625,1,0.7111111111111111,863.0905002836604,88.65625
config_B,2,11,train,1550000,0.8444444444444444,651.0804345477434,81.3157894736842,1,0.8444444444444444,651.0804345477434,81.3157894736842
config_B,2,11,train,1600000,0.9333333333333332,313.3344612834356,75.47619047619048,1,0.9333333333333332,313.3344612834356,75.47619047619048
config_B,2,11,train,1650000,0.9555555555555556,271.8959374953954,70.81395348837209,1,0.9555555555555556,271.8959374953954,70.81395348837209
config_B,2,11,train,1700000,0.9555555555555556,270.23111505837403,69.6046511627907,1,0.9555555555555556,270.23111505837403,69.6046511627907
config_B,2,11,train,1750000,0.7555555555555555,729.4563185044307,70.20588235294117,1,0.7555555555555555,729.4563185044307,70.20588235294117
config_B,2,11,train,1800000,0.9333333333333332,363.32384742922727,84.28571428571429,1,0.9333333333333332,363.32384742922727,84.28571428571429
config_B,2,11,train,1850000,0.9333333333333332,313.5568667241445,64.97619047619048,1,0.9333333333333332,313.5568667241445,64.97619047619048
config_B,2,11,train,1900000,0.8888888888888888,166.51180433620536,65.075,1,0.8888888888888888,166.51180433620536,65.075
config_B,2,11,train,1950000,0.9555555555555556,172.40362373769344,63.65116279069768,1,0.9555555555555556,172.40362373769344,63.65116279069768
config_B,2,11,train,2000000,1.0,181.6006983782056,64.66666666666667,1,1.0,181.6006983782056,64.66666666666667
config_B,2,11,train,2050000,1.0,155.10622417009472,61.51111111111111,1,1.0,155.10622417009472,61.51111111111111
config_B,2,11,train,2100000,0.8444444444444444,229.6699659550428,62.6578947368421,1,0.8444444444444444,229.6699659550428,62.6578947368421
config_B,2,11,train,2150000,1.0,140.77385147067687,59.06666666666667,1,1.0,140.77385147067687,59.06666666666667
config_B,2,11,train,2200000,1.0,142.590385845436,58.422222222222224,1,1.0,142.590385845436,58.422222222222224
config_B,2,11,train,2250000,0.9777777777777776,145.89061744596808,58.77272727272727,1,0.9777777777777776,145.89061744596808,58.77272727272727
config_B,2,11,train,2300000,1.0,173.67148192595383,62.84444444444444,1,1.0,173.67148192595383,62.84444444444444
config_B,2,11,train,2350000,1.0,195.13606784688,66.17777777777778,1,1.0,195.13606784688,66.17777777777778
config_B,2,11,train,2400000,1.0,171.8863304130969,62.51111111111111,1,1.0,171.8863304130969,62.51111111111111
config_B,2,11,train,2450000,1.0,162.2987251731941,61.53333333333333,1,1.0,162.2987251731941,61.53333333333333
config_B,2,11,train,2500000,1.0,152.40002656717448,59.977777777777774,1,1.0,152.40002656717448,59.977777777777774
config_B,3,11,test,50000,0.0,17.355905902801105,,1,0.0,17.355905902801105,
config_B,3,11,test,100000,0.0,9.077142841540432,,1,0.0,9.077142841540432,
config_B,3,11,test,150000,0.0,13.056955187703654,,1,0.0,13.056955187703654,
config_B,3,11,test,200000,0.0,27.401149412418874,,1,0.0,27.401149412418874,
config_B,3,11,test,250000,0.0,24.550658101277243,,1,0.0,24.550658101277243,
config_B,3,11,test,300000,0.0,12.79002055963342,,1,0.0,12.79002055963342,
config_B,3,11,test,350000,0.0,25.626553062775145,,1,0.0,25.626553062775145,
config_B,3,11,test,400000,0.0,48.20335220662013,,1,0.0,48.20335220662013,
config_B,3,11,test,450000,0.0,34.495824320653185,,1,0.0,34.495824320653185,
config_B,3,11,test,500000,0.0,50.40562968917826,,1,0.0,50.40562968917826,
config_B,3,11,test,550000,0.0,40.411553511428295,,1,0.0,40.411553511428295,
config_B,3,11,test,600000,0.0,33.95532768837699,,1,0.0,33.95532768837699,
config_B,3,11,test,650000,0.0,376.9663138339639,,1,0.0,376.9663138339639,
config_B,3,11,test,700000,0.0,279.91841641186625,,1,0.0,279.91841641186625,
config_B,3,11,test,750000,0.0,184.9723443967189,,1,0.0,184.9723443967189,
config_B,3,11,test,800000,0.0,360.24852474002654,,1,0.0,360.24852474002654,
config_B,3,11,test,850000,0.0,318.99649455301073,,1,0.0,318.99649455301073,
config_B,3,11,test,900000,0.0,609.0534123691992,,1,0.0,609.0534123691992,
config_B,3,11,test,950000,0.0,216.7553996143128,,1,0.0,216.7553996143128,
config_B,3,11,test,1000000,0.0,1122.648881752968,,1,0.0,1122.648881752968,
config_B,3,11,test,1050000,0.0,1009.309575322084,,1,0.0,1009.309575322084,
config_B,3,11,test,1100000,0.0,1142.484813175542,,1,0.0,1142.484813175542,
config_B,3,11,test,1150000,0.0,752.9424795278948,,1,0.0,752.9424795278948,
config_B,3,11,test,1200000,0.0,956.0979526196558,,1,0.0,956.0979526196558,
config_B,3,11,test,1250000,0.0,960.832066779592,,1,0.0,960.832066779592,
config_B,3,11,test,1300000,0.0,1188.2604542286865,,1,0.0,1188.2604542286865,
config_B,3,11,test,1350000,0.0,1208.2057065035342,,1,0.0,1208.2057065035342,
config_B,3,11,test,1400000,0.0,1312.903055053534,,1,0.0,1312.903055053534,
config_B,3,11,test,1450000,0.0,1379.7592810346157,,1,0.0,1379.7592810346157,
config_B,3,11,test,1500000,0.0,1517.370856921434,,1,0.0,1517.370856921434,
config_B,3,11,test,1550000,0.0,1791.9297826483955,,1,0.0,1791.9297826483955,
config_B,3,11,test,1600000,0.0,1879.1466787907543,,1,0.0,1879.1466787907543,
config_B,3,11,test,1650000,0.0,2268.9477660050648,,1,0.0,2268.9477660050648,
config_B,3,11,test,1700000,0.0,1182.0145408300357,,1,0.0,1182.0145408300357,
config_B,3,11,test,1750000,0.0,2449.412134590833,,1,0.0,2449.412134590833,
config_B,3,11,test,1800000,0.2,2302.893759495516,301.0,1,0.2,2302.893759495516,301.0
config_B,3,11,test,1850000,0.6,917.1008063811008,60.66666666666666,1,0.6,917.1008063811008,60.66666666666666
config_B,3,11,test,1900000,0.8,756.4699313226158,63.25,1,0.8,756.4699313226158,63.25
config_B,3,11,test,1950000,0.8,1070.7698021088993,120.25,1,0.8,1070.7698021088993,120.25
config_B,3,11,test,2000000,0.8,334.14303323305273,62.5,1,0.8,334.14303323305273,62.5
config_B,3,11,test,2050000,1.0,161.54270062371998,63.0,1,1.0,161.54270062371998,63.0
config_B,3,11,test,2100000,0.8,135.46379708807305,59.75,1,0.8,135.46379708807305,59.75
config_B,3,11,test,2150000,0.6,730.8538583329046,61.66666666666666,1,0.6,730.8538583329046,61.66666666666666
config_B,3,11,test,2200000,1.0,161.59448783520435,64.0,1,1.0,161.59448783520435,64.0
config_B,3,11,test,2250000,1.0,136.4280608319163,58.6,1,1.0,136.4280608319163,58.6
config_B,3,11,test,2300000,1.0,156.157809936722,61.2,1,1.0,156.157809936722,61.2
config_B,3,11,test,2350000,1.0,154.67255788050986,60.2,1,1.0,154.67255788050986,60.2
config_B,3,11,test,2400000,0.8,164.3368617197812,65.5,1,0.8,164.3368617197812,65.5
config_B,3,11,test,2450000,0.8,131.77012311769786,58.0,1,0.8,131.77012311769786,58.0
config_B,3,11,test,2500000,0.8,109.68843974910078,54.0,1,0.8,109.68843974910078,54.0
config_B,3,11,train,50000,0.0,15.088618593327592,,1,0.0,15.088618593327592,
config_B,3,11,train,100000,0.0,18.440750292111066,,1,0.0,18.440750292111066,
config_B,3,11,train,150000,0.0,18.2241057401902,,1,0.0,18.2241057401902,
config_B,3,11,train,200000,0.0,32.61970786871252,,1,0.0,32.61970786871252,
config_B,3,11,train,250000,0.0,53.40597884998437,,1,0.0,53.40597884998437,
config_B,3,11,train,300000,0.0,18.68626009102759,,1,0.0,18.68626009102759,
config_B,3,11,train,350000,0.0,48.1005363226721,,1,0.0,48.1005363226721,
config_B,3,11,train,400000,0.0,47.50006033369796,,1,0.0,47.50006033369796,
config_B,3,11,train,450000,0.0,28.855720712856787,,1,0.0,28.855720712856787,
config_B,3,11,train,500000,0.0,66.41978786531867,,1,0.0,66.41978786531867,
config_B,3,11,train,550000,0.0,69.92570105189775,,1,0.0,69.92570105189775,
config_B,3,11,train,600000,0.0,34.04445058274372,,1,0.0,34.04445058274372,
config_B,3,11,train,650000,0.0,208.7929073158274,,1,0.0,208.7929073158274,
config_B,3,11,train,700000,0.0,220.31113279649787,,1,0.0,220.31113279649787,
config_B,3,11,train,750000,0.0,198.59240552111976,,1,0.0,198.59240552111976,
config_B,3,11,train,800000,0.0,475.2441575517669,,1,0.0,475.2441575517669,
config_B,3,11,train,850000,0.0,369.1177987469919,,1,0.0,369.1177987469919,
config_B,3,11,train,900000,0.0,491.0993007751897,,1,0.0,491.0993007751897,
config_B,3,11,train,950000,0.0,302.6098443638892,,1,0.0,302.6098443638892,
config_B,3,11,train,1000000,0.0,1086.6651935015952,,1,0.0,1086.6651935015952,
config_B,3,11,train,1050000,0.0,1145.1255952259942,,1,0.0,1145.1255952259942,
config_B,3,11,train,1100000,0.0,1041.8090815527507,,1,0.0,1041.8090815527507,
config_B,3,11,train,1150000,0.0,1069.384382763232,,1,0.0,1069.384382763232,
config_B,3,11,train,1200000,0.0,1077.588152935946,,1,0.0,1077.588152935946,
config_B,3,11,train,1250000,0.0,1132.8240204536105,,1,0.0,1132.8240204536105,
config_B,3,11,train,1300000,0.0,1175.480326069027,,1,0.0,1175.480326069027,
config_B,3,11,train,1350000,0.0,1220.810864480287,,1,0.0,1220.810864480287,
config_B,3,11,train,1400000,0.0,1335.7832707673706,,1,0.0,1335.7832707673706,
config_B,3,11,train,1450000,0.0,1225.5039920159036,,1,0.0,1225.5039920159036,
config_B,3,11,train,1500000,0.0,1530.161647081442,,1,0.0,1530.161647081442,
config_B,3,11,train,1550000,0.0,1852.3402722004464,,1,0.0,1852.3402722004464,
config_B,3,11,train,1600000,0.0,1988.6888194152737,,1,0.0,1988.6888194152737,
config_B,3,11,train,1650000,0.0,2322.948118388719,,1,0.0,2322.948118388719,
config_B,3,11,train,1700000,0.0,2113.148901988128,,1,0.0,2113.148901988128,
config_B,3,11,train,1750000,0.0,2749.597552156176,,1,0.0,2749.597552156176,
config_B,3,11,train,1800000,0.0222222222222222,2882.221458517702,172.0,1,0.0222222222222222,2882.221458517702,172.0
config_B,3,11,train,1850000,0.7111111111111111,1028.770303790713,86.78125,1,0.7111111111111111,1028.770303790713,86.78125
config_B,3,11,train,1900000,0.6888888888888889,978.7273765273376,70.7741935483871,1,0.6888888888888889,978.7273765273376,70.7741935483871
config_B,3,11,train,1950000,0.7333333333333333,844.0891664713993,61.66666666666666,1,0.7333333333333333,844.0891664713993,61.66666666666666
config_B,3,11,train,2000000,0.9777777777777776,155.93146634800905,61.68181818181818,1,0.9777777777777776,155.93146634800905,61.68181818181818
config_B,3,11,train,2050000,1.0,152.36533854652112,61.55555555555556,1,1.0,152.36533854652112,61.55555555555556
config_B,3,11,train,2100000,0.9777777777777776,158.03130969879362,68.72727272727273,1,0.9777777777777776,158.03130969879362,68.72727272727273
config_B,3,11,train,2150000,0.9555555555555556,155.2742604162388,61.69767441860465,1,0.9555555555555556,155.2742604162388,61.69767441860465
config_B,3,11,train,2200000,1.0,146.0244897234406,60.355555555555554,1,1.0,146.0244897234406,60.355555555555554
config_B,3,11,train,2250000,1.0,145.4126862179242,59.91111111111111,1,1.0,145.4126862179242,59.91111111111111
config_B,3,11,train,2300000,1.0,173.11679779164362,63.46666666666667,1,1.0,173.11679779164362,63.46666666666667
config_B,3,11,train,2350000,1.0,177.80749281906344,63.82222222222222,1,1.0,177.80749281906344,63.82222222222222
config_B,3,11,train,2400000,1.0,174.97088517724265,62.71111111111111,1,1.0,174.97088517724265,62.71111111111111
config_B,3,11,train,2450000,0.9777777777777776,154.14303324883667,59.20454545454545,1,0.9777777777777776,154.14303324883667,59.20454545454545
config_B,3,11,train,2500000,1.0,148.88810199074385,57.62222222222222,1,1.0,148.88810199074385,57.62222222222222
config_B,4,11,test,50000,0.0,22.075823206496928,,1,0.0,22.075823206496928,
config_B,4,11,test,100000,0.0,18.89798256046951,,1,0.0,18.89798256046951,
config_B,4,11,test,150000,0.0,18.15453906388033,,1,0.0,18.15453906388033,
config_B,4,11,test,200000,0.0,11.6055807349241,,1,0.0,11.6055807349241,
config_B,4,11,test,250000,0.0,17.995054349916604,,1,0.0,17.995054349916604,
config_B,4,11,test,300000,0.0,26.78245822270488,,1,0.0,26.78245822270488,
config_B,4,11,test,350000,0.0,21.17978240564671,,1,0.0,21.17978240564671,
config_B,4,11,test,400000,0.0,18.47742206764988,,1,0.0,18.47742206764988,
config_B,4,11,test,450000,0.0,32.28607102352514,,1,0.0,32.28607102352514,
config_B,4,11,test,500000,0.0,41.32866495146799,,1,0.0,41.32866495146799,
config_B,4,11,test,550000,0.0,37.76986435477426,,1,0.0,37.76986435477426,
config_B,4,11,test,600000,0.0,41.00515692895734,,1,0.0,41.00515692895734,
config_B,4,11,test,650000,0.0,68.1026483116029,,1,0.0,68.1026483116029,
config_B,4,11,test,700000,0.0,88.11071294369148,,1,0.0,88.11071294369148,
config_B,4,11,test,750000,0.0,160.5505855059928,,1,0.0,160.5505855059928,
config_B,4,11,test,800000,0.0,151.77001985335173,,1,0.0,151.77001985335173,
config_B,4,11,test,850000,0.0,167.6939359138529,,1,0.0,167.6939359138529,
config_B,4,11,test,900000,0.0,320.5931946789081,,1,0.0,320.5931946789081,
config_B,4,11,test,950000,0.0,331.4665328212712,,1,0.0,331.4665328212712,
config_B,4,11,test,1000000,0.0,536.0872818231925,,1,0.0,536.0872818231925,
config_B,4,11,test,1050000,0.0,532.225975133577,,1,0.0,532.225975133577,
config_B,4,11,test,1100000,0.0,617.1848345975784,,1,0.0,617.1848345975784,
config_B,4,11,test,1150000,0.0,643.4344043184581,,1,0.0,643.4344043184581,
config_B,4,11,test,1200000,0.0,741.1923295312595,,1,0.0,741.1923295312595,
config_B,4,11,test,1250000,0.0,679.4649108786674,,1,0.0,679.4649108786674,
config_B,4,11,test,1300000,0.0,766.9659277963389,,1,0.0,766.9659277963389,
config_B,4,11,test,1350000,0.0,746.1723044535183,,1,0.0,746.1723044535183,
config_B,4,11,test,1400000,0.0,750.5029474774993,,1,0.0,750.5029474774993,
config_B,4,11,test,1450000,0.0,788.1850002980854,,1,0.0,788.1850002980854,
config_B,4,11,test,1500000,0.0,733.6151807059221,,1,0.0,733.6151807059221,
config_B,4,11,test,1550000,0.0,785.9150615891982,,1,0.0,785.9150615891982,
config_B,4,11,test,1600000,0.0,787.4867040462289,,1,0.0,787.4867040462289,
config_B,4,11,test,1650000,0.0,792.6326200961364,,1,0.0,792.6326200961364,
config_B,4,11,test,1700000,0.0,834.9628634873322,,1,0.0,834.9628634873322,
config_B,4,11,test,1750000,0.0,894.2959689045674,,1,0.0,894.2959689045674,
config_B,4,11,test,1800000,0.0,916.4582077644494,,1,0.0,916.4582077644494,
config_B,4,11,test,1850000,0.0,906.2545125140036,,1,0.0,906.2545125140036,
config_B,4,11,test,1900000,0.0,919.2696832277084,,1,0.0,919.2696832277084,
config_B,4,11,test,1950000,0.0,932.3735056590788,,1,0.0,932.3735056590788,
config_B,4,11,test,2000000,0.0,989.7607576872336,,1,0.0,989.7607576872336,
config_B,4,11,test,2050000,0.0,995.271470686932,,1,0.0,995.271470686932,
config_B,4,11,test,2100000,0.0,1006.6492115585148,,1,0.0,1006.6492115585148,
config_B,4,11,test,2150000,0.0,1067.060050819188,,1,0.0,1067.060050819188,
config_B,4,11,test,2200000,0.0,1149.0456828716362,,1,0.0,1149.0456828716362,
config_B,4,11,test,2250000,0.0,1226.8330379614165,,1,0.0,1226.8330379614165,
config_B,4,11,test,2300000,0.0,1246.7892313737016,,1,0.0,1246.7892313737016,
config_B,4,11,test,2350000,0.0,1335.9060026874606,,1,0.0,1335.9060026874606,
config_B,4,11,test,2400000,0.0,1386.1850919904307,,1,0.0,1386.1850919904307,
config_B,4,11,test,2450000,0.0,1399.7329662381924,,1,0.0,1399.7329662381924,
config_B,4,11,test,2500000,0.0,1421.0578040603646,,1,0.0,1421.0578040603646,
config_B,4,11,train,50000,0.0,11.268514078488089,,1,0.0,11.268514078488089,
config_B,4,11,train,100000,0.0,23.8006867961396,,1,0.0,23.8006867961396,
config_B,4,11,train,150000,0.0,24.72840023211498,,1,0.0,24.72840023211498,
config_B,4,11,train,200000,0.0,19.543398488638232,,1,0.0,19.543398488638232,
config_B,4,11,train,250000,0.0,21.199512034565146,,1,0.0,21.199512034565146,
config_B,4,11,train,300000,0.0,29.57860925165937,,1,0.0,29.57860925165937,
config_B,4,11,train,350000,0.0,38.94703064734871,,1,0.0,38.94703064734871,
config_B,4,11,train,400000,0.0,26.82973963072352,,1,0.0,26.82973963072352,
config_B,4,11,train,450000,0.0,30.12282519156454,,1,0.0,30.12282519156454,
config_B,4,11,train,500000,0.0,39.9964390660469,,1,0.0,39.9964390660469,
config_B,4,11,train,550000,0.0,47.12221305076197,,1,0.0,47.12221305076197,
config_B,4,11,train,600000,0.0,54.21003997740493,,1,0.0,54.21003997740493,
config_B,4,11,train,650000,0.0,71.03893513884456,,1,0.0,71.03893513884456,
config_B,4,11,train,700000,0.0,86.15389085652104,,1,0.0,86.15389085652104,
config_B,4,11,train,750000,0.0,116.74783594071477,,1,0.0,116.74783594071477,
config_B,4,11,train,800000,0.0,135.43660941541813,,1,0.0,135.43660941541813,
config_B,4,11,train,850000,0.0,139.2851982022337,,1,0.0,139.2851982022337,
config_B,4,11,train,900000,0.0,302.5187902541351,,1,0.0,302.5187902541351,
config_B,4,11,train,950000,0.0,312.94310663492035,,1,0.0,312.94310663492035,
config_B,4,11,train,1000000,0.0,631.8880635697,,1,0.0,631.8880635697,
config_B,4,11,train,1050000,0.0,618.472268746583,,1,0.0,618.472268746583,
config_B,4,11,train,1100000,0.0,691.7305186440437,,1,0.0,691.7305186440437,
config_B,4,11,train,1150000,0.0,653.9399295025311,,1,0.0,653.9399295025311,
config_B,4,11,train,1200000,0.0,751.9473487650624,,1,0.0,751.9473487650624,
config_B,4,11,train,1250000,0.0,733.0533006427975,,1,0.0,733.0533006427975,
config_B,4,11,train,1300000,0.0,773.5453543742774,,1,0.0,773.5453543742774,
config_B,4,11,train,1350000,0.0,814.764555786852,,1,0.0,814.764555786852,
config_B,4,11,train,1400000,0.0,790.7708258202819,,1,0.0,790.7708258202819,
config_B,4,11,train,1450000,0.0,859.529612481614,,1,0.0,859.529612481614,
config_B,4,11,train,1500000,0.0,798.1702478729,,1,0.0,798.1702478729,
config_B,4,11,train,1550000,0.0,877.3944682137372,,1,0.0,877.3944682137372,
config_B,4,11,train,1600000,0.0,865.6436115979205,,1,0.0,865.6436115979205,
config_B,4,11,train,1650000,0.0,869.3214116698617,,1,0.0,869.3214116698617,
config_B,4,11,train,1700000,0.0,892.5271206587498,,1,0.0,892.5271206587498,
config_B,4,11,train,1750000,0.0,902.4593926215553,,1,0.0,902.4593926215553,
config_B,4,11,train,1800000,0.0,919.8293983170606,,1,0.0,919.8293983170606,
config_B,4,11,train,1850000,0.0,892.1774109412352,,1,0.0,892.1774109412352,
config_B,4,11,train,1900000,0.0,920.08375363088,,1,0.0,920.08375363088,
config_B,4,11,train,1950000,0.0,940.332954940734,,1,0.0,940.332954940734,
config_B,4,11,train,2000000,0.0,984.8695613430016,,1,0.0,984.8695613430016,
config_B,4,11,train,2050000,0.0,987.8125057137376,,1,0.0,987.8125057137376,
config_B,4,11,train,2100000,0.0,1009.8965519101577,,1,0.0,1009.8965519101577,
config_B,4,11,train,2150000,0.0,1060.7760119528066,,1,0.0,1060.7760119528066,
config_B,4,11,train,2200000,0.0,1111.1460708563245,,1,0.0,1111.1460708563245,
config_B,4,11,train,2250000,0.0,1231.0064265074172,,1,0.0,1231.0064265074172,
config_B,4,11,train,2300000,0.0,1285.689255592191,,1,0.0,1285.689255592191,
config_B,4,11,train,2350000,0.0,1326.6068161944108,,1,0.0,1326.6068161944108,
config_B,4,11,train,2400000,0.0,1355.8939893797042,,1,0.0,1355.8939893797042,
config_B,4,11,train,2450000,0.0,1455.55252107637,,1,0.0,1455.55252107637,
config_B,4,11,train,2500000,0.0,1447.6822870540916,,1,0.0,1447.6822870540916,
config_C,0,11,test,50000,0.0,11.1410265240464,,1,0.0,11.1410265240464,
config_C,0,11,test,100000,0.0,21.86916043052142,,1,0.0,21.86916043052142,
config_C,0,11,test,150000,0.0,31.95880200596597,,1,0.0,31.95880200596597,
config_C,0,11,test,200000,0.0,188.71889057668176,,1,0.0,188.71889057668176,
config_C,0,11,test,250000,0.0,19.10441497954941,,1,0.0,19.10441497954941,
config_C,0,11,test,300000,0.0,11.723167969337323,,1,0.0,11.723167969337323,
config_C,0,11,test,350000,0.0,8.325009756137321,,1,0.0,8.325009756137321,
config_C,0,11,test,400000,0.0,10.61057574528647,,1,0.0,10.61057574528647,
config_C,0,11,test,450000,0.0,13.565397885456004,,1,0.0,13.565397885456004,
config_C,0,11,test,500000,0.0,9.275497758672408,,1,0.0,9.275497758672408,
config_C,0,11,test,550000,0.0,10.03890564996907,,1,0.0,10.03890564996907,
config_C,0,11,test,600000,0.0,168.83447568204042,,1,0.0,168.83447568204042,
config_C,0,11,test,650000,0.0,5.866298117730371,,1,0.0,5.866298117730371,
config_C,0,11,test,700000,0.0,6.001023282706627,,1,0.0,6.001023282706627,
config_C,0,11,test,750000,0.0,16.696124778519664,,1,0.0,16.696124778519664,
config_C,0,11,test,800000,0.0,450.3859941506912,,1,0.0,450.3859941506912,
config_C,0,11,test,850000,0.0,391.6735100534525,,1,0.0,391.6735100534525,
config_C,0,11,test,900000,0.0,51.491217729488326,,1,0.0,51.491217729488326,
config_C,0,11,test,950000,0.0,10.407775060401637,,1,0.0,10.407775060401637,
config_C,0,11,test,1000000,0.0,9.551682552999688,,1,0.0,9.551682552999688,
config_C,0,11,test,1050000,0.0,10.538663737787925,,1,0.0,10.538663737787925,
config_C,0,11,test,1100000,0.0,8.458126397209693,,1,0.0,8.458126397209693,
config_C,0,11,test,1150000,0.0,6.342769084025041,,1,0.0,6.342769084025041,
config_C,0,11,test,1200000,0.0,8.959378859215223,,1,0.0,8.959378859215223,
config_C,0,11,test,1250000,0.0,5.6701705022457976,,1,0.0,5.6701705022457976,
config_C,0,11,test,1300000,0.0,5.751092675005156,,1,0.0,5.751092675005156,
config_C,0,11,test,1350000,0.0,9.39871494258832,,1,0.0,9.39871494258832,
config_C,0,11,test,1400000,0.0,8.46613415678779,,1,0.0,8.46613415678779,
config_C,0,11,test,1450000,0.0,6.849397896490513,,1,0.0,6.849397896490513,
config_C,0,11,test,1500000,0.0,6.256860058329805,,1,0.0,6.256860058329805,
config_C,0,11,test,1550000,0.0,6.580147131477439,,1,0.0,6.580147131477439,
config_C,0,11,test,1600000,0.0,6.355420163189455,,1,0.0,6.355420163189455,
config_C,0,11,test,1650000,0.0,6.964731339214056,,1,0.0,6.964731339214056,
config_C,0,11,test,1700000,0.0,9.626592158306693,,1,0.0,9.626592158306693,
config_C,0,11,test,1750000,0.0,9.76883202220479,,1,0.0,9.76883202220479,
config_C,0,11,test,1800000,0.0,9.775457371240222,,1,0.0,9.775457371240222,
config_C,0,11,test,1850000,0.0,9.13341284020396,,1,0.0,9.13341284020396,
config_C,0,11,test,1900000,0.0,8.715943468156759,,1,0.0,8.715943468156759,
config_C,0,11,test,1950000,0.0,5.569365619325707,,1,0.0,5.569365619325707,
config_C,0,11,test,2000000,0.2,15.81071574395441,61.0,1,0.2,15.81071574395441,61.0
config_C,0,11,test,2050000,0.0,5.97409112468554,,1,0.0,5.97409112468554,
config_C,0,11,test,2100000,0.0,9.28854253059048,,1,0.0,9.28854253059048,
config_C,0,11,test,2150000,0.0,8.51577660896282,,1,0.0,8.51577660896282,
config_C,0,11,test,2200000,0.0,6.254027158675658,,1,0.0,6.254027158675658,
config_C,0,11,test,2250000,0.0,6.4717821214663305,,1,0.0,6.4717821214663305,
config_C,0,11,test,2300000,0.0,6.530309896331271,,1,0.0,6.530309896331271,
config_C,0,11,test,2350000,0.0,5.638066097085344,,1,0.0,5.638066097085344,
config_C,0,11,test,2400000,0.0,5.529587806922343,,1,0.0,5.529587806922343,
config_C,0,11,test,2450000,0.0,5.702089888984942,,1,0.0,5.702089888984942,
config_C,0,11,test,2500000,0.0,6.628257426842,,1,0.0,6.628257426842,
config_C,0,11,train,50000,0.0,8.483451708798984,,1,0.0,8.483451708798984,
config_C,0,11,train,100000,0.0,20.767322418268648,,1,0.0,20.767322418268648,
config_C,0,11,train,150000,0.0,98.34972077312185,,1,0.0,98.34972077312185,
config_C,0,11,train,200000,0.0,69.33151393314797,,1,0.0,69.33151393314797,
config_C,0,11,train,250000,0.0,15.931057490545207,,1,0.0,15.931057490545207,
config_C,0,11,train,300000,0.0,91.93627958297525,,1,0.0,91.93627958297525,
config_C,0,11,train,350000,0.0,23.42382800114961,,1,0.0,23.42382800114961,
config_C,0,11,train,400000,0.0,11.969688705962444,,1,0.0,11.969688705962444,
config_C,0,11,train,450000,0.0,7.620209598687547,,1,0.0,7.620209598687547,
config_C,0,11,train,500000,0.0,13.518547386016854,,1,0.0,13.518547386016854,
config_C,0,11,train,550000,0.0,13.633575517946827,,1,0.0,13.633575517946827,
config_C,0,11,train,600000,0.0,37.51035964337567,,1,0.0,37.51035964337567,
config_C,0,11,train,650000,0.0,38.031998732001696,,1,0.0,38.031998732001696,
config_C,0,11,train,700000,0.0,120.35990298165156,,1,0.0,120.35990298165156,
config_C,0,11,train,750000,0.0,58.78777256262818,,1,0.0,58.78777256262818,
config_C,0,11,train,800000,0.0,70.851555798551,,1,0.0,70.851555798551,
config_C,0,11,train,850000,0.0222222222222222,15.950990550102496,84.0,1,0.0222222222222222,15.950990550102496,84.0
config_C,0,11,train,900000,0.0,75.23628164419044,,1,0.0,75.23628164419044,
config_C,0,11,train,950000,0.0,72.1750716205929,,1,0.0,72.1750716205929,
config_C,0,11,train,1000000,0.0666666666666666,23.35305592721112,65.66666666666667,1,0.0666666666666666,23.35305592721112,65.66666666666667
config_C,0,11,train,1050000,0.0444444444444444,18.691764064742006,66.5,1,0.0444444444444444,18.691764064742006,66.5
config_C,0,11,train,1100000,0.0222222222222222,97.97341681672673,56.0,1,0.0222222222222222,97.97341681672673,56.0
config_C,0,11,train,1150000,0.0444444444444444,109.23131410609768,63.5,1,0.0444444444444444,109.23131410609768,63.5
config_C,0,11,train,1200000,0.0666666666666666,249.38683922006192,146.66666666666666,1,0.0666666666666666,249.38683922006192,146.66666666666666
config_C,0,11,train,1250000,0.0222222222222222,182.1226889732698,55.0,1,0.0222222222222222,182.1226889732698,55.0
config_C,0,11,train,1300000,0.0222222222222222,93.62049997449226,101.0,1,0.0222222222222222,93.62049997449226,101.0
config_C,0,11,train,1350000,0.0888888888888888,60.69887323254749,106.25,1,0.0888888888888888,60.69887323254749,106.25
config_C,0,11,train,1400000,0.0,11.634378191848608,,1,0.0,11.634378191848608,
config_C,0,11,train,1450000,0.0,16.246526858424918,,1,0.0,16.246526858424918,
config_C,0,11,train,1500000,0.0,19.345125569380663,,1,0.0,19.345125569380663,
config_C,0,11,train,1550000,0.0,44.113174552146425,,1,0.0,44.113174552146425,
config_C,0,11,train,1600000,0.0,46.344812571837146,,1,0.0,46.344812571837146,
config_C,0,11,train,1650000,0.0,28.10924365680499,,1,0.0,28.10924365680499,
config_C,0,11,train,1700000,0.0,10.059577528376728,,1,0.0,10.059577528376728,
config_C,0,11,train,1750000,0.0,10.08267922110378,,1,0.0,10.08267922110378,
config_C,0,11,train,1800000,0.0,11.8750492158465,,1,0.0,11.8750492158465,
config_C,0,11,train,1850000,0.0,122.56023651828473,,1,0.0,122.56023651828473,
config_C,0,11,train,1900000,0.0,126.1063888068394,,1,0.0,126.1063888068394,
config_C,0,11,train,1950000,0.0,125.59571194855523,,1,0.0,125.59571194855523,
config_C,0,11,train,2000000,0.0,127.8709635996256,,1,0.0,127.8709635996256,
config_C,0,11,train,2050000,0.0,209.55741410251144,,1,0.0,209.55741410251144,
config_C,0,11,train,2100000,0.0,159.44375754242284,,1,0.0,159.44375754242284,
config_C,0,11,train,2150000,0.0222222222222222,86.84396054906647,76.0,1,0.0222222222222222,86.84396054906647,76.0
config_C,0,11,train,2200000,0.0222222222222222,128.7510397679713,66.0,1,0.0222222222222222,128.7510397679713,66.0
config_C,0,11,train,2250000,0.0,84.14341441684705,,1,0.0,84.14341441684705,
config_C,0,11,train,2300000,0.0,124.4572000372522,,1,0.0,124.4572000372522,
config_C,0,11,train,2350000,0.0222222222222222,125.72939840397596,106.0,1,0.0222222222222222,125.72939840397596,106.0
config_C,0,11,train,2400000,0.0,175.4656696292868,,1,0.0,175.4656696292868,
config_C,0,11,train,2450000,0.0,80.94875299771542,,1,0.0,80.94875299771542,
config_C,0,11,train,2500000,0.0,125.91950206568085,,1,0.0,125.91950206568085,
config_C,1,11,test,50000,0.0,24.10768787831616,,1,0.0,24.10768787831616,
config_C,1,11,test,100000,0.0,11.676503131477244,,1,0.0,11.676503131477244,
config_C,1,11,test,150000,0.0,24.34824107239703,,1,0.0,24.34824107239703,
config_C,1,11,test,200000,0.0,14.771698672601962,,1,0.0,14.771698672601962,
config_C,1,11,test,250000,0.0,13.88728216127341,,1,0.0,13.88728216127341,
config_C,1,11,test,300000,0.0,16.250856209506573,,1,0.0,16.250856209506573,
config_C,1,11,test,350000,0.0,315.7673599429114,,1,0.0,315.7673599429114,
config_C,1,11,test,400000,0.0,11.686365883272526,,1,0.0,11.686365883272526,
config_C,1,11,test,450000,0.0,18.438616583824423,,1,0.0,18.438616583824423,
config_C,1,11,test,500000,0.0,7.833527407417601,,1,0.0,7.833527407417601,
config_C,1,11,test,550000,0.0,5.159171511894103,,1,0.0,5.159171511894103,
config_C,1,11,test,600000,0.0,7.748582931372551,,1,0.0,7.748582931372551,
config_C,1,11,test,650000,0.0,7.777732419882104,,1,0.0,7.777732419882104,
config_C,1,11,test,700000,0.0,12.581757336784689,,1,0.0,12.581757336784689,
config_C,1,11,test,750000,0.0,6.493262204057039,,1,0.0,6.493262204057039,
config_C,1,11,test,800000,0.0,15.289482846141029,,1,0.0,15.289482846141029,
config_C,1,11,test,850000,0.0,8.60501131723359,,1,0.0,8.60501131723359,
config_C,1,11,test,900000,0.0,9.867677302110344,,1,0.0,9.867677302110344,
config_C,1,11,test,950000,0.0,262.130289450574,,1,0.0,262.130289450574,
config_C,1,11,test,1000000,0.0,12.913437488683192,,1,0.0,12.913437488683192,
config_C,1,11,test,1050000,0.0,293.5575640860219,,1,0.0,293.5575640860219,
config_C,1,11,test,1100000,0.0,4.800889846515291,,1,0.0,4.800889846515291,
config_C,1,11,test,1150000,0.0,12.933274412024671,,1,0.0,12.933274412024671,
config_C,1,11,test,1200000,0.0,57.9457639485662,,1,0.0,57.9457639485662,
config_C,1,11,test,1250000,0.0,291.40380037731114,,1,0.0,291.40380037731114,
config_C,1,11,test,1300000,0.0,288.5533572881972,,1,0.0,288.5533572881972,
config_C,1,11,test,1350000,0.0,17.694229909798228,,1,0.0,17.694229909798228,
config_C,1,11,test,1400000,0.0,15.113108533172852,,1,0.0,15.113108533172852,
config_C,1,11,test,1450000,0.0,17.662302338092836,,1,0.0,17.662302338092836,
config_C,1,11,test,1500000,0.0,6.547839774535175,,1,0.0,6.547839774535175,
config_C,1,11,test,1550000,0.0,4.535769036542712,,1,0.0,4.535769036542712,
config_C,1,11,test,1600000,0.0,7.8956972924801505,,1,0.0,7.8956972924801505,
config_C,1,11,test,1650000,0.0,6.835939486021798,,1,0.0,6.835939486021798,
config_C,1,11,test,1700000,0.0,6.807750082274723,,1,0.0,6.807750082274723,
config_C,1,11,test,1750000,0.0,6.85174255071219,,1,0.0,6.85174255071219,
config_C,1,11,test,1800000,0.0,11.218306094819106,,1,0.0,11.218306094819106,
config_C,1,11,test,1850000,0.0,6.4482029599694455,,1,0.0,6.4482029599694455,
config_C,1,11,test,1900000,0.0,20.556344513799583,,1,0.0,20.556344513799583,
config_C,1,11,test,1950000,0.0,8.372619496257975,,1,0.0,8.372619496257975,
config_C,1,11,test,2000000,0.0,8.584195816010867,,1,0.0,8.584195816010867,
config_C,1,11,test,2050000,0.0,8.31613400898307,,1,0.0,8.31613400898307,
config_C,1,11,test,2100000,0.0,9.104183299394908,,1,0.0,9.104183299394908,
config_C,1,11,test,2150000,0.0,11.63247395245228,,1,0.0,11.63247395245228,
config_C,1,11,test,2200000,0.0,4.389482793708057,,1,0.0,4.389482793708057,
config_C,1,11,test,2250000,0.0,4.3188384333400105,,1,0.0,4.3188384333400105,
config_C,1,11,test,2300000,0.0,8.437214741497376,,1,0.0,8.437214741497376,
config_C,1,11,test,2350000,0.0,14.301503971914858,,1,0.0,14.301503971914858,
config_C,1,11,test,2400000,0.0,20.76274505680133,,1,0.0,20.76274505680133,
config_C,1,11,test,2450000,0.0,8.073615561528587,,1,0.0,8.073615561528587,
config_C,1,11,test,2500000,0.0,4.666712209222063,,1,0.0,4.666712209222063,
config_C,1,11,train,50000,0.0,19.937807414078566,,1,0.0,19.937807414078566,
config_C,1,11,train,100000,0.0,22.45512234925743,,1,0.0,22.45512234925743,
config_C,1,11,train,150000,0.0,43.22953201762031,,1,0.0,43.22953201762031,
config_C,1,11,train,200000,0.0,129.0213491825678,,1,0.0,129.0213491825678,
config_C,1,11,train,250000,0.0,17.505763319930164,,1,0.0,17.505763319930164,
config_C,1,11,train,300000,0.0222222222222222,56.97847227473396,83.0,1,0.0222222222222222,56.97847227473396,83.0
config_C,1,11,train,350000,0.0,78.72958843035751,,1,0.0,78.72958843035751,
config_C,1,11,train,400000,0.0,78.17142048570076,,1,0.0,78.17142048570076,
config_C,1,11,train,450000,0.0222222222222222,134.6034228158295,205.0,1,0.0222222222222222,134.6034228158295,205.0
config_C,1,11,train,500000,0.0,195.29726546064185,,1,0.0,195.29726546064185,
config_C,1,11,train,550000,0.0,115.83451690566406,,1,0.0,115.83451690566406,
config_C,1,11,train,600000,0.0,82.50138558903765,,1,0.0,82.50138558903765,
config_C,1,11,train,650000,0.0,154.55204094603866,,1,0.0,154.55204094603866,
config_C,1,11,train,700000,0.0,169.64384941572996,,1,0.0,169.64384941572996,
config_C,1,11,train,750000,0.0,45.65018609656282,,1,0.0,45.65018609656282,
config_C,1,11,train,800000,0.0,65.87636879792636,,1,0.0,65.87636879792636,
config_C,1,11,train,850000,0.0222222222222222,40.72428417537457,116.0,1,0.0222222222222222,40.72428417537457,116.0
config_C,1,11,train,900000,0.0222222222222222,137.02315634995742,482.0,1,0.0222222222222222,137.02315634995742,482.0
config_C,1,11,train,950000,0.0,139.914974945889,,1,0.0,139.914974945889,
config_C,1,11,train,1000000,0.0,73.43331706191229,,1,0.0,73.43331706191229,
config_C,1,11,train,1050000,0.0,87.8386502887561,,1,0.0,87.8386502887561,
config_C,1,11,train,1100000,0.0,182.38867857369968,,1,0.0,182.38867857369968,
config_C,1,11,train,1150000,0.0,45.8086541023128,,1,0.0,45.8086541023128,
config_C,1,11,train,1200000,0.0,60.34187726101944,,1,0.0,60.34187726101944,
config_C,1,11,train,1250000,0.0,27.478444926073163,,1,0.0,27.478444926073163,
config_C,1,11,train,1300000,0.0,61.12955821058255,,1,0.0,61.12955821058255,
config_C,1,11,train,1350000,0.0,86.76381267991336,,1,0.0,86.76381267991336,
config_C,1,11,train,1400000,0.0,29.82839900432664,,1,0.0,29.82839900432664,
config_C,1,11,train,1450000,0.0,33.428821129064495,,1,0.0,33.428821129064495,
config_C,1,11,train,1500000,0.0,29.110697304348005,,1,0.0,29.110697304348005,
config_C,1,11,train,1550000,0.0,28.07592262162224,,1,0.0,28.07592262162224,
config_C,1,11,train,1600000,0.0,33.35557504330374,,1,0.0,33.35557504330374,
config_C,1,11,train,1650000,0.0,33.117106626478694,,1,0.0,33.117106626478694,
config_C,1,11,train,1700000,0.0,134.7919880496139,,1,0.0,134.7919880496139,
config_C,1,11,train,1750000,0.0,11.536600187905798,,1,0.0,11.536600187905798,
config_C,1,11,train,1800000,0.0,87.38205133665568,,1,0.0,87.38205133665568,
config_C,1,11,train,1850000,0.0,17.37160599192511,,1,0.0,17.37160599192511,
config_C,1,11,train,1900000,0.0,15.76218514794089,,1,0.0,15.76218514794089,
config_C,1,11,train,1950000,0.0,156.2245867651826,,1,0.0,156.2245867651826,
config_C,1,11,train,2000000,0.0,100.14139103150012,,1,0.0,100.14139103150012,
config_C,1,11,train,2050000,0.0,112.4428019421136,,1,0.0,112.4428019421136,
config_C,1,11,train,2100000,0.0,64.56356304929128,,1,0.0,64.56356304929128,
config_C,1,11,train,2150000,0.0,67.6156597480972,,1,0.0,67.6156597480972,
config_C,1,11,train,2200000,0.0,150.97186150717,,1,0.0,150.97186150717,
config_C,1,11,train,2250000,0.0,118.2067678344072,,1,0.0,118.2067678344072,
config_C,1,11,train,2300000,0.0,87.31233176319087,,1,0.0,87.31233176319087,
config_C,1,11,train,2350000,0.0,14.561734078643672,,1,0.0,14.561734078643672,
config_C,1,11,train,2400000,0.0,15.35407647309504,,1,0.0,15.35407647309504,
config_C,1,11,train,2450000,0.0,14.616853991398036,,1,0.0,14.616853991398036,
config_C,1,11,train,2500000,0.0,51.14679754052843,,1,0.0,51.14679754052843,
config_C,2,11,test,50000,0.0,19.17579806162338,,1,0.0,19.17579806162338,
config_C,2,11,test,100000,0.0,31.04221889644204,,1,0.0,31.04221889644204,
config_C,2,11,test,150000,0.0,34.58489361341216,,1,0.0,34.58489361341216,
config_C,2,11,test,200000,0.0,38.727182097413525,,1,0.0,38.727182097413525,
config_C,2,11,test,250000,0.0,39.98819439253141,,1,0.0,39.98819439253141,
config_C,2,11,test,300000,0.0,187.6854686345316,,1,0.0,187.6854686345316,
config_C,2,11,test,350000,0.0,149.79929294254214,,1,0.0,149.79929294254214,
config_C,2,11,test,400000,0.0,23.3328261888034,,1,0.0,23.3328261888034,
config_C,2,11,test,450000,0.0,28.73449319520732,,1,0.0,28.73449319520732,
config_C,2,11,test,500000,0.0,28.61324253936798,,1,0.0,28.61324253936798,
config_C,2,11,test,550000,0.0,221.5497016125421,,1,0.0,221.5497016125421,
config_C,2,11,test,600000,0.0,326.71157652833955,,1,0.0,326.71157652833955,
config_C,2,11,test,650000,0.0,12.630502625790273,,1,0.0,12.630502625790273,
config_C,2,11,test,700000,0.0,17.204874277301595,,1,0.0,17.204874277301595,
config_C,2,11,test,750000,0.0,10.228263476901846,,1,0.0,10.228263476901846,
config_C,2,11,test,800000,0.0,53.39460544977469,,1,0.0,53.39460544977469,
config_C,2,11,test,850000,0.0,84.92079415687532,,1,0.0,84.92079415687532,
config_C,2,11,test,900000,0.0,160.96849767605778,,1,0.0,160.96849767605778,
config_C,2,11,test,950000,0.0,209.1686157573488,,1,0.0,209.1686157573488,
config_C,2,11,test,1000000,0.0,350.72902483935434,,1,0.0,350.72902483935434,
config_C,2,11,test,1050000,0.0,223.88715307337023,,1,0.0,223.88715307337023,
config_C,2,11,test,1100000,0.0,85.92725643725036,,1,0.0,85.92725643725036,
config_C,2,11,test,1150000,0.0,480.0990543065398,,1,0.0,480.0990543065398,
config_C,2,11,test,1200000,0.0,252.96634991059585,,1,0.0,252.96634991059585,
config_C,2,11,test,1250000,0.0,260.36013590590073,,1,0.0,260.36013590590073,
config_C,2,11,test,1300000,0.0,375.87520001581225,,1,0.0,375.87520001581225,
config_C,2,11,test,1350000,0.0,464.3423908949309,,1,0.0,464.3423908949309,
config_C,2,11,test,1400000,0.0,201.9627248562398,,1,0.0,201.9627248562398,
config_C,2,11,test,1450000,0.2,327.30520018964745,291.0,1,0.2,327.30520018964745,291.0
config_C,2,11,test,1500000,0.0,806.038650132367,,1,0.0,806.038650132367,
config_C,2,11,test,1550000,0.0,434.14544294759054,,1,0.0,434.14544294759054,
config_C,2,11,test,1600000,0.0,179.5749264302804,,1,0.0,179.5749264302804,
config_C,2,11,test,1650000,0.2,656.6571979177606,92.0,1,0.2,656.6571979177606,92.0
config_C,2,11,test,1700000,0.2,1252.7225266147975,87.0,1,0.2,1252.7225266147975,87.0
config_C,2,11,test,1750000,0.2,1311.5025777869191,180.0,1,0.2,1311.5025777869191,180.0
config_C,2,11,test,1800000,0.4,842.0973362322484,137.5,1,0.4,842.0973362322484,137.5
config_C,2,11,test,1850000,0.8,716.5404923456193,174.5,1,0.8,716.5404923456193,174.5
config_C,2,11,test,1900000,0.6,167.672006501927,77.66666666666667,1,0.6,167.672006501927,77.66666666666667
config_C,2,11,test,1950000,0.8,241.81989597129007,96.5,1,0.8,241.81989597129007,96.5
config_C,2,11,test,2000000,1.0,178.36152592257042,87.6,1,1.0,178.36152592257042,87.6
config_C,2,11,test,2050000,0.8,136.6347406630763,75.5,1,0.8,136.6347406630763,75.5
config_C,2,11,test,2100000,0.8,652.023809160966,76.75,1,0.8,652.023809160966,76.75
config_C,2,11,test,2150000,0.8,811.0736501217582,106.0,1,0.8,811.0736501217582,106.0
config_C,2,11,test,2200000,0.6,773.9691562608472,108.33333333333331,1,0.6,773.9691562608472,108.33333333333331
config_C,2,11,test,2250000,0.2,525.17790096647,65.0,1,0.2,525.17790096647,65.0
config_C,2,11,test,2300000,0.0,676.0732964237217,,1,0.0,676.0732964237217,
config_C,2,11,test,2350000,0.2,402.8701245358637,62.0,1,0.2,402.8701245358637,62.0
config_C,2,11,test,2400000,0.0,1787.046328041184,,1,0.0,1787.046328041184,
config_C,2,11,test,2450000,0.4,709.7462514739874,80.5,1,0.4,709.7462514739874,80.5
config_C,2,11,test,2500000,0.6,196.41109303573063,95.66666666666669,1,0.6,196.41109303573063,95.66666666666669
config_C,2,11,train,50000,0.0,52.96620080631589,,1,0.0,52.96620080631589,
config_C,2,11,train,100000,0.0,26.308121722869974,,1,0.0,26.308121722869974,
config_C,2,11,train,150000,0.0,55.56227811775816,,1,0.0,55.56227811775816,
config_C,2,11,train,200000,0.0,28.106011070570908,,1,0.0,28.106011070570908,
config_C,2,11,train,250000,0.0,52.14096520144475,,1,0.0,52.14096520144475,
config_C,2,11,train,300000,0.0,104.95121228794451,,1,0.0,104.95121228794451,
config_C,2,11,train,350000,0.0,88.5671283668352,,1,0.0,88.5671283668352,
config_C,2,11,train,400000,0.0,32.58767196842076,,1,0.0,32.58767196842076,
config_C,2,11,train,450000,0.0,82.24785368131084,,1,0.0,82.24785368131084,
config_C,2,11,train,500000,0.0,119.96887790644858,,1,0.0,119.96887790644858,
config_C,2,11,train,550000,0.0,89.00721161128037,,1,0.0,89.00721161128037,
config_C,2,11,train,600000,0.0,97.030545340465,,1,0.0,97.030545340465,
config_C,2,11,train,650000,0.0,65.76579443448064,,1,0.0,65.76579443448064,
config_C,2,11,train,700000,0.0,27.15039592016348,,1,0.0,27.15039592016348,
config_C,2,11,train,750000,0.0,31.241401402830377,,1,0.0,31.241401402830377,
config_C,2,11,train,800000,0.0,80.13188719669436,,1,0.0,80.13188719669436,
config_C,2,11,train,850000,0.0,128.0278071686043,,1,0.0,128.0278071686043,
config_C,2,11,train,900000,0.0,116.28779556431854,,1,0.0,116.28779556431854,
config_C,2,11,train,950000,0.0,155.01346750273612,,1,0.0,155.01346750273612,
config_C,2,11,train,1000000,0.0,373.8367096610184,,1,0.0,373.8367096610184,
config_C,2,11,train,1050000,0.0444444444444444,207.78416866360573,322.5,1,0.0444444444444444,207.78416866360573,322.5
config_C,2,11,train,1100000,0.0,230.3274040070716,,1,0.0,230.3274040070716,
config_C,2,11,train,1150000,0.0444444444444444,232.76654915520749,187.0,1,0.0444444444444444,232.76654915520749,187.0
config_C,2,11,train,1200000,0.0,217.91714023190508,,1,0.0,217.91714023190508,
config_C,2,11,train,1250000,0.0444444444444444,257.46618641650485,235.0,1,0.0444444444444444,257.46618641650485,235.0
config_C,2,11,train,1300000,0.0,151.34966416834487,,1,0.0,151.34966416834487,
config_C,2,11,train,1350000,0.0444444444444444,173.47112915856266,133.0,1,0.0444444444444444,173.47112915856266,133.0
config_C,2,11,train,1400000,0.0222222222222222,242.6426263967404,73.0,1,0.0222222222222222,242.6426263967404,73.0
config_C,2,11,train,1450000,0.0222222222222222,200.48414850740969,239.0,1,0.0222222222222222,200.48414850740969,239.0
config_C,2,11,train,1500000,0.0444444444444444,231.1516756572925,172.0,1,0.0444444444444444,231.1516756572925,172.0
config_C,2,11,train,1550000,0.0222222222222222,235.39179353113573,449.0,1,0.0222222222222222,235.39179353113573,449.0
config_C,2,11,train,1600000,0.0,209.53307531905267,,1,0.0,209.53307531905267,
config_C,2,11,train,1650000,0.0444444444444444,311.4919873297061,74.5,1,0.0444444444444444,311.4919873297061,74.5
config_C,2,11,train,1700000,0.0444444444444444,803.8229090193518,86.0,1,0.0444444444444444,803.8229090193518,86.0
config_C,2,11,train,1750000,0.1777777777777777,1562.9415328373068,105.375,1,0.1777777777777777,1562.9415328373068,105.375
config_C,2,11,train,1800000,0.3555555555555555,677.1618381754957,95.3125,1,0.3555555555555555,677.1618381754957,95.3125
config_C,2,11,train,1850000,0.4666666666666667,510.7283327455916,94.95238095238096,1,0.4666666666666667,510.7283327455916,94.95238095238096
config_C,2,11,train,1900000,0.5333333333333333,377.5199347834836,100.29166666666669,1,0.5333333333333333,377.5199347834836,100.29166666666669
config_C,2,11,train,1950000,0.3555555555555555,350.09073761890016,122.3125,1,0.3555555555555555,350.09073761890016,122.3125
config_C,2,11,train,2000000,0.4444444444444444,374.8981645243571,86.65,1,0.4444444444444444,374.8981645243571,86.65
config_C,2,11,train,2050000,0.4666666666666667,415.1272251068101,82.47619047619048,1,0.4666666666666667,415.1272251068101,82.47619047619048
config_C,2,11,train,2100000,0.3555555555555555,1108.4351676044969,89.625,1,0.3555555555555555,1108.4351676044969,89.625
config_C,2,11,train,2150000,0.4,869.0341133513982,90.38888888888889,1,0.4,869.0341133513982,90.38888888888889
config_C,2,11,train,2200000,0.4222222222222222,715.927841738797,86.78947368421052,1,0.4222222222222222,715.927841738797,86.78947368421052
config_C,2,11,train,2250000,0.1111111111111111,249.07732689947613,78.4,1,0.1111111111111111,249.07732689947613,78.4
config_C,2,11,train,2300000,0.2444444444444444,781.2835087537306,91.9090909090909,1,0.2444444444444444,781.2835087537306,91.9090909090909
config_C,2,11,train,2350000,0.1111111111111111,841.6761546831437,148.2,1,0.1111111111111111,841.6761546831437,148.2
config_C,2,11,train,2400000,0.1777777777777777,972.2830586878056,109.5,1,0.1777777777777777,972.2830586878056,109.5
config_C,2,11,train,2450000,0.4444444444444444,470.97879279373205,105.15,1,0.4444444444444444,470.97879279373205,105.15
config_C,2,11,train,2500000,0.3555555555555555,371.5363448041135,110.3125,1,0.3555555555555555,371.5363448041135,110.3125
config_C,3,11,test,50000,0.0,22.79732764412476,,1,0.0,22.79732764412476,
config_C,3,11,test,100000,0.0,7.948036835694973,,1,0.0,7.948036835694973,
config_C,3,11,test,150000,0.0,27.55860116203788,,1,0.0,27.55860116203788,
config_C,3,11,test,200000,0.0,14.635389231726233,,1,0.0,14.635389231726233,
config_C,3,11,test,250000,0.0,16.069770373585065,,1,0.0,16.069770373585065,
config_C,3,11,test,300000,0.0,14.960416704447534,,1,0.0,14.960416704447534,
config_C,3,11,test,350000,0.0,9.6231769529725,,1,0.0,9.6231769529725,
config_C,3,11,test,400000,0.0,16.617152071861074,,1,0.0,16.617152071861074,
config_C,3,11,test,450000,0.0,15.605266155672336,,1,0.0,15.605266155672336,
config_C,3,11,test,500000,0.0,12.156053167379076,,1,0.0,12.156053167379076,
config_C,3,11,test,550000,0.0,11.695864804121644,,1,0.0,11.695864804121644,
config_C,3,11,test,600000,0.0,184.5407221992311,,1,0.0,184.5407221992311,
config_C,3,11,test,650000,0.0,210.6647934372077,,1,0.0,210.6647934372077,
config_C,3,11,test,700000,0.0,190.38516321144704,,1,0.0,190.38516321144704,
config_C,3,11,test,750000,0.0,10.967999705534108,,1,0.0,10.967999705534108,
config_C,3,11,test,800000,0.0,20.748578140136583,,1,0.0,20.748578140136583,
config_C,3,11,test,850000,0.0,16.413767436530765,,1,0.0,16.413767436530765,
config_C,3,11,test,900000,0.0,23.23917607132382,,1,0.0,23.23917607132382,
config_C,3,11,test,950000,0.0,9.612324543691075,,1,0.0,9.612324543691075,
config_C,3,11,test,1000000,0.0,234.84764307379305,,1,0.0,234.84764307379305,
config_C,3,11,test,1050000,0.0,266.3355010346645,,1,0.0,266.3355010346645,
config_C,3,11,test,1100000,0.0,20.511790589879723,,1,0.0,20.511790589879723,
config_C,3,11,test,1150000,0.0,6.92980060982142,,1,0.0,6.92980060982142,
config_C,3,11,test,1200000,0.0,410.11216728413393,,1,0.0,410.11216728413393,
config_C,3,11,test,1250000,0.0,723.156623647915,,1,0.0,723.156623647915,
config_C,3,11,test,1300000,0.0,486.8121197068059,,1,0.0,486.8121197068059,
config_C,3,11,test,1350000,0.0,672.2763219554938,,1,0.0,672.2763219554938,
config_C,3,11,test,1400000,0.0,239.4402058456049,,1,0.0,239.4402058456049,
config_C,3,11,test,1450000,0.0,960.6629487289784,,1,0.0,960.6629487289784,
config_C,3,11,test,1500000,0.0,901.179774141962,,1,0.0,901.179774141962,
config_C,3,11,test,1550000,0.0,1104.8091793964,,1,0.0,1104.8091793964,
config_C,3,11,test,1600000,0.0,1040.3816936491753,,1,0.0,1040.3816936491753,
config_C,3,11,test,1650000,0.0,715.9923516938536,,1,0.0,715.9923516938536,
config_C,3,11,test,1700000,0.0,457.5016986262216,,1,0.0,457.5016986262216,
config_C,3,11,test,1750000,0.0,911.3878135499114,,1,0.0,911.3878135499114,
config_C,3,11,test,1800000,0.0,631.2117806830308,,1,0.0,631.2117806830308,
config_C,3,11,test,1850000,0.0,382.975595667925,,1,0.0,382.975595667925,
config_C,3,11,test,1900000,0.0,828.9336321532162,,1,0.0,828.9336321532162,
config_C,3,11,test,1950000,0.0,1452.298234049605,,1,0.0,1452.298234049605,
config_C,3,11,test,2000000,0.0,1504.630452099024,,1,0.0,1504.630452099024,
config_C,3,11,test,2050000,0.0,1514.6187800284151,,1,0.0,1514.6187800284151,
config_C,3,11,test,2100000,0.0,1647.7399252100447,,1,0.0,1647.7399252100447,
config_C,3,11,test,2150000,0.0,1168.110500161313,,1,0.0,1168.110500161313,
config_C,3,11,test,2200000,0.0,1164.4523705926408,,1,0.0,1164.4523705926408,
config_C,3,11,test,2250000,0.2,697.6864410188767,130.0,1,0.2,697.6864410188767,130.0
config_C,3,11,test,2300000,0.0,408.3452220646778,,1,0.0,408.3452220646778,
config_C,3,11,test,2350000,0.0,8.86796437340126,,1,0.0,8.86796437340126,
config_C,3,11,test,2400000,0.0,9.701288211561836,,1,0.0,9.701288211561836,
config_C,3,11,test,2450000,0.0,9.061625251667092,,1,0.0,9.061625251667092,
config_C,3,11,test,2500000,0.0,14.427848149224692,,1,0.0,14.427848149224692,
config_C,3,11,train,50000,0.0,50.8222580123548,,1,0.0,50.8222580123548,
config_C,3,11,train,100000,0.0,37.90513770356812,,1,0.0,37.90513770356812,
config_C,3,11,train,150000,0.0,58.797750472641546,,1,0.0,58.797750472641546,
config_C,3,11,train,200000,0.0,15.255466297694086,,1,0.0,15.255466297694086,
config_C,3,11,train,250000,0.0,17.393354614873093,,1,0.0,17.393354614873093,
config_C,3,11,train,300000,0.0,17.36671168562664,,1,0.0,17.36671168562664,
config_C,3,11,train,350000,0.0,12.93212924661881,,1,0.0,12.93212924661881,
config_C,3,11,train,400000,0.0,14.884762822748591,,1,0.0,14.884762822748591,
config_C,3,11,train,450000,0.0,20.365191003659188,,1,0.0,20.365191003659188,
config_C,3,11,train,500000,0.0,18.188717481019,,1,0.0,18.188717481019,
config_C,3,11,train,550000,0.0,13.777207132881877,,1,0.0,13.777207132881877,
config_C,3,11,train,600000,0.0,109.1515811723981,,1,0.0,109.1515811723981,
config_C,3,11,train,650000,0.0,86.09282927676172,,1,0.0,86.09282927676172,
config_C,3,11,train,700000,0.0,99.01347070204672,,1,0.0,99.01347070204672,
config_C,3,11,train,750000,0.0,89.13009413597939,,1,0.0,89.13009413597939,
config_C,3,11,train,800000,0.0,34.67185870490869,,1,0.0,34.67185870490869,
config_C,3,11,train,850000,0.0,13.54284126551855,,1,0.0,13.54284126551855,
config_C,3,11,train,900000,0.0,50.45185124513005,,1,0.0,50.45185124513005,
config_C,3,11,train,950000,0.0,81.81517254312105,,1,0.0,81.81517254312105,
config_C,3,11,train,1000000,0.0,444.1124954564418,,1,0.0,444.1124954564418,
config_C,3,11,train,1050000,0.0,420.0280958290916,,1,0.0,420.0280958290916,
config_C,3,11,train,1100000,0.0,641.4080360311665,,1,0.0,641.4080360311665,
config_C,3,11,train,1150000,0.0,344.8774092150825,,1,0.0,344.8774092150825,
config_C,3,11,train,1200000,0.0,616.7045971213984,,1,0.0,616.7045971213984,
config_C,3,11,train,1250000,0.0,507.9714665756531,,1,0.0,507.9714665756531,
config_C,3,11,train,1300000,0.0,641.4574235133798,,1,0.0,641.4574235133798,
config_C,3,11,train,1350000,0.0,655.618318595824,,1,0.0,655.618318595824,
config_C,3,11,train,1400000,0.0,694.782023843442,,1,0.0,694.782023843442,
config_C,3,11,train,1450000,0.0,574.3746991819444,,1,0.0,574.3746991819444,
config_C,3,11,train,1500000,0.0,559.7710735487676,,1,0.0,559.7710735487676,
config_C,3,11,train,1550000,0.0,868.2032984114817,,1,0.0,868.2032984114817,
config_C,3,11,train,1600000,0.0,689.9894012963839,,1,0.0,689.9894012963839,
config_C,3,11,train,1650000,0.0,654.4749642452355,,1,0.0,654.4749642452355,
config_C,3,11,train,1700000,0.0,512.2921515193871,,1,0.0,512.2921515193871,
config_C,3,11,train,1750000,0.0222222222222222,547.6263282705951,87.0,1,0.0222222222222222,547.6263282705951,87.0
config_C,3,11,train,1800000,0.0,413.4234649089573,,1,0.0,413.4234649089573,
config_C,3,11,train,1850000,0.0,626.9576614085895,,1,0.0,626.9576614085895,
config_C,3,11,train,1900000,0.0,836.5089062840676,,1,0.0,836.5089062840676,
config_C,3,11,train,1950000,0.0222222222222222,758.8685906221236,63.0,1,0.0222222222222222,758.8685906221236,63.0
config_C,3,11,train,2000000,0.0,930.1217663899092,,1,0.0,930.1217663899092,
config_C,3,11,train,2050000,0.0,855.4257785397773,,1,0.0,855.4257785397773,
config_C,3,11,train,2100000,0.0,998.748261973703,,1,0.0,998.748261973703,
config_C,3,11,train,2150000,0.0,787.8273597478891,,1,0.0,787.8273597478891,
config_C,3,11,train,2200000,0.0222222222222222,412.7555350364176,175.0,1,0.0222222222222222,412.7555350364176,175.0
config_C,3,11,train,2250000,0.0444444444444444,459.4475347043789,102.5,1,0.0444444444444444,459.4475347043789,102.5
config_C,3,11,train,2300000,0.0444444444444444,98.38677800331467,175.5,1,0.0444444444444444,98.38677800331467,175.5
config_C,3,11,train,2350000,0.0,70.12952429389439,,1,0.0,70.12952429389439,
config_C,3,11,train,2400000,0.0,11.77537701642982,,1,0.0,11.77537701642982,
config_C,3,11,train,2450000,0.0,19.296317151259743,,1,0.0,19.296317151259743,
config_C,3,11,train,2500000,0.0,77.29111463626283,,1,0.0,77.29111463626283,
config_C,4,11,test,50000,0.0,8.066370025593645,,1,0.0,8.066370025593645,
config_C,4,11,test,100000,0.0,12.520168184711377,,1,0.0,12.520168184711377,
config_C,4,11,test,150000,0.0,18.417051924343458,,1,0.0,18.417051924343458,
config_C,4,11,test,200000,0.0,10.289472834663098,,1,0.0,10.289472834663098,
config_C,4,11,test,250000,0.0,20.413311770228745,,1,0.0,20.413311770228745,
config_C,4,11,test,300000,0.0,24.26199270784232,,1,0.0,24.26199270784232,
config_C,4,11,test,350000,0.0,15.957248701126412,,1,0.0,15.957248701126412,
config_C,4,11,test,400000,0.0,23.86807614428009,,1,0.0,23.86807614428009,
config_C,4,11,test,450000,0.0,27.00288839515398,,1,0.0,27.00288839515398,
config_C,4,11,test,500000,0.0,15.848076759003488,,1,0.0,15.848076759003488,
config_C,4,11,test,550000,0.0,23.07576023494228,,1,0.0,23.07576023494228,
config_C,4,11,test,600000,0.0,18.219985893412225,,1,0.0,18.219985893412225,
config_C,4,11,test,650000,0.0,22.733401115946528,,1,0.0,22.733401115946528,
config_C,4,11,test,700000,0.0,19.32631499564381,,1,0.0,19.32631499564381,
config_C,4,11,test,750000,0.0,17.378150249614805,,1,0.0,17.378150249614805,
config_C,4,11,test,800000,0.0,17.817869199801656,,1,0.0,17.817869199801656,
config_C,4,11,test,850000,0.0,23.180538027198093,,1,0.0,23.180538027198093,
config_C,4,11,test,900000,0.0,17.798379173045003,,1,0.0,17.798379173045003,
config_C,4,11,test,950000,0.0,21.799697281612488,,1,0.0,21.799697281612488,
config_C,4,11,test,1000000,0.0,72.43011598912406,,1,0.0,72.43011598912406,
config_C,4,11,test,1050000,0.0,84.6955086457613,,1,0.0,84.6955086457613,
config_C,4,11,test,1100000,0.0,64.4269544328395,,1,0.0,64.4269544328395,
config_C,4,11,test,1150000,0.0,83.87890717230698,,1,0.0,83.87890717230698,
config_C,4,11,test,1200000,0.0,80.52115969933587,,1,0.0,80.52115969933587,
config_C,4,11,test,1250000,0.0,74.20903599747292,,1,0.0,74.20903599747292,
config_C,4,11,test,1300000,0.0,58.778449973149975,,1,0.0,58.778449973149975,
config_C,4,11,test,1350000,0.0,64.71401695863626,,1,0.0,64.71401695863626,
config_C,4,11,test,1400000,0.0,61.58843513796008,,1,0.0,61.58843513796008,
config_C,4,11,test,1450000,0.0,86.0824925470693,,1,0.0,86.0824925470693,
config_C,4,11,test,1500000,0.0,52.49573260874704,,1,0.0,52.49573260874704,
config_C,4,11,test,1550000,0.0,55.58575319436606,,1,0.0,55.58575319436606,
config_C,4,11,test,1600000,0.0,110.10797203916631,,1,0.0,110.10797203916631,
config_C,4,11,test,1650000,0.0,115.035669876273,,1,0.0,115.035669876273,
config_C,4,11,test,1700000,0.0,243.9126192714788,,1,0.0,243.9126192714788,
config_C,4,11,test,1750000,0.0,207.26273131943304,,1,0.0,207.26273131943304,
config_C,4,11,test,1800000,0.0,365.1084191561825,,1,0.0,365.1084191561825,
config_C,4,11,test,1850000,0.0,263.6497848946448,,1,0.0,263.6497848946448,
config_C,4,11,test,1900000,0.0,327.6081324451386,,1,0.0,327.6081324451386,
config_C,4,11,test,1950000,0.0,327.79531910915955,,1,0.0,327.79531910915955,
config_C,4,11,test,2000000,0.0,715.1466244138534,,1,0.0,715.1466244138534,
config_C,4,11,test,2050000,0.0,404.1610603637834,,1,0.0,404.1610603637834,
config_C,4,11,test,2100000,0.0,412.4325348348048,,1,0.0,412.4325348348048,
config_C,4,11,test,2150000,0.0,324.39521909678007,,1,0.0,324.39521909678007,
config_C,4,11,test,2200000,0.0,210.88386577776487,,1,0.0,210.88386577776487,
config_C,4,11,test,2250000,0.0,367.2997814410484,,1,0.0,367.2997814410484,
config_C,4,11,test,2300000,0.0,353.19906718835466,,1,0.0,353.19906718835466,
config_C,4,11,test,2350000,0.0,311.36418149530914,,1,0.0,311.36418149530914,
config_C,4,11,test,2400000,0.0,222.1436438335208,,1,0.0,222.1436438335208,
config_C,4,11,test,2450000,0.0,326.21072366589533,,1,0.0,326.21072366589533,
config_C,4,11,test,2500000,0.0,392.20716814026935,,1,0.0,392.20716814026935,
config_C,4,11,train,50000,0.0,12.021812964654105,,1,0.0,12.021812964654105,
config_C,4,11,train,100000,0.0,14.44957640929954,,1,0.0,14.44957640929954,
config_C,4,11,train,150000,0.0,15.43723798325754,,1,0.0,15.43723798325754,
config_C,4,11,train,200000,0.0,16.451265014126278,,1,0.0,16.451265014126278,
config_C,4,11,train,250000,0.0,17.58995478664229,,1,0.0,17.58995478664229,
config_C,4,11,train,300000,0.0,19.249418516229422,,1,0.0,19.249418516229422,
config_C,4,11,train,350000,0.0,23.543268613303844,,1,0.0,23.543268613303844,
config_C,4,11,train,400000,0.0,25.755779183111603,,1,0.0,25.755779183111603,
config_C,4,11,train,450000,0.0,30.92588309384081,,1,0.0,30.92588309384081,
config_C,4,11,train,500000,0.0,26.89558356924256,,1,0.0,26.89558356924256,
config_C,4,11,train,550000,0.0,27.813508470797142,,1,0.0,27.813508470797142,
config_C,4,11,train,600000,0.0,25.81225701712973,,1,0.0,25.81225701712973,
config_C,4,11,train,650000,0.0,21.1124300544136,,1,0.0,21.1124300544136,
config_C,4,11,train,700000,0.0,21.28641282036028,,1,0.0,21.28641282036028,
config_C,4,11,train,750000,0.0,19.671046377337127,,1,0.0,19.671046377337127,
config_C,4,11,train,800000,0.0,22.474159457970178,,1,0.0,22.474159457970178,
config_C,4,11,train,850000,0.0,25.007840671571607,,1,0.0,25.007840671571607,
config_C,4,11,train,900000,0.0,24.1246070907832,,1,0.0,24.1246070907832,
config_C,4,11,train,950000,0.0,29.684201279885468,,1,0.0,29.684201279885468,
config_C,4,11,train,1000000,0.0,87.74540323408671,,1,0.0,87.74540323408671,
config_C,4,11,train,1050000,0.0,85.51690936718812,,1,0.0,85.51690936718812,
config_C,4,11,train,1100000,0.0,86.47412478889308,,1,0.0,86.47412478889308,
config_C,4,11,train,1150000,0.0,85.39911477249126,,1,0.0,85.39911477249126,
config_C,4,11,train,1200000,0.0,97.0533368717513,,1,0.0,97.0533368717513,
config_C,4,11,train,1250000,0.0,83.46462495567563,,1,0.0,83.46462495567563,
config_C,4,11,train,1300000,0.0,106.29656898854908,,1,0.0,106.29656898854908,
config_C,4,11,train,1350000,0.0,118.34945168031297,,1,0.0,118.34945168031297,
config_C,4,11,train,1400000,0.0,77.84488344439055,,1,0.0,77.84488344439055,
config_C,4,11,train,1450000,0.0,99.98529346421584,,1,0.0,99.98529346421584,
config_C,4,11,train,1500000,0.0,168.66951788350084,,1,0.0,168.66951788350084,
config_C,4,11,train,1550000,0.0,111.63681864974744,,1,0.0,111.63681864974744,
config_C,4,11,train,1600000,0.0,183.29606409928448,,1,0.0,183.29606409928448,
config_C,4,11,train,1650000,0.0,342.2199685800685,,1,0.0,342.2199685800685,
config_C,4,11,train,1700000,0.0,435.6086450033911,,1,0.0,435.6086450033911,
config_C,4,11,train,1750000,0.0,385.5941383248514,,1,0.0,385.5941383248514,
config_C,4,11,train,1800000,0.0,478.4390220829743,,1,0.0,478.4390220829743,
config_C,4,11,train,1850000,0.0,222.88801196318047,,1,0.0,222.88801196318047,
config_C,4,11,train,1900000,0.0,429.5510865407178,,1,0.0,429.5510865407178,
config_C,4,11,train,1950000,0.0,509.82331144889486,,1,0.0,509.82331144889486,
config_C,4,11,train,2000000,0.0,455.1542534261295,,1,0.0,455.1542534261295,
config_C,4,11,train,2050000,0.0,263.0388674070841,,1,0.0,263.0388674070841,
config_C,4,11,train,2100000,0.0,304.4937731167514,,1,0.0,304.4937731167514,
config_C,4,11,train,2150000,0.0,279.78910858122805,,1,0.0,279.78910858122805,
config_C,4,11,train,2200000,0.0,284.7870230563413,,1,0.0,284.7870230563413,
config_C,4,11,train,2250000,0.0,333.2797640098243,,1,0.0,333.2797640098243,
config_C,4,11,train,2300000,0.0,397.0074669723885,,1,0.0,397.0074669723885,
config_C,4,11,train,2350000,0.0,396.7216849387166,,1,0.0,396.7216849387166,
config_C,4,11,train,2400000,0.0,200.9773392748872,,1,0.0,200.9773392748872,
config_C,4,11,train,2450000,0.0,362.2131725063336,,1,0.0,362.2131725063336,
config_C,4,11,train,2500000,0.0,388.1876981370731,,1,0.0,388.1876981370731,
config_D,0,11,test,50000,0.0,26.534988349710808,,1,0.0,26.534988349710808,
config_D,0,11,test,100000,0.0,19.38321099130001,,1,0.0,19.38321099130001,
config_D,0,11,test,150000,0.0,9.887021823214528,,1,0.0,9.887021823214528,
config_D,0,11,test,200000,0.0,6.98501424812452,,1,0.0,6.98501424812452,
config_D,0,11,test,250000,0.0,7.129518458308958,,1,0.0,7.129518458308958,
config_D,0,11,test,300000,0.0,10.17241450024363,,1,0.0,10.17241450024363,
config_D,0,11,test,350000,0.0,27.862379648421285,,1,0.0,27.862379648421285,
config_D,0,11,test,400000,0.0,27.28871123096267,,1,0.0,27.28871123096267,
config_D,0,11,test,450000,0.0,30.542167393856325,,1,0.0,30.542167393856325,
config_D,0,11,test,500000,0.0,31.80104923901304,,1,0.0,31.80104923901304,
config_D,0,11,test,550000,0.0,54.73190138169701,,1,0.0,54.73190138169701,
config_D,0,11,test,600000,0.0,262.2197041080302,,1,0.0,262.2197041080302,
config_D,0,11,test,650000,0.0,78.10016180750607,,1,0.0,78.10016180750607,
config_D,0,11,test,700000,0.0,235.43342672696545,,1,0.0,235.43342672696545,
config_D,0,11,test,750000,0.0,415.5098644009643,,1,0.0,415.5098644009643,
config_D,0,11,test,800000,0.0,149.1757266794936,,1,0.0,149.1757266794936,
config_D,0,11,test,850000,0.0,269.7212055914064,,1,0.0,269.7212055914064,
config_D,0,11,test,900000,0.0,73.4988383694193,,1,0.0,73.4988383694193,
config_D,0,11,test,950000,0.0,25.121457395043485,,1,0.0,25.121457395043485,
config_D,0,11,test,1000000,0.0,466.5152055020797,,1,0.0,466.5152055020797,
config_D,0,11,test,1050000,0.0,1157.4770342108943,,1,0.0,1157.4770342108943,
config_D,0,11,test,1100000,0.2,1538.4713484977192,252.0,1,0.2,1538.4713484977192,252.0
config_D,0,11,test,1150000,0.0,1021.9892588564664,,1,0.0,1021.9892588564664,
config_D,0,11,test,1200000,0.0,2282.695434605098,,1,0.0,2282.695434605098,
config_D,0,11,test,1250000,0.2,2408.452969563243,79.0,1,0.2,2408.452969563243,79.0
config_D,0,11,test,1300000,0.4,810.4058497524499,70.5,1,0.4,810.4058497524499,70.5
config_D,0,11,test,1350000,0.4,216.3769452249749,85.0,1,0.4,216.3769452249749,85.0
config_D,0,11,test,1400000,1.0,230.39524083417604,74.6,1,1.0,230.39524083417604,74.6
config_D,0,11,test,1450000,0.8,293.7620405036813,91.75,1,0.8,293.7620405036813,91.75
config_D,0,11,test,1500000,0.0,1283.2901167590624,,1,0.0,1283.2901167590624,
config_D,0,11,test,1550000,0.6,159.41160590435354,73.0,1,0.6,159.41160590435354,73.0
config_D,0,11,test,1600000,0.2,159.65685189897687,54.0,1,0.2,159.65685189897687,54.0
config_D,0,11,test,1650000,0.8,284.2558036257259,76.0,1,0.8,284.2558036257259,76.0
config_D,0,11,test,1700000,0.8,700.967430157368,66.25,1,0.8,700.967430157368,66.25
config_D,0,11,test,1750000,0.8,174.24451465650367,61.25,1,0.8,174.24451465650367,61.25
config_D,0,11,test,1800000,1.0,559.7578894339565,118.8,1,1.0,559.7578894339565,118.8
config_D,0,11,test,1850000,0.6,91.34892016291604,58.66666666666666,1,0.6,91.34892016291604,58.66666666666666
config_D,0,11,test,1900000,1.0,176.08416360466822,62.2,1,1.0,176.08416360466822,62.2
config_D,0,11,test,1950000,0.8,106.5467694954884,59.75,1,0.8,106.5467694954884,59.75
config_D,0,11,test,2000000,0.8,305.8926995554929,72.75,1,0.8,305.8926995554929,72.75
config_D,0,11,test,2050000,0.8,192.5257318529452,59.0,1,0.8,192.5257318529452,59.0
config_D,0,11,test,2100000,0.8,231.0165180493832,65.0,1,0.8,231.0165180493832,65.0
config_D,0,11,test,2150000,1.0,185.003169904353,64.2,1,1.0,185.003169904353,64.2
config_D,0,11,test,2200000,1.0,234.78537447898623,83.4,1,1.0,234.78537447898623,83.4
config_D,0,11,test,2250000,1.0,252.8661193014027,74.0,1,1.0,252.8661193014027,74.0
config_D,0,11,test,2300000,0.6,140.84616159040905,70.0,1,0.6,140.84616159040905,70.0
config_D,0,11,test,2350000,1.0,224.1284828168309,71.4,1,1.0,224.1284828168309,71.4
config_D,0,11,test,2400000,0.6,116.5552404047102,66.0,1,0.6,116.5552404047102,66.0
config_D,0,11,test,2450000,1.0,146.21038661361655,64.8,1,1.0,146.21038661361655,64.8
config_D,0,11,test,2500000,0.6,464.6164516078551,60.66666666666666,1,0.6,464.6164516078551,60.66666666666666
config_D,0,11,train,50000,0.0,24.79452939247352,,1,0.0,24.79452939247352,
config_D,0,11,train,100000,0.0,20.757473810081247,,1,0.0,20.757473810081247,
config_D,0,11,train,150000,0.0,11.570308919460444,,1,0.0,11.570308919460444,
config_D,0,11,train,200000,0.0,6.16579944246123,,1,0.0,6.16579944246123,
config_D,0,11,train,250000,0.0,7.127250546027725,,1,0.0,7.127250546027725,
config_D,0,11,train,300000,0.0,8.163191611841249,,1,0.0,8.163191611841249,
config_D,0,11,train,350000,0.0,21.18139585899856,,1,0.0,21.18139585899856,
config_D,0,11,train,400000,0.0,24.447975550644728,,1,0.0,24.447975550644728,
config_D,0,11,train,450000,0.0,40.85943381144746,,1,0.0,40.85943381144746,
config_D,0,11,train,500000,0.0,27.92153694320892,,1,0.0,27.92153694320892,
config_D,0,11,train,550000,0.0,84.44690021293489,,1,0.0,84.44690021293489,
config_D,0,11,train,600000,0.0,152.0873873293164,,1,0.0,152.0873873293164,
config_D,0,11,train,650000,0.0,291.1092990885289,,1,0.0,291.1092990885289,
config_D,0,11,train,700000,0.0,389.3395811981026,,1,0.0,389.3395811981026,
config_D,0,11,train,750000,0.0,179.80004487606936,,1,0.0,179.80004487606936,
config_D,0,11,train,800000,0.0,271.19042540717606,,1,0.0,271.19042540717606,
config_D,0,11,train,850000,0.0,183.8566524740532,,1,0.0,183.8566524740532,
config_D,0,11,train,900000,0.0,29.529249205728245,,1,0.0,29.529249205728245,
config_D,0,11,train,950000,0.0,121.25000877052028,,1,0.0,121.25000877052028,
config_D,0,11,train,1000000,0.0,842.5903398666024,,1,0.0,842.5903398666024,
config_D,0,11,train,1050000,0.0222222222222222,1287.9307187259978,499.0,1,0.0222222222222222,1287.9307187259978,499.0
config_D,0,11,train,1100000,0.2,1408.290700623682,179.0,1,0.2,1408.290700623682,179.0
config_D,0,11,train,1150000,0.1777777777777777,1200.5359463060474,150.75,1,0.1777777777777777,1200.5359463060474,150.75
config_D,0,11,train,1200000,0.3333333333333333,1343.7241764654498,97.46666666666668,1,0.3333333333333333,1343.7241764654498,97.46666666666668
config_D,0,11,train,1250000,0.4666666666666667,1275.0755205298278,112.23809523809524,1,0.4666666666666667,1275.0755205298278,112.23809523809524
config_D,0,11,train,1300000,0.6,735.4267207078781,101.07407407407408,1,0.6,735.4267207078781,101.07407407407408
config_D,0,11,train,1350000,0.6222222222222222,717.4711054986676,85.07142857142857,1,0.6222222222222222,717.4711054986676,85.07142857142857
config_D,0,11,train,1400000,0.6888888888888889,440.6117266267201,87.19354838709677,1,0.6888888888888889,440.6117266267201,87.19354838709677
config_D,0,11,train,1450000,0.5777777777777777,634.7578854383468,105.07692307692308,1,0.5777777777777777,634.7578854383468,105.07692307692308
config_D,0,11,train,1500000,0.3111111111111111,1028.5009392462894,172.64285714285714,1,0.3111111111111111,1028.5009392462894,172.64285714285714
config_D,0,11,train,1550000,0.7333333333333333,375.26262683405326,82.42424242424242,1,0.7333333333333333,375.26262683405326,82.42424242424242
config_D,0,11,train,1600000,0.5777777777777777,198.88299640933903,68.84615384615384,1,0.5777777777777777,198.88299640933903,68.84615384615384
config_D,0,11,train,1650000,0.7777777777777778,234.2286830870688,70.17142857142858,1,0.7777777777777778,234.2286830870688,70.17142857142858
config_D,0,11,train,1700000,0.8666666666666667,328.8631215601116,68.64102564102564,1,0.8666666666666667,328.8631215601116,68.64102564102564
config_D,0,11,train,1750000,0.8888888888888888,184.518680904914,63.15,1,0.8888888888888888,184.518680904914,63.15
config_D,0,11,train,1800000,0.8888888888888888,339.92547803336765,73.9,1,0.8888888888888888,339.92547803336765,73.9
config_D,0,11,train,1850000,0.9111111111111112,143.92172300501673,63.36585365853659,1,0.9111111111111112,143.92172300501673,63.36585365853659
config_D,0,11,train,1900000,0.9333333333333332,173.77033319944388,62.16666666666666,1,0.9333333333333332,173.77033319944388,62.16666666666666
config_D,0,11,train,1950000,0.7555555555555555,229.4602733662725,73.70588235294117,1,0.7555555555555555,229.4602733662725,73.70588235294117
config_D,0,11,train,2000000,0.7333333333333333,245.2151774569048,67.42424242424242,1,0.7333333333333333,245.2151774569048,67.42424242424242
config_D,0,11,train,2050000,0.8666666666666667,175.06790787429767,65.56410256410257,1,0.8666666666666667,175.06790787429767,65.56410256410257
config_D,0,11,train,2100000,0.7777777777777778,181.3862949405886,64.22857142857143,1,0.7777777777777778,181.3862949405886,64.22857142857143
config_D,0,11,train,2150000,0.9111111111111112,158.1624671831176,63.34146341463415,1,0.9111111111111112,158.1624671831176,63.34146341463415
config_D,0,11,train,2200000,0.9555555555555556,271.76240781585267,79.65116279069767,1,0.9555555555555556,271.76240781585267,79.65116279069767
config_D,0,11,train,2250000,1.0,172.42025156920266,64.26666666666667,1,1.0,172.42025156920266,64.26666666666667
config_D,0,11,train,2300000,0.9333333333333332,202.22342434267824,66.47619047619048,1,0.9333333333333332,202.22342434267824,66.47619047619048
config_D,0,11,train,2350000,0.9111111111111112,179.36411698668735,71.7560975609756,1,0.9111111111111112,179.36411698668735,71.7560975609756
config_D,0,11,train,2400000,0.8444444444444444,138.0831261254041,62.94736842105263,1,0.8444444444444444,138.0831261254041,62.94736842105263
config_D,0,11,train,2450000,0.9555555555555556,154.1687286957168,62.2093023255814,1,0.9555555555555556,154.1687286957168,62.2093023255814
config_D,0,11,train,2500000,0.8444444444444444,133.33202633347926,58.76315789473684,1,0.8444444444444444,133.33202633347926,58.76315789473684
config_D,1,11,test,50000,0.0,21.668192812016645,,1,0.0,21.668192812016645,
config_D,1,11,test,100000,0.0,142.0969624451292,,1,0.0,142.0969624451292,
config_D,1,11,test,150000,0.0,18.891724588232897,,1,0.0,18.891724588232897,
config_D,1,11,test,200000,0.0,16.80956031648825,,1,0.0,16.80956031648825,
config_D,1,11,test,250000,0.0,31.88242036311441,,1,0.0,31.88242036311441,
config_D,1,11,test,300000,0.0,20.22118079726432,,1,0.0,20.22118079726432,
config_D,1,11,test,350000,0.0,12.55037202011776,,1,0.0,12.55037202011776,
config_D,1,11,test,400000,0.0,14.194125361130869,,1,0.0,14.194125361130869,
config_D,1,11,test,450000,0.0,19.56390704614605,,1,0.0,19.56390704614605,
config_D,1,11,test,500000,0.0,35.36287522729177,,1,0.0,35.36287522729177,
config_D,1,11,test,550000,0.0,182.5988812210404,,1,0.0,182.5988812210404,
config_D,1,11,test,600000,0.0,65.72733785187229,,1,0.0,65.72733785187229,
config_D,1,11,test,650000,0.0,285.7828263265112,,1,0.0,285.7828263265112,
config_D,1,11,test,700000,0.0,40.85031382064872,,1,0.0,40.85031382064872,
config_D,1,11,test,750000,0.0,27.30572937151612,,1,0.0,27.30572937151612,
config_D,1,11,test,800000,0.0,35.54339375996258,,1,0.0,35.54339375996258,
config_D,1,11,test,850000,0.0,31.51905476950577,,1,0.0,31.51905476950577,
config_D,1,11,test,900000,0.0,21.040599873936152,,1,0.0,21.040599873936152,
config_D,1,11,test,950000,0.0,36.131061660873925,,1,0.0,36.131061660873925,
config_D,1,11,test,1000000,0.0,1491.422425917864,,1,0.0,1491.422425917864,
config_D,1,11,test,1050000,0.0,1226.2486191953003,,1,0.0,1226.2486191953003,
config_D,1,11,test,1100000,0.0,1496.5216416960252,,1,0.0,1496.5216416960252,
config_D,1,11,test,1150000,0.2,1457.871290619219,160.0,1,0.2,1457.871290619219,160.0
config_D,1,11,test,1200000,0.0,1802.418463972538,,1,0.0,1802.418463972538,
config_D,1,11,test,1250000,0.4,1864.372828153816,72.0,1,0.4,1864.372828153816,72.0
config_D,1,11,test,1300000,0.6,650.2686568324725,87.33333333333333,1,0.6,650.2686568324725,87.33333333333333
config_D,1,11,test,1350000,0.2,1823.345966884792,83.0,1,0.2,1823.345966884792,83.0
config_D,1,11,test,1400000,0.4,269.72396749373246,63.0,1,0.4,269.72396749373246,63.0
config_D,1,11,test,1450000,0.2,699.9918947307657,233.0,1,0.2,699.9918947307657,233.0
config_D,1,11,test,1500000,0.8,567.2068159828334,73.25,1,0.8,567.2068159828334,73.25
config_D,1,11,test,1550000,0.2,67.61178595203087,73.0,1,0.2,67.61178595203087,73.0
config_D,1,11,test,1600000,0.6,336.05284219262114,57.333333333333336,1,0.6,336.05284219262114,57.333333333333336
config_D,1,11,test,1650000,0.2,327.7107888797359,72.0,1,0.2,327.7107888797359,72.0
config_D,1,11,test,1700000,0.6,615.2358653366073,67.33333333333333,1,0.6,615.2358653366073,67.33333333333333
config_D,1,11,test,1750000,0.8,333.6961512992324,79.5,1,0.8,333.6961512992324,79.5
config_D,1,11,test,1800000,0.4,375.4074854551758,74.0,1,0.4,375.4074854551758,74.0
config_D,1,11,test,1850000,0.4,329.3078139542231,95.5,1,0.4,329.3078139542231,95.5
config_D,1,11,test,1900000,0.6,676.5186917233343,103.33333333333331,1,0.6,676.5186917233343,103.33333333333331
config_D,1,11,test,1950000,0.8,308.9755792598997,93.25,1,0.8,308.9755792598997,93.25
config_D,1,11,test,2000000,0.4,138.42898142964614,81.5,1,0.4,138.42898142964614,81.5
config_D,1,11,test,2050000,0.6,111.40806110554452,63.333333333333336,1,0.6,111.40806110554452,63.333333333333336
config_D,1,11,test,2100000,0.4,164.0650590292946,68.5,1,0.4,164.0650590292946,68.5
config_D,1,11,test,2150000,0.4,192.491395002662,102.5,1,0.4,192.491395002662,102.5
config_D,1,11,test,2200000,0.4,289.9015290425477,120.0,1,0.4,289.9015290425477,120.0
config_D,1,11,test,2250000,0.6,202.44455006198967,55.66666666666666,1,0.6,202.44455006198967,55.66666666666666
config_D,1,11,test,2300000,0.2,180.5093726283748,91.0,1,0.2,180.5093726283748,91.0
config_D,1,11,test,2350000,0.6,729.4993406856186,64.0,1,0.6,729.4993406856186,64.0
config_D,1,11,test,2400000,0.6,634.8040615103675,69.0,1,0.6,634.8040615103675,69.0
config_D,1,11,test,2450000,0.8,179.92561007908284,65.0,1,0.8,179.92561007908284,65.0
config_D,1,11,test,2500000,0.6,89.73054629262751,57.66666666666666,1,0.6,89.73054629262751,57.66666666666666
config_D,1,11,train,50000,0.0,18.914200288082423,,1,0.0,18.914200288082423,
config_D,1,11,train,100000,0.0,27.139543425455404,,1,0.0,27.139543425455404,
config_D,1,11,train,150000,0.0,15.55624789812796,,1,0.0,15.55624789812796,
config_D,1,11,train,200000,0.0,46.02447445677751,,1,0.0,46.02447445677751,
config_D,1,11,train,250000,0.0,27.40527867353503,,1,0.0,27.40527867353503,
config_D,1,11,train,300000,0.0,16.603330350578478,,1,0.0,16.603330350578478,
config_D,1,11,train,350000,0.0,14.55799364709772,,1,0.0,14.55799364709772,
config_D,1,11,train,400000,0.0,17.18185464500366,,1,0.0,17.18185464500366,
config_D,1,11,train,450000,0.0,21.970823276684264,,1,0.0,21.970823276684264,
config_D,1,11,train,500000,0.0,107.49315959958184,,1,0.0,107.49315959958184,
config_D,1,11,train,550000,0.0,23.15526866202097,,1,0.0,23.15526866202097,
config_D,1,11,train,600000,0.0,44.10301590013893,,1,0.0,44.10301590013893,
config_D,1,11,train,650000,0.0,55.04820758080898,,1,0.0,55.04820758080898,
config_D,1,11,train,700000,0.0,29.667798678027378,,1,0.0,29.667798678027378,
config_D,1,11,train,750000,0.0,32.558882922238645,,1,0.0,32.558882922238645,
config_D,1,11,train,800000,0.0,68.2766777516316,,1,0.0,68.2766777516316,
config_D,1,11,train,850000,0.0,69.47798446241404,,1,0.0,69.47798446241404,
config_D,1,11,train,900000,0.0,83.21215752655598,,1,0.0,83.21215752655598,
config_D,1,11,train,950000,0.0222222222222222,183.51934276849525,193.0,1,0.0222222222222222,183.51934276849525,193.0
config_D,1,11,train,1000000,0.0,1724.4839389918566,,1,0.0,1724.4839389918566,
config_D,1,11,train,1050000,0.0,1478.241538561867,,1,0.0,1478.241538561867,
config_D,1,11,train,1100000,0.0,1321.674979075999,,1,0.0,1321.674979075999,
config_D,1,11,train,1150000,0.1777777777777777,1034.6359205823453,169.25,1,0.1777777777777777,1034.6359205823453,169.25
config_D,1,11,train,1200000,0.1555555555555555,1020.3484354890172,109.42857142857144,1,0.1555555555555555,1020.3484354890172,109.42857142857144
config_D,1,11,train,1250000,0.4222222222222222,866.7484765547615,89.21052631578948,1,0.4222222222222222,866.7484765547615,89.21052631578948
config_D,1,11,train,1300000,0.4222222222222222,782.1007072693785,85.47368421052632,1,0.4222222222222222,782.1007072693785,85.47368421052632
config_D,1,11,train,1350000,0.4888888888888889,379.4270400063709,86.22727272727273,1,0.4888888888888889,379.4270400063709,86.22727272727273
config_D,1,11,train,1400000,0.5333333333333333,603.3517220470992,71.83333333333333,1,0.5333333333333333,603.3517220470992,71.83333333333333
config_D,1,11,train,1450000,0.5333333333333333,294.34682835207553,67.79166666666667,1,0.5333333333333333,294.34682835207553,67.79166666666667
config_D,1,11,train,1500000,0.8888888888888888,338.9242124606259,65.525,1,0.8888888888888888,338.9242124606259,65.525
config_D,1,11,train,1550000,0.6,156.46879192881937,69.14814814814815,1,0.6,156.46879192881937,69.14814814814815
config_D,1,11,train,1600000,0.6888888888888889,580.6709949404976,68.0,1,0.6888888888888889,580.6709949404976,68.0
config_D,1,11,train,1650000,0.4666666666666667,797.9897601467233,72.23809523809524,1,0.4666666666666667,797.9897601467233,72.23809523809524
config_D,1,11,train,1700000,0.5555555555555556,505.6123324631477,87.16,1,0.5555555555555556,505.6123324631477,87.16
config_D,1,11,train,1750000,0.5555555555555556,388.402483659132,94.28,1,0.5555555555555556,388.402483659132,94.28
config_D,1,11,train,1800000,0.2444444444444444,403.8103802594281,75.9090909090909,1,0.2444444444444444,403.8103802594281,75.9090909090909
config_D,1,11,train,1850000,0.4666666666666667,392.3959054959393,77.23809523809524,1,0.4666666666666667,392.3959054959393,77.23809523809524
config_D,1,11,train,1900000,0.6,558.6293670454547,84.4074074074074,1,0.6,558.6293670454547,84.4074074074074
config_D,1,11,train,1950000,0.8,311.75785241067183,67.61111111111111,1,0.8,311.75785241067183,67.61111111111111
config_D,1,11,train,2000000,0.3555555555555555,236.1440543981418,70.1875,1,0.3555555555555555,236.1440543981418,70.1875
config_D,1,11,train,2050000,0.5555555555555556,349.1549226724736,63.28,1,0.5555555555555556,349.1549226724736,63.28
config_D,1,11,train,2100000,0.4,97.27331206659964,77.11111111111111,1,0.4,97.27331206659964,77.11111111111111
config_D,1,11,train,2150000,0.3111111111111111,175.46789622410915,70.5,1,0.3111111111111111,175.46789622410915,70.5
config_D,1,11,train,2200000,0.6222222222222222,158.5681819548407,64.82142857142857,1,0.6222222222222222,158.5681819548407,64.82142857142857
config_D,1,11,train,2250000,0.8222222222222222,167.2981754190814,61.7027027027027,1,0.8222222222222222,167.2981754190814,61.7027027027027
config_D,1,11,train,2300000,0.5555555555555556,234.61195188403772,61.8,1,0.5555555555555556,234.61195188403772,61.8
config_D,1,11,train,2350000,0.9111111111111112,160.38301976078228,63.19512195121951,1,0.9111111111111112,160.38301976078228,63.19512195121951
config_D,1,11,train,2400000,0.8,154.81533449624027,67.80555555555556,1,0.8,154.81533449624027,67.80555555555556
config_D,1,11,train,2450000,0.8444444444444444,144.18962803555164,65.84210526315789,1,0.8444444444444444,144.18962803555164,65.84210526315789
config_D,1,11,train,2500000,0.8666666666666667,309.1102629946485,66.43589743589743,1,0.8666666666666667,309.1102629946485,66.43589743589743
config_D,2,11,test,50000,0.0,17.904167787115966,,1,0.0,17.904167787115966,
config_D,2,11,test,100000,0.0,12.283693550994258,,1,0.0,12.283693550994258,
config_D,2,11,test,150000,0.0,18.05735753218305,,1,0.0,18.05735753218305,
config_D,2,11,test,200000,0.0,16.12029420073265,,1,0.0,16.12029420073265,
config_D,2,11,test,250000,0.0,17.930544163269637,,1,0.0,17.930544163269637,
config_D,2,11,test,300000,0.0,33.06969975351494,,1,0.0,33.06969975351494,
config_D,2,11,test,350000,0.0,43.86891301509145,,1,0.0,43.86891301509145,
config_D,2,11,test,400000,0.0,132.68542038831634,,1,0.0,132.68542038831634,
config_D,2,11,test,450000,0.0,112.29123355761128,,1,0.0,112.29123355761128,
config_D,2,11,test,500000,0.0,83.94399362765674,,1,0.0,83.94399362765674,
config_D,2,11,test,550000,0.0,163.07187641854182,,1,0.0,163.07187641854182,
config_D,2,11,test,600000,0.0,204.7938968205776,,1,0.0,204.7938968205776,
config_D,2,11,test,650000,0.0,43.56955339841752,,1,0.0,43.56955339841752,
config_D,2,11,test,700000,0.0,31.08079237826537,,1,0.0,31.08079237826537,
config_D,2,11,test,750000,0.0,178.88396376447298,,1,0.0,178.88396376447298,
config_D,2,11,test,800000,0.0,25.94550661592076,,1,0.0,25.94550661592076,
config_D,2,11,test,850000,0.0,34.848542903925534,,1,0.0,34.848542903925534,
config_D,2,11,test,900000,0.0,201.04149233925327,,1,0.0,201.04149233925327,
config_D,2,11,test,950000,0.0,40.250531689556624,,1,0.0,40.250531689556624,
config_D,2,11,test,1000000,0.0,2055.287342592328,,1,0.0,2055.287342592328,
config_D,2,11,test,1050000,0.2,2435.1256763631777,303.0,1,0.2,2435.1256763631777,303.0
config_D,2,11,test,1100000,0.4,1328.7354229855348,55.0,1,0.4,1328.7354229855348,55.0
config_D,2,11,test,1150000,0.8,396.36901616496687,91.0,1,0.8,396.36901616496687,91.0
config_D,2,11,test,1200000,0.8,808.1609135873139,88.5,1,0.8,808.1609135873139,88.5
config_D,2,11,test,1250000,0.6,354.34449649536725,63.333333333333336,1,0.6,354.34449649536725,63.333333333333336
config_D,2,11,test,1300000,0.4,1962.7947966715744,228.0,1,0.4,1962.7947966715744,228.0
config_D,2,11,test,1350000,0.6,789.2873087194142,116.33333333333331,1,0.6,789.2873087194142,116.33333333333331
config_D,2,11,test,1400000,0.8,800.1958598923014,61.25,1,0.8,800.1958598923014,61.25
config_D,2,11,test,1450000,0.8,184.7672582975627,67.25,1,0.8,184.7672582975627,67.25
config_D,2,11,test,1500000,0.8,176.38857606623716,70.25,1,0.8,176.38857606623716,70.25
config_D,2,11,test,1550000,0.4,148.0679384559347,63.5,1,0.4,148.0679384559347,63.5
config_D,2,11,test,1600000,0.8,195.1706291161556,68.5,1,0.8,195.1706291161556,68.5
config_D,2,11,test,1650000,1.0,202.13510043327847,68.0,1,1.0,202.13510043327847,68.0
config_D,2,11,test,1700000,0.8,197.18091638743988,71.5,1,0.8,197.18091638743988,71.5
config_D,2,11,test,1750000,1.0,146.34036974019028,58.2,1,1.0,146.34036974019028,58.2
config_D,2,11,test,1800000,1.0,250.6049530212724,86.0,1,1.0,250.6049530212724,86.0
config_D,2,11,test,1850000,0.8,281.92131747688626,86.25,1,0.8,281.92131747688626,86.25
config_D,2,11,test,1900000,0.8,165.50168783823884,62.5,1,0.8,165.50168783823884,62.5
config_D,2,11,test,1950000,1.0,189.0016716609956,67.4,1,1.0,189.0016716609956,67.4
config_D,2,11,test,2000000,1.0,157.19511807124204,61.6,1,1.0,157.19511807124204,61.6
config_D,2,11,test,2050000,1.0,147.5613142995474,114.0,1,1.0,147.5613142995474,114.0
config_D,2,11,test,2100000,1.0,169.2117585403066,84.8,1,1.0,169.2117585403066,84.8
config_D,2,11,test,2150000,0.8,171.92710571836602,67.75,1,0.8,171.92710571836602,67.75
config_D,2,11,test,2200000,1.0,164.58564432994922,60.4,1,1.0,164.58564432994922,60.4
config_D,2,11,test,2250000,1.0,176.53415098147929,65.6,1,1.0,176.53415098147929,65.6
config_D,2,11,test,2300000,0.8,172.58152645907845,68.75,1,0.8,172.58152645907845,68.75
config_D,2,11,test,2350000,1.0,184.19049444676617,69.6,1,1.0,184.19049444676617,69.6
config_D,2,11,test,2400000,1.0,151.9784355202721,61.4,1,1.0,151.9784355202721,61.4
config_D,2,11,test,2450000,1.0,120.31097921099013,55.0,1,1.0,120.31097921099013,55.0
config_D,2,11,test,2500000,1.0,141.104482651938,56.8,1,1.0,141.104482651938,56.8
config_D,2,11,train,50000,0.0,18.03791829986488,,1,0.0,18.03791829986488,
config_D,2,11,train,100000,0.0,16.629305281065676,,1,0.0,16.629305281065676,
config_D,2,11,train,150000,0.0,18.372294671097347,,1,0.0,18.372294671097347,
config_D,2,11,train,200000,0.0,20.328013176729893,,1,0.0,20.328013176729893,
config_D,2,11,train,250000,0.0,26.359463177578824,,1,0.0,26.359463177578824,
config_D,2,11,train,300000,0.0,35.870874515977,,1,0.0,35.870874515977,
config_D,2,11,train,350000,0.0,43.91099175417904,,1,0.0,43.91099175417904,
config_D,2,11,train,400000,0.0,122.63931566217369,,1,0.0,122.63931566217369,
config_D,2,11,train,450000,0.0,102.9391795087681,,1,0.0,102.9391795087681,
config_D,2,11,train,500000,0.0,129.6178669555508,,1,0.0,129.6178669555508,
config_D,2,11,train,550000,0.0,126.0465503474806,,1,0.0,126.0465503474806,
config_D,2,11,train,600000,0.0,100.44677713785242,,1,0.0,100.44677713785242,
config_D,2,11,train,650000,0.0,91.0228177115644,,1,0.0,91.0228177115644,
config_D,2,11,train,700000,0.0,78.58053607720366,,1,0.0,78.58053607720366,
config_D,2,11,train,750000,0.0,81.90709584270046,,1,0.0,81.90709584270046,
config_D,2,11,train,800000,0.0,44.96642778528492,,1,0.0,44.96642778528492,
config_D,2,11,train,850000,0.0,72.9044064725826,,1,0.0,72.9044064725826,
config_D,2,11,train,900000,0.0,90.02026754994391,,1,0.0,90.02026754994391,
config_D,2,11,train,950000,0.0,168.74566422493254,,1,0.0,168.74566422493254,
config_D,2,11,train,1000000,0.0222222222222222,1981.518826165369,94.0,1,0.0222222222222222,1981.518826165369,94.0
config_D,2,11,train,1050000,0.0888888888888888,1822.3077318738333,127.0,1,0.0888888888888888,1822.3077318738333,127.0
config_D,2,11,train,1100000,0.5111111111111111,1052.841348913195,61.73913043478261,1,0.5111111111111111,1052.841348913195,61.73913043478261
config_D,2,11,train,1150000,0.6222222222222222,410.2835098159646,84.85714285714286,1,0.6222222222222222,410.2835098159646,84.85714285714286
config_D,2,11,train,1200000,0.8,402.7533705578251,86.38888888888889,1,0.8,402.7533705578251,86.38888888888889
config_D,2,11,train,1250000,0.6888888888888889,424.8437962042025,70.38709677419355,1,0.6888888888888889,424.8437962042025,70.38709677419355
config_D,2,11,train,1300000,0.5777777777777777,529.9807723631125,79.88461538461539,1,0.5777777777777777,529.9807723631125,79.88461538461539
config_D,2,11,train,1350000,0.6,404.2278462741252,69.18518518518519,1,0.6,404.2278462741252,69.18518518518519
config_D,2,11,train,1400000,0.7333333333333333,374.8412919705222,56.45454545454545,1,0.7333333333333333,374.8412919705222,56.45454545454545
config_D,2,11,train,1450000,0.8444444444444444,200.39215422648783,57.26315789473684,1,0.8444444444444444,200.39215422648783,57.26315789473684
config_D,2,11,train,1500000,0.8444444444444444,335.1657736774589,69.34210526315789,1,0.8444444444444444,335.1657736774589,69.34210526315789
config_D,2,11,train,1550000,0.7333333333333333,195.8835010601072,69.93939393939394,1,0.7333333333333333,195.8835010601072,69.93939393939394
config_D,2,11,train,1600000,0.6888888888888889,165.67578965040852,85.51612903225806,1,0.6888888888888889,165.67578965040852,85.51612903225806
config_D,2,11,train,1650000,0.9777777777777776,218.5700765796342,77.93181818181819,1,0.9777777777777776,218.5700765796342,77.93181818181819
config_D,2,11,train,1700000,0.9777777777777776,190.8551840302624,70.31818181818181,1,0.9777777777777776,190.8551840302624,70.31818181818181
config_D,2,11,train,1750000,0.9777777777777776,144.0701528144366,60.59090909090909,1,0.9777777777777776,144.0701528144366,60.59090909090909
config_D,2,11,train,1800000,0.9333333333333332,181.2621641761549,62.595238095238095,1,0.9333333333333332,181.2621641761549,62.595238095238095
config_D,2,11,train,1850000,0.8444444444444444,203.05693367925625,63.89473684210526,1,0.8444444444444444,203.05693367925625,63.89473684210526
config_D,2,11,train,1900000,0.9777777777777776,143.59600951444628,64.93181818181819,1,0.9777777777777776,143.59600951444628,64.93181818181819
config_D,2,11,train,1950000,1.0,174.87067866274367,61.84444444444444,1,1.0,174.87067866274367,61.84444444444444
config_D,2,11,train,2000000,0.9111111111111112,123.72155520313152,59.21951219512195,1,0.9111111111111112,123.72155520313152,59.21951219512195
config_D,2,11,train,2050000,0.9777777777777776,138.4441286397494,58.79545454545455,1,0.9777777777777776,138.4441286397494,58.79545454545455
config_D,2,11,train,2100000,0.9111111111111112,129.09557477205107,60.04878048780488,1,0.9111111111111112,129.09557477205107,60.04878048780488
config_D,2,11,train,2150000,0.9111111111111112,155.80072094855709,62.36585365853659,1,0.9111111111111112,155.80072094855709,62.36585365853659
config_D,2,11,train,2200000,1.0,152.6812563656854,61.66666666666666,1,1.0,152.6812563656854,61.66666666666666
config_D,2,11,train,2250000,0.9333333333333332,143.89981024861467,61.71428571428572,1,0.9333333333333332,143.89981024861467,61.71428571428572
config_D,2,11,train,2300000,0.9333333333333332,172.09556637809462,65.64285714285714,1,0.9333333333333332,172.09556637809462,65.64285714285714
config_D,2,11,train,2350000,0.8222222222222222,156.1037982404553,66.37837837837837,1,0.8222222222222222,156.1037982404553,66.37837837837837
config_D,2,11,train,2400000,0.9777777777777776,152.2056906869811,67.1590909090909,1,0.9777777777777776,152.2056906869811,67.1590909090909
config_D,2,11,train,2450000,0.8888888888888888,125.11495584825502,57.175,1,0.8888888888888888,125.11495584825502,57.175
config_D,2,11,train,2500000,0.7555555555555555,129.90772987076548,61.88235294117647,1,0.7555555555555555,129.90772987076548,61.88235294117647
config_D,3,11,test,50000,0.0,21.9193988438264,,1,0.0,21.9193988438264,
config_D,3,11,test,100000,0.0,34.77553451673663,,1,0.0,34.77553451673663,
config_D,3,11,test,150000,0.0,32.85632611543322,,1,0.0,32.85632611543322,
config_D,3,11,test,200000,0.0,35.348394644782175,,1,0.0,35.348394644782175,
config_D,3,11,test,250000,0.0,34.25172079829285,,1,0.0,34.25172079829285,
config_D,3,11,test,300000,0.0,17.3710815861836,,1,0.0,17.3710815861836,
config_D,3,11,test,350000,0.0,25.88123902537843,,1,0.0,25.88123902537843,
config_D,3,11,test,400000,0.0,80.5442582350076,,1,0.0,80.5442582350076,
config_D,3,11,test,450000,0.0,31.474688179662245,,1,0.0,31.474688179662245,
config_D,3,11,test,500000,0.0,26.28782169858212,,1,0.0,26.28782169858212,
config_D,3,11,test,550000,0.0,159.8224460583363,,1,0.0,159.8224460583363,
config_D,3,11,test,600000,0.0,222.9623099376849,,1,0.0,222.9623099376849,
config_D,3,11,test,650000,0.0,580.0104487001795,,1,0.0,580.0104487001795,
config_D,3,11,test,700000,0.0,614.4032144418468,,1,0.0,614.4032144418468,
config_D,3,11,test,750000,0.0,635.7093443161382,,1,0.0,635.7093443161382,
config_D,3,11,test,800000,0.0,21.328106143229803,,1,0.0,21.328106143229803,
config_D,3,11,test,850000,0.0,18.72198185595869,,1,0.0,18.72198185595869,
config_D,3,11,test,900000,0.0,634.2122937142614,,1,0.0,634.2122937142614,
config_D,3,11,test,950000,0.2,95.35928690648431,107.0,1,0.2,95.35928690648431,107.0
config_D,3,11,test,1000000,0.2,678.5342681950472,73.0,1,0.2,678.5342681950472,73.0
config_D,3,11,test,1050000,0.2,647.0555134529968,72.0,1,0.2,647.0555134529968,72.0
config_D,3,11,test,1100000,0.2,70.15563060841738,92.0,1,0.2,70.15563060841738,92.0
config_D,3,11,test,1150000,0.2,40.49063492777245,54.0,1,0.2,40.49063492777245,54.0
config_D,3,11,test,1200000,0.2,29.9288241574048,54.0,1,0.2,29.9288241574048,54.0
config_D,3,11,test,1250000,0.2,95.01192099639836,101.0,1,0.2,95.01192099639836,101.0
config_D,3,11,test,1300000,0.0,14.194894659767112,,1,0.0,14.194894659767112,
config_D,3,11,test,1350000,0.2,514.5858429770965,56.0,1,0.2,514.5858429770965,56.0
config_D,3,11,test,1400000,0.0,356.846698982294,,1,0.0,356.846698982294,
config_D,3,11,test,1450000,0.2,555.8092041125944,64.0,1,0.2,555.8092041125944,64.0
config_D,3,11,test,1500000,0.4,89.23575864777318,72.5,1,0.4,89.23575864777318,72.5
config_D,3,11,test,1550000,0.2,44.71837052450096,59.0,1,0.2,44.71837052450096,59.0
config_D,3,11,test,1600000,0.0,648.1244362697998,,1,0.0,648.1244362697998,
config_D,3,11,test,1650000,0.2,36.67669319384184,57.0,1,0.2,36.67669319384184,57.0
config_D,3,11,test,1700000,0.0,418.8690199705278,,1,0.0,418.8690199705278,
config_D,3,11,test,1750000,0.0,166.55075656181427,,1,0.0,166.55075656181427,
config_D,3,11,test,1800000,0.2,695.5938072440681,71.0,1,0.2,695.5938072440681,71.0
config_D,3,11,test,1850000,0.2,444.8775048391016,72.0,1,0.2,444.8775048391016,72.0
config_D,3,11,test,1900000,0.2,398.3218084452596,76.0,1,0.2,398.3218084452596,76.0
config_D,3,11,test,1950000,0.0,418.9585479946461,,1,0.0,418.9585479946461,
config_D,3,11,test,2000000,0.0,409.5543909303923,,1,0.0,409.5543909303923,
config_D,3,11,test,2050000,0.2,427.5449762755814,111.0,1,0.2,427.5449762755814,111.0
config_D,3,11,test,2100000,0.2,285.3057898751855,63.0,1,0.2,285.3057898751855,63.0
config_D,3,11,test,2150000,0.0,7.634142248629447,,1,0.0,7.634142248629447,
config_D,3,11,test,2200000,0.2,48.25955639916832,85.0,1,0.2,48.25955639916832,85.0
config_D,3,11,test,2250000,0.0,7.940774164473005,,1,0.0,7.940774164473005,
config_D,3,11,test,2300000,0.2,658.4674874137706,97.0,1,0.2,658.4674874137706,97.0
config_D,3,11,test,2350000,0.0,590.4003346863218,,1,0.0,590.4003346863218,
config_D,3,11,test,2400000,0.2,45.18257610435176,68.0,1,0.2,45.18257610435176,68.0
config_D,3,11,test,2450000,0.2,71.9390651824126,90.0,1,0.2,71.9390651824126,90.0
config_D,3,11,test,2500000,0.0,11.710384610859334,,1,0.0,11.710384610859334,
config_D,3,11,train,50000,0.0,28.00151891474308,,1,0.0,28.00151891474308,
config_D,3,11,train,100000,0.0,29.269157829799763,,1,0.0,29.269157829799763,
config_D,3,11,train,150000,0.0,31.378905495673767,,1,0.0,31.378905495673767,
config_D,3,11,train,200000,0.0,56.15449373859591,,1,0.0,56.15449373859591,
config_D,3,11,train,250000,0.0,89.86620309442006,,1,0.0,89.86620309442006,
config_D,3,11,train,300000,0.0,24.601265490248245,,1,0.0,24.601265490248245,
config_D,3,11,train,350000,0.0,82.42318286761252,,1,0.0,82.42318286761252,
config_D,3,11,train,400000,0.0,142.35501998783474,,1,0.0,142.35501998783474,
config_D,3,11,train,450000,0.0,51.40531887471615,,1,0.0,51.40531887471615,
config_D,3,11,train,500000,0.0,117.05062483894002,,1,0.0,117.05062483894002,
config_D,3,11,train,550000,0.0,79.62800548553506,,1,0.0,79.62800548553506,
config_D,3,11,train,600000,0.0,119.43111006221297,,1,0.0,119.43111006221297,
config_D,3,11,train,650000,0.0222222222222222,222.92984559817737,131.0,1,0.0222222222222222,222.92984559817737,131.0
config_D,3,11,train,700000,0.0222222222222222,177.7596661974538,86.0,1,0.0222222222222222,177.7596661974538,86.0
config_D,3,11,train,750000,0.0,245.58755874036905,,1,0.0,245.58755874036905,
config_D,3,11,train,800000,0.0444444444444444,389.1377083364764,84.0,1,0.0444444444444444,389.1377083364764,84.0
config_D,3,11,train,850000,0.0,112.56685508859132,,1,0.0,112.56685508859132,
config_D,3,11,train,900000,0.0444444444444444,316.84425936408627,144.5,1,0.0444444444444444,316.84425936408627,144.5
config_D,3,11,train,950000,0.1111111111111111,51.54386216919528,84.0,1,0.1111111111111111,51.54386216919528,84.0
config_D,3,11,train,1000000,0.1333333333333333,293.35867424821987,79.16666666666667,1,0.1333333333333333,293.35867424821987,79.16666666666667
config_D,3,11,train,1050000,0.1555555555555555,159.02282700131914,94.57142857142856,1,0.1555555555555555,159.02282700131914,94.57142857142856
config_D,3,11,train,1100000,0.0666666666666666,198.0350414134604,66.66666666666667,1,0.0666666666666666,198.0350414134604,66.66666666666667
config_D,3,11,train,1150000,0.2,152.37701504314035,66.44444444444444,1,0.2,152.37701504314035,66.44444444444444
config_D,3,11,train,1200000,0.1777777777777777,177.57474044474847,103.25,1,0.1777777777777777,177.57474044474847,103.25
config_D,3,11,train,1250000,0.1333333333333333,280.6429505845525,70.16666666666667,1,0.1333333333333333,280.6429505845525,70.16666666666667
config_D,3,11,train,1300000,0.0666666666666666,185.09396026993835,73.66666666666667,1,0.0666666666666666,185.09396026993835,73.66666666666667
config_D,3,11,train,1350000,0.1333333333333333,166.23560719516274,70.16666666666667,1,0.1333333333333333,166.23560719516274,70.16666666666667
config_D,3,11,train,1400000,0.1333333333333333,119.47580080962796,83.0,1,0.1333333333333333,119.47580080962796,83.0
config_D,3,11,train,1450000,0.1333333333333333,280.20980774167924,69.0,1,0.1333333333333333,280.20980774167924,69.0
config_D,3,11,train,1500000,0.0888888888888888,313.22814205912806,100.25,1,0.0888888888888888,313.22814205912806,100.25
config_D,3,11,train,1550000,0.2444444444444444,206.43301584674927,99.0909090909091,1,0.2444444444444444,206.43301584674927,99.0909090909091
config_D,3,11,train,1600000,0.1555555555555555,135.50415517835782,85.42857142857143,1,0.1555555555555555,135.50415517835782,85.42857142857143
config_D,3,11,train,1650000,0.0888888888888888,167.4622272735933,57.5,1,0.0888888888888888,167.4622272735933,57.5
config_D,3,11,train,1700000,0.0444444444444444,223.5786822455433,93.0,1,0.0444444444444444,223.5786822455433,93.0
config_D,3,11,train,1750000,0.1333333333333333,482.8898180875933,99.33333333333331,1,0.1333333333333333,482.8898180875933,99.33333333333331
config_D,3,11,train,1800000,0.0666666666666666,337.1774520242954,78.66666666666667,1,0.0666666666666666,337.1774520242954,78.66666666666667
config_D,3,11,train,1850000,0.1777777777777777,218.1194103038775,65.125,1,0.1777777777777777,218.1194103038775,65.125
config_D,3,11,train,1900000,0.1555555555555555,139.55309609715968,91.42857142857144,1,0.1555555555555555,139.55309609715968,91.42857142857144
config_D,3,11,train,1950000,0.1111111111111111,241.08111957459727,72.0,1,0.1111111111111111,241.08111957459727,72.0
config_D,3,11,train,2000000,0.0666666666666666,154.50382639318605,99.66666666666669,1,0.0666666666666666,154.50382639318605,99.66666666666669
config_D,3,11,train,2050000,0.0888888888888888,259.8997637940002,78.25,1,0.0888888888888888,259.8997637940002,78.25
config_D,3,11,train,2100000,0.1777777777777777,297.70976471644906,89.125,1,0.1777777777777777,297.70976471644906,89.125
config_D,3,11,train,2150000,0.1555555555555555,294.4825056435385,166.85714285714286,1,0.1555555555555555,294.4825056435385,166.85714285714286
config_D,3,11,train,2200000,0.0888888888888888,260.80417243024647,71.5,1,0.0888888888888888,260.80417243024647,71.5
config_D,3,11,train,2250000,0.0444444444444444,459.2957897736625,66.0,1,0.0444444444444444,459.2957897736625,66.0
config_D,3,11,train,2300000,0.1111111111111111,563.7159178562353,111.4,1,0.1111111111111111,563.7159178562353,111.4
config_D,3,11,train,2350000,0.1333333333333333,417.9831383742507,77.83333333333333,1,0.1333333333333333,417.9831383742507,77.83333333333333
config_D,3,11,train,2400000,0.1111111111111111,163.16914769797162,91.2,1,0.1111111111111111,163.16914769797162,91.2
config_D,3,11,train,2450000,0.0444444444444444,245.56995891721093,82.0,1,0.0444444444444444,245.56995891721093,82.0
config_D,3,11,train,2500000,0.1333333333333333,188.55324796867708,82.5,1,0.1333333333333333,188.55324796867708,82.5
config_D,4,11,test,50000,0.0,8.568239646050555,,1,0.0,8.568239646050555,
config_D,4,11,test,100000,0.0,7.0807378011877,,1,0.0,7.0807378011877,
config_D,4,11,test,150000,0.0,12.850051365914757,,1,0.0,12.850051365914757,
config_D,4,11,test,200000,0.0,21.77436037272296,,1,0.0,21.77436037272296,
config_D,4,11,test,250000,0.0,22.62539560421016,,1,0.0,22.62539560421016,
config_D,4,11,test,300000,0.0,32.127199191391576,,1,0.0,32.127199191391576,
config_D,4,11,test,350000,0.0,23.84725010620721,,1,0.0,23.84725010620721,
config_D,4,11,test,400000,0.0,15.335992635251891,,1,0.0,15.335992635251891,
config_D,4,11,test,450000,0.0,23.71899588248533,,1,0.0,23.71899588248533,
config_D,4,11,test,500000,0.0,28.39776935521756,,1,0.0,28.39776935521756,
config_D,4,11,test,550000,0.0,26.16738657783598,,1,0.0,26.16738657783598,
config_D,4,11,test,600000,0.0,20.952075884361182,,1,0.0,20.952075884361182,
config_D,4,11,test,650000,0.0,27.664207962086607,,1,0.0,27.664207962086607,
config_D,4,11,test,700000,0.0,211.19317115828204,,1,0.0,211.19317115828204,
config_D,4,11,test,750000,0.0,115.90149552429338,,1,0.0,115.90149552429338,
config_D,4,11,test,800000,0.0,34.648749111992615,,1,0.0,34.648749111992615,
config_D,4,11,test,850000,0.0,102.35842128873412,,1,0.0,102.35842128873412,
config_D,4,11,test,900000,0.0,55.08116762885627,,1,0.0,55.08116762885627,
config_D,4,11,test,950000,0.0,306.63651824558315,,1,0.0,306.63651824558315,
config_D,4,11,test,1000000,0.6,398.0099282888844,100.0,1,0.6,398.0099282888844,100.0
config_D,4,11,test,1050000,0.4,288.13650456884204,135.0,1,0.4,288.13650456884204,135.0
config_D,4,11,test,1100000,0.8,223.17414236760743,93.0,1,0.8,223.17414236760743,93.0
config_D,4,11,test,1150000,0.4,401.516651630034,110.0,1,0.4,401.516651630034,110.0
config_D,4,11,test,1200000,0.4,118.53364748695608,67.0,1,0.4,118.53364748695608,67.0
config_D,4,11,test,1250000,0.6,331.12858168848607,120.33333333333331,1,0.6,331.12858168848607,120.33333333333331
config_D,4,11,test,1300000,0.6,317.8104116329464,74.0,1,0.6,317.8104116329464,74.0
config_D,4,11,test,1350000,0.6,225.84926799440763,101.33333333333331,1,0.6,225.84926799440763,101.33333333333331
config_D,4,11,test,1400000,1.0,363.92959219843726,95.2,1,1.0,363.92959219843726,95.2
config_D,4,11,test,1450000,0.8,238.84740124811577,83.25,1,0.8,238.84740124811577,83.25
config_D,4,11,test,1500000,0.8,145.13995359996565,63.75,1,0.8,145.13995359996565,63.75
config_D,4,11,test,1550000,1.0,181.76335284247028,66.4,1,1.0,181.76335284247028,66.4
config_D,4,11,test,1600000,0.6,99.32342661044068,69.33333333333333,1,0.6,99.32342661044068,69.33333333333333
config_D,4,11,test,1650000,1.0,397.9606804947389,115.0,1,1.0,397.9606804947389,115.0
config_D,4,11,test,1700000,0.6,191.7308971738519,94.0,1,0.6,191.7308971738519,94.0
config_D,4,11,test,1750000,0.8,272.87180881843904,85.75,1,0.8,272.87180881843904,85.75
config_D,4,11,test,1800000,1.0,237.7076588745499,73.4,1,1.0,237.7076588745499,73.4
config_D,4,11,test,1850000,1.0,263.69103966244256,87.2,1,1.0,263.69103966244256,87.2
config_D,4,11,test,1900000,0.8,321.34542434989294,98.75,1,0.8,321.34542434989294,98.75
config_D,4,11,test,1950000,1.0,270.1611040054255,93.4,1,1.0,270.1611040054255,93.4
config_D,4,11,test,2000000,1.0,343.08052999280284,101.6,1,1.0,343.08052999280284,101.6
config_D,4,11,test,2050000,0.6,126.1484927189315,69.0,1,0.6,126.1484927189315,69.0
config_D,4,11,test,2100000,0.4,160.8770289720211,72.5,1,0.4,160.8770289720211,72.5
config_D,4,11,test,2150000,1.0,193.8830075469845,69.0,1,1.0,193.8830075469845,69.0
config_D,4,11,test,2200000,1.0,198.4904703526984,68.8,1,1.0,198.4904703526984,68.8
config_D,4,11,test,2250000,0.8,198.35561983144973,59.0,1,0.8,198.35561983144973,59.0
config_D,4,11,test,2300000,1.0,134.93172287426017,56.8,1,1.0,134.93172287426017,56.8
config_D,4,11,test,2350000,0.6,76.97272745178229,54.0,1,0.6,76.97272745178229,54.0
config_D,4,11,test,2400000,1.0,136.3129330327463,56.0,1,1.0,136.3129330327463,56.0
config_D,4,11,test,2450000,1.0,153.7511595751065,59.2,1,1.0,153.7511595751065,59.2
config_D,4,11,test,2500000,0.8,103.67297955989513,56.5,1,0.8,103.67297955989513,56.5
config_D,4,11,train,50000,0.0,17.705845385105658,,1,0.0,17.705845385105658,
config_D,4,11,train,100000,0.0,19.4545877112929,,1,0.0,19.4545877112929,
config_D,4,11,train,150000,0.0,14.190004424653154,,1,0.0,14.190004424653154,
config_D,4,11,train,200000,0.0,23.30803052982482,,1,0.0,23.30803052982482,
config_D,4,11,train,250000,0.0,25.46467682707664,,1,0.0,25.46467682707664,
config_D,4,11,train,300000,0.0,34.400579544590045,,1,0.0,34.400579544590045,
config_D,4,11,train,350000,0.0,83.9786263573415,,1,0.0,83.9786263573415,
config_D,4,11,train,400000,0.0,21.413370049382333,,1,0.0,21.413370049382333,
config_D,4,11,train,450000,0.0,34.706280866253664,,1,0.0,34.706280866253664,
config_D,4,11,train,500000,0.0,53.85497885487644,,1,0.0,53.85497885487644,
config_D,4,11,train,550000,0.0,29.04090826543377,,1,0.0,29.04090826543377,
config_D,4,11,train,600000,0.0,27.594860027305888,,1,0.0,27.594860027305888,
config_D,4,11,train,650000,0.0,29.07641119051958,,1,0.0,29.07641119051958,
config_D,4,11,train,700000,0.0,87.48971059604494,,1,0.0,87.48971059604494,
config_D,4,11,train,750000,0.0,35.88869154951131,,1,0.0,35.88869154951131,
config_D,4,11,train,800000,0.0,99.04243721624462,,1,0.0,99.04243721624462,
config_D,4,11,train,850000,0.0,94.72725940272176,,1,0.0,94.72725940272176,
config_D,4,11,train,900000,0.0,217.2637701854254,,1,0.0,217.2637701854254,
config_D,4,11,train,950000,0.0,352.505595721424,,1,0.0,352.505595721424,
config_D,4,11,train,1000000,0.6666666666666666,860.7460856276911,97.26666666666668,1,0.6666666666666666,860.7460856276911,97.26666666666668
config_D,4,11,train,1050000,0.8888888888888888,292.9589087552323,86.775,1,0.8888888888888888,292.9589087552323,86.775
config_D,4,11,train,1100000,0.8666666666666667,367.7268762743609,83.6923076923077,1,0.8666666666666667,367.7268762743609,83.6923076923077
config_D,4,11,train,1150000,0.7777777777777778,308.09284160112674,89.0,1,0.7777777777777778,308.09284160112674,89.0
config_D,4,11,train,1200000,0.6888888888888889,620.9735249234315,73.19354838709677,1,0.6888888888888889,620.9735249234315,73.19354838709677
config_D,4,11,train,1250000,0.7333333333333333,334.9999495480204,94.21212121212122,1,0.7333333333333333,334.9999495480204,94.21212121212122
config_D,4,11,train,1300000,0.8,293.83722009496125,86.63888888888889,1,0.8,293.83722009496125,86.63888888888889
config_D,4,11,train,1350000,0.6444444444444445,489.8473419441193,78.6896551724138,1,0.6444444444444445,489.8473419441193,78.6896551724138
config_D,4,11,train,1400000,0.8888888888888888,460.5644663187543,82.15,1,0.8888888888888888,460.5644663187543,82.15
config_D,4,11,train,1450000,0.9111111111111112,389.9173885129789,89.17073170731707,1,0.9111111111111112,389.9173885129789,89.17073170731707
config_D,4,11,train,1500000,0.8888888888888888,286.75728127855905,65.625,1,0.8888888888888888,286.75728127855905,65.625
config_D,4,11,train,1550000,0.7555555555555555,141.77371635931047,62.70588235294117,1,0.7555555555555555,141.77371635931047,62.70588235294117
config_D,4,11,train,1600000,0.9111111111111112,219.5562940785983,69.4390243902439,1,0.9111111111111112,219.5562940785983,69.4390243902439
config_D,4,11,train,1650000,0.9333333333333332,254.49803040740431,81.26190476190476,1,0.9333333333333332,254.49803040740431,81.26190476190476
config_D,4,11,train,1700000,0.9333333333333332,178.69369596191848,69.0,1,0.9333333333333332,178.69369596191848,69.0
config_D,4,11,train,1750000,0.9777777777777776,201.57717027270309,71.52272727272727,1,0.9777777777777776,201.57717027270309,71.52272727272727
config_D,4,11,train,1800000,0.9555555555555556,199.24320734260004,68.65116279069767,1,0.9555555555555556,199.24320734260004,68.65116279069767
config_D,4,11,train,1850000,1.0,218.5218249002452,70.84444444444445,1,1.0,218.5218249002452,70.84444444444445
config_D,4,11,train,1900000,0.9777777777777776,216.11615659245297,73.0909090909091,1,0.9777777777777776,216.11615659245297,73.0909090909091
config_D,4,11,train,1950000,0.9333333333333332,164.03066976011502,64.5,1,0.9333333333333332,164.03066976011502,64.5
config_D,4,11,train,2000000,0.9777777777777776,238.9609218888184,76.18181818181819,1,0.9777777777777776,238.9609218888184,76.18181818181819
config_D,4,11,train,2050000,0.8,206.4357851432286,72.19444444444444,1,0.8,206.4357851432286,72.19444444444444
config_D,4,11,train,2100000,0.7333333333333333,300.99255735873203,82.6969696969697,1,0.7333333333333333,300.99255735873203,82.6969696969697
config_D,4,11,train,2150000,1.0,194.2938787014764,67.77777777777777,1,1.0,194.2938787014764,67.77777777777777
config_D,4,11,train,2200000,0.9333333333333332,212.75614358192183,73.54761904761905,1,0.9333333333333332,212.75614358192183,73.54761904761905
config_D,4,11,train,2250000,0.9777777777777776,171.9034303467125,67.68181818181819,1,0.9777777777777776,171.9034303467125,67.68181818181819
config_D,4,11,train,2300000,0.9777777777777776,138.92379085356373,59.09090909090909,1,0.9777777777777776,138.92379085356373,59.09090909090909
config_D,4,11,train,2350000,0.8888888888888888,134.87968193849363,59.55,1,0.8888888888888888,134.87968193849363,59.55
config_D,4,11,train,2400000,0.9777777777777776,146.6660054615095,60.40909090909091,1,0.9777777777777776,146.6660054615095,60.40909090909091
config_D,4,11,train,2450000,0.9333333333333332,134.67495197357576,57.142857142857146,1,0.9333333333333332,134.67495197357576,57.142857142857146
config_D,4,11,train,2500000,0.9333333333333332,140.25544218750858,58.16666666666666,1,0.9333333333333332,140.25544218750858,58.16666666666666
config_E,0,11,test,50000,0.0,26.572300421856653,,1,0.0,26.572300421856653,
config_E,0,11,test,100000,0.0,8.85046314013007,,1,0.0,8.85046314013007,
config_E,0,11,test,150000,0.0,16.50469887150705,,1,0.0,16.50469887150705,
config_E,0,11,test,200000,0.0,16.14147979760302,,1,0.0,16.14147979760302,
config_E,0,11,test,250000,0.0,32.01065625601409,,1,0.0,32.01065625601409,
config_E,0,11,test,300000,0.0,103.58550214758282,,1,0.0,103.58550214758282,
config_E,0,11,test,350000,0.0,31.74884681506914,,1,0.0,31.74884681506914,
config_E,0,11,test,400000,0.0,173.16677983375934,,1,0.0,173.16677983375934,
config_E,0,11,test,450000,0.0,30.59487463553452,,1,0.0,30.59487463553452,
config_E,0,11,test,500000,0.0,38.24009750128346,,1,0.0,38.24009750128346,
config_E,0,11,test,550000,0.0,44.273651589821895,,1,0.0,44.273651589821895,
config_E,0,11,test,600000,0.0,404.8752245768955,,1,0.0,404.8752245768955,
config_E,0,11,test,650000,0.0,386.1514881478984,,1,0.0,386.1514881478984,
config_E,0,11,test,700000,0.0,393.6617834311554,,1,0.0,393.6617834311554,
config_E,0,11,test,750000,0.0,309.38474912049634,,1,0.0,309.38474912049634,
config_E,0,11,test,800000,0.0,351.62517590732585,,1,0.0,351.62517590732585,
config_E,0,11,test,850000,0.0,215.1842435008849,,1,0.0,215.1842435008849,
config_E,0,11,test,900000,0.0,412.5093564629321,,1,0.0,412.5093564629321,
config_E,0,11,test,950000,0.0,284.02253090662214,,1,0.0,284.02253090662214,
config_E,0,11,test,1000000,0.4,230.91001863464416,119.5,1,0.4,230.91001863464416,119.5
config_E,0,11,test,1050000,0.8,359.08457086519775,117.75,1,0.8,359.08457086519775,117.75
config_E,0,11,test,1100000,1.0,263.53994055979246,113.4,1,1.0,263.53994055979246,113.4
config_E,0,11,test,1150000,0.6,301.281806452831,171.0,1,0.6,301.281806452831,171.0
config_E,0,11,test,1200000,0.8,833.1318459694523,115.75,1,0.8,833.1318459694523,115.75
config_E,0,11,test,1250000,0.8,354.69119184041455,131.5,1,0.8,354.69119184041455,131.5
config_E,0,11,test,1300000,0.6,1067.817587612153,197.0,1,0.6,1067.817587612153,197.0
config_E,0,11,test,1350000,0.6,143.0046721081555,99.33333333333331,1,0.6,143.0046721081555,99.33333333333331
config_E,0,11,test,1400000,0.2,707.2994723849615,118.0,1,0.2,707.2994723849615,118.0
config_E,0,11,test,1450000,0.2,64.69047450971367,84.0,1,0.2,64.69047450971367,84.0
config_E,0,11,test,1500000,0.2,67.26922185028198,86.0,1,0.2,67.26922185028198,86.0
config_E,0,11,test,1550000,0.8,219.14399185547217,113.25,1,0.8,219.14399185547217,113.25
config_E,0,11,test,1600000,0.2,708.7037314739448,154.0,1,0.2,708.7037314739448,154.0
config_E,0,11,test,1650000,0.2,1310.7895064484535,79.0,1,0.2,1310.7895064484535,79.0
config_E,0,11,test,1700000,0.8,213.97389001068623,92.75,1,0.8,213.97389001068623,92.75
config_E,0,11,test,1750000,0.6,811.1389298119261,103.0,1,0.6,811.1389298119261,103.0
config_E,0,11,test,1800000,0.8,205.65900253874585,87.75,1,0.8,205.65900253874585,87.75
config_E,0,11,test,1850000,0.4,108.47970364077214,91.5,1,0.4,108.47970364077214,91.5
config_E,0,11,test,1900000,0.6,122.38677765214796,78.0,1,0.6,122.38677765214796,78.0
config_E,0,11,test,1950000,0.6,127.4536481395844,86.66666666666667,1,0.6,127.4536481395844,86.66666666666667
config_E,0,11,test,2000000,0.2,90.76195751071504,66.0,1,0.2,90.76195751071504,66.0
config_E,0,11,test,2050000,0.4,154.52622887663858,124.0,1,0.4,154.52622887663858,124.0
config_E,0,11,test,2100000,0.8,229.4964737207003,104.25,1,0.8,229.4964737207003,104.25
config_E,0,11,test,2150000,0.4,114.33314433353816,70.5,1,0.4,114.33314433353816,70.5
config_E,0,11,test,2200000,0.4,80.71547371295607,64.0,1,0.4,80.71547371295607,64.0
config_E,0,11,test,2250000,0.4,72.73674078355648,60.0,1,0.4,72.73674078355648,60.0
config_E,0,11,test,2300000,0.4,109.65172424501516,56.0,1,0.4,109.65172424501516,56.0
config_E,0,11,test,2350000,0.6,174.14461681473097,75.0,1,0.6,174.14461681473097,75.0
config_E,0,11,test,2400000,0.6,124.23730337848764,71.33333333333333,1,0.6,124.23730337848764,71.33333333333333
config_E,0,11,test,2450000,0.6,134.9922759852025,76.66666666666667,1,0.6,134.9922759852025,76.66666666666667
config_E,0,11,test,2500000,0.2,42.542810729068776,63.0,1,0.2,42.542810729068776,63.0
config_E,0,11,train,50000,0.0,17.964090596333207,,1,0.0,17.964090596333207,
config_E,0,11,train,100000,0.0,14.415905201120578,,1,0.0,14.415905201120578,
config_E,0,11,train,150000,0.0,12.538155702859664,,1,0.0,12.538155702859664,
config_E,0,11,train,200000,0.0,12.01600282484354,,1,0.0,12.01600282484354,
config_E,0,11,train,250000,0.0,24.24313591268839,,1,0.0,24.24313591268839,
config_E,0,11,train,300000,0.0,39.325200275516025,,1,0.0,39.325200275516025,
config_E,0,11,train,350000,0.0,74.98349648810141,,1,0.0,74.98349648810141,
config_E,0,11,train,400000,0.0,82.37575530436948,,1,0.0,82.37575530436948,
config_E,0,11,train,450000,0.0,51.66182327929068,,1,0.0,51.66182327929068,
config_E,0,11,train,500000,0.0,194.0838049159832,,1,0.0,194.0838049159832,
config_E,0,11,train,550000,0.0,125.99534160392616,,1,0.0,125.99534160392616,
config_E,0,11,train,600000,0.0,178.16812090295758,,1,0.0,178.16812090295758,
config_E,0,11,train,650000,0.0,319.67082458859505,,1,0.0,319.67082458859505,
config_E,0,11,train,700000,0.0,354.80474862845006,,1,0.0,354.80474862845006,
config_E,0,11,train,750000,0.0,202.27582723649272,,1,0.0,202.27582723649272,
config_E,0,11,train,800000,0.0,343.6921063979252,,1,0.0,343.6921063979252,
config_E,0,11,train,850000,0.0,290.2333324752299,,1,0.0,290.2333324752299,
config_E,0,11,train,900000,0.0444444444444444,1002.7642788692516,298.0,1,0.0444444444444444,1002.7642788692516,298.0
config_E,0,11,train,950000,0.0666666666666666,639.7566119897488,175.33333333333334,1,0.0666666666666666,639.7566119897488,175.33333333333334
config_E,0,11,train,1000000,0.8666666666666667,402.6093265363687,141.3846153846154,1,0.8666666666666667,402.6093265363687,141.3846153846154
config_E,0,11,train,1050000,0.6888888888888889,532.7832843914482,139.70967741935485,1,0.6888888888888889,532.7832843914482,139.70967741935485
config_E,0,11,train,1100000,0.6888888888888889,288.2275804731194,116.25806451612904,1,0.6888888888888889,288.2275804731194,116.25806451612904
config_E,0,11,train,1150000,0.5555555555555556,354.7204399494863,141.16,1,0.5555555555555556,354.7204399494863,141.16
config_E,0,11,train,1200000,0.5333333333333333,431.0745796154796,128.66666666666666,1,0.5333333333333333,431.0745796154796,128.66666666666666
config_E,0,11,train,1250000,0.6444444444444445,266.11363807155567,104.6206896551724,1,0.6444444444444445,266.11363807155567,104.6206896551724
config_E,0,11,train,1300000,0.6,400.9141014859461,121.33333333333331,1,0.6,400.9141014859461,121.33333333333331
config_E,0,11,train,1350000,0.5333333333333333,574.5452040694859,113.54166666666669,1,0.5333333333333333,574.5452040694859,113.54166666666669
config_E,0,11,train,1400000,0.5555555555555556,395.0213542775252,110.28,1,0.5555555555555556,395.0213542775252,110.28
config_E,0,11,train,1450000,0.6666666666666666,238.7527712193052,110.36666666666666,1,0.6666666666666666,238.7527712193052,110.36666666666666
config_E,0,11,train,1500000,0.5333333333333333,181.4636212397995,117.83333333333331,1,0.5333333333333333,181.4636212397995,117.83333333333331
config_E,0,11,train,1550000,0.5555555555555556,134.00469001979133,96.12,1,0.5555555555555556,134.00469001979133,96.12
config_E,0,11,train,1600000,0.5111111111111111,763.2145349581089,116.1304347826087,1,0.5111111111111111,763.2145349581089,116.1304347826087
config_E,0,11,train,1650000,0.6,406.3035840524505,112.07407407407408,1,0.6,406.3035840524505,112.07407407407408
config_E,0,11,train,1700000,0.4444444444444444,274.1869529544892,111.85,1,0.4444444444444444,274.1869529544892,111.85
config_E,0,11,train,1750000,0.6,282.9404348653354,95.25925925925924,1,0.6,282.9404348653354,95.25925925925924
config_E,0,11,train,1800000,0.3555555555555555,335.3858181569935,121.3125,1,0.3555555555555555,335.3858181569935,121.3125
config_E,0,11,train,1850000,0.1555555555555555,136.80702071551116,110.57142857142856,1,0.1555555555555555,136.80702071551116,110.57142857142856
config_E,0,11,train,1900000,0.3777777777777777,105.47303736069765,97.0,1,0.3777777777777777,105.47303736069765,97.0
config_E,0,11,train,1950000,0.6444444444444445,193.5576943660024,104.96551724137932,1,0.6444444444444445,193.5576943660024,104.96551724137932
config_E,0,11,train,2000000,0.5111111111111111,131.3375719258744,83.65217391304348,1,0.5111111111111111,131.3375719258744,83.65217391304348
config_E,0,11,train,2050000,0.1555555555555555,195.30112779132625,108.85714285714286,1,0.1555555555555555,195.30112779132625,108.85714285714286
config_E,0,11,train,2100000,0.7555555555555555,201.13934833560884,91.88235294117646,1,0.7555555555555555,201.13934833560884,91.88235294117646
config_E,0,11,train,2150000,0.5555555555555556,159.3474704780971,86.68,1,0.5555555555555556,159.3474704780971,86.68
config_E,0,11,train,2200000,0.3333333333333333,125.44179645884846,116.26666666666668,1,0.3333333333333333,125.44179645884846,116.26666666666668
config_E,0,11,train,2250000,0.6222222222222222,255.59721118494343,109.0,1,0.6222222222222222,255.59721118494343,109.0
config_E,0,11,train,2300000,0.4666666666666667,140.22596116909696,99.57142857142856,1,0.4666666666666667,140.22596116909696,99.57142857142856
config_E,0,11,train,2350000,0.5777777777777777,163.82318765935426,101.1923076923077,1,0.5777777777777777,163.82318765935426,101.1923076923077
config_E,0,11,train,2400000,0.5555555555555556,173.67632284589567,96.8,1,0.5555555555555556,173.67632284589567,96.8
config_E,0,11,train,2450000,0.6222222222222222,222.47239420220023,101.92857142857144,1,0.6222222222222222,222.47239420220023,101.92857142857144
config_E,0,11,train,2500000,0.4666666666666667,134.62056974060818,102.0,1,0.4666666666666667,134.62056974060818,102.0
config_E,1,11,test,50000,0.0,21.57333894134068,,1,0.0,21.57333894134068,
config_E,1,11,test,100000,0.0,19.34973950362649,,1,0.0,19.34973950362649,
config_E,1,11,test,150000,0.0,30.63633990840773,,1,0.0,30.63633990840773,
config_E,1,11,test,200000,0.0,20.47479111259283,,1,0.0,20.47479111259283,
config_E,1,11,test,250000,0.0,23.88527267603194,,1,0.0,23.88527267603194,
config_E,1,11,test,300000,0.0,14.759280761846025,,1,0.0,14.759280761846025,
config_E,1,11,test,350000,0.0,21.193676052720186,,1,0.0,21.193676052720186,
config_E,1,11,test,400000,0.0,37.47283578328244,,1,0.0,37.47283578328244,
config_E,1,11,test,450000,0.0,27.44325937025754,,1,0.0,27.44325937025754,
config_E,1,11,test,500000,0.0,122.27720913230776,,1,0.0,122.27720913230776,
config_E,1,11,test,550000,0.0,19.068265799985973,,1,0.0,19.068265799985973,
config_E,1,11,test,600000,0.0,22.96956682747425,,1,0.0,22.96956682747425,
config_E,1,11,test,650000,0.0,15.504107444798766,,1,0.0,15.504107444798766,
config_E,1,11,test,700000,0.0,223.9385181751495,,1,0.0,223.9385181751495,
config_E,1,11,test,750000,0.0,35.69089662854687,,1,0.0,35.69089662854687,
config_E,1,11,test,800000,0.0,16.261124951105792,,1,0.0,16.261124951105792,
config_E,1,11,test,850000,0.0,19.172693937858803,,1,0.0,19.172693937858803,
config_E,1,11,test,900000,0.0,14.700987643798578,,1,0.0,14.700987643798578,
config_E,1,11,test,950000,0.0,16.459776250564413,,1,0.0,16.459776250564413,
config_E,1,11,test,1000000,0.0,16.14165400614476,,1,0.0,16.14165400614476,
config_E,1,11,test,1050000,0.0,23.30800448987789,,1,0.0,23.30800448987789,
config_E,1,11,test,1100000,0.0,14.42757205718435,,1,0.0,14.42757205718435,
config_E,1,11,test,1150000,0.0,20.11676833042256,,1,0.0,20.11676833042256,
config_E,1,11,test,1200000,0.0,18.255622379606333,,1,0.0,18.255622379606333,
config_E,1,11,test,1250000,0.0,18.118210383444826,,1,0.0,18.118210383444826,
config_E,1,11,test,1300000,0.0,18.093375934844623,,1,0.0,18.093375934844623,
config_E,1,11,test,1350000,0.0,17.54351074081638,,1,0.0,17.54351074081638,
config_E,1,11,test,1400000,0.0,17.833553636966307,,1,0.0,17.833553636966307,
config_E,1,11,test,1450000,0.0,18.662035828424315,,1,0.0,18.662035828424315,
config_E,1,11,test,1500000,0.0,18.87175270336902,,1,0.0,18.87175270336902,
config_E,1,11,test,1550000,0.0,31.48084682623577,,1,0.0,31.48084682623577,
config_E,1,11,test,1600000,0.0,19.24879961136411,,1,0.0,19.24879961136411,
config_E,1,11,test,1650000,0.0,17.377008329529573,,1,0.0,17.377008329529573,
config_E,1,11,test,1700000,0.0,30.34038644216665,,1,0.0,30.34038644216665,
config_E,1,11,test,1750000,0.0,17.39635087205856,,1,0.0,17.39635087205856,
config_E,1,11,test,1800000,0.0,16.441447483596274,,1,0.0,16.441447483596274,
config_E,1,11,test,1850000,0.0,17.729289575404813,,1,0.0,17.729289575404813,
config_E,1,11,test,1900000,0.0,19.11377405932389,,1,0.0,19.11377405932389,
config_E,1,11,test,1950000,0.0,23.07780037283165,,1,0.0,23.07780037283165,
config_E,1,11,test,2000000,0.0,118.42459056353717,,1,0.0,118.42459056353717,
config_E,1,11,test,2050000,0.0,150.36488126933355,,1,0.0,150.36488126933355,
config_E,1,11,test,2100000,0.0,17.70938749153609,,1,0.0,17.70938749153609,
config_E,1,11,test,2150000,0.0,51.30571208894327,,1,0.0,51.30571208894327,
config_E,1,11,test,2200000,0.0,37.268644107021046,,1,0.0,37.268644107021046,
config_E,1,11,test,2250000,0.0,16.730234363628256,,1,0.0,16.730234363628256,
config_E,1,11,test,2300000,0.0,19.86073181526895,,1,0.0,19.86073181526895,
config_E,1,11,test,2350000,0.0,16.055642518792023,,1,0.0,16.055642518792023,
config_E,1,11,test,2400000,0.0,16.94903603057989,,1,0.0,16.94903603057989,
config_E,1,11,test,2450000,0.0,15.177268849384577,,1,0.0,15.177268849384577,
config_E,1,11,test,2500000,0.0,155.02320837229072,,1,0.0,155.02320837229072,
config_E,1,11,train,50000,0.0,28.94107939233356,,1,0.0,28.94107939233356,
config_E,1,11,train,100000,0.0,30.13710378132897,,1,0.0,30.13710378132897,
config_E,1,11,train,150000,0.0,26.96886588055161,,1,0.0,26.96886588055161,
config_E,1,11,train,200000,0.0,25.035101621577542,,1,0.0,25.035101621577542,
config_E,1,11,train,250000,0.0,43.54130804865444,,1,0.0,43.54130804865444,
config_E,1,11,train,300000,0.0,146.99338482111932,,1,0.0,146.99338482111932,
config_E,1,11,train,350000,0.0,93.50985772923592,,1,0.0,93.50985772923592,
config_E,1,11,train,400000,0.0,112.60884542881496,,1,0.0,112.60884542881496,
config_E,1,11,train,450000,0.0,53.44201949518273,,1,0.0,53.44201949518273,
config_E,1,11,train,500000,0.0,56.56898149807287,,1,0.0,56.56898149807287,
config_E,1,11,train,550000,0.0,73.61994606051795,,1,0.0,73.61994606051795,
config_E,1,11,train,600000,0.0,107.08775104153142,,1,0.0,107.08775104153142,
config_E,1,11,train,650000,0.0,46.04604918660728,,1,0.0,46.04604918660728,
config_E,1,11,train,700000,0.0,59.51552278067639,,1,0.0,59.51552278067639,
config_E,1,11,train,750000,0.0,46.80201281185212,,1,0.0,46.80201281185212,
config_E,1,11,train,800000,0.0,29.152558917312167,,1,0.0,29.152558917312167,
config_E,1,11,train,850000,0.0,58.32134707899874,,1,0.0,58.32134707899874,
config_E,1,11,train,900000,0.0,75.98426829092487,,1,0.0,75.98426829092487,
config_E,1,11,train,950000,0.0,65.93327698517645,,1,0.0,65.93327698517645,
config_E,1,11,train,1000000,0.0,30.371973598833453,,1,0.0,30.371973598833453,
config_E,1,11,train,1050000,0.0,50.30124709689037,,1,0.0,50.30124709689037,
config_E,1,11,train,1100000,0.0,43.17580617091171,,1,0.0,43.17580617091171,
config_E,1,11,train,1150000,0.0,42.57438898761445,,1,0.0,42.57438898761445,
config_E,1,11,train,1200000,0.0,54.57944576103041,,1,0.0,54.57944576103041,
config_E,1,11,train,1250000,0.0,30.19938407476147,,1,0.0,30.19938407476147,
config_E,1,11,train,1300000,0.0,102.5831971707488,,1,0.0,102.5831971707488,
config_E,1,11,train,1350000,0.0,93.97780339685882,,1,0.0,93.97780339685882,
config_E,1,11,train,1400000,0.0,67.75298837710257,,1,0.0,67.75298837710257,
config_E,1,11,train,1450000,0.0,32.873230778753374,,1,0.0,32.873230778753374,
config_E,1,11,train,1500000,0.0,41.59523292900974,,1,0.0,41.59523292900974,
config_E,1,11,train,1550000,0.0,25.16721602766628,,1,0.0,25.16721602766628,
config_E,1,11,train,1600000,0.0,52.03265313894424,,1,0.0,52.03265313894424,
config_E,1,11,train,1650000,0.0,40.62992099433657,,1,0.0,40.62992099433657,
config_E,1,11,train,1700000,0.0,56.3886178248112,,1,0.0,56.3886178248112,
config_E,1,11,train,1750000,0.0,76.37152263965024,,1,0.0,76.37152263965024,
config_E,1,11,train,1800000,0.0,81.44094389601769,,1,0.0,81.44094389601769,
config_E,1,11,train,1850000,0.0,39.533931138473626,,1,0.0,39.533931138473626,
config_E,1,11,train,1900000,0.0,57.42501685105342,,1,0.0,57.42501685105342,
config_E,1,11,train,1950000,0.0,22.85819711601819,,1,0.0,22.85819711601819,
config_E,1,11,train,2000000,0.0,151.03487254090916,,1,0.0,151.03487254090916,
config_E,1,11,train,2050000,0.0,103.3754111043568,,1,0.0,103.3754111043568,
config_E,1,11,train,2100000,0.0,38.39249610205568,,1,0.0,38.39249610205568,
config_E,1,11,train,2150000,0.0,61.90739367512775,,1,0.0,61.90739367512775,
config_E,1,11,train,2200000,0.0,117.13655736218789,,1,0.0,117.13655736218789,
config_E,1,11,train,2250000,0.0,78.45081109920791,,1,0.0,78.45081109920791,
config_E,1,11,train,2300000,0.0,138.02376743547606,,1,0.0,138.02376743547606,
config_E,1,11,train,2350000,0.0,40.56702500299436,,1,0.0,40.56702500299436,
config_E,1,11,train,2400000,0.0,91.56444215417515,,1,0.0,91.56444215417515,
config_E,1,11,train,2450000,0.0,125.46231529657108,,1,0.0,125.46231529657108,
config_E,1,11,train,2500000,0.0,66.23579067645204,,1,0.0,66.23579067645204,
config_E,2,11,test,50000,0.0,14.11106491831432,,1,0.0,14.11106491831432,
config_E,2,11,test,100000,0.0,22.78989751809753,,1,0.0,22.78989751809753,
config_E,2,11,test,150000,0.0,13.882603209669805,,1,0.0,13.882603209669805,
config_E,2,11,test,200000,0.0,28.103122133346744,,1,0.0,28.103122133346744,
config_E,2,11,test,250000,0.0,11.683838720610638,,1,0.0,11.683838720610638,
config_E,2,11,test,300000,0.0,14.123760036605049,,1,0.0,14.123760036605049,
config_E,2,11,test,350000,0.0,16.608343372331436,,1,0.0,16.608343372331436,
config_E,2,11,test,400000,0.0,62.618369625043655,,1,0.0,62.618369625043655,
config_E,2,11,test,450000,0.0,22.275067950244285,,1,0.0,22.275067950244285,
config_E,2,11,test,500000,0.0,13.164208031415006,,1,0.0,13.164208031415006,
config_E,2,11,test,550000,0.0,42.41460819434893,,1,0.0,42.41460819434893,
config_E,2,11,test,600000,0.0,29.57816539531621,,1,0.0,29.57816539531621,
config_E,2,11,test,650000,0.0,31.292814249535432,,1,0.0,31.292814249535432,
config_E,2,11,test,700000,0.0,32.448468417411725,,1,0.0,32.448468417411725,
config_E,2,11,test,750000,0.0,28.46623459861238,,1,0.0,28.46623459861238,
config_E,2,11,test,800000,0.0,49.79220294611084,,1,0.0,49.79220294611084,
config_E,2,11,test,850000,0.0,25.38594424667529,,1,0.0,25.38594424667529,
config_E,2,11,test,900000,0.0,28.601498611701505,,1,0.0,28.601498611701505,
config_E,2,11,test,950000,0.0,34.945306485048235,,1,0.0,34.945306485048235,
config_E,2,11,test,1000000,0.0,533.669339750576,,1,0.0,533.669339750576,
config_E,2,11,test,1050000,0.0,817.0314012254287,,1,0.0,817.0314012254287,
config_E,2,11,test,1100000,0.0,667.1607756265539,,1,0.0,667.1607756265539,
config_E,2,11,test,1150000,0.0,708.8446867298336,,1,0.0,708.8446867298336,
config_E,2,11,test,1200000,0.0,889.3920193974906,,1,0.0,889.3920193974906,
config_E,2,11,test,1250000,0.0,712.7583635700098,,1,0.0,712.7583635700098,
config_E,2,11,test,1300000,0.0,574.8017975130936,,1,0.0,574.8017975130936,
config_E,2,11,test,1350000,0.0,781.444080371775,,1,0.0,781.444080371775,
config_E,2,11,test,1400000,0.0,439.4760357453249,,1,0.0,439.4760357453249,
config_E,2,11,test,1450000,0.0,340.8622463362106,,1,0.0,340.8622463362106,
config_E,2,11,test,1500000,0.0,709.9728324458963,,1,0.0,709.9728324458963,
config_E,2,11,test,1550000,0.0,912.0566946853276,,1,0.0,912.0566946853276,
config_E,2,11,test,1600000,0.0,897.254470246254,,1,0.0,897.254470246254,
config_E,2,11,test,1650000,0.0,544.722327804396,,1,0.0,544.722327804396,
config_E,2,11,test,1700000,0.0,528.9844419869246,,1,0.0,528.9844419869246,
config_E,2,11,test,1750000,0.0,750.3651173801413,,1,0.0,750.3651173801413,
config_E,2,11,test,1800000,0.0,1102.9752914909284,,1,0.0,1102.9752914909284,
config_E,2,11,test,1850000,0.0,917.2155003213852,,1,0.0,917.2155003213852,
config_E,2,11,test,1900000,0.0,958.1764347659932,,1,0.0,958.1764347659932,
config_E,2,11,test,1950000,0.0,940.2268449530555,,1,0.0,940.2268449530555,
config_E,2,11,test,2000000,0.0,739.1673175109192,,1,0.0,739.1673175109192,
config_E,2,11,test,2050000,0.0,918.5015458644168,,1,0.0,918.5015458644168,
config_E,2,11,test,2100000,0.0,761.2624799888902,,1,0.0,761.2624799888902,
config_E,2,11,test,2150000,0.0,731.1265644878628,,1,0.0,731.1265644878628,
config_E,2,11,test,2200000,0.0,729.32367185403,,1,0.0,729.32367185403,
config_E,2,11,test,2250000,0.0,654.3116415896233,,1,0.0,654.3116415896233,
config_E,2,11,test,2300000,0.0,151.79408196994072,,1,0.0,151.79408196994072,
config_E,2,11,test,2350000,0.0,771.3748219200446,,1,0.0,771.3748219200446,
config_E,2,11,test,2400000,0.0,995.100705796545,,1,0.0,995.100705796545,
config_E,2,11,test,2450000,0.0,1018.1585161819656,,1,0.0,1018.1585161819656,
config_E,2,11,test,2500000,0.0,975.8817159945568,,1,0.0,975.8817159945568,
config_E,2,11,train,50000,0.0,18.928215895289032,,1,0.0,18.928215895289032,
config_E,2,11,train,100000,0.0,29.785329881404564,,1,0.0,29.785329881404564,
config_E,2,11,train,150000,0.0,11.42185077519028,,1,0.0,11.42185077519028,
config_E,2,11,train,200000,0.0,26.04097297171516,,1,0.0,26.04097297171516,
config_E,2,11,train,250000,0.0,11.702655143871723,,1,0.0,11.702655143871723,
config_E,2,11,train,300000,0.0,14.294617060360926,,1,0.0,14.294617060360926,
config_E,2,11,train,350000,0.0,45.77058070883372,,1,0.0,45.77058070883372,
config_E,2,11,train,400000,0.0,46.90977254357598,,1,0.0,46.90977254357598,
config_E,2,11,train,450000,0.0,36.60541765374588,,1,0.0,36.60541765374588,
config_E,2,11,train,500000,0.0,21.3553709204789,,1,0.0,21.3553709204789,
config_E,2,11,train,550000,0.0,40.22940572622602,,1,0.0,40.22940572622602,
config_E,2,11,train,600000,0.0,35.28909814091441,,1,0.0,35.28909814091441,
config_E,2,11,train,650000,0.0,39.25327974346307,,1,0.0,39.25327974346307,
config_E,2,11,train,700000,0.0,32.14896247980771,,1,0.0,32.14896247980771,
config_E,2,11,train,750000,0.0,27.78809618600189,,1,0.0,27.78809618600189,
config_E,2,11,train,800000,0.0,66.00386670602772,,1,0.0,66.00386670602772,
config_E,2,11,train,850000,0.0,28.32063212721997,,1,0.0,28.32063212721997,
config_E,2,11,train,900000,0.0,37.49173608474241,,1,0.0,37.49173608474241,
config_E,2,11,train,950000,0.0,38.678913670840856,,1,0.0,38.678913670840856,
config_E,2,11,train,1000000,0.0,659.4938261456363,,1,0.0,659.4938261456363,
config_E,2,11,train,1050000,0.0,662.6695994266987,,1,0.0,662.6695994266987,
config_E,2,11,train,1100000,0.0,583.0344889332259,,1,0.0,583.0344889332259,
config_E,2,11,train,1150000,0.0,501.8317426343573,,1,0.0,501.8317426343573,
config_E,2,11,train,1200000,0.0,715.6912151799713,,1,0.0,715.6912151799713,
config_E,2,11,train,1250000,0.0,719.0153384815775,,1,0.0,719.0153384815775,
config_E,2,11,train,1300000,0.0,454.7170506103054,,1,0.0,454.7170506103054,
config_E,2,11,train,1350000,0.0,793.7531962443276,,1,0.0,793.7531962443276,
config_E,2,11,train,1400000,0.0,543.2783149333502,,1,0.0,543.2783149333502,
config_E,2,11,train,1450000,0.0,545.1033908312373,,1,0.0,545.1033908312373,
config_E,2,11,train,1500000,0.0,863.738706323219,,1,0.0,863.738706323219,
config_E,2,11,train,1550000,0.0,929.0819449902532,,1,0.0,929.0819449902532,
config_E,2,11,train,1600000,0.0,857.4086107369551,,1,0.0,857.4086107369551,
config_E,2,11,train,1650000,0.0,737.3266952947002,,1,0.0,737.3266952947002,
config_E,2,11,train,1700000,0.0,832.711665782407,,1,0.0,832.711665782407,
config_E,2,11,train,1750000,0.0,976.687300014134,,1,0.0,976.687300014134,
config_E,2,11,train,1800000,0.0,829.7910406153358,,1,0.0,829.7910406153358,
config_E,2,11,train,1850000,0.0,482.5325177910341,,1,0.0,482.5325177910341,
config_E,2,11,train,1900000,0.0,784.9757365409376,,1,0.0,784.9757365409376,
config_E,2,11,train,1950000,0.0222222222222222,761.9257319646842,62.0,1,0.0222222222222222,761.9257319646842,62.0
config_E,2,11,train,2000000,0.0,572.8648074494988,,1,0.0,572.8648074494988,
config_E,2,11,train,2050000,0.0,670.6513223376803,,1,0.0,670.6513223376803,
config_E,2,11,train,2100000,0.0,844.8748087977565,,1,0.0,844.8748087977565,
config_E,2,11,train,2150000,0.0222222222222222,658.2560526237288,323.0,1,0.0222222222222222,658.2560526237288,323.0
config_E,2,11,train,2200000,0.0222222222222222,720.5442634869682,212.0,1,0.0222222222222222,720.5442634869682,212.0
config_E,2,11,train,2250000,0.0,581.0989755277914,,1,0.0,581.0989755277914,
config_E,2,11,train,2300000,0.0,646.7714563586113,,1,0.0,646.7714563586113,
config_E,2,11,train,2350000,0.0,719.9994522510093,,1,0.0,719.9994522510093,
config_E,2,11,train,2400000,0.0,721.9569314077967,,1,0.0,721.9569314077967,
config_E,2,11,train,2450000,0.0,953.7254703121572,,1,0.0,953.7254703121572,
config_E,2,11,train,2500000,0.0,808.4655834730142,,1,0.0,808.4655834730142,
config_E,3,11,test,50000,0.0,28.164325461304703,,1,0.0,28.164325461304703,
config_E,3,11,test,100000,0.0,25.09817643466188,,1,0.0,25.09817643466188,
config_E,3,11,test,150000,0.0,108.51526340339971,,1,0.0,108.51526340339971,
config_E,3,11,test,200000,0.0,31.79776266350616,,1,0.0,31.79776266350616,
config_E,3,11,test,250000,0.0,36.179199464645095,,1,0.0,36.179199464645095,
config_E,3,11,test,300000,0.0,20.272925610654656,,1,0.0,20.272925610654656,
config_E,3,11,test,350000,0.0,29.58365099794372,,1,0.0,29.58365099794372,
config_E,3,11,test,400000,0.0,61.46318141460548,,1,0.0,61.46318141460548,
config_E,3,11,test,450000,0.0,19.742926657833983,,1,0.0,19.742926657833983,
config_E,3,11,test,500000,0.0,35.34478485328376,,1,0.0,35.34478485328376,
config_E,3,11,test,550000,0.0,19.42627048486124,,1,0.0,19.42627048486124,
config_E,3,11,test,600000,0.0,16.07764410805335,,1,0.0,16.07764410805335,
config_E,3,11,test,650000,0.0,19.095256165839,,1,0.0,19.095256165839,
config_E,3,11,test,700000,0.0,48.89890768430009,,1,0.0,48.89890768430009,
config_E,3,11,test,750000,0.0,52.85213329284708,,1,0.0,52.85213329284708,
config_E,3,11,test,800000,0.0,42.66923330061863,,1,0.0,42.66923330061863,
config_E,3,11,test,850000,0.0,36.12902764679054,,1,0.0,36.12902764679054,
config_E,3,11,test,900000,0.0,19.01045031855118,,1,0.0,19.01045031855118,
config_E,3,11,test,950000,0.0,24.01952742660826,,1,0.0,24.01952742660826,
config_E,3,11,test,1000000,0.0,650.0615452249231,,1,0.0,650.0615452249231,
config_E,3,11,test,1050000,0.0,335.5505078230274,,1,0.0,335.5505078230274,
config_E,3,11,test,1100000,0.0,334.7457262692414,,1,0.0,334.7457262692414,
config_E,3,11,test,1150000,0.0,511.23635205812224,,1,0.0,511.23635205812224,
config_E,3,11,test,1200000,0.0,711.050830386545,,1,0.0,711.050830386545,
config_E,3,11,test,1250000,0.0,77.02961627976795,,1,0.0,77.02961627976795,
config_E,3,11,test,1300000,0.0,785.5109636934446,,1,0.0,785.5109636934446,
config_E,3,11,test,1350000,0.0,836.4608886037952,,1,0.0,836.4608886037952,
config_E,3,11,test,1400000,0.0,1045.3702584403186,,1,0.0,1045.3702584403186,
config_E,3,11,test,1450000,0.0,423.0284267610481,,1,0.0,423.0284267610481,
config_E,3,11,test,1500000,0.0,621.8477083958018,,1,0.0,621.8477083958018,
config_E,3,11,test,1550000,0.0,668.2678492225948,,1,0.0,668.2678492225948,
config_E,3,11,test,1600000,0.0,846.9164210728725,,1,0.0,846.9164210728725,
config_E,3,11,test,1650000,0.0,900.2815859044524,,1,0.0,900.2815859044524,
config_E,3,11,test,1700000,0.0,654.0253674145085,,1,0.0,654.0253674145085,
config_E,3,11,test,1750000,0.0,906.2721231400192,,1,0.0,906.2721231400192,
config_E,3,11,test,1800000,0.0,450.5672611260276,,1,0.0,450.5672611260276,
config_E,3,11,test,1850000,0.0,239.10934046350744,,1,0.0,239.10934046350744,
config_E,3,11,test,1900000,0.0,11.380084889130387,,1,0.0,11.380084889130387,
config_E,3,11,test,1950000,0.0,20.64613503170388,,1,0.0,20.64613503170388,
config_E,3,11,test,2000000,0.0,228.59419218305067,,1,0.0,228.59419218305067,
config_E,3,11,test,2050000,0.0,474.6130018887969,,1,0.0,474.6130018887969,
config_E,3,11,test,2100000,0.0,316.9554467533638,,1,0.0,316.9554467533638,
config_E,3,11,test,2150000,0.0,515.7324958010515,,1,0.0,515.7324958010515,
config_E,3,11,test,2200000,0.0,711.9491115258703,,1,0.0,711.9491115258703,
config_E,3,11,test,2250000,0.0,526.4225634624389,,1,0.0,526.4225634624389,
config_E,3,11,test,2300000,0.0,774.3767285269372,,1,0.0,774.3767285269372,
config_E,3,11,test,2350000,0.0,572.0968107095457,,1,0.0,572.0968107095457,
config_E,3,11,test,2400000,0.0,699.668761266514,,1,0.0,699.668761266514,
config_E,3,11,test,2450000,0.0,1283.4667927963642,,1,0.0,1283.4667927963642,
config_E,3,11,test,2500000,0.0,500.9091229991971,,1,0.0,500.9091229991971,
config_E,3,11,train,50000,0.0,19.18388470976597,,1,0.0,19.18388470976597,
config_E,3,11,train,100000,0.0,17.24490412671199,,1,0.0,17.24490412671199,
config_E,3,11,train,150000,0.0,31.96075694031617,,1,0.0,31.96075694031617,
config_E,3,11,train,200000,0.0,54.6532359882678,,1,0.0,54.6532359882678,
config_E,3,11,train,250000,0.0,39.84152682313268,,1,0.0,39.84152682313268,
config_E,3,11,train,300000,0.0,59.6641270585684,,1,0.0,59.6641270585684,
config_E,3,11,train,350000,0.0,26.86206041851476,,1,0.0,26.86206041851476,
config_E,3,11,train,400000,0.0,40.29930139549003,,1,0.0,40.29930139549003,
config_E,3,11,train,450000,0.0,35.58683273168557,,1,0.0,35.58683273168557,
config_E,3,11,train,500000,0.0,78.01770793615995,,1,0.0,78.01770793615995,
config_E,3,11,train,550000,0.0,46.12889370716422,,1,0.0,46.12889370716422,
config_E,3,11,train,600000,0.0,49.572355566054576,,1,0.0,49.572355566054576,
config_E,3,11,train,650000,0.0,43.30568013696133,,1,0.0,43.30568013696133,
config_E,3,11,train,700000,0.0,57.76714634302851,,1,0.0,57.76714634302851,
config_E,3,11,train,750000,0.0,93.18336689197196,,1,0.0,93.18336689197196,
config_E,3,11,train,800000,0.0,73.49176088344133,,1,0.0,73.49176088344133,
config_E,3,11,train,850000,0.0,41.916152552393314,,1,0.0,41.916152552393314,
config_E,3,11,train,900000,0.0,32.71005640161489,,1,0.0,32.71005640161489,
config_E,3,11,train,950000,0.0,67.27373412975945,,1,0.0,67.27373412975945,
config_E,3,11,train,1000000,0.0,472.731961540953,,1,0.0,472.731961540953,
config_E,3,11,train,1050000,0.0,378.3680101263834,,1,0.0,378.3680101263834,
config_E,3,11,train,1100000,0.0,302.6821755532749,,1,0.0,302.6821755532749,
config_E,3,11,train,1150000,0.0,672.2356142791325,,1,0.0,672.2356142791325,
config_E,3,11,train,1200000,0.0,651.592357994674,,1,0.0,651.592357994674,
config_E,3,11,train,1250000,0.0,523.1329131945387,,1,0.0,523.1329131945387,
config_E,3,11,train,1300000,0.0,731.6222896445532,,1,0.0,731.6222896445532,
config_E,3,11,train,1350000,0.0,770.9945087933045,,1,0.0,770.9945087933045,
config_E,3,11,train,1400000,0.0,554.104374643077,,1,0.0,554.104374643077,
config_E,3,11,train,1450000,0.0,442.7537288979859,,1,0.0,442.7537288979859,
config_E,3,11,train,1500000,0.0,494.0459537081102,,1,0.0,494.0459537081102,
config_E,3,11,train,1550000,0.0,782.4492216481954,,1,0.0,782.4492216481954,
config_E,3,11,train,1600000,0.0,667.3032773579997,,1,0.0,667.3032773579997,
config_E,3,11,train,1650000,0.0,659.7495451704897,,1,0.0,659.7495451704897,
config_E,3,11,train,1700000,0.0,767.5154561965778,,1,0.0,767.5154561965778,
config_E,3,11,train,1750000,0.0,807.0213338417667,,1,0.0,807.0213338417667,
config_E,3,11,train,1800000,0.0,592.6407321195366,,1,0.0,592.6407321195366,
config_E,3,11,train,1850000,0.0,605.1561229133881,,1,0.0,605.1561229133881,
config_E,3,11,train,1900000,0.0,574.0375694480508,,1,0.0,574.0375694480508,
config_E,3,11,train,1950000,0.0,614.2038320342351,,1,0.0,614.2038320342351,
config_E,3,11,train,2000000,0.0,409.8536658811303,,1,0.0,409.8536658811303,
config_E,3,11,train,2050000,0.0,774.6102380223325,,1,0.0,774.6102380223325,
config_E,3,11,train,2100000,0.0,845.6705807831505,,1,0.0,845.6705807831505,
config_E,3,11,train,2150000,0.0222222222222222,809.5946221246544,121.0,1,0.0222222222222222,809.5946221246544,121.0
config_E,3,11,train,2200000,0.0222222222222222,1223.2004499205048,173.0,1,0.0222222222222222,1223.2004499205048,173.0
config_E,3,11,train,2250000,0.0444444444444444,941.5420331546088,145.0,1,0.0444444444444444,941.5420331546088,145.0
config_E,3,11,train,2300000,0.0,927.3308933719276,,1,0.0,927.3308933719276,
config_E,3,11,train,2350000,0.0666666666666666,806.6067897773371,145.66666666666666,1,0.0666666666666666,806.6067897773371,145.66666666666666
config_E,3,11,train,2400000,0.0,737.497329260647,,1,0.0,737.497329260647,
config_E,3,11,train,2450000,0.0888888888888888,963.4666464008022,152.0,1,0.0888888888888888,963.4666464008022,152.0
config_E,3,11,train,2500000,0.1333333333333333,1005.8228453354496,95.66666666666669,1,0.1333333333333333,1005.8228453354496,95.66666666666669
config_E,4,11,test,50000,0.0,11.16204853656642,,1,0.0,11.16204853656642,
config_E,4,11,test,100000,0.0,27.15138699744348,,1,0.0,27.15138699744348,
config_E,4,11,test,150000,0.0,11.02596854848232,,1,0.0,11.02596854848232,
config_E,4,11,test,200000,0.0,11.729173207371328,,1,0.0,11.729173207371328,
config_E,4,11,test,250000,0.0,13.232057744872222,,1,0.0,13.232057744872222,
config_E,4,11,test,300000,0.0,14.60619912864478,,1,0.0,14.60619912864478,
config_E,4,11,test,350000,0.0,18.91509679125136,,1,0.0,18.91509679125136,
config_E,4,11,test,400000,0.0,14.745510157357888,,1,0.0,14.745510157357888,
config_E,4,11,test,450000,0.0,21.21731926527629,,1,0.0,21.21731926527629,
config_E,4,11,test,500000,0.0,31.655944712752195,,1,0.0,31.655944712752195,
config_E,4,11,test,550000,0.0,24.21997278253208,,1,0.0,24.21997278253208,
config_E,4,11,test,600000,0.0,29.79526797275626,,1,0.0,29.79526797275626,
config_E,4,11,test,650000,0.0,20.464248728384508,,1,0.0,20.464248728384508,
config_E,4,11,test,700000,0.0,167.6765591807289,,1,0.0,167.6765591807289,
config_E,4,11,test,750000,0.0,29.50715515773292,,1,0.0,29.50715515773292,
config_E,4,11,test,800000,0.0,34.341883566865576,,1,0.0,34.341883566865576,
config_E,4,11,test,850000,0.0,22.5417376728446,,1,0.0,22.5417376728446,
config_E,4,11,test,900000,0.0,16.92273446032582,,1,0.0,16.92273446032582,
config_E,4,11,test,950000,0.0,21.14548907519773,,1,0.0,21.14548907519773,
config_E,4,11,test,1000000,0.0,25.28377414549168,,1,0.0,25.28377414549168,
config_E,4,11,test,1050000,0.0,46.995333868235065,,1,0.0,46.995333868235065,
config_E,4,11,test,1100000,0.0,44.7002700917408,,1,0.0,44.7002700917408,
config_E,4,11,test,1150000,0.0,214.45199558162912,,1,0.0,214.45199558162912,
config_E,4,11,test,1200000,0.0,161.6779268721878,,1,0.0,161.6779268721878,
config_E,4,11,test,1250000,0.0,201.650233539892,,1,0.0,201.650233539892,
config_E,4,11,test,1300000,0.0,109.043342496738,,1,0.0,109.043342496738,
config_E,4,11,test,1350000,0.0,221.4590971211916,,1,0.0,221.4590971211916,
config_E,4,11,test,1400000,0.0,226.48790332199087,,1,0.0,226.48790332199087,
config_E,4,11,test,1450000,0.0,161.37868735612125,,1,0.0,161.37868735612125,
config_E,4,11,test,1500000,0.0,30.68277130957976,,1,0.0,30.68277130957976,
config_E,4,11,test,1550000,0.0,215.449072113558,,1,0.0,215.449072113558,
config_E,4,11,test,1600000,0.0,46.31030998751868,,1,0.0,46.31030998751868,
config_E,4,11,test,1650000,0.0,52.715977509457375,,1,0.0,52.715977509457375,
config_E,4,11,test,1700000,0.0,109.7678644666452,,1,0.0,109.7678644666452,
config_E,4,11,test,1750000,0.0,365.3233190099016,,1,0.0,365.3233190099016,
config_E,4,11,test,1800000,0.0,473.7564755533655,,1,0.0,473.7564755533655,
config_E,4,11,test,1850000,0.0,142.05622458131225,,1,0.0,142.05622458131225,
config_E,4,11,test,1900000,0.0,300.3457034680327,,1,0.0,300.3457034680327,
config_E,4,11,test,1950000,0.0,368.2019091685282,,1,0.0,368.2019091685282,
config_E,4,11,test,2000000,0.0,203.68630120274028,,1,0.0,203.68630120274028,
config_E,4,11,test,2050000,0.0,494.6899129326375,,1,0.0,494.6899129326375,
config_E,4,11,test,2100000,0.0,320.82874335173466,,1,0.0,320.82874335173466,
config_E,4,11,test,2150000,0.0,339.9364227749892,,1,0.0,339.9364227749892,
config_E,4,11,test,2200000,0.0,91.41997305277724,,1,0.0,91.41997305277724,
config_E,4,11,test,2250000,0.0,56.569005742099066,,1,0.0,56.569005742099066,
config_E,4,11,test,2300000,0.0,521.3436536734164,,1,0.0,521.3436536734164,
config_E,4,11,test,2350000,0.0,563.1030005767662,,1,0.0,563.1030005767662,
config_E,4,11,test,2400000,0.0,326.8538369938241,,1,0.0,326.8538369938241,
config_E,4,11,test,2450000,0.0,325.0042376998245,,1,0.0,325.0042376998245,
config_E,4,11,test,2500000,0.0,37.15845328684819,,1,0.0,37.15845328684819,
config_E,4,11,train,50000,0.0,19.91749303596624,,1,0.0,19.91749303596624,
config_E,4,11,train,100000,0.0,19.91499472480804,,1,0.0,19.91499472480804,
config_E,4,11,train,150000,0.0,12.73302759396734,,1,0.0,12.73302759396734,
config_E,4,11,train,200000,0.0,11.926310516015844,,1,0.0,11.926310516015844,
config_E,4,11,train,250000,0.0,14.093726459278775,,1,0.0,14.093726459278775,
config_E,4,11,train,300000,0.0,14.28523951601297,,1,0.0,14.28523951601297,
config_E,4,11,train,350000,0.0,14.29348202092197,,1,0.0,14.29348202092197,
config_E,4,11,train,400000,0.0,20.91745023218484,,1,0.0,20.91745023218484,
config_E,4,11,train,450000,0.0,20.37999028142815,,1,0.0,20.37999028142815,
config_E,4,11,train,500000,0.0,29.298528326087112,,1,0.0,29.298528326087112,
config_E,4,11,train,550000,0.0,24.472003460690303,,1,0.0,24.472003460690303,
config_E,4,11,train,600000,0.0,46.05167705981072,,1,0.0,46.05167705981072,
config_E,4,11,train,650000,0.0,19.06736066050944,,1,0.0,19.06736066050944,
config_E,4,11,train,700000,0.0,33.06876470745867,,1,0.0,33.06876470745867,
config_E,4,11,train,750000,0.0,23.826770234230203,,1,0.0,23.826770234230203,
config_E,4,11,train,800000,0.0,29.50015186354651,,1,0.0,29.50015186354651,
config_E,4,11,train,850000,0.0,20.37892365850829,,1,0.0,20.37892365850829,
config_E,4,11,train,900000,0.0,21.724971834005665,,1,0.0,21.724971834005665,
config_E,4,11,train,950000,0.0,36.58870660325389,,1,0.0,36.58870660325389,
config_E,4,11,train,1000000,0.0,137.96775523162154,,1,0.0,137.96775523162154,
config_E,4,11,train,1050000,0.0,159.98558988355478,,1,0.0,159.98558988355478,
config_E,4,11,train,1100000,0.0,157.9190968468558,,1,0.0,157.9190968468558,
config_E,4,11,train,1150000,0.0,306.31525352783166,,1,0.0,306.31525352783166,
config_E,4,11,train,1200000,0.0,329.8589862783487,,1,0.0,329.8589862783487,
config_E,4,11,train,1250000,0.0,198.5085028202477,,1,0.0,198.5085028202477,
config_E,4,11,train,1300000,0.0,194.73692950886647,,1,0.0,194.73692950886647,
config_E,4,11,train,1350000,0.0,214.330671163961,,1,0.0,214.330671163961,
config_E,4,11,train,1400000,0.0,287.09717052242524,,1,0.0,287.09717052242524,
config_E,4,11,train,1450000,0.0,240.0741366809249,,1,0.0,240.0741366809249,
config_E,4,11,train,1500000,0.0,211.6560669426672,,1,0.0,211.6560669426672,
config_E,4,11,train,1550000,0.0,253.10146634916688,,1,0.0,253.10146634916688,
config_E,4,11,train,1600000,0.0,315.5658693774375,,1,0.0,315.5658693774375,
config_E,4,11,train,1650000,0.0,266.77766975278223,,1,0.0,266.77766975278223,
config_E,4,11,train,1700000,0.0,331.20249238305234,,1,0.0,331.20249238305234,
config_E,4,11,train,1750000,0.0,530.1157869906361,,1,0.0,530.1157869906361,
config_E,4,11,train,1800000,0.0,485.738393887412,,1,0.0,485.738393887412,
config_E,4,11,train,1850000,0.0,495.57245970112905,,1,0.0,495.57245970112905,
config_E,4,11,train,1900000,0.0,497.430036851034,,1,0.0,497.430036851034,
config_E,4,11,train,1950000,0.0222222222222222,357.17068347478846,174.0,1,0.0222222222222222,357.17068347478846,174.0
config_E,4,11,train,2000000,0.0222222222222222,306.8585729564704,369.0,1,0.0222222222222222,306.8585729564704,369.0
config_E,4,11,train,2050000,0.0,227.94265212500423,,1,0.0,227.94265212500423,
config_E,4,11,train,2100000,0.0,319.96727609387347,,1,0.0,319.96727609387347,
config_E,4,11,train,2150000,0.0,530.9560147172396,,1,0.0,530.9560147172396,
config_E,4,11,train,2200000,0.0,430.39123448989193,,1,0.0,430.39123448989193,
config_E,4,11,train,2250000,0.0,282.4130121805909,,1,0.0,282.4130121805909,
config_E,4,11,train,2300000,0.0,624.4175531285752,,1,0.0,624.4175531285752,
config_E,4,11,train,2350000,0.0222222222222222,830.0386402786446,458.0,1,0.0222222222222222,830.0386402786446,458.0
config_E,4,11,train,2400000,0.0,693.556785349614,,1,0.0,693.556785349614,
config_E,4,11,train,2450000,0.0222222222222222,626.5686368975656,204.0,1,0.0222222222222222,626.5686368975656,204.0
config_E,4,11,train,2500000,0.0888888888888888,608.5192151872301,236.25,1,0.0888888888888888,608.5192151872301,236.25
