config_name,group,checkpoint_step,mean_success_rate,std_success_rate,mean_avg_return,std_avg_return,mean_first_success_step,n_runs,mean_success_rate_smooth,mean_avg_return_smooth,mean_first_success_step_smooth
config_A,test,10000,0.0,0.0,117.49978469221128,147.71680570008286,,5,0.0,117.49978469221128,
config_A,test,20000,0.08,0.10954451150103324,93.49474112145715,93.6338961568571,169.5,5,0.08,93.49474112145715,169.5
config_A,test,30000,0.04,0.0894427190999916,174.60719484529508,177.68327826036537,102.0,5,0.04,174.60719484529508,102.0
config_A,test,40000,0.04,0.0894427190999916,213.60165200750453,233.84086504858922,97.0,5,0.04,213.60165200750453,97.0
config_A,test,50000,0.08,0.10327955589886445,105.26796530534105,59.06740763524374,79.0,10,0.08,105.26796530534105,79.0
config_A,test,60000,0.04,0.0894427190999916,117.60653383995479,97.98905829224469,56.0,5,0.04,117.60653383995479,56.0
config_A,test,70000,0.04,0.0894427190999916,238.1636005290352,192.51032678111588,69.0,5,0.04,238.1636005290352,69.0
config_A,test,80000,0.04,0.0894427190999916,305.01146270025765,242.45505323720985,64.0,5,0.04,305.01146270025765,64.0
config_A,test,90000,0.0,0.0,405.28206088809463,520.7406548383659,,5,0.0,405.28206088809463,
config_A,test,100000,0.0,0.0,372.334507520876,308.51258199795916,,10,0.0,372.334507520876,
config_A,test,110000,0.0,0.0,532.9220418392431,660.6195073165851,,5,0.0,532.9220418392431,
config_A,test,120000,0.0,0.0,644.9828664794513,518.1884091199349,,5,0.0,644.9828664794513,
config_A,test,130000,0.0,0.0,524.5588516241735,378.7278016214357,,5,0.0,524.5588516241735,
config_A,test,140000,0.0,0.0,751.1620286206628,587.1209992957454,,5,0.0,751.1620286206628,
config_A,test,150000,0.0,0.0,838.622139322379,799.2018765145338,,10,0.0,838.622139322379,
config_A,test,160000,0.04,0.0894427190999916,1198.2789014762136,1164.1249433586272,64.0,5,0.04,1198.2789014762136,64.0
config_A,test,170000,0.04,0.0894427190999916,1333.2303213202624,1102.9514824167782,87.0,5,0.04,1333.2303213202624,87.0
config_A,test,180000,0.08,0.10954451150103323,1260.3063009053526,1109.327939636269,62.0,5,0.08,1260.3063009053526,62.0
config_A,test,190000,0.12000000000000002,0.1788854381999832,991.795605429504,715.5027730828372,71.25,5,0.12000000000000002,991.795605429504,71.25
config_A,test,200000,0.0,0.0,1224.8301728658487,1091.3511042058235,,10,0.0,1224.8301728658487,
config_A,test,210000,0.0,0.0,1171.9881718781294,987.9379180633074,,5,0.0,1171.9881718781294,
config_A,test,220000,0.04,0.0894427190999916,1581.438265987425,1075.5988692966944,232.0,5,0.04,1581.438265987425,232.0
config_A,test,230000,0.08,0.10954451150103323,1545.2637318754335,1251.8179715337806,309.5,5,0.08,1545.2637318754335,309.5
config_A,test,240000,0.04,0.0894427190999916,1665.9815733254757,1317.4332190731827,163.0,5,0.04,1665.9815733254757,163.0
config_A,test,250000,0.2,0.23094010767585027,1368.014867776277,777.7013726497319,243.11111111111111,10,0.2,1368.014867776277,243.11111111111111
config_A,test,260000,0.04,0.0894427190999916,1590.8482917007195,1178.0114931568178,290.0,5,0.04,1590.8482917007195,290.0
config_A,test,270000,0.2,0.14142135623730953,1486.3297900139803,1002.5205997576412,165.75,5,0.2,1486.3297900139803,165.75
config_A,test,280000,0.16,0.2607680962081059,1749.0322093482548,1272.9155659266467,92.83333333333333,5,0.16,1749.0322093482548,92.83333333333333
config_A,test,290000,0.27999999999999997,0.2280350850198276,1809.5816860675172,1000.019472294736,97.125,5,0.27999999999999997,1809.5816860675172,97.125
config_A,test,300000,0.24000000000000005,0.30983866769659335,1499.9978547674416,952.7126762983812,62.333333333333336,10,0.24000000000000005,1499.9978547674416,62.333333333333336
config_A,test,310000,0.44000000000000006,0.3286335345030997,1087.016185311437,574.2948344406958,132.75,5,0.44000000000000006,1087.016185311437,132.75
config_A,test,320000,0.27999999999999997,0.2280350850198276,1581.8911982236082,555.3940354472659,63.583333333333336,5,0.27999999999999997,1581.8911982236082,63.583333333333336
config_A,test,330000,0.32,0.33466401061363027,1350.5812803262618,935.1491012347036,47.083333333333336,5,0.32,1350.5812803262618,47.083333333333336
config_A,test,340000,0.28,0.33466401061363027,1535.9922054853807,1121.6785311903864,142.0,5,0.28,1535.9922054853807,142.0
config_A,test,350000,0.32,0.3155242550986462,1199.570781037497,815.8635110697974,52.583333333333336,10,0.32,1199.570781037497,52.583333333333336
config_A,test,360000,0.32,0.22803508501982758,1420.730617779533,1072.9151032741265,53.416666666666664,5,0.32,1420.730617779533,53.416666666666664
config_A,test,370000,0.4,0.31622776601683794,1173.5401023039392,723.5926192720246,67.33333333333333,5,0.4,1173.5401023039392,67.33333333333333
config_A,test,380000,0.4,0.39999999999999997,1393.9058828334316,1261.823586915909,50.233333333333334,5,0.4,1393.9058828334316,50.233333333333334
config_A,test,390000,0.36,0.3286335345030997,1567.8984771230423,1104.5803389465345,49.75,5,0.36,1567.8984771230423,49.75
config_A,test,400000,0.52,0.3675746333890726,920.309417263079,783.231164566997,55.6125,10,0.52,920.309417263079,55.6125
config_A,test,410000,0.52,0.2280350850198276,1018.5998936052392,357.808115943124,70.01666666666667,5,0.52,1018.5998936052392,70.01666666666667
config_A,test,420000,0.5599999999999999,0.2966479394838265,1012.7022358033853,833.3127129291169,83.46000000000001,5,0.5599999999999999,1012.7022358033853,83.46000000000001
config_A,test,430000,0.28,0.33466401061363027,1553.0552820137848,854.1329358900031,136.41666666666666,5,0.28,1553.0552820137848,136.41666666666666
config_A,test,440000,0.48,0.3346640106136302,794.6142811949254,554.4282630060978,85.35333333333332,5,0.48,794.6142811949254,85.35333333333332
config_A,test,450000,0.36,0.30983866769659335,1422.3065753050782,905.914671118666,88.89583333333334,10,0.36,1422.3065753050782,88.89583333333334
config_A,test,460000,0.36,0.3286335345030997,1048.9568684797491,637.2238682773212,43.041666666666664,5,0.36,1048.9568684797491,43.041666666666664
config_A,test,470000,0.48,0.38987177379235854,670.1856430608692,541.620897518833,58.21,5,0.48,670.1856430608692,58.21
config_A,test,480000,0.4,0.37416573867739417,1099.1644499495146,1042.3518529656285,43.4375,5,0.4,1099.1644499495146,43.4375
config_A,test,490000,0.44000000000000006,0.2190890230020665,1227.8871723471718,911.4757083587923,60.2,5,0.44000000000000006,1227.8871723471718,60.2
config_A,test,500000,0.64,0.24585451886114368,882.7514925905119,754.4945927296283,47.38333333333333,10,0.64,882.7514925905119,47.38333333333333
config_A,test,510000,0.48,0.30331501776206204,1260.1769033845599,838.3875772018879,44.083333333333336,5,0.48,1260.1769033845599,44.083333333333336
config_A,test,520000,0.52,0.2280350850198276,1483.5667920426208,740.465846317179,48.31666666666666,5,0.52,1483.5667920426208,48.31666666666666
config_A,test,530000,0.52,0.22803508501982764,1051.9914174511528,577.3153872321599,79.28333333333333,5,0.52,1051.9914174511528,79.28333333333333
config_A,test,540000,0.5599999999999999,0.3286335345030997,1021.4384268226711,652.5307471224341,62.166666666666664,5,0.5599999999999999,1021.4384268226711,62.166666666666664
config_A,test,550000,0.52,0.214993539954628,1084.6095787097777,609.287585227825,62.916666666666664,10,0.52,1084.6095787097777,62.916666666666664
config_A,test,560000,0.56,0.3577708763999664,863.4780682578682,544.8077233518925,57.5625,5,0.56,863.4780682578682,57.5625
config_A,test,570000,0.6,0.34641016151377546,990.5761939156458,738.1017711221476,63.29166666666667,5,0.6,990.5761939156458,63.29166666666667
config_A,test,580000,0.64,0.260768096208106,680.5464265961242,375.3285703500909,65.45,5,0.64,680.5464265961242,65.45
config_A,test,590000,0.6799999999999999,0.2280350850198276,760.6239551555441,666.6725356584573,61.260000000000005,5,0.6799999999999999,760.6239551555441,61.260000000000005
config_A,test,600000,0.6,0.26666666666666666,970.5974571006133,647.1246316980594,48.2,10,0.6,970.5974571006133,48.2
config_A,test,610000,0.48,0.38987177379235854,1012.0073717984233,1067.7544074260554,69.34,5,0.48,1012.0073717984233,69.34
config_A,test,620000,0.6,0.39999999999999997,960.6164629429777,811.745916724262,80.9375,5,0.6,960.6164629429777,80.9375
config_A,test,630000,0.64,0.260768096208106,1015.4282800147412,707.4866347894048,117.75,5,0.64,1015.4282800147412,117.75
config_A,test,640000,0.5599999999999999,0.433589667773576,903.4045975048259,611.7162895888265,56.25,5,0.5599999999999999,903.4045975048259,56.25
config_A,test,650000,0.64,0.30983866769659335,716.1090424005497,496.34000674375125,60.39,10,0.64,716.1090424005497,60.39
config_A,test,660000,0.64,0.3286335345030997,988.9792383615343,1044.3012164561571,62.470000000000006,5,0.64,988.9792383615343,62.470000000000006
config_A,test,670000,0.6799999999999999,0.2683281572999748,821.503427357743,704.9125513284108,47.989999999999995,5,0.6799999999999999,821.503427357743,47.989999999999995
config_A,test,680000,0.6799999999999999,0.2683281572999748,739.6607320520691,747.5507520037175,85.52000000000001,5,0.6799999999999999,739.6607320520691,85.52000000000001
config_A,test,690000,0.8,0.2,764.2401817307198,708.8693386252723,77.66,5,0.8,764.2401817307198,77.66
config_A,test,700000,0.76,0.2065591117977289,540.0185084556367,360.9015589170834,48.010000000000005,10,0.76,540.0185084556367,48.010000000000005
config_A,test,710000,0.8400000000000001,0.260768096208106,276.3637291171647,178.18934230661804,53.21,5,0.8400000000000001,276.3637291171647,53.21
config_A,test,720000,0.76,0.2607680962081059,418.85583444373077,376.5662862437242,58.723333333333336,5,0.76,418.85583444373077,58.723333333333336
config_A,test,730000,0.6799999999999999,0.2280350850198276,1012.0472910017313,581.0542358118231,46.07,5,0.6799999999999999,1012.0472910017313,46.07
config_A,test,740000,0.76,0.21908902300206642,783.883943222262,344.88364104584343,55.29,5,0.76,783.883943222262,55.29
config_A,test,750000,0.76,0.2065591117977289,647.5214340909358,405.418473911332,69.51,10,0.76,647.5214340909358,69.51
config_A,test,760000,0.8400000000000001,0.260768096208106,364.8615597764275,181.14635974159754,72.67999999999999,5,0.8400000000000001,364.8615597764275,72.67999999999999
config_A,test,770000,0.8,0.2449489742783178,452.02195099365355,271.27241016486903,50.260000000000005,5,0.8,452.02195099365355,50.260000000000005
config_A,test,780000,0.76,0.35777087639996635,517.3898090186232,402.3299266608851,46.72,5,0.76,517.3898090186232,46.72
config_A,test,790000,0.8,0.34641016151377546,557.8921694993552,456.75462564910055,48.23,5,0.8,557.8921694993552,48.23
config_A,test,800000,0.76,0.30983866769659335,777.7721403964457,564.1605902816035,55.36,10,0.76,777.7721403964457,55.36
config_A,test,810000,0.8,0.2449489742783178,664.8249711120154,313.3762357906107,52.0,5,0.8,664.8249711120154,52.0
config_A,test,820000,0.68,0.2683281572999748,939.2449840315625,117.96375173565797,43.7,5,0.68,939.2449840315625,43.7
config_A,test,830000,0.76,0.16733200530681513,991.0772239098948,529.2765383260511,63.83,5,0.76,991.0772239098948,63.83
config_A,test,840000,0.64,0.260768096208106,946.3416815808639,191.2586996178887,74.26666666666668,5,0.64,946.3416815808639,74.26666666666668
config_A,test,850000,0.76,0.2065591117977289,900.4885465706386,555.4507784873591,75.56,10,0.76,900.4885465706386,75.56
config_A,test,860000,0.64,0.260768096208106,1083.493592351855,873.359816751082,55.05,5,0.64,1083.493592351855,55.05
config_A,test,870000,0.8,0.2449489742783178,754.5490282571873,752.8938270257959,87.53,5,0.8,754.5490282571873,87.53
config_A,test,880000,0.76,0.0894427190999916,781.7110403296683,231.57141400162814,58.8,5,0.76,781.7110403296683,58.8
config_A,test,890000,0.6799999999999999,0.30331501776206204,900.4607005704308,467.97318777968707,44.28333333333333,5,0.6799999999999999,900.4607005704308,44.28333333333333
config_A,test,900000,0.8,0.18856180831641273,544.4476679400827,386.19659875002054,57.81666666666666,10,0.8,544.4476679400827,57.81666666666666
config_A,test,910000,0.8800000000000001,0.17888543819998318,476.5719445575405,501.4190393944979,71.93666666666667,5,0.8800000000000001,476.5719445575405,71.93666666666667
config_A,test,920000,0.8,0.34641016151377546,440.9611431745284,371.9435926959407,57.260000000000005,5,0.8,440.9611431745284,57.260000000000005
config_A,test,930000,0.8,0.2,789.0661796874969,612.8430230902762,93.13333333333333,5,0.8,789.0661796874969,93.13333333333333
config_A,test,940000,0.68,0.2683281572999748,1093.0435898469318,814.2613742419661,76.12,5,0.68,1093.0435898469318,76.12
config_A,test,950000,0.8,0.2309401076758503,893.2954058977142,1116.5791366388685,77.85,10,0.8,893.2954058977142,77.85
config_A,test,960000,0.76,0.35777087639996635,691.5610112176017,656.3612916352885,53.266666666666666,5,0.76,691.5610112176017,53.266666666666666
config_A,test,970000,0.8400000000000001,0.260768096208106,886.7670703890648,1090.4341098974678,92.19,5,0.8400000000000001,886.7670703890648,92.19
config_A,test,980000,0.6799999999999999,0.3633180424916989,1333.8888307832076,1143.0893337819625,58.6,5,0.6799999999999999,1333.8888307832076,58.6
config_A,test,990000,0.6799999999999999,0.3633180424916989,1025.348543314419,890.321697641431,48.45,5,0.6799999999999999,1025.348543314419,48.45
config_A,test,1000000,0.8800000000000001,0.10327955589886444,771.2981049244441,586.3083115918803,65.37,10,0.8800000000000001,771.2981049244441,65.37
config_A,test,1010000,0.8400000000000001,0.16733200530681513,767.522649886979,728.6985687214203,46.49666666666667,5,0.8400000000000001,767.522649886979,46.49666666666667
config_A,test,1020000,0.8800000000000001,0.1095445115010332,693.9664670117176,473.35170106471685,56.17,5,0.8800000000000001,693.9664670117176,56.17
config_A,test,1030000,0.8800000000000001,0.17888543819998318,688.9899213806389,672.2235863835151,52.86333333333333,5,0.8800000000000001,688.9899213806389,52.86333333333333
config_A,test,1040000,0.8400000000000001,0.1673320053068151,676.0912880340986,416.7055095319708,65.53,5,0.8400000000000001,676.0912880340986,65.53
config_A,test,1050000,0.8800000000000001,0.10327955589886444,544.0188829805105,366.7524653926024,51.55,10,0.8800000000000001,544.0188829805105,51.55
config_A,test,1060000,0.9199999999999999,0.1095445115010332,502.34905045344533,512.0553285230698,65.4,5,0.9199999999999999,502.34905045344533,65.4
config_A,test,1070000,1.0,0.0,227.83032984983805,98.63687218970989,51.2,5,1.0,227.83032984983805,51.2
config_A,test,1080000,0.8800000000000001,0.1095445115010332,654.231054748869,445.16913044239476,47.35,5,0.8800000000000001,654.231054748869,47.35
config_A,test,1090000,0.96,0.08944271909999157,245.53876551735658,113.98023541976437,56.44,5,0.96,245.53876551735658,56.44
config_A,test,1100000,0.96,0.08432740427115677,204.31607158565416,61.278837922418994,49.46,10,0.96,204.31607158565416,49.46
config_A,test,1110000,0.8800000000000001,0.1095445115010332,186.3001957545348,51.106228503993265,44.97,5,0.8800000000000001,186.3001957545348,44.97
config_A,test,1120000,0.8800000000000001,0.1095445115010332,201.0138302526334,66.08382787359379,46.88,5,0.8800000000000001,201.0138302526334,46.88
config_A,test,1130000,0.96,0.08944271909999156,182.63341112004292,49.83347221960696,45.36,5,0.96,182.63341112004292,45.36
config_A,test,1140000,0.96,0.08944271909999157,344.08613346791367,385.2600342653657,45.279999999999994,5,0.96,344.08613346791367,45.279999999999994
config_A,test,1150000,1.0,0.0,178.296076301243,52.39969612828747,45.64,10,1.0,178.296076301243,45.64
config_A,test,1160000,0.9199999999999999,0.10954451150103317,176.7021467425846,41.7730297876014,44.489999999999995,5,0.9199999999999999,176.7021467425846,44.489999999999995
config_A,test,1170000,0.96,0.08944271909999157,171.46602927496758,45.558707868453645,44.31,5,0.96,171.46602927496758,44.31
config_A,test,1180000,0.96,0.08944271909999157,189.29626369782952,64.44875503690038,46.13,5,0.96,189.29626369782952,46.13
config_A,test,1190000,0.8800000000000001,0.17888543819998318,175.4176748160137,53.178984237156925,45.266666666666666,5,0.8800000000000001,175.4176748160137,45.266666666666666
config_A,test,1200000,0.96,0.08432740427115677,164.6277797696406,39.851458018104914,44.46,10,0.96,164.6277797696406,44.46
config_A,test,1210000,0.8800000000000001,0.2683281572999748,455.23473124202326,653.533964076491,44.62,5,0.8800000000000001,455.23473124202326,44.62
config_A,test,1220000,0.96,0.08944271909999156,245.5759774488969,124.5339914562672,51.89,5,0.96,245.5759774488969,51.89
config_A,test,1230000,1.0,0.0,210.66029945556016,91.68735640698516,48.8,5,1.0,210.66029945556016,48.8
config_A,test,1240000,1.0,0.0,235.56080814546166,126.89029641478773,52.8,5,1.0,235.56080814546166,52.8
config_A,test,1250000,1.0,0.0,193.30047371965148,42.030055199723414,46.44,10,1.0,193.30047371965148,46.44
config_A,test,1260000,1.0,0.0,202.83661682896258,58.10021242808724,47.44,5,1.0,202.83661682896258,47.44
config_A,test,1270000,0.96,0.08944271909999157,200.5563039874145,48.698968561393905,46.58,5,0.96,200.5563039874145,46.58
config_A,test,1280000,1.0,0.0,211.98482809021084,85.73766787041113,50.56,5,1.0,211.98482809021084,50.56
config_A,test,1290000,0.96,0.08944271909999156,211.4092320299664,75.54382556984015,46.269999999999996,5,0.96,211.4092320299664,46.269999999999996
config_A,test,1300000,0.96,0.08432740427115677,183.6789746138383,39.83469424472379,43.83,10,0.96,183.6789746138383,43.83
config_A,test,1310000,0.8800000000000001,0.17888543819998318,196.78178187305807,85.98248569578072,41.66666666666667,5,0.8800000000000001,196.78178187305807,41.66666666666667
config_A,test,1320000,0.9199999999999999,0.10954451150103317,317.83202775737146,332.50170015577936,43.46,5,0.9199999999999999,317.83202775737146,43.46
config_A,test,1330000,0.8400000000000001,0.260768096208106,404.3282290412716,458.1894220850238,46.03,5,0.8400000000000001,404.3282290412716,46.03
config_A,test,1340000,0.76,0.2607680962081059,688.2601051471269,474.92360454609883,43.66666666666667,5,0.76,688.2601051471269,43.66666666666667
config_A,test,1350000,0.96,0.08432740427115677,310.6533692495001,265.973319826782,48.769999999999996,10,0.96,310.6533692495001,48.769999999999996
config_A,test,1360000,0.9199999999999999,0.17888543819998318,401.08727527177564,393.94486656662025,54.45333333333333,5,0.9199999999999999,401.08727527177564,54.45333333333333
config_A,test,1370000,0.9199999999999999,0.17888543819998318,555.8113736109154,768.1448280238354,48.21333333333333,5,0.9199999999999999,555.8113736109154,48.21333333333333
config_A,test,1380000,0.9199999999999999,0.17888543819998318,644.9768616056699,766.5739612152632,58.133333333333326,5,0.9199999999999999,644.9768616056699,58.133333333333326
config_A,test,1390000,0.9199999999999999,0.17888543819998318,350.7984266330294,375.90351237565636,50.72,5,0.9199999999999999,350.7984266330294,50.72
config_A,test,1400000,0.8800000000000001,0.25298221281347033,521.6907982725886,738.2316334136508,45.660000000000004,10,0.8800000000000001,521.6907982725886,45.660000000000004
config_A,test,1410000,0.8400000000000001,0.21908902300206645,423.60532733180816,391.6819672584851,53.413333333333334,5,0.8400000000000001,423.60532733180816,53.413333333333334
config_A,test,1420000,0.8400000000000001,0.1673320053068151,359.0825045419894,386.0886054928571,43.56666666666667,5,0.8400000000000001,359.0825045419894,43.56666666666667
config_A,test,1430000,0.8800000000000001,0.17888543819998315,607.826760113121,771.9875790129854,69.26666666666668,5,0.8800000000000001,607.826760113121,69.26666666666668
config_A,test,1440000,0.9199999999999999,0.17888543819998318,386.0049358968836,388.9135364804673,48.97333333333333,5,0.9199999999999999,386.0049358968836,48.97333333333333
config_A,test,1450000,0.9199999999999999,0.10327955589886444,580.9429984340345,529.2054635706372,75.44,10,0.9199999999999999,580.9429984340345,75.44
config_A,test,1460000,0.9199999999999999,0.17888543819998318,543.6063033064358,817.44976396605,44.38666666666667,5,0.9199999999999999,543.6063033064358,44.38666666666667
config_A,test,1470000,0.9199999999999999,0.17888543819998318,493.73228217970734,653.5938115965081,64.36,5,0.9199999999999999,493.73228217970734,64.36
config_A,test,1480000,0.8400000000000001,0.260768096208106,532.5846535677491,805.7158643419305,44.010000000000005,5,0.8400000000000001,532.5846535677491,44.010000000000005
config_A,test,1490000,0.96,0.08944271909999157,481.84038396608105,673.2248981359913,72.76,5,0.96,481.84038396608105,72.76
config_A,test,1500000,0.9199999999999999,0.10327955589886444,361.93712427530966,413.2255828363891,68.99,10,0.9199999999999999,361.93712427530966,68.99
config_A,test,1510000,0.8,0.282842712474619,520.4178308039538,803.7221236558969,48.86,5,0.8,520.4178308039538,48.86
config_A,test,1520000,0.8800000000000001,0.2683281572999748,494.6900089885588,757.3396756350982,45.96,5,0.8800000000000001,494.6900089885588,45.96
config_A,test,1530000,0.9199999999999999,0.17888543819998318,471.80786252854824,694.0204136214362,43.89333333333333,5,0.9199999999999999,471.80786252854824,43.89333333333333
config_A,test,1540000,0.9199999999999999,0.1788854381999832,200.18313480678182,49.11501571266077,43.56,5,0.9199999999999999,200.18313480678182,43.56
config_A,test,1550000,0.9199999999999999,0.10327955589886444,334.52539774596295,370.35965269297895,41.71,10,0.9199999999999999,334.52539774596295,41.71
config_A,test,1560000,0.8800000000000001,0.17888543819998318,484.1383222249955,749.7456625356474,41.089999999999996,5,0.8800000000000001,484.1383222249955,41.089999999999996
config_A,test,1570000,0.8800000000000001,0.17888543819998318,538.3942440089045,800.6042943776554,44.46333333333333,5,0.8800000000000001,538.3942440089045,44.46333333333333
config_A,test,1580000,0.9199999999999999,0.17888543819998318,557.1691719067003,807.4098657844163,56.54666666666667,5,0.9199999999999999,557.1691719067003,56.54666666666667
config_A,test,1590000,0.9199999999999999,0.17888543819998318,541.2076492215571,830.9893120419908,46.760000000000005,5,0.9199999999999999,541.2076492215571,46.760000000000005
config_A,test,1600000,0.8,0.1885618083164127,779.9449657722382,715.5420543938119,44.61666666666666,10,0.8,779.9449657722382,44.61666666666666
config_A,test,1610000,0.8800000000000001,0.17888543819998318,371.9852366714451,447.5153002444032,41.54666666666667,5,0.8800000000000001,371.9852366714451,41.54666666666667
config_A,test,1620000,0.8,0.282842712474619,836.5778213340003,1152.0372829854748,42.82666666666667,5,0.8,836.5778213340003,42.82666666666667
config_A,test,1630000,0.8,0.282842712474619,829.3326751292146,1198.738491110204,70.59333333333333,5,0.8,829.3326751292146,70.59333333333333
config_A,test,1640000,0.8,0.282842712474619,571.0536865978552,783.1178641430237,40.39333333333333,5,0.8,571.0536865978552,40.39333333333333
config_A,test,1650000,0.9199999999999999,0.1686548085423136,333.1638048917051,282.49383295177194,48.733333333333334,10,0.9199999999999999,333.1638048917051,48.733333333333334
config_A,test,1660000,0.96,0.08944271909999157,332.93066077912107,336.77746181751655,43.989999999999995,5,0.96,332.93066077912107,43.989999999999995
config_A,test,1670000,0.9199999999999999,0.1788854381999832,469.9476961139271,642.7004579940723,42.06666666666667,5,0.9199999999999999,469.9476961139271,42.06666666666667
config_A,test,1680000,0.9199999999999999,0.1788854381999832,171.3152642127954,67.40371445529455,41.34666666666667,5,0.9199999999999999,171.3152642127954,41.34666666666667
config_A,test,1690000,0.9199999999999999,0.10954451150103317,318.19938952166666,359.999228821602,40.33,5,0.9199999999999999,318.19938952166666,40.33
config_A,test,1700000,0.96,0.08432740427115674,296.77432879383633,282.6819769194895,55.339999999999996,10,0.96,296.77432879383633,55.339999999999996
config_A,test,1710000,0.8800000000000001,0.1095445115010332,582.3278307463634,377.56135455908475,42.089999999999996,5,0.8800000000000001,582.3278307463634,42.089999999999996
config_A,test,1720000,0.8800000000000001,0.1095445115010332,452.32340768870307,415.25213300570755,41.67,5,0.8800000000000001,452.32340768870307,41.67
config_A,test,1730000,0.9199999999999999,0.10954451150103317,233.83479880776895,145.67546192420255,41.519999999999996,5,0.9199999999999999,233.83479880776895,41.519999999999996
config_A,test,1740000,1.0,0.0,183.0893505894889,51.0647542587308,45.64,5,1.0,183.0893505894889,45.64
config_A,test,1750000,0.96,0.08432740427115674,315.0478265173333,286.98124224095534,43.82,10,0.96,315.0478265173333,43.82
config_A,test,1760000,0.96,0.08944271909999156,287.39938288049706,261.9703769475617,42.08,5,0.96,287.39938288049706,42.08
config_A,test,1770000,0.9199999999999999,0.10954451150103317,235.6531471632647,145.39741076378175,43.269999999999996,5,0.9199999999999999,235.6531471632647,43.269999999999996
config_A,test,1780000,0.96,0.08944271909999156,325.44911924201955,324.76145933028874,42.75,5,0.96,325.44911924201955,42.75
config_A,test,1790000,0.96,0.08944271909999156,319.8605714044279,323.8262445960466,42.589999999999996,5,0.96,319.8605714044279,42.589999999999996
config_A,test,1800000,0.96,0.08432740427115677,200.82172702880035,30.63991540488129,44.45,10,0.96,200.82172702880035,44.45
config_A,test,1810000,0.9199999999999999,0.10954451150103317,325.90272059527155,306.20755530226995,43.339999999999996,5,0.9199999999999999,325.90272059527155,43.339999999999996
config_A,test,1820000,1.0,0.0,184.94447352538057,37.55063575463888,42.72,5,1.0,184.94447352538057,42.72
config_A,test,1830000,0.96,0.08944271909999156,329.1129825546017,327.036998106064,42.03,5,0.96,329.1129825546017,42.03
config_A,test,1840000,1.0,0.0,187.63229525185608,46.264721569502086,43.04,5,1.0,187.63229525185608,43.04
config_A,test,1850000,1.0,0.0,200.6280320939051,44.74435289873194,44.28,10,1.0,200.6280320939051,44.28
config_A,test,1860000,0.9199999999999999,0.10954451150103317,314.2890836728731,335.6573826549845,41.15,5,0.9199999999999999,314.2890836728731,41.15
config_A,test,1870000,0.96,0.08944271909999156,364.00448614832646,429.0037553032021,47.9,5,0.96,364.00448614832646,47.9
config_A,test,1880000,0.96,0.08944271909999156,318.65391202855824,333.71126332547414,40.9,5,0.96,318.65391202855824,40.9
config_A,test,1890000,1.0,0.0,235.8554709534571,107.28342568946908,48.519999999999996,5,1.0,235.8554709534571,48.519999999999996
config_A,test,1900000,0.8800000000000001,0.25298221281347033,359.8857933919233,285.81647541151403,47.1,10,0.8800000000000001,359.8857933919233,47.1
config_A,test,1910000,0.9199999999999999,0.1788854381999832,193.80165925365176,65.69789553732419,45.906666666666666,5,0.9199999999999999,193.80165925365176,45.906666666666666
config_A,test,1920000,0.9199999999999999,0.1788854381999832,199.4573947987175,24.474393008058044,46.8,5,0.9199999999999999,199.4573947987175,46.8
config_A,test,1930000,0.96,0.08944271909999156,195.4221412303435,16.73035426404142,44.31,5,0.96,195.4221412303435,44.31
config_A,test,1940000,0.9199999999999999,0.1788854381999832,317.2255500623354,307.18948779028176,40.81333333333333,5,0.9199999999999999,317.2255500623354,40.81333333333333
config_A,test,1950000,0.9199999999999999,0.1686548085423136,313.9304104546606,287.30494755615877,40.68,10,0.9199999999999999,313.9304104546606,40.68
config_A,test,1960000,0.96,0.08944271909999156,185.27151493958735,42.328721095744456,43.540000000000006,5,0.96,185.27151493958735,43.540000000000006
config_A,test,1970000,0.96,0.08944271909999156,297.3313367409072,295.7324927620631,56.06,5,0.96,297.3313367409072,56.06
config_A,test,1980000,0.96,0.08944271909999156,178.71848508395132,32.63843786734096,42.63,5,0.96,178.71848508395132,42.63
config_A,test,1990000,0.9199999999999999,0.1788854381999832,191.7490447588362,47.01920365483242,41.13333333333333,5,0.9199999999999999,191.7490447588362,41.13333333333333
config_A,test,2000000,1.0,0.0,191.87207012571542,46.672467590102386,45.44,10,1.0,191.87207012571542,45.44
config_A,test,2010000,0.9199999999999999,0.1788854381999832,275.3635377334649,230.15910558323492,40.8,5,0.9199999999999999,275.3635377334649,40.8
config_A,test,2020000,1.0,0.0,177.06510064866652,37.821459447101944,41.44,5,1.0,177.06510064866652,41.44
config_A,test,2030000,1.0,0.0,206.07206879524725,65.69783823061755,45.8,5,1.0,206.07206879524725,45.8
config_A,test,2040000,0.8800000000000001,0.1095445115010332,440.76835931293925,339.2784507824485,40.43,5,0.8800000000000001,440.76835931293925,40.43
config_A,test,2050000,0.96,0.08432740427115674,255.5142356609753,210.97126652478588,49.160000000000004,10,0.96,255.5142356609753,49.160000000000004
config_A,test,2060000,0.9199999999999999,0.10954451150103317,188.40953822439275,38.00217747777542,41.2,5,0.9199999999999999,188.40953822439275,41.2
config_A,test,2070000,0.96,0.08944271909999156,183.5911446022971,46.91214703528185,42.57,5,0.96,183.5911446022971,42.57
config_A,test,2080000,0.96,0.08944271909999156,181.58651648796425,51.043169452798914,41.57,5,0.96,181.58651648796425,41.57
config_A,test,2090000,0.96,0.08944271909999156,186.5607479639882,55.08607162239687,41.78,5,0.96,186.5607479639882,41.78
config_A,test,2100000,0.9199999999999999,0.10327955589886444,370.3518195765905,412.58729296643867,41.83,10,0.9199999999999999,370.3518195765905,41.83
config_A,test,2110000,0.9199999999999999,0.10954451150103317,332.54755613181476,378.09379496573877,42.519999999999996,5,0.9199999999999999,332.54755613181476,42.519999999999996
config_A,test,2120000,0.9199999999999999,0.10954451150103317,326.02194642755114,364.02903419850196,43.37,5,0.9199999999999999,326.02194642755114,43.37
config_A,test,2130000,0.96,0.08944271909999156,196.21556915966147,60.579561299460664,42.75,5,0.96,196.21556915966147,42.75
config_A,test,2140000,0.96,0.08944271909999156,184.81513407999083,65.47334570001219,42.61,5,0.96,184.81513407999083,42.61
config_A,test,2150000,0.9199999999999999,0.10327955589886444,364.04805895530774,423.1647501487911,42.06,10,0.9199999999999999,364.04805895530774,42.06
config_A,test,2160000,0.96,0.08944271909999156,191.49767719325476,65.46078856194138,43.28,5,0.96,191.49767719325476,43.28
config_A,test,2170000,0.9199999999999999,0.10954451150103317,359.86084349529085,445.2962140744563,42.010000000000005,5,0.9199999999999999,359.86084349529085,42.010000000000005
config_A,test,2180000,0.8800000000000001,0.17888543819998315,207.5024721783574,74.04654535044038,43.30333333333333,5,0.8800000000000001,207.5024721783574,43.30333333333333
config_A,test,2190000,0.8800000000000001,0.17888543819998315,218.0783504486281,65.17089045899289,47.47333333333333,5,0.8800000000000001,218.0783504486281,47.47333333333333
config_A,test,2200000,0.8400000000000001,0.20655911179772893,428.9478536659141,531.346187924862,44.06666666666667,10,0.8400000000000001,428.9478536659141,44.06666666666667
config_A,test,2210000,0.96,0.08944271909999157,186.21182792774468,41.85036086743792,46.2,5,0.96,186.21182792774468,46.2
config_A,test,2220000,0.96,0.08944271909999156,207.95756951740663,88.06900583642144,47.480000000000004,5,0.96,207.95756951740663,47.480000000000004
config_A,test,2230000,0.96,0.08944271909999156,187.28036198365015,47.589042740306006,42.81,5,0.96,187.28036198365015,42.81
config_A,test,2240000,0.96,0.08944271909999156,322.24619761559654,321.6988586817267,42.87,5,0.96,322.24619761559654,42.87
config_A,test,2250000,0.96,0.08432740427115674,200.8915267349207,76.16083178548588,44.71,10,0.96,200.8915267349207,44.71
config_A,test,2260000,0.8800000000000001,0.1095445115010332,329.95480165672365,261.99982228115306,41.14,5,0.8800000000000001,329.95480165672365,41.14
config_A,test,2270000,1.0,0.0,191.51844288203088,87.73570190631463,44.760000000000005,5,1.0,191.51844288203088,44.760000000000005
config_A,test,2280000,1.0,0.0,192.4945820593744,76.94904216094511,44.519999999999996,5,1.0,192.4945820593744,44.519999999999996
config_A,test,2290000,1.0,0.0,274.00912822740844,240.71584253698677,59.879999999999995,5,1.0,274.00912822740844,59.879999999999995
config_A,test,2300000,0.9199999999999999,0.1686548085423136,345.19975380932794,267.39546636963826,58.626666666666665,10,0.9199999999999999,345.19975380932794,58.626666666666665
config_A,test,2310000,0.9199999999999999,0.1788854381999832,427.2852346080118,400.1524365175167,57.74666666666667,5,0.9199999999999999,427.2852346080118,57.74666666666667
config_A,test,2320000,0.96,0.08944271909999156,505.0912941363599,461.951249010761,60.85,5,0.96,505.0912941363599,60.85
config_A,test,2330000,0.8800000000000001,0.17888543819998318,394.0067590906286,420.2402100859553,42.08,5,0.8800000000000001,394.0067590906286,42.08
config_A,test,2340000,0.9199999999999999,0.10954451150103317,361.13654758103905,366.31814909746026,43.17,5,0.9199999999999999,361.13654758103905,43.17
config_A,test,2350000,0.9199999999999999,0.10327955589886444,385.02305350896427,419.0266139531502,42.010000000000005,10,0.9199999999999999,385.02305350896427,42.010000000000005
config_A,test,2360000,1.0,0.0,190.3633910672471,61.24906618346375,42.72,5,1.0,190.3633910672471,42.72
config_A,test,2370000,1.0,0.0,184.40624398701408,41.23559305994919,41.92,5,1.0,184.40624398701408,41.92
config_A,test,2380000,1.0,0.0,179.83868069162122,32.17880191140422,41.72,5,1.0,179.83868069162122,41.72
config_A,test,2390000,1.0,0.0,185.6214670898534,43.057441795376064,42.68,5,1.0,185.6214670898534,42.68
config_A,test,2400000,1.0,0.0,183.9717813540452,32.83014980298056,42.28,10,1.0,183.9717813540452,42.28
config_A,test,2410000,1.0,0.0,242.89087957778443,176.99750853495655,48.440000000000005,5,1.0,242.89087957778443,48.440000000000005
config_A,test,2420000,0.9199999999999999,0.17888543819998318,535.9427084949341,822.5876812116547,42.2,5,0.9199999999999999,535.9427084949341,42.2
config_A,test,2430000,0.9199999999999999,0.17888543819998318,540.0012273628029,836.1514108521069,41.82666666666667,5,0.9199999999999999,540.0012273628029,41.82666666666667
config_A,test,2440000,0.9199999999999999,0.17888543819998318,526.5059588360268,833.0302066865125,40.586666666666666,5,0.9199999999999999,526.5059588360268,40.586666666666666
config_A,test,2450000,0.96,0.08432740427115677,474.7928038755243,427.44612885448606,55.510000000000005,10,0.96,474.7928038755243,55.510000000000005
config_A,test,2460000,0.9199999999999999,0.17888543819998318,554.3519350030022,827.9185223377569,43.74666666666667,5,0.9199999999999999,554.3519350030022,43.74666666666667
config_A,test,2470000,1.0,0.0,190.77750562576674,56.246233029730405,43.32,5,1.0,190.77750562576674,43.32
config_A,test,2480000,0.96,0.08944271909999156,296.99452455114607,307.31458907810355,54.660000000000004,5,0.96,296.99452455114607,54.660000000000004
config_A,test,2490000,0.96,0.08944271909999156,180.08001417466735,57.078615474562724,43.04,5,0.96,180.08001417466735,43.04
config_A,test,2500000,0.9199999999999999,0.1686548085423136,203.06118869644737,79.00821954811718,42.586666666666666,10,0.9199999999999999,203.06118869644737,42.586666666666666
config_A,test,2510000,0.96,0.08944271909999157,458.10007485025,656.1351262662569,58.870000000000005,5,0.96,458.10007485025,58.870000000000005
config_A,test,2520000,0.9199999999999999,0.10954451150103317,550.8223778990782,559.9157336057212,55.129999999999995,5,0.9199999999999999,550.8223778990782,55.129999999999995
config_A,test,2530000,0.9199999999999999,0.10954451150103317,371.2709793223097,426.2250739003417,45.160000000000004,5,0.9199999999999999,371.2709793223097,45.160000000000004
config_A,test,2540000,0.9199999999999999,0.10954451150103317,355.37568051684946,412.846723867189,43.660000000000004,5,0.9199999999999999,355.37568051684946,43.660000000000004
config_A,test,2550000,0.9199999999999999,0.10327955589886444,491.14767376034206,441.64071192031787,44.85,10,0.9199999999999999,491.14767376034206,44.85
config_A,test,2560000,0.9199999999999999,0.10954451150103317,365.8257120324829,433.7063668717491,44.88,5,0.9199999999999999,365.8257120324829,44.88
config_A,test,2570000,1.0,0.0,205.48616074066632,88.90124748577502,45.64,5,1.0,205.48616074066632,45.64
config_A,test,2580000,1.0,0.0,218.9008571361206,86.6527082040253,47.56,5,1.0,218.9008571361206,47.56
config_A,test,2590000,0.96,0.08944271909999156,189.32476042175207,56.86986707285716,43.489999999999995,5,0.96,189.32476042175207,43.489999999999995
config_A,test,2600000,1.0,0.0,197.1305270392715,65.29022653319477,52.08,10,1.0,197.1305270392715,52.08
config_A,test,2610000,0.96,0.08944271909999156,222.89735311489176,58.90215585046945,63.75999999999999,5,0.96,222.89735311489176,63.75999999999999
config_A,test,2620000,0.96,0.08944271909999156,207.78447187617357,50.97882519550169,50.79,5,0.96,207.78447187617357,50.79
config_A,test,2630000,0.9199999999999999,0.10954451150103317,210.8804102297319,46.346664117655315,47.92,5,0.9199999999999999,210.8804102297319,47.92
config_A,test,2640000,0.9199999999999999,0.10954451150103316,190.96858701584512,37.582783097053195,43.980000000000004,5,0.9199999999999999,190.96858701584512,43.980000000000004
config_A,test,2650000,0.9199999999999999,0.10327955589886444,192.2708413616717,18.589963932587082,43.89,10,0.9199999999999999,192.2708413616717,43.89
config_A,test,2660000,0.96,0.08944271909999156,248.70379603317753,90.95164116441087,54.489999999999995,5,0.96,248.70379603317753,54.489999999999995
config_A,test,2670000,0.9199999999999999,0.10954451150103317,211.82296356089074,54.1162147460567,56.08,5,0.9199999999999999,211.82296356089074,56.08
config_A,test,2680000,0.9199999999999999,0.10954451150103317,218.78718841502382,92.18353441733065,46.510000000000005,5,0.9199999999999999,218.78718841502382,46.510000000000005
config_A,test,2690000,0.9199999999999999,0.10954451150103317,216.03886539413483,88.86922357768991,49.989999999999995,5,0.9199999999999999,216.03886539413483,49.989999999999995
config_A,test,2700000,0.9199999999999999,0.10327955589886444,194.91763874988587,34.05263421474161,46.13,10,0.9199999999999999,194.91763874988587,46.13
config_A,test,2710000,0.8400000000000001,0.1673320053068151,361.6717510103763,437.74876896198117,44.493333333333325,5,0.8400000000000001,361.6717510103763,44.493333333333325
config_A,test,2720000,0.8800000000000001,0.17888543819998318,353.7973185068286,427.0438708106098,42.63333333333333,5,0.8800000000000001,353.7973185068286,42.63333333333333
config_A,test,2730000,0.9199999999999999,0.10954451150103317,181.19218140663583,47.029666102037815,44.39,5,0.9199999999999999,181.19218140663583,44.39
config_A,test,2740000,0.8800000000000001,0.17888543819998315,194.4355669396027,44.48596456654401,58.660000000000004,5,0.8800000000000001,194.4355669396027,58.660000000000004
config_A,test,2750000,0.8400000000000001,0.1577621275493231,378.6874391501022,396.92896479449075,54.56333333333333,10,0.8400000000000001,378.6874391501022,54.56333333333333
config_A,test,2760000,0.8400000000000001,0.1673320053068151,503.67482398173286,497.4003130397285,43.233333333333334,5,0.8400000000000001,503.67482398173286,43.233333333333334
config_A,test,2770000,0.8400000000000001,0.16733200530681513,405.2274656666689,401.01801506226093,45.45,5,0.8400000000000001,405.2274656666689,45.45
config_A,test,2780000,0.8400000000000001,0.16733200530681513,390.4789626014349,409.2067835310874,42.230000000000004,5,0.8400000000000001,390.4789626014349,42.230000000000004
config_A,test,2790000,0.8800000000000001,0.1095445115010332,273.5763934728624,218.96586541954164,45.11,5,0.8800000000000001,273.5763934728624,45.11
config_A,test,2800000,0.9199999999999999,0.10327955589886444,228.72860338999845,108.58079358699,47.89,10,0.9199999999999999,228.72860338999845,47.89
config_A,test,2810000,0.8800000000000001,0.1095445115010332,178.71756650440165,41.14190178511869,41.339999999999996,5,0.8800000000000001,178.71756650440165,41.339999999999996
config_A,test,2820000,0.9199999999999999,0.10954451150103317,269.56380540739275,191.6169204347487,60.95,5,0.9199999999999999,269.56380540739275,60.95
config_A,test,2830000,0.8800000000000001,0.1095445115010332,279.2832570905127,224.83573139726033,46.339999999999996,5,0.8800000000000001,279.2832570905127,46.339999999999996
config_A,test,2840000,0.8800000000000001,0.17888543819998318,173.67012652292584,28.401213886668874,43.87,5,0.8800000000000001,173.67012652292584,43.87
config_A,test,2850000,0.9199999999999999,0.10327955589886444,156.78666223592055,22.279578910333907,46.75,10,0.9199999999999999,156.78666223592055,46.75
config_A,test,2860000,0.96,0.08944271909999156,176.57118027045064,26.4633936685884,63.660000000000004,5,0.96,176.57118027045064,63.660000000000004
config_A,test,2870000,0.8800000000000001,0.1095445115010332,186.65803078206514,35.28983019941435,42.94,5,0.8800000000000001,186.65803078206514,42.94
config_A,test,2880000,0.9199999999999999,0.10954451150103317,188.44810635322006,62.77422315164932,44.85,5,0.9199999999999999,188.44810635322006,44.85
config_A,test,2890000,0.96,0.08944271909999157,181.91575426910288,48.4447814964542,44.010000000000005,5,0.96,181.91575426910288,44.010000000000005
config_A,test,2900000,0.96,0.08432740427115677,362.4669693768633,407.691882008449,43.58,10,0.96,362.4669693768633,43.58
config_A,test,2910000,0.9199999999999999,0.1095445115010332,315.80706700256934,350.5560362951802,42.11,5,0.9199999999999999,315.80706700256934,42.11
config_A,test,2920000,0.9199999999999999,0.1095445115010332,347.10563459915215,410.9767406822638,42.82,5,0.9199999999999999,347.10563459915215,42.82
config_A,test,2930000,0.96,0.08944271909999157,193.7634063761488,53.92940852566104,43.94,5,0.96,193.7634063761488,43.94
config_A,test,2940000,0.96,0.08944271909999157,189.5496301402189,56.00519876867583,43.510000000000005,5,0.96,189.5496301402189,43.510000000000005
config_A,test,2950000,0.8800000000000001,0.16865480854231357,243.07507128207976,125.98776616169937,43.19333333333333,10,0.8800000000000001,243.07507128207976,43.19333333333333
config_A,test,2960000,0.9199999999999999,0.1788854381999832,186.97428872430132,55.65503053800345,43.05333333333333,5,0.9199999999999999,186.97428872430132,43.05333333333333
config_A,test,2970000,0.8800000000000001,0.17888543819998318,176.3722490737644,42.47699525560263,42.589999999999996,5,0.8800000000000001,176.3722490737644,42.589999999999996
config_A,test,2980000,0.8400000000000001,0.21908902300206645,259.28743007951266,125.50012368624527,44.586666666666666,5,0.8400000000000001,259.28743007951266,44.586666666666666
config_A,test,2990000,0.9199999999999999,0.10954451150103317,182.54165066639837,56.93595030129849,43.11,5,0.9199999999999999,182.54165066639837,43.11
config_A,test,3000000,0.8800000000000001,0.16865480854231357,209.45471068619372,101.56073883606123,48.0,10,0.8800000000000001,209.45471068619372,48.0
config_A,test,3010000,0.8800000000000001,0.17888543819998318,165.56889988218734,22.113638327896993,41.62333333333333,5,0.8800000000000001,165.56889988218734,41.62333333333333
config_A,test,3020000,0.9199999999999999,0.10954451150103317,176.33354244428,39.39118222097479,43.089999999999996,5,0.9199999999999999,176.33354244428,43.089999999999996
config_A,test,3030000,0.9199999999999999,0.10954451150103317,180.04254812425106,37.887370073097834,43.769999999999996,5,0.9199999999999999,180.04254812425106,43.769999999999996
config_A,test,3040000,1.0,0.0,206.5381729262393,69.4733735570473,45.239999999999995,5,1.0,206.5381729262393,45.239999999999995
config_A,test,3050000,0.96,0.08432740427115677,207.36165018543244,50.47757667731329,47.269999999999996,10,0.96,207.36165018543244,47.269999999999996
config_A,test,3060000,0.96,0.08944271909999157,194.34467218403876,74.04745070528342,43.989999999999995,5,0.96,194.34467218403876,43.989999999999995
config_A,test,3070000,0.96,0.08944271909999157,225.52814803590067,35.00732011038583,47.64,5,0.96,225.52814803590067,47.64
config_A,test,3080000,0.9199999999999999,0.10954451150103317,204.9338444318279,39.262161289573,45.47,5,0.9199999999999999,204.9338444318279,45.47
config_A,test,3090000,0.96,0.08944271909999157,183.79171646121335,31.670283077782102,45.730000000000004,5,0.96,183.79171646121335,45.730000000000004
config_A,test,3100000,0.96,0.08432740427115677,200.6180551461534,32.297501034747825,43.29,10,0.96,200.6180551461534,43.29
config_A,test,3110000,0.96,0.08944271909999157,187.14632211693578,26.92208939167443,42.04,5,0.96,187.14632211693578,42.04
config_A,test,3120000,0.96,0.08944271909999157,224.6955495158445,39.60826923213551,47.29,5,0.96,224.6955495158445,47.29
config_A,test,3130000,0.96,0.08944271909999157,217.90146530844635,60.09440493313081,46.11,5,0.96,217.90146530844635,46.11
config_A,test,3140000,0.96,0.08944271909999157,202.1118363671009,44.30631696011822,44.11,5,0.96,202.1118363671009,44.11
config_A,test,3150000,0.9199999999999999,0.10327955589886444,211.3754747001702,53.15973246138079,46.53,10,0.9199999999999999,211.3754747001702,46.53
config_A,test,3160000,0.8800000000000001,0.1788854381999832,190.26209406895862,24.026112580252956,45.086666666666666,5,0.8800000000000001,190.26209406895862,45.086666666666666
config_A,test,3170000,0.8800000000000001,0.10954451150103317,237.45562692892955,82.17069892110233,54.52,5,0.8800000000000001,237.45562692892955,54.52
config_A,test,3180000,0.9199999999999999,0.10954451150103317,342.6602516477621,252.32086650350385,49.39,5,0.9199999999999999,342.6602516477621,49.39
config_A,test,3190000,0.9199999999999999,0.10954451150103317,220.68312973763076,50.65600841495195,47.839999999999996,5,0.9199999999999999,220.68312973763076,47.839999999999996
config_A,test,3200000,0.9199999999999999,0.1686548085423136,215.30393507300715,91.20061239341673,64.17333333333333,10,0.9199999999999999,215.30393507300715,64.17333333333333
config_A,test,3210000,0.8800000000000001,0.17888543819998318,207.51280574536258,47.05869822574064,46.516666666666666,5,0.8800000000000001,207.51280574536258,46.516666666666666
config_A,test,3220000,0.96,0.08944271909999156,271.89056903621895,135.14685356853627,52.7,5,0.96,271.89056903621895,52.7
config_A,test,3230000,0.96,0.08944271909999156,222.7905668354325,79.00511053651677,47.260000000000005,5,0.96,222.7905668354325,47.260000000000005
config_A,test,3240000,0.9199999999999999,0.10954451150103317,229.0976150281809,56.11327294211832,60.160000000000004,5,0.9199999999999999,229.0976150281809,60.160000000000004
config_A,test,3250000,0.9199999999999999,0.10327955589886444,182.37166230729272,18.966483167838877,42.839999999999996,10,0.9199999999999999,182.37166230729272,42.839999999999996
config_A,test,3260000,0.8800000000000001,0.17888543819998318,197.58618967046792,41.5422386410358,44.1,5,0.8800000000000001,197.58618967046792,44.1
config_A,test,3270000,0.8800000000000001,0.1095445115010332,224.29104755118297,75.9306071088135,45.260000000000005,5,0.8800000000000001,224.29104755118297,45.260000000000005
config_A,test,3280000,0.9199999999999999,0.10954451150103317,283.1145580299079,231.61746109108995,45.87,5,0.9199999999999999,283.1145580299079,45.87
config_A,test,3290000,0.96,0.08944271909999156,212.85397165173964,62.87457070228577,44.739999999999995,5,0.96,212.85397165173964,44.739999999999995
config_A,test,3300000,0.96,0.08432740427115674,227.3198896074411,93.74822556369703,48.010000000000005,10,0.96,227.3198896074411,48.010000000000005
config_A,test,3310000,0.96,0.08944271909999156,196.694224731325,40.14049576625833,43.089999999999996,5,0.96,196.694224731325,43.089999999999996
config_A,test,3320000,0.9199999999999999,0.1095445115010332,315.99310055023494,306.8653256758115,45.96,5,0.9199999999999999,315.99310055023494,45.96
config_A,test,3330000,0.9199999999999999,0.1095445115010332,176.79082613893365,27.378207683329173,42.269999999999996,5,0.9199999999999999,176.79082613893365,42.269999999999996
config_A,test,3340000,0.96,0.08944271909999157,174.05465891632983,36.187409424785535,41.96,5,0.96,174.05465891632983,41.96
config_A,test,3350000,0.96,0.08432740427115677,174.11675674269685,40.531617494381166,42.64,10,0.96,174.11675674269685,42.64
config_A,test,3360000,0.96,0.08944271909999157,207.1023815936991,52.19596066584323,44.6,5,0.96,207.1023815936991,44.6
config_A,test,3370000,1.0,0.0,178.8599559780564,37.02719648689567,41.36,5,1.0,178.8599559780564,41.36
config_A,test,3380000,0.96,0.08944271909999157,173.28299996950096,29.82269540976145,41.839999999999996,5,0.96,173.28299996950096,41.839999999999996
config_A,test,3390000,1.0,0.0,166.61161729437384,27.444688115791603,43.88,5,1.0,166.61161729437384,43.88
config_A,test,3400000,0.96,0.08432740427115677,184.1853411115241,72.75339577276316,43.58,10,0.96,184.1853411115241,43.58
config_A,test,3410000,0.9199999999999999,0.1095445115010332,224.52895475648137,134.9387031528576,50.05,5,0.9199999999999999,224.52895475648137,50.05
config_A,test,3420000,0.9199999999999999,0.17888543819998318,202.99256840588762,57.930344525337645,44.94666666666667,5,0.9199999999999999,202.99256840588762,44.94666666666667
config_A,test,3430000,0.96,0.08944271909999157,185.4786055502917,46.82504794039946,42.05,5,0.96,185.4786055502917,42.05
config_A,test,3440000,1.0,0.0,174.21142860489647,51.28654752344218,44.56,5,1.0,174.21142860489647,44.56
config_A,test,3450000,0.96,0.08432740427115677,185.73524456028377,30.924871011612947,43.54,10,0.96,185.73524456028377,43.54
config_A,test,3460000,0.9199999999999999,0.17888543819998318,184.18805480475132,39.98207287997752,42.69333333333333,5,0.9199999999999999,184.18805480475132,42.69333333333333
config_A,test,3470000,1.0,0.0,167.05119788471163,41.320480467254,41.28,5,1.0,167.05119788471163,41.28
config_A,test,3480000,0.9199999999999999,0.1095445115010332,173.64628846905302,44.22212001406043,41.61,5,0.9199999999999999,173.64628846905302,41.61
config_A,test,3490000,0.9199999999999999,0.1095445115010332,168.3725718229054,42.10302587444893,41.31,5,0.9199999999999999,168.3725718229054,41.31
config_A,test,3500000,0.96,0.08432740427115677,165.07803994490214,33.45468810378696,42.83,10,0.96,165.07803994490214,42.83
config_A,test,3510000,1.0,0.0,178.2815692337771,35.67309388346081,41.56,5,1.0,178.2815692337771,41.56
config_A,test,3520000,1.0,0.0,185.46795611131637,29.168765597993325,42.32,5,1.0,185.46795611131637,42.32
config_A,test,3530000,1.0,0.0,183.9645306051088,37.68021629901633,42.480000000000004,5,1.0,183.9645306051088,42.480000000000004
config_A,test,3540000,0.96,0.08944271909999156,178.8732155125253,47.76037622913064,41.410000000000004,5,0.96,178.8732155125253,41.410000000000004
config_A,test,3550000,1.0,0.0,175.24133396203166,44.41174860546086,41.64,10,1.0,175.24133396203166,41.64
config_A,test,3560000,1.0,0.0,182.51811354538265,27.299266228306564,42.68,5,1.0,182.51811354538265,42.68
config_A,test,3570000,1.0,0.0,189.12358747371528,33.85849140685276,42.88,5,1.0,189.12358747371528,42.88
config_A,test,3580000,0.96,0.08944271909999156,174.6026173536878,40.867194992323725,41.54,5,0.96,174.6026173536878,41.54
config_A,test,3590000,0.96,0.08944271909999156,171.81547161706857,35.41817462888042,41.79,5,0.96,171.81547161706857,41.79
config_A,test,3600000,0.96,0.08432740427115674,159.85502941878784,24.80244498591295,40.86,10,0.96,159.85502941878784,40.86
config_A,test,3610000,1.0,0.0,173.17493423327832,42.42011519999979,41.760000000000005,5,1.0,173.17493423327832,41.760000000000005
config_A,test,3620000,1.0,0.0,171.02831256263624,37.030265052042914,41.08,5,1.0,171.02831256263624,41.08
config_A,test,3630000,1.0,0.0,171.16729720509153,33.18612156543572,41.12,5,1.0,171.16729720509153,41.12
config_A,test,3640000,1.0,0.0,172.45076005712116,35.8916627915012,40.96,5,1.0,172.45076005712116,40.96
config_A,test,3650000,1.0,0.0,174.316930869844,25.268172446644805,40.88,10,1.0,174.316930869844,40.88
config_A,test,3660000,0.96,0.08944271909999157,316.39080736763754,317.70941112584387,40.25,5,0.96,316.39080736763754,40.25
config_A,test,3670000,1.0,0.0,182.62827209346557,23.120166035180628,41.480000000000004,5,1.0,182.62827209346557,41.480000000000004
config_A,test,3680000,1.0,0.0,187.4173481249001,28.18641123331351,42.08,5,1.0,187.4173481249001,42.08
config_A,test,3690000,1.0,0.0,176.32965597826842,21.57744616052758,41.04,5,1.0,176.32965597826842,41.04
config_A,test,3700000,1.0,0.0,181.7824540999133,24.40141970630512,41.839999999999996,10,1.0,181.7824540999133,41.839999999999996
config_A,test,3710000,0.96,0.08944271909999156,185.51613109293257,30.33775264108524,41.93,5,0.96,185.51613109293257,41.93
config_A,test,3720000,0.96,0.08944271909999156,185.573839970686,46.9963194617897,51.85,5,0.96,185.573839970686,51.85
config_A,test,3730000,0.8800000000000001,0.17888543819998318,171.78741879142262,43.91294461892238,41.67,5,0.8800000000000001,171.78741879142262,41.67
config_A,test,3740000,0.8800000000000001,0.17888543819998318,198.72831571389094,51.520609611277486,40.80333333333333,5,0.8800000000000001,198.72831571389094,40.80333333333333
config_A,test,3750000,0.9199999999999999,0.10327955589886444,165.1036344227434,21.605997598602773,40.71,10,0.9199999999999999,165.1036344227434,40.71
config_A,test,3760000,0.96,0.08944271909999157,162.1697689895669,28.32592318207209,42.160000000000004,5,0.96,162.1697689895669,42.160000000000004
config_A,test,3770000,1.0,0.0,162.94836488544658,27.251718551821646,43.88,5,1.0,162.94836488544658,43.88
config_A,test,3780000,0.96,0.08944271909999156,192.54891476064336,58.18454591944463,46.06,5,0.96,192.54891476064336,46.06
config_A,test,3790000,0.96,0.08944271909999156,175.39306603926357,32.47645579404468,46.0,5,0.96,175.39306603926357,46.0
config_A,test,3800000,1.0,0.0,167.19868771574482,28.761985073417918,42.480000000000004,10,1.0,167.19868771574482,42.480000000000004
config_A,test,3810000,0.96,0.08944271909999156,174.59768839586718,33.99741348668771,40.79,5,0.96,174.59768839586718,40.79
config_A,test,3820000,0.96,0.08944271909999156,164.94357970244783,20.67967707932895,40.68,5,0.96,164.94357970244783,40.68
config_A,test,3830000,1.0,0.0,168.3137807663581,23.32715252388917,42.92,5,1.0,168.3137807663581,42.92
config_A,test,3840000,1.0,0.0,171.8649424940213,19.587494622405817,44.4,5,1.0,171.8649424940213,44.4
config_A,test,3850000,0.96,0.08432740427115674,173.12259764099818,18.664534362583755,42.03,10,0.96,173.12259764099818,42.03
config_A,test,3860000,0.96,0.08944271909999156,167.62724276565837,20.2459164384947,40.81,5,0.96,167.62724276565837,40.81
config_A,test,3870000,0.96,0.08944271909999156,167.9722142454824,19.586250086313477,40.87,5,0.96,167.9722142454824,40.87
config_A,test,3880000,0.96,0.08944271909999156,161.71776526460502,15.858015862091229,41.05,5,0.96,161.71776526460502,41.05
config_A,test,3890000,0.96,0.08944271909999156,164.65123932201666,10.885580533889469,41.7,5,0.96,164.65123932201666,41.7
config_A,test,3900000,0.96,0.08432740427115674,164.5416852946292,16.8690946330659,40.75,10,0.96,164.5416852946292,40.75
config_A,test,3910000,0.96,0.08944271909999156,162.63532070715536,21.07559244541732,40.769999999999996,5,0.96,162.63532070715536,40.769999999999996
config_A,test,3920000,1.0,0.0,156.25144868393448,43.48317400478205,44.96,5,1.0,156.25144868393448,44.96
config_A,test,3930000,0.96,0.08944271909999156,166.05411342130085,28.342016343332862,41.07,5,0.96,166.05411342130085,41.07
config_A,test,3940000,0.96,0.08944271909999156,171.2765794469782,20.780783263973994,41.279999999999994,5,0.96,171.2765794469782,41.279999999999994
config_A,test,3950000,0.96,0.08432740427115674,160.46306962295984,35.65821852177573,40.980000000000004,10,0.96,160.46306962295984,40.980000000000004
config_A,test,3960000,0.96,0.08944271909999156,160.48889092429425,29.492529294762726,41.11,5,0.96,160.48889092429425,41.11
config_A,test,3970000,0.96,0.08944271909999156,189.65518908356816,76.89065100539503,40.64,5,0.96,189.65518908356816,40.64
config_A,test,3980000,0.96,0.08944271909999156,154.8388011668071,28.098729122212674,45.230000000000004,5,0.96,154.8388011668071,45.230000000000004
config_A,test,3990000,0.96,0.08944271909999156,154.5759356356967,32.34671047621333,44.47,5,0.96,154.5759356356967,44.47
config_A,test,4000000,1.0,0.0,181.24745160023662,28.649635242085107,42.44,10,1.0,181.24745160023662,42.44
config_A,test,4010000,1.0,0.0,184.5964500980652,34.81974056878773,44.12,5,1.0,184.5964500980652,44.12
config_A,test,4020000,0.9199999999999999,0.1788854381999832,191.36525792823718,48.92155857938033,41.14666666666667,5,0.9199999999999999,191.36525792823718,41.14666666666667
config_A,test,4030000,1.0,0.0,168.80643314551725,23.79017683045771,52.839999999999996,5,1.0,168.80643314551725,52.839999999999996
config_A,test,4040000,0.9199999999999999,0.1788854381999832,166.66370410261476,23.571923401887197,41.013333333333335,5,0.9199999999999999,166.66370410261476,41.013333333333335
config_A,test,4050000,0.9199999999999999,0.1686548085423136,230.59696444298112,120.02155684960384,41.04,10,0.9199999999999999,230.59696444298112,41.04
config_A,test,4060000,0.96,0.08944271909999156,168.4843206223963,21.77904284833293,40.96,5,0.96,168.4843206223963,40.96
config_A,test,4070000,0.96,0.08944271909999156,190.2073626915997,38.0148071274267,41.25,5,0.96,190.2073626915997,41.25
config_A,test,4080000,1.0,0.0,184.61975678932328,38.729326436086936,42.56,5,1.0,184.61975678932328,42.56
config_A,test,4090000,1.0,0.0,176.6167553168099,32.922312991758986,54.120000000000005,5,1.0,176.6167553168099,54.120000000000005
config_A,test,4100000,0.96,0.08432740427115677,181.71831088323387,30.19606027726756,42.6,10,0.96,181.71831088323387,42.6
config_A,test,4110000,1.0,0.0,183.40079312945028,28.104046528457967,41.839999999999996,5,1.0,183.40079312945028,41.839999999999996
config_A,test,4120000,0.96,0.08944271909999156,185.39181734899861,59.94179454650098,42.93,5,0.96,185.39181734899861,42.93
config_A,test,4130000,0.96,0.08944271909999156,178.40669879458449,55.84268766640447,44.35,5,0.96,178.40669879458449,44.35
config_A,test,4140000,0.8800000000000001,0.17888543819998318,172.46513410028672,16.439069782477066,40.75333333333333,5,0.8800000000000001,172.46513410028672,40.75333333333333
config_A,test,4150000,0.9199999999999999,0.1686548085423136,173.41686433108367,33.96505866049977,41.66666666666667,10,0.9199999999999999,173.41686433108367,41.66666666666667
config_A,test,4160000,1.0,0.0,182.32531726133544,42.11205366857147,46.64,5,1.0,182.32531726133544,46.64
config_A,test,4170000,0.96,0.08944271909999156,174.702165359344,22.07355315584389,41.9,5,0.96,174.702165359344,41.9
config_A,test,4180000,1.0,0.0,188.18072578977063,60.956703908879284,44.72,5,1.0,188.18072578977063,44.72
config_A,test,4190000,0.96,0.08944271909999156,170.18817429613335,41.24304713770935,42.589999999999996,5,0.96,170.18817429613335,42.589999999999996
config_A,test,4200000,0.96,0.08432740427115674,248.1458017523516,150.10442244380064,42.72,10,0.96,248.1458017523516,42.72
config_A,test,4210000,1.0,0.0,177.2178370093649,24.648200074697442,42.12,5,1.0,177.2178370093649,42.12
config_A,test,4220000,0.96,0.08944271909999156,169.0629373472404,40.11999773011486,42.17,5,0.96,169.0629373472404,42.17
config_A,test,4230000,0.96,0.08944271909999156,167.72733050836757,41.18400324453766,41.53,5,0.96,167.72733050836757,41.53
config_A,test,4240000,0.96,0.08944271909999156,167.38809857360633,39.36853847948896,41.489999999999995,5,0.96,167.38809857360633,41.489999999999995
config_A,test,4250000,0.9199999999999999,0.10327955589886444,171.9541787174329,34.315401153037556,41.32,10,0.9199999999999999,171.9541787174329,41.32
config_A,test,4260000,0.96,0.08944271909999156,169.51648106594905,39.9117824966908,47.089999999999996,5,0.96,169.51648106594905,47.089999999999996
config_A,test,4270000,0.9199999999999999,0.1095445115010332,171.40258019357987,38.65556187352064,42.95,5,0.9199999999999999,171.40258019357987,42.95
config_A,test,4280000,0.96,0.08944271909999157,178.91661494937475,29.292064010035357,42.18,5,0.96,178.91661494937475,42.18
config_A,test,4290000,0.96,0.08944271909999157,185.93118627083487,45.968020945522234,43.2,5,0.96,185.93118627083487,43.2
config_A,test,4300000,1.0,0.0,179.74876528429382,23.757887706128496,41.88,10,1.0,179.74876528429382,41.88
config_A,test,4310000,1.0,0.0,176.8544782285564,20.427298263223175,41.4,5,1.0,176.8544782285564,41.4
config_A,test,4320000,1.0,0.0,175.0110134642719,20.781508361139352,41.040000000000006,5,1.0,175.0110134642719,41.040000000000006
config_A,test,4330000,0.96,0.08944271909999157,171.89051434307478,19.81073057058879,41.35,5,0.96,171.89051434307478,41.35
config_A,test,4340000,0.9199999999999999,0.10954451150103317,206.40518874694894,76.33944732165455,42.12,5,0.9199999999999999,206.40518874694894,42.12
config_A,test,4350000,0.96,0.08432740427115677,191.7088296549171,44.26657839615046,43.07,10,0.96,191.7088296549171,43.07
config_A,test,4360000,0.96,0.08944271909999157,167.59514632196115,19.98450660028658,41.45,5,0.96,167.59514632196115,41.45
config_A,test,4370000,1.0,0.0,168.05542001130243,20.264448514939158,41.67999999999999,5,1.0,168.05542001130243,41.67999999999999
config_A,test,4380000,0.9199999999999999,0.10954451150103317,234.13058164322283,142.0534156065202,41.62,5,0.9199999999999999,234.13058164322283,41.62
config_A,test,4390000,0.8800000000000001,0.17888543819998315,176.2416675571312,24.039907281236847,41.88333333333333,5,0.8800000000000001,176.2416675571312,41.88333333333333
config_A,test,4400000,0.9199999999999999,0.10327955589886444,167.8418500868956,22.221487766421063,43.71,10,0.9199999999999999,167.8418500868956,43.71
config_A,test,4410000,0.96,0.08944271909999157,180.0435514630903,39.97597117087469,78.44,5,0.96,180.0435514630903,78.44
config_A,test,4420000,0.8800000000000001,0.1095445115010332,183.35858754288193,47.98935002830539,45.25,5,0.8800000000000001,183.35858754288193,45.25
config_A,test,4430000,0.9199999999999999,0.10954451150103317,197.49857796068414,70.33680443161722,41.160000000000004,5,0.9199999999999999,197.49857796068414,41.160000000000004
config_A,test,4440000,0.8800000000000001,0.1095445115010332,162.94406129457477,31.884597276463268,41.42,5,0.8800000000000001,162.94406129457477,41.42
config_A,test,4450000,0.8400000000000001,0.08432740427115676,176.3292845757243,35.756206286853924,42.11,10,0.8400000000000001,176.3292845757243,42.11
config_A,test,4460000,0.8800000000000001,0.1095445115010332,178.18487249462856,41.52430254912127,41.87,5,0.8800000000000001,178.18487249462856,41.87
config_A,test,4470000,0.8800000000000001,0.1095445115010332,164.66284366870926,28.128652341106303,41.71,5,0.8800000000000001,164.66284366870926,41.71
config_A,test,4480000,0.96,0.08944271909999156,171.28313938554902,28.53602734799088,55.260000000000005,5,0.96,171.28313938554902,55.260000000000005
config_A,test,4490000,0.9199999999999999,0.10954451150103317,186.08878946112594,45.28201258915598,43.92,5,0.9199999999999999,186.08878946112594,43.92
config_A,test,4500000,0.8800000000000001,0.10327955589886444,189.36119889410915,40.178077557413914,45.37,10,0.8800000000000001,189.36119889410915,45.37
config_A,test,4510000,0.8800000000000001,0.1095445115010332,310.72949973714043,300.76742991710415,50.79,5,0.8800000000000001,310.72949973714043,50.79
config_A,test,4520000,0.9199999999999999,0.1095445115010332,173.238420816772,35.55853159122408,44.31,5,0.9199999999999999,173.238420816772,44.31
config_A,test,4530000,0.8400000000000001,0.1673320053068151,168.29222620650972,31.31162159886368,45.10666666666667,5,0.8400000000000001,168.29222620650972,45.10666666666667
config_A,test,4540000,0.8400000000000001,0.260768096208106,152.27571906598905,32.08239936494316,41.11,5,0.8400000000000001,152.27571906598905,41.11
config_A,test,4550000,0.8400000000000001,0.24585451886114365,154.91129097748,29.763521888931876,40.78,10,0.8400000000000001,154.91129097748,40.78
config_A,test,4560000,0.8400000000000001,0.16733200530681508,181.84400500903837,26.164666070737198,43.13666666666667,5,0.8400000000000001,181.84400500903837,43.13666666666667
config_A,test,4570000,0.8800000000000001,0.17888543819998315,227.1722216642886,118.17412448956713,41.64666666666667,5,0.8800000000000001,227.1722216642886,41.64666666666667
config_A,test,4580000,0.8800000000000001,0.17888543819998315,198.36695467907248,97.66891469748973,41.263333333333335,5,0.8800000000000001,198.36695467907248,41.263333333333335
config_A,test,4590000,0.8800000000000001,0.17888543819998315,177.58456962707888,42.92286802593759,42.11333333333333,5,0.8800000000000001,177.58456962707888,42.11333333333333
config_A,test,4600000,0.8400000000000001,0.20655911179772893,420.608423226582,388.6398551942766,41.70666666666666,10,0.8400000000000001,420.608423226582,41.70666666666666
config_A,test,4610000,0.8400000000000001,0.21908902300206642,358.62696211057516,419.4455233475701,44.413333333333334,5,0.8400000000000001,358.62696211057516,44.413333333333334
config_A,test,4620000,0.8,0.2,384.124586845387,439.9859570136896,44.95666666666666,5,0.8,384.124586845387,44.95666666666666
config_A,test,4630000,0.9199999999999999,0.10954451150103317,325.1532941064755,352.74619259104634,46.89,5,0.9199999999999999,325.1532941064755,46.89
config_A,test,4640000,0.8800000000000001,0.17888543819998315,336.4694199688337,324.3572383948462,44.36,5,0.8800000000000001,336.4694199688337,44.36
config_A,test,4650000,0.9199999999999999,0.10327955589886444,200.64624828805026,58.52232279381126,45.05,10,0.9199999999999999,200.64624828805026,45.05
config_A,test,4660000,0.96,0.08944271909999156,202.43659197268408,63.45209114529899,46.35,5,0.96,202.43659197268408,46.35
config_A,test,4670000,0.8800000000000001,0.17888543819998318,348.867395934278,431.9920159992394,43.273333333333326,5,0.8800000000000001,348.867395934278,43.273333333333326
config_A,test,4680000,0.8800000000000001,0.1095445115010332,168.7705567965858,30.819547209935337,42.760000000000005,5,0.8800000000000001,168.7705567965858,42.760000000000005
config_A,test,4690000,0.96,0.08944271909999156,194.7926110921846,70.2147534831433,53.52,5,0.96,194.7926110921846,53.52
config_A,test,4700000,0.9199999999999999,0.10327955589886444,189.02809750164292,45.39339179346202,42.88,10,0.9199999999999999,189.02809750164292,42.88
config_A,test,4710000,0.9199999999999999,0.10954451150103317,189.0340366029732,60.14019404437944,41.69,5,0.9199999999999999,189.0340366029732,41.69
config_A,test,4720000,0.96,0.08944271909999156,206.52461832102304,68.73081687181404,43.43,5,0.96,206.52461832102304,43.43
config_A,test,4730000,0.96,0.08944271909999156,200.2642979868533,38.49055476426745,44.83,5,0.96,200.2642979868533,44.83
config_A,test,4740000,0.9199999999999999,0.10954451150103317,193.88034030285968,36.17408200426155,43.32,5,0.9199999999999999,193.88034030285968,43.32
config_A,test,4750000,0.9199999999999999,0.10327955589886444,280.61992973840836,202.94774085040746,48.46,10,0.9199999999999999,280.61992973840836,48.46
config_A,test,4760000,0.96,0.08944271909999156,179.62067444908607,49.14215206019534,44.13,5,0.96,179.62067444908607,44.13
config_A,test,4770000,0.96,0.08944271909999156,183.7226366829247,29.42533202369528,44.17999999999999,5,0.96,183.7226366829247,44.17999999999999
config_A,test,4780000,1.0,0.0,197.02932406894882,31.72564947883145,55.0,5,1.0,197.02932406894882,55.0
config_A,test,4790000,0.9199999999999999,0.10954451150103317,192.10262521435777,34.81764552976462,42.79,5,0.9199999999999999,192.10262521435777,42.79
config_A,test,4800000,0.96,0.08432740427115674,195.46304639945464,20.21233685809208,52.46,10,0.96,195.46304639945464,52.46
config_A,test,4810000,0.8800000000000001,0.1095445115010332,222.18727828046826,46.347674713908475,45.660000000000004,5,0.8800000000000001,222.18727828046826,45.660000000000004
config_A,test,4820000,0.9199999999999999,0.10954451150103317,336.3210104948905,344.4749840453005,44.6,5,0.9199999999999999,336.3210104948905,44.6
config_A,test,4830000,0.96,0.08944271909999156,187.24446506674332,26.783457971348565,43.760000000000005,5,0.96,187.24446506674332,43.760000000000005
config_A,test,4840000,0.96,0.08944271909999156,200.44898527669662,42.915498156018,44.79,5,0.96,200.44898527669662,44.79
config_A,test,4850000,0.96,0.08432740427115674,185.49206907390482,31.342885099035826,43.480000000000004,10,0.96,185.49206907390482,43.480000000000004
config_A,test,4860000,0.96,0.08944271909999156,176.62832000514786,28.777978709654477,42.13,5,0.96,176.62832000514786,42.13
config_A,test,4870000,0.96,0.08944271909999156,187.63731171529722,33.35030061956535,43.14,5,0.96,187.63731171529722,43.14
config_A,test,4880000,0.96,0.08944271909999156,187.9530836355633,37.07986730974521,43.54,5,0.96,187.9530836355633,43.54
config_A,test,4890000,0.96,0.08944271909999156,193.36364197622152,56.759600709411465,43.25,5,0.96,193.36364197622152,43.25
config_A,test,4900000,1.0,0.0,183.94340492418334,30.433901830913246,54.96,10,1.0,183.94340492418334,54.96
config_A,test,4910000,0.96,0.08944271909999156,187.93370834129797,40.30618952234867,43.39,5,0.96,187.93370834129797,43.39
config_A,test,4920000,0.96,0.08944271909999156,180.08189935883348,38.7650916046678,42.69,5,0.96,180.08189935883348,42.69
config_A,test,4930000,0.96,0.08944271909999156,180.3171748496075,34.73745713170848,43.03,5,0.96,180.3171748496075,43.03
config_A,test,4940000,0.9199999999999999,0.10954451150103317,179.4565151715059,33.860436312538546,42.55,5,0.9199999999999999,179.4565151715059,42.55
config_A,test,4950000,0.96,0.08432740427115674,192.55576865016565,32.12766821241179,44.12,10,0.96,192.55576865016565,44.12
config_A,test,4960000,0.96,0.08944271909999156,196.38570211397655,32.44900043098809,44.17,5,0.96,196.38570211397655,44.17
config_A,test,4970000,1.0,0.0,216.0443341966373,45.315283157674024,49.4,5,1.0,216.0443341966373,49.4
config_A,test,4980000,0.96,0.08944271909999156,194.82561494016562,35.82518134059601,43.37,5,0.96,194.82561494016562,43.37
config_A,test,4990000,0.96,0.08944271909999156,200.81938639709603,66.77878284687407,44.31,5,0.96,200.81938639709603,44.31
config_A,test,5000000,0.96,0.08944271909999156,218.37341214685725,68.46860868437128,46.489999999999995,5,0.96,218.37341214685725,46.489999999999995
config_A,train,10000,0.013333333333333319,0.01987615979999811,87.0312464642503,65.24437575044014,377.0,5,0.013333333333333319,87.0312464642503,377.0
config_A,train,20000,0.048888888888888885,0.05752079602464349,155.93285695121784,40.42541283510479,160.4,5,0.048888888888888885,155.93285695121784,160.4
config_A,train,30000,0.05777777777777776,0.08403409067195128,182.26155281555637,115.19886552879342,230.74074074074076,5,0.05777777777777776,182.26155281555637,230.74074074074076
config_A,train,40000,0.03555555555555554,0.07950463919999248,226.3188363053144,131.87381917690627,106.25,5,0.03555555555555554,226.3188363053144,106.25
config_A,train,50000,0.0311111111111111,0.05463433752469858,213.3168139211901,152.45567392683,105.5,10,0.0311111111111111,213.3168139211901,105.5
config_A,train,60000,0.03999999999999998,0.059628479399994376,218.97099931351516,141.2593583967919,132.91666666666666,5,0.03999999999999998,218.97099931351516,132.91666666666666
config_A,train,70000,0.00444444444444444,0.009938079899999055,264.78448317036936,87.21170434109504,60.0,5,0.00444444444444444,264.78448317036936,60.0
config_A,train,80000,0.013333333333333319,0.012171612389003678,236.2456513384987,82.34513164345847,186.66666666666666,5,0.013333333333333319,236.2456513384987,186.66666666666666
config_A,train,90000,0.00888888888888888,0.012171612389003678,250.09403302456968,101.2770238147929,362.5,5,0.00888888888888888,250.09403302456968,362.5
config_A,train,100000,0.0,0.0,432.9862038304145,262.6735452740508,,10,0.0,432.9862038304145,
config_A,train,110000,0.00888888888888888,0.01987615979999811,444.3492211398014,343.1227574413181,336.5,5,0.00888888888888888,444.3492211398014,336.5
config_A,train,120000,0.0311111111111111,0.05794846582402353,481.15409514931764,297.8733079530795,106.5,5,0.0311111111111111,481.15409514931764,106.5
config_A,train,130000,0.0311111111111111,0.05794846582402353,434.4788009144378,286.62481143213546,127.66666666666666,5,0.0311111111111111,434.4788009144378,127.66666666666666
config_A,train,140000,0.0222222222222222,0.03849001794597501,592.5203204145112,378.18328499343295,66.0,5,0.0222222222222222,592.5203204145112,66.0
config_A,train,150000,0.02666666666666666,0.05621826951410451,876.7134327901767,633.7742409744803,103.5,10,0.02666666666666666,876.7134327901767,103.5
config_A,train,160000,0.02666666666666666,0.04817662975261955,1060.4303676563493,803.2840989408377,161.3,5,0.02666666666666666,1060.4303676563493,161.3
config_A,train,170000,0.03555555555555554,0.046080980785172705,1226.4690539479416,795.0120125172963,228.1,5,0.03555555555555554,1226.4690539479416,228.1
config_A,train,180000,0.04444444444444442,0.052115730664704756,1236.5943736502406,805.5645217930546,70.83333333333333,5,0.04444444444444442,1236.5943736502406,70.83333333333333
config_A,train,190000,0.03555555555555552,0.04036867138796651,1101.0197325630545,766.8080034576708,193.25,5,0.03555555555555552,1101.0197325630545,193.25
config_A,train,200000,0.07555555555555554,0.09322745317068012,1135.8624679212487,714.2262407873619,143.0,10,0.07555555555555554,1135.8624679212487,143.0
config_A,train,210000,0.07555555555555554,0.10493972402771194,1119.3979386713943,805.3132669057736,100.53333333333335,5,0.07555555555555554,1119.3979386713943,100.53333333333335
config_A,train,220000,0.12444444444444443,0.15120911854403554,1311.4395288032633,696.4793113564915,153.83333333333331,5,0.12444444444444443,1311.4395288032633,153.83333333333331
config_A,train,230000,0.11999999999999997,0.13109227736669002,1281.0097846753706,810.9055446120537,155.15674603174602,5,0.11999999999999997,1281.0097846753706,155.15674603174602
config_A,train,240000,0.15999999999999998,0.144358949056993,1417.9160824250462,674.6653945459135,133.97564102564104,5,0.15999999999999998,1417.9160824250462,133.97564102564104
config_A,train,250000,0.14666666666666664,0.1666913561959728,1309.5523115852416,711.7945568161772,104.85877192982456,10,0.14666666666666664,1309.5523115852416,104.85877192982456
config_A,train,260000,0.15111111111111106,0.15900927839998505,1212.3067042590208,837.1879465181053,110.70929487179487,5,0.15111111111111106,1212.3067042590208,110.70929487179487
config_A,train,270000,0.1644444444444444,0.08403409067195129,1359.590307841901,722.9732084314469,137.4590909090909,5,0.1644444444444444,1359.590307841901,137.4590909090909
config_A,train,280000,0.2577777777777778,0.09242948596926853,1364.4535249467174,793.8352350667077,126.1385294117647,5,0.2577777777777778,1364.4535249467174,126.1385294117647
config_A,train,290000,0.24888888888888885,0.07761888531810213,1548.6489145554103,672.748403956376,109.04887106357694,5,0.24888888888888885,1548.6489145554103,109.04887106357694
config_A,train,300000,0.2533333333333333,0.1354563490448884,1523.9865395361517,545.3004080727517,118.23025641025643,10,0.2533333333333333,1523.9865395361517,118.23025641025643
config_A,train,310000,0.20888888888888885,0.13842143557686612,1433.6503309344923,633.3847586946954,110.13034188034189,5,0.20888888888888885,1433.6503309344923,110.13034188034189
config_A,train,320000,0.24888888888888885,0.10351835287868548,1306.486220379797,721.9274005819901,78.0266106442577,5,0.24888888888888885,1306.486220379797,78.0266106442577
config_A,train,330000,0.2577777777777778,0.08549059582965039,1523.110939200774,767.1570388370761,103.38223443223441,5,0.2577777777777778,1523.110939200774,103.38223443223441
config_A,train,340000,0.2799999999999999,0.08971835216971709,1373.362065611324,727.1194179401115,71.8375816993464,5,0.2799999999999999,1373.362065611324,71.8375816993464
config_A,train,350000,0.31555555555555553,0.11513694357170638,1384.6771217803782,703.5532896007718,75.29630952380953,10,0.31555555555555553,1384.6771217803782,75.29630952380953
config_A,train,360000,0.3511111111111111,0.08805161224959537,1404.3633430968987,596.8691848224325,81.60352805089647,5,0.3511111111111111,1404.3633430968987,81.60352805089647
config_A,train,370000,0.3333333333333333,0.11439589045541113,1450.476171112368,783.3193297927945,73.71385964912281,5,0.3333333333333333,1450.476171112368,73.71385964912281
config_A,train,380000,0.3688888888888889,0.0779363462966675,1352.6351100633724,698.077840741323,87.56730576441103,5,0.3688888888888889,1352.6351100633724,87.56730576441103
config_A,train,390000,0.28444444444444444,0.1355373393953503,1470.622512881873,835.8481469370777,64.28603174603174,5,0.28444444444444444,1470.622512881873,64.28603174603174
config_A,train,400000,0.3911111111111111,0.08714335508060883,1318.7419034676248,705.1764546628676,89.3689440993789,10,0.3911111111111111,1318.7419034676248,89.3689440993789
config_A,train,410000,0.42666666666666664,0.09349192874650059,1400.7572428013225,679.6590214036868,99.03973328461818,5,0.42666666666666664,1400.7572428013225,99.03973328461818
config_A,train,420000,0.3911111111111111,0.0840340906719513,1378.8730202970958,796.1837577985407,99.62728105228105,5,0.3911111111111111,1378.8730202970958,99.62728105228105
config_A,train,430000,0.44000000000000006,0.02897423291201176,1404.1060739791103,685.1960719188688,105.60837320574163,5,0.44000000000000006,1404.1060739791103,105.60837320574163
config_A,train,440000,0.4666666666666666,0.04444444444444442,1252.3899507488177,581.4588915596705,74.8650505050505,5,0.4666666666666666,1252.3899507488177,74.8650505050505
config_A,train,450000,0.44000000000000006,0.06853353188871333,1382.455936739654,443.37121228333393,105.63408871321914,10,0.44000000000000006,1382.455936739654,105.63408871321914
config_A,train,460000,0.4311111111111111,0.06592176432973923,1226.247505594869,662.1066095632178,80.70949714536671,5,0.4311111111111111,1226.247505594869,80.70949714536671
config_A,train,470000,0.4533333333333333,0.11066577420434433,1220.6135604578044,604.6119378945701,89.09714979757085,5,0.4533333333333333,1220.6135604578044,89.09714979757085
config_A,train,480000,0.48,0.10012338067616722,1136.1984792365492,585.574780935199,82.08493506493507,5,0.48,1136.1984792365492,82.08493506493507
config_A,train,490000,0.4666666666666666,0.09938079899999067,1206.4674384493208,657.1076964586812,66.83840054682159,5,0.4666666666666666,1206.4674384493208,66.83840054682159
config_A,train,500000,0.5911111111111111,0.10221148628539463,1195.041934723118,606.8320040459515,61.09751082251082,10,0.5911111111111111,1195.041934723118,61.09751082251082
config_A,train,510000,0.5333333333333333,0.12862041003100252,1171.7261933051097,621.2058186504272,60.867037037037036,5,0.5333333333333333,1171.7261933051097,60.867037037037036
config_A,train,520000,0.5511111111111111,0.07761888531810211,1069.1119645219871,508.4625134082426,62.967973156279,5,0.5511111111111111,1069.1119645219871,62.967973156279
config_A,train,530000,0.6177777777777778,0.09349192874650059,857.249416815794,431.2617063755774,60.72874725274725,5,0.6177777777777778,857.249416815794,60.72874725274725
config_A,train,540000,0.5555555555555556,0.11439589045541107,981.7620866002719,550.7211438962553,54.214824508824506,5,0.5555555555555556,981.7620866002719,54.214824508824506
config_A,train,550000,0.5955555555555556,0.0746643150717283,858.3429454488921,410.39379269181075,53.10220790703549,10,0.5955555555555556,858.3429454488921,53.10220790703549
config_A,train,560000,0.5777777777777777,0.10657403385139375,836.4295273996497,352.68026042736716,59.96248506571087,5,0.5777777777777777,836.4295273996497,59.96248506571087
config_A,train,570000,0.6444444444444445,0.0955813918560292,808.271062301205,372.27659694300047,56.555702571937864,5,0.6444444444444445,808.271062301205,56.555702571937864
config_A,train,580000,0.6488888888888888,0.08520128672302586,727.321803756736,376.5866842550718,55.701977299880525,5,0.6488888888888888,727.321803756736,55.701977299880525
config_A,train,590000,0.6888888888888889,0.10540925533894598,739.9306911479719,219.9608769374655,64.21276046413978,5,0.6888888888888889,739.9306911479719,64.21276046413978
config_A,train,600000,0.7022222222222222,0.13134317190697184,737.9405761728888,197.605357383163,56.38250717750718,10,0.7022222222222222,737.9405761728888,56.38250717750718
config_A,train,610000,0.64,0.14263828031894413,762.0282434296356,422.700489952341,65.59451889367,5,0.64,762.0282434296356,65.59451889367
config_A,train,620000,0.6888888888888889,0.14907119849998599,702.8030837821095,195.97972473066008,57.93820105820106,5,0.6888888888888889,702.8030837821095,57.93820105820106
config_A,train,630000,0.68,0.16525326615625077,716.3818225483202,235.4990391952985,59.835915363769026,5,0.68,716.3818225483202,59.835915363769026
config_A,train,640000,0.7377777777777778,0.1550786339766035,672.7084123005225,269.15153828143633,60.57978091203897,5,0.7377777777777778,672.7084123005225,60.57978091203897
config_A,train,650000,0.7422222222222221,0.14256132413297076,716.1529195083916,198.71637164334777,55.505730125730125,10,0.7422222222222221,716.1529195083916,55.505730125730125
config_A,train,660000,0.7377777777777779,0.1290037802106666,773.1101288771226,322.46619291648545,56.01170612850257,5,0.7377777777777779,773.1101288771226,56.01170612850257
config_A,train,670000,0.7644444444444444,0.09242948596926852,670.7129681608357,321.42998212806424,57.13053404448091,5,0.7644444444444444,670.7129681608357,57.13053404448091
config_A,train,680000,0.76,0.11904973543092334,664.8442424518869,342.7032165793787,60.03501315080263,5,0.76,664.8442424518869,60.03501315080263
config_A,train,690000,0.7288888888888889,0.09987646690775213,789.1103365487376,315.46682521909,54.008973949318786,5,0.7288888888888889,789.1103365487376,54.008973949318786
config_A,train,700000,0.7244444444444444,0.1296613717750582,772.6366935290832,356.7896339532419,54.13309190092548,10,0.7244444444444444,772.6366935290832,54.13309190092548
config_A,train,710000,0.7022222222222222,0.17957425645188374,755.3931629210256,346.4877348412853,54.74556097450834,5,0.7022222222222222,755.3931629210256,54.74556097450834
config_A,train,720000,0.6933333333333334,0.219651800767139,818.9873276642829,304.51364857731454,61.21728316717556,5,0.6933333333333334,818.9873276642829,61.21728316717556
config_A,train,730000,0.7422222222222222,0.18365292010128342,867.6100264466386,123.84164504614412,74.23664815088964,5,0.7422222222222222,867.6100264466386,74.23664815088964
config_A,train,740000,0.7422222222222222,0.15993825969285846,801.0947402637934,264.6841936146691,58.27981502669718,5,0.7422222222222222,801.0947402637934,58.27981502669718
config_A,train,750000,0.68,0.18539247657434857,916.2133098520244,368.59127318988004,61.88478700627538,10,0.68,916.2133098520244,61.88478700627538
config_A,train,760000,0.7466666666666667,0.18230350490661057,701.2940896998048,236.14055698701074,68.17215165688238,5,0.7466666666666667,701.2940896998048,68.17215165688238
config_A,train,770000,0.7511111111111111,0.16510378329783745,726.9608269553269,212.53574868716095,61.57294623974947,5,0.7511111111111111,726.9608269553269,61.57294623974947
config_A,train,780000,0.7688888888888888,0.19347376764159033,721.3799314726257,413.7969955004776,69.3199221949222,5,0.7688888888888888,721.3799314726257,69.3199221949222
config_A,train,790000,0.7511111111111111,0.12110601416389964,716.1520733295806,468.0281529181386,60.24512605042016,5,0.7511111111111111,716.1520733295806,60.24512605042016
config_A,train,800000,0.8088888888888889,0.1000411437993134,657.295766977988,331.1234833267594,66.40627106077218,10,0.8088888888888889,657.295766977988,66.40627106077218
config_A,train,810000,0.8088888888888889,0.06956655929999345,621.4612813072006,212.3027422880601,63.958848230495086,5,0.8088888888888889,621.4612813072006,63.958848230495086
config_A,train,820000,0.7955555555555556,0.11482676162456723,714.38786196755,395.86064813407785,64.13458650958651,5,0.7955555555555556,714.38786196755,64.13458650958651
config_A,train,830000,0.7911111111111111,0.11821720958462567,675.2211408269051,227.90484446351664,67.11190476190475,5,0.7911111111111111,675.2211408269051,67.11190476190475
config_A,train,840000,0.7066666666666667,0.2673140290434769,527.0770273127557,126.7234036124106,78.32629081141695,5,0.7066666666666667,527.0770273127557,78.32629081141695
config_A,train,850000,0.6933333333333334,0.1645711890607267,797.4582365839102,382.35720224030115,71.20750863645601,10,0.6933333333333334,797.4582365839102,71.20750863645601
config_A,train,860000,0.6799999999999999,0.17957425645188377,685.126230103958,465.01394332988923,68.20278503820704,5,0.6799999999999999,685.126230103958,68.20278503820704
config_A,train,870000,0.7333333333333333,0.1872477727372524,787.8463196019339,368.3240376443537,66.06782302664655,5,0.7333333333333333,787.8463196019339,66.06782302664655
config_A,train,880000,0.7333333333333334,0.12957670877434005,698.4017101841897,256.7316620231394,68.86080712259154,5,0.7333333333333334,698.4017101841897,68.86080712259154
config_A,train,890000,0.7333333333333334,0.1640535895581489,661.8824669925482,310.5162940795959,54.45456497583043,5,0.7333333333333334,661.8824669925482,54.45456497583043
config_A,train,900000,0.7733333333333332,0.11980780218758946,556.0656405844829,116.59330188019713,60.11758043758043,10,0.7733333333333332,556.0656405844829,60.11758043758043
config_A,train,910000,0.8088888888888889,0.13842143557686615,515.8716949247562,195.70741356381822,65.37954376708772,5,0.8088888888888889,515.8716949247562,65.37954376708772
config_A,train,920000,0.7955555555555556,0.1485734635595269,496.3683382689543,231.19871137165256,62.973796330841466,5,0.7955555555555556,496.3683382689543,62.973796330841466
config_A,train,930000,0.7733333333333333,0.1364451682934111,529.8169445888116,151.56655708472636,65.92987301587301,5,0.7733333333333333,529.8169445888116,65.92987301587301
config_A,train,940000,0.711111111111111,0.18392161508052052,641.0022172868158,260.0743020882624,77.09249263087972,5,0.711111111111111,641.0022172868158,77.09249263087972
config_A,train,950000,0.7333333333333333,0.20258954564707174,732.7998520159879,495.4359026184819,59.81226509376025,10,0.7333333333333333,732.7998520159879,59.81226509376025
config_A,train,960000,0.8177777777777777,0.23008318409857395,503.9716389246123,284.33961265836075,55.48233143981001,5,0.8177777777777777,503.9716389246123,55.48233143981001
config_A,train,970000,0.7911111111111111,0.1725623880739304,778.4308908822458,697.2097280161433,53.462739820565915,5,0.7911111111111111,778.4308908822458,53.462739820565915
config_A,train,980000,0.8222222222222222,0.18257418583505536,676.8122569648334,697.7388918384596,58.5151871639081,5,0.8222222222222222,676.8122569648334,58.5151871639081
config_A,train,990000,0.7955555555555555,0.1709811916593008,723.4585634355342,459.6943051192268,55.63822717822718,5,0.7955555555555555,723.4585634355342,55.63822717822718
config_A,train,1000000,0.8844444444444445,0.12518299362534877,425.17095356509674,333.0416733235559,48.82371031746032,10,0.8844444444444445,425.17095356509674,48.82371031746032
config_A,train,1010000,0.8622222222222222,0.15186088500684344,547.1579820227921,457.5284675244595,51.805093795093796,5,0.8622222222222222,547.1579820227921,51.805093795093796
config_A,train,1020000,0.9155555555555555,0.12312795713062279,405.1997178675927,282.6937038893016,50.48893939393939,5,0.9155555555555555,405.1997178675927,50.48893939393939
config_A,train,1030000,0.928888888888889,0.09863262676076508,441.9750857251191,340.2206212049872,48.9514619883041,5,0.928888888888889,441.9750857251191,48.9514619883041
config_A,train,1040000,0.9155555555555555,0.11800816042090449,434.27507641126476,306.5587293196426,52.83532238120473,5,0.9155555555555555,434.27507641126476,52.83532238120473
config_A,train,1050000,0.9466666666666667,0.09084272424744232,347.54547045125474,230.57509218305938,51.91551125876707,10,0.9466666666666667,347.54547045125474,51.91551125876707
config_A,train,1060000,0.9244444444444445,0.08255189164891868,389.68522510398066,282.1609215187795,57.77653116531165,5,0.9244444444444445,389.68522510398066,57.77653116531165
config_A,train,1070000,0.9333333333333333,0.08888888888888886,334.79904603346677,262.87522779045133,53.30221014127991,5,0.9333333333333333,334.79904603346677,53.30221014127991
config_A,train,1080000,0.9333333333333332,0.06849348892187751,374.1679264828862,164.74027302954147,56.08681174681175,5,0.9333333333333332,374.1679264828862,56.08681174681175
config_A,train,1090000,0.9377777777777778,0.05067446333773945,263.47163941152843,51.858075077506136,48.15538839681778,5,0.9377777777777778,263.47163941152843,48.15538839681778
config_A,train,1100000,0.9199999999999999,0.06724033018020864,336.1106574104459,54.78676917945326,51.481769686420854,10,0.9199999999999999,336.1106574104459,51.481769686420854
config_A,train,1110000,0.9288888888888888,0.09081251885201129,368.11634052206136,238.39891999350507,56.735578432407706,5,0.9288888888888888,368.11634052206136,56.735578432407706
config_A,train,1120000,0.928888888888889,0.08520128672302582,320.29360401597694,156.36970854839728,47.47303617571059,5,0.928888888888889,320.29360401597694,47.47303617571059
config_A,train,1130000,0.9333333333333332,0.11331154474650634,416.47059984602356,372.3317355418377,50.06811604416256,5,0.9333333333333332,416.47059984602356,50.06811604416256
config_A,train,1140000,0.9377777777777778,0.11589693164804711,375.12843104959853,369.37861063960906,48.05751468170073,5,0.9377777777777778,375.12843104959853,48.05751468170073
config_A,train,1150000,0.9466666666666667,0.06724033018020867,319.8804468360694,197.40289429262202,45.64898069316674,10,0.9466666666666667,319.8804468360694,45.64898069316674
config_A,train,1160000,0.9511111111111111,0.08663817195385745,291.17821232352236,217.15845956237092,45.257157622739015,5,0.9511111111111111,291.17821232352236,45.257157622739015
config_A,train,1170000,0.9822222222222221,0.018592445034090587,231.97877040346907,98.17239008774055,44.98861874559549,5,0.9822222222222221,231.97877040346907,44.98861874559549
config_A,train,1180000,0.9377777777777776,0.05067446333773946,364.77750984635804,208.73086726191156,45.339624819624824,5,0.9377777777777776,364.77750984635804,45.339624819624824
config_A,train,1190000,0.9688888888888888,0.04868644955601479,247.9193223770216,88.73390980173536,46.44284237726098,5,0.9688888888888888,247.9193223770216,46.44284237726098
config_A,train,1200000,0.9688888888888888,0.040841625932119166,246.80444618541588,91.97780450897108,46.394595431668606,10,0.9688888888888888,246.80444618541588,46.394595431668606
config_A,train,1210000,0.9866666666666667,0.02981423969999725,224.07228047097738,95.01016376032213,45.99301587301587,5,0.9866666666666667,224.07228047097738,45.99301587301587
config_A,train,1220000,0.9955555555555555,0.00993807989999913,233.46052219608993,64.93630342187154,49.54757575757576,5,0.9955555555555555,233.46052219608993,49.54757575757576
config_A,train,1230000,0.9644444444444444,0.03370166864022907,276.1411582333867,109.32405344413482,49.25121888195626,5,0.9644444444444444,276.1411582333867,49.25121888195626
config_A,train,1240000,0.9288888888888888,0.09081251885201128,300.8364564184011,151.42661195517144,48.313263403263406,5,0.9288888888888888,300.8364564184011,48.313263403263406
config_A,train,1250000,0.9777777777777779,0.03628873693012114,264.06209167043926,121.18258558544332,48.51745257452575,10,0.9777777777777779,264.06209167043926,48.51745257452575
config_A,train,1260000,0.9377777777777776,0.08073734277593304,231.18738059794106,65.51501873190664,46.489870129870134,5,0.9377777777777776,231.18738059794106,46.489870129870134
config_A,train,1270000,0.9422222222222223,0.08104258901693535,238.53845160548516,81.33060379376013,45.19396288466056,5,0.9422222222222223,238.53845160548516,45.19396288466056
config_A,train,1280000,0.9333333333333332,0.1030402055055078,300.11230326007694,178.7353274347546,46.00853323147441,5,0.9333333333333332,300.11230326007694,46.00853323147441
config_A,train,1290000,0.9466666666666667,0.10726683009908596,328.4085652981163,303.42212808259274,46.2108853238265,5,0.9466666666666667,328.4085652981163,46.2108853238265
config_A,train,1300000,0.9244444444444444,0.07197012030513254,382.1699925569395,265.803001682003,46.01461659577939,10,0.9244444444444444,382.1699925569395,46.01461659577939
config_A,train,1310000,0.9111111111111111,0.12069756101333572,364.7593024112392,276.86357970753994,44.913646640826876,5,0.9111111111111111,364.7593024112392,44.913646640826876
config_A,train,1320000,0.96,0.03651483716701102,316.9880860388087,168.62031406393677,49.64592404885088,5,0.96,316.9880860388087,49.64592404885088
config_A,train,1330000,0.9377777777777776,0.08073734277593304,346.0989500614739,224.73062733572803,47.59512265512266,5,0.9377777777777776,346.0989500614739,47.59512265512266
config_A,train,1340000,0.9022222222222223,0.10954451150103321,347.9397216123314,154.26586350520753,47.0228546193252,5,0.9022222222222223,347.9397216123314,47.0228546193252
config_A,train,1350000,0.9422222222222221,0.09893812063445331,373.53225756072715,284.0321846591721,48.3927926322044,10,0.9422222222222221,373.53225756072715,48.3927926322044
config_A,train,1360000,0.9288888888888888,0.0986326267607651,401.60091346080947,332.8695105784628,50.62371111940195,5,0.9288888888888888,401.60091346080947,50.62371111940195
config_A,train,1370000,0.9333333333333332,0.10304020550550784,370.408860095157,336.39582436465616,47.26716322892794,5,0.9333333333333332,370.408860095157,47.26716322892794
config_A,train,1380000,0.9644444444444444,0.06776866969767513,363.8501658259596,297.6146359073426,49.90938330675173,5,0.9644444444444444,363.8501658259596,49.90938330675173
config_A,train,1390000,0.9377777777777776,0.11482676162456722,390.9514442193642,378.1282982980154,46.36545454545454,5,0.9377777777777776,390.9514442193642,46.36545454545454
config_A,train,1400000,0.9022222222222223,0.14785155496147726,539.6597555704384,651.9378566710768,51.958501963153125,10,0.9022222222222223,539.6597555704384,51.958501963153125
config_A,train,1410000,0.8888888888888887,0.10061539042374902,510.6579380710855,498.6732467754115,46.47837995337996,5,0.8888888888888887,510.6579380710855,46.47837995337996
config_A,train,1420000,0.9066666666666666,0.10931887889998972,442.7644783808536,465.9724027121637,47.6880116008023,5,0.9066666666666666,442.7644783808536,47.6880116008023
config_A,train,1430000,0.9066666666666666,0.11904973543092331,507.90396857951157,551.4488422717346,46.24061507936508,5,0.9066666666666666,507.90396857951157,46.24061507936508
config_A,train,1440000,0.9244444444444444,0.13296244712579192,499.1816980443579,624.3254155224092,51.04539248448476,5,0.9244444444444444,499.1816980443579,51.04539248448476
config_A,train,1450000,0.9333333333333332,0.10683114890263673,456.30074816618315,474.2047954895473,47.4477237491191,10,0.9333333333333332,456.30074816618315,47.4477237491191
config_A,train,1460000,0.9555555555555555,0.07535922203472518,360.1871046839318,360.3244810993601,45.83832650832651,5,0.9555555555555555,360.1871046839318,45.83832650832651
config_A,train,1470000,0.9511111111111111,0.08663817195385745,437.42845629741277,445.64051717809355,51.198837209302326,5,0.9511111111111111,437.42845629741277,51.198837209302326
config_A,train,1480000,0.9333333333333332,0.1030402055055078,409.39045853577835,424.81264339464815,47.159079025549616,5,0.9333333333333332,409.39045853577835,47.159079025549616
config_A,train,1490000,0.9422222222222223,0.08104258901693537,387.4853469073564,413.2634910285125,47.217655626027714,5,0.9422222222222223,387.4853469073564,47.217655626027714
config_A,train,1500000,0.9333333333333332,0.07698003589195002,390.78789929312813,413.27745427829956,45.90912786400591,10,0.9333333333333332,390.78789929312813,45.90912786400591
config_A,train,1510000,0.9066666666666666,0.07919346524980199,386.9923238675911,377.88466994856196,49.954902304902305,5,0.9066666666666666,386.9923238675911,49.954902304902305
config_A,train,1520000,0.9022222222222223,0.10134892667547891,414.6553808088135,470.4037387538594,44.29569025058189,5,0.9022222222222223,414.6553808088135,44.29569025058189
config_A,train,1530000,0.9066666666666666,0.0894427190999916,375.2861508525597,431.34726252660874,49.72000907884629,5,0.9066666666666666,375.2861508525597,49.72000907884629
config_A,train,1540000,0.9466666666666667,0.08403409067195125,377.85056999665676,460.8782655630817,45.778292224571295,5,0.9466666666666667,377.85056999665676,45.778292224571295
config_A,train,1550000,0.9466666666666667,0.06885303726590965,341.39779503421727,353.8319364807178,44.41406243452755,10,0.9466666666666667,341.39779503421727,44.41406243452755
config_A,train,1560000,0.9422222222222223,0.055777335102271675,386.93193348370465,388.67404576309895,47.87820184711249,5,0.9422222222222223,386.93193348370465,47.87820184711249
config_A,train,1570000,0.9377777777777776,0.06921071778843306,373.4267130134992,379.2247542981763,46.24241823823219,5,0.9377777777777776,373.4267130134992,46.24241823823219
config_A,train,1580000,0.9111111111111111,0.07856742013183858,407.1415906989769,360.7335618217907,44.61430252285194,5,0.9111111111111111,407.1415906989769,44.61430252285194
config_A,train,1590000,0.9466666666666667,0.08403409067195124,394.93890774647906,413.18189935028613,44.6551773549448,5,0.9466666666666667,394.93890774647906,44.6551773549448
config_A,train,1600000,0.9111111111111111,0.0913246518958367,368.06462120536435,372.23908449239315,45.374790340378574,10,0.9111111111111111,368.06462120536435,45.374790340378574
config_A,train,1610000,0.9199999999999999,0.11716823401301389,421.26672784723314,488.4624585011231,42.74981501057083,5,0.9199999999999999,421.26672784723314,42.74981501057083
config_A,train,1620000,0.9155555555555555,0.12707536404885147,536.9984470788282,639.5037118167322,46.53183864147856,5,0.9155555555555555,536.9984470788282,46.53183864147856
config_A,train,1630000,0.9199999999999999,0.10610965676722948,421.6013033436878,525.0662653278379,44.39567099567099,5,0.9199999999999999,421.6013033436878,44.39567099567099
config_A,train,1640000,0.9288888888888888,0.09081251885201129,387.77863383051147,376.19124329012107,45.1517871017871,5,0.9288888888888888,387.77863383051147,45.1517871017871
config_A,train,1650000,0.9377777777777776,0.05216834625676735,262.75455047654003,75.88680580481662,42.989552634228275,10,0.9377777777777776,262.75455047654003,42.989552634228275
config_A,train,1660000,0.9066666666666666,0.08944271909999153,326.8020492560315,265.57833630339553,42.66826236094529,5,0.9066666666666666,326.8020492560315,42.66826236094529
config_A,train,1670000,0.9466666666666667,0.0640216012928353,243.01009586671663,132.47922649848618,45.25837695012726,5,0.9466666666666667,243.01009586671663,45.25837695012726
config_A,train,1680000,0.9555555555555555,0.035136418446315265,237.55370075682418,60.99776819104979,43.2661020790516,5,0.9555555555555555,237.55370075682418,43.2661020790516
config_A,train,1690000,0.9777777777777776,0.015713484026367738,239.1812271820026,86.76668866459543,44.43004698144233,5,0.9777777777777776,239.1812271820026,44.43004698144233
config_A,train,1700000,0.96,0.042937412581301994,261.794510857648,122.48994344498975,47.934444444444445,10,0.96,261.794510857648,47.934444444444445
config_A,train,1710000,0.96,0.04554200340426481,257.4533038790715,77.81938605249692,43.01776299581178,5,0.96,257.4533038790715,43.01776299581178
config_A,train,1720000,0.9733333333333333,0.036514837167011024,219.08601758070418,53.13763590180281,44.529494949494946,5,0.9733333333333333,219.08601758070418,44.529494949494946
config_A,train,1730000,0.9733333333333333,0.028974232912011795,189.75172620069316,34.179688955557936,43.215327695560255,5,0.9733333333333333,189.75172620069316,43.215327695560255
config_A,train,1740000,0.9777777777777779,0.03142696805273547,209.9514106963029,57.9628441042813,47.33003322259136,5,0.9777777777777779,209.9514106963029,47.33003322259136
config_A,train,1750000,0.9733333333333333,0.0273171687623493,198.988222686591,46.4370216659164,47.18988959361052,10,0.9733333333333333,198.988222686591,47.18988959361052
config_A,train,1760000,0.96,0.04817662975261957,179.6946073942019,18.189683801120452,44.12633477633477,5,0.96,179.6946073942019,44.12633477633477
config_A,train,1770000,0.9777777777777776,0.027216552697590924,202.23703327415075,55.18882090266247,44.99574314574314,5,0.9777777777777776,202.23703327415075,44.99574314574314
config_A,train,1780000,0.9822222222222221,0.018592445034090577,197.255919950195,33.405374242262894,44.87475922010806,5,0.9822222222222221,197.255919950195,44.87475922010806
config_A,train,1790000,0.9733333333333333,0.028974232912011785,218.38529774119448,58.523696232743134,42.2209406355918,5,0.9733333333333333,218.38529774119448,42.2209406355918
config_A,train,1800000,0.9822222222222221,0.017529125283258156,193.50307111600506,42.898408935647915,45.91922480620155,10,0.9822222222222221,193.50307111600506,45.91922480620155
config_A,train,1810000,0.9733333333333333,0.02897423291201183,199.9526411750614,65.13316863452847,43.418095909258696,5,0.9733333333333333,199.9526411750614,43.418095909258696
config_A,train,1820000,0.9866666666666667,0.029814239699997237,181.60152089927448,42.33097304254231,42.852380952380955,5,0.9866666666666667,181.60152089927448,42.852380952380955
config_A,train,1830000,0.9777777777777776,0.015713484026367675,235.09458586594684,43.18023001846534,44.260540286586796,5,0.9777777777777776,235.09458586594684,44.260540286586796
config_A,train,1840000,1.0,0.0,187.16707580878918,40.13260398528669,43.45777777777778,5,1.0,187.16707580878918,43.45777777777778
config_A,train,1850000,0.9866666666666666,0.01147550621098502,202.0327893446387,41.14319903572156,43.33444444444444,10,0.9866666666666666,202.0327893446387,43.33444444444444
config_A,train,1860000,0.9777777777777779,0.049690399499995354,193.33512941066468,37.40630324486118,43.97944444444445,5,0.9777777777777779,193.33512941066468,43.97944444444445
config_A,train,1870000,0.9688888888888888,0.019876159799998103,206.6311583538587,52.916275152964914,42.41753582334978,5,0.9688888888888888,206.6311583538587,42.41753582334978
config_A,train,1880000,0.9644444444444444,0.02533723166886974,226.2213577571218,96.0902796220439,42.173851807107624,5,0.9644444444444444,226.2213577571218,42.173851807107624
config_A,train,1890000,0.9822222222222223,0.024343224778007353,214.53049941555705,88.06896841774191,43.26263565891473,5,0.9822222222222223,214.53049941555705,43.26263565891473
config_A,train,1900000,0.9244444444444444,0.10641946664336574,241.10631350368567,82.05137935233681,43.338787878787876,10,0.9244444444444444,241.10631350368567,43.338787878787876
config_A,train,1910000,0.9466666666666667,0.10726683009908597,213.97908552652052,54.89426945194292,43.699988116458705,5,0.9466666666666667,213.97908552652052,43.699988116458705
config_A,train,1920000,0.9333333333333332,0.05665577237325314,234.86840224269818,69.16508923398729,43.3720313020313,5,0.9333333333333332,234.86840224269818,43.3720313020313
config_A,train,1930000,0.9733333333333334,0.024343224778007374,187.61923762355394,23.008433832502476,42.071627906976744,5,0.9733333333333334,187.61923762355394,42.071627906976744
config_A,train,1940000,0.9688888888888888,0.01987615979999809,183.49289496709858,27.87514915131947,42.68360817477097,5,0.9688888888888888,183.49289496709858,42.68360817477097
config_A,train,1950000,0.9555555555555555,0.04913518207933924,195.238344984349,40.95890668070598,41.69016497714172,10,0.9555555555555555,195.238344984349,41.69016497714172
config_A,train,1960000,0.9688888888888888,0.033701668640229165,196.7536534315315,45.4216578542559,42.638831168831175,5,0.9688888888888888,196.7536534315315,42.638831168831175
config_A,train,1970000,0.9688888888888888,0.033701668640229054,266.7019594748197,133.44461034118862,42.54688593249569,5,0.9688888888888888,266.7019594748197,42.54688593249569
config_A,train,1980000,0.9644444444444445,0.057948465824023514,228.71713811993686,107.8192903894014,41.57503478433711,5,0.9644444444444445,228.71713811993686,41.57503478433711
config_A,train,1990000,0.9733333333333333,0.028974232912011785,222.2591864421384,77.82683112979149,42.555668646598875,5,0.9733333333333333,222.2591864421384,42.555668646598875
config_A,train,2000000,0.9822222222222221,0.017529125283258135,212.49895171987706,95.29385766629069,44.11214940098661,10,0.9822222222222221,212.49895171987706,44.11214940098661
config_A,train,2010000,0.9822222222222221,0.028974232912011837,230.80816516388558,87.45552908219335,41.9288455988456,5,0.9822222222222221,230.80816516388558,41.9288455988456
config_A,train,2020000,0.9911111111111112,0.01987615979999812,217.67662524314227,63.08839656061919,43.00981912144703,5,0.9911111111111112,217.67662524314227,43.00981912144703
config_A,train,2030000,0.9955555555555555,0.009938079899999114,224.1183106251809,114.70201644717783,44.99353535353536,5,0.9955555555555555,224.1183106251809,44.99353535353536
config_A,train,2040000,0.9644444444444445,0.037184890068181126,290.47489763855845,160.31737446067825,46.030117854666926,5,0.9644444444444445,290.47489763855845,46.030117854666926
config_A,train,2050000,0.9777777777777779,0.03628873693012112,232.60280677341242,84.92302612984786,43.41190194629219,10,0.9777777777777779,232.60280677341242,43.41190194629219
config_A,train,2060000,0.9822222222222221,0.028974232912011837,224.8118886487332,85.94349424669561,46.01194805194805,5,0.9822222222222221,224.8118886487332,46.01194805194805
config_A,train,2070000,0.9644444444444444,0.040368671387966536,227.93351241666983,99.31834056279057,42.422261640798226,5,0.9644444444444444,227.93351241666983,42.422261640798226
config_A,train,2080000,0.9466666666666667,0.04608098078517269,201.4426043056234,53.78825600453315,43.53731246096817,5,0.9466666666666667,201.4426043056234,43.53731246096817
config_A,train,2090000,0.9422222222222223,0.03718489006818111,212.0983390680217,85.41863455695211,43.58472877220466,5,0.9422222222222223,212.0983390680217,43.58472877220466
config_A,train,2100000,0.9688888888888888,0.018739423171368102,217.4411857089944,71.87816727689713,43.143908856001886,10,0.9688888888888888,217.4411857089944,43.143908856001886
config_A,train,2110000,0.9733333333333334,0.024343224778007384,273.06607039700896,249.03061475023128,48.46294573643411,5,0.9733333333333334,273.06607039700896,48.46294573643411
config_A,train,2120000,0.9155555555555555,0.0807373427759331,286.2603914277838,203.57631675302218,46.961200506810265,5,0.9155555555555555,286.2603914277838,46.961200506810265
config_A,train,2130000,0.9555555555555555,0.04157397096415481,226.69571710345537,105.66497429281002,44.210960827790096,5,0.9555555555555555,226.69571710345537,44.210960827790096
config_A,train,2140000,0.9644444444444445,0.03718489006818111,257.6073128140559,156.2014272120558,47.46026596079914,5,0.9644444444444445,257.6073128140559,47.46026596079914
config_A,train,2150000,0.9511111111111111,0.045421362123721214,225.839723771124,140.06020578995413,43.271031746031746,10,0.9511111111111111,225.839723771124,43.271031746031746
config_A,train,2160000,0.9555555555555555,0.03142696805273546,218.55661792800387,132.99264185619367,46.56688311688312,5,0.9555555555555555,218.55661792800387,46.56688311688312
config_A,train,2170000,0.9688888888888888,0.019876159799998107,222.3151622715587,134.9377251923353,44.56010101010101,5,0.9688888888888888,222.3151622715587,44.56010101010101
config_A,train,2180000,0.96,0.03975231959999622,211.71670511531164,95.7480760097013,44.271901790778706,5,0.96,211.71670511531164,44.271901790778706
config_A,train,2190000,0.9466666666666667,0.040368671387966515,237.75340841391417,146.54808995799206,47.150887973814804,5,0.9466666666666667,237.75340841391417,47.150887973814804
config_A,train,2200000,0.9466666666666667,0.05258737584977441,252.38128232622734,141.91406332360518,45.633162393162394,10,0.9466666666666667,252.38128232622734,45.633162393162394
config_A,train,2210000,0.9466666666666667,0.033701668640229124,246.44215256984467,129.3338305091731,44.259692443436066,5,0.9466666666666667,246.44215256984467,44.259692443436066
config_A,train,2220000,0.9733333333333333,0.02897423291201178,265.85635753558427,206.93412819786553,46.744904862579276,5,0.9733333333333333,265.85635753558427,46.744904862579276
config_A,train,2230000,0.9466666666666667,0.04608098078517269,283.7846655599857,243.647321255012,41.70961054103142,5,0.9466666666666667,283.7846655599857,41.70961054103142
config_A,train,2240000,0.9688888888888888,0.033701668640229165,261.47060574046475,210.7710210752567,45.22321789321789,5,0.9688888888888888,261.47060574046475,45.22321789321789
config_A,train,2250000,0.9466666666666667,0.048233542506962095,253.69689995682205,140.31027597940462,44.33442702284166,10,0.9466666666666667,253.69689995682205,44.33442702284166
config_A,train,2260000,0.9244444444444444,0.07950463919999255,211.30776453044194,74.67485940506425,42.94551826551826,5,0.9244444444444444,211.30776453044194,42.94551826551826
config_A,train,2270000,0.9688888888888888,0.0371848900681811,210.8005369082145,56.05921437375035,43.882406824913915,5,0.9688888888888888,210.8005369082145,43.882406824913915
config_A,train,2280000,0.9822222222222221,0.018592445034090584,203.99707273243752,61.447355473612355,41.4479516091144,5,0.9822222222222221,203.99707273243752,41.4479516091144
config_A,train,2290000,0.9777777777777776,0.03142696805273549,207.02773499673367,59.653906744981214,44.093732004429675,5,0.9777777777777776,207.02773499673367,44.093732004429675
config_A,train,2300000,0.9688888888888888,0.01873942317136814,269.51355871353485,101.61452414731275,45.39964998825464,10,0.9688888888888888,269.51355871353485,45.39964998825464
config_A,train,2310000,0.9822222222222223,0.024343224778007322,215.2189801352684,107.43306272599386,41.660878552971575,5,0.9822222222222223,215.2189801352684,41.660878552971575
config_A,train,2320000,0.9911111111111112,0.012171612389003782,214.33865773523135,67.67509705937884,43.35363636363636,5,0.9911111111111112,214.33865773523135,43.35363636363636
config_A,train,2330000,0.9822222222222221,0.028974232912011837,222.91220406163114,77.30492331334726,42.90877344877345,5,0.9822222222222221,222.91220406163114,42.90877344877345
config_A,train,2340000,0.9777777777777776,0.03142696805273546,234.65043883831868,116.12208384329851,43.42016242155777,5,0.9777777777777776,234.65043883831868,43.42016242155777
config_A,train,2350000,0.9466666666666667,0.0317742379104107,271.91275266249926,137.2171127819442,43.074101479915434,10,0.9466666666666667,271.91275266249926,43.074101479915434
config_A,train,2360000,0.96,0.07761888531810214,215.91163203413407,96.62970976743264,44.56642915642915,5,0.96,215.91163203413407,44.56642915642915
config_A,train,2370000,0.9555555555555555,0.03142696805273549,255.92336583745782,83.44591880293831,41.229235209235206,5,0.9555555555555555,255.92336583745782,41.229235209235206
config_A,train,2380000,0.9466666666666667,0.025337231668869684,238.5720173260194,97.9224320479426,43.32539269201209,5,0.9466666666666667,238.5720173260194,43.32539269201209
config_A,train,2390000,0.9333333333333332,0.04714045207910315,243.16313863294863,60.43353538708796,42.940610500610504,5,0.9333333333333332,243.16313863294863,42.940610500610504
config_A,train,2400000,0.9688888888888888,0.023888171106069767,230.25648179522437,55.026253969137855,45.23271754085708,10,0.9688888888888888,230.25648179522437,45.23271754085708
config_A,train,2410000,0.9422222222222221,0.037184890068181105,236.9540277598594,100.0614140287397,43.92409090909091,5,0.9422222222222221,236.9540277598594,43.92409090909091
config_A,train,2420000,0.9377777777777778,0.04274529791482516,237.95457356289882,138.78833495917544,43.825953503860475,5,0.9377777777777778,237.95457356289882,43.825953503860475
config_A,train,2430000,0.9733333333333333,0.02897423291201178,216.85370820172324,84.93384598461716,45.05605758582503,5,0.9733333333333333,216.85370820172324,45.05605758582503
config_A,train,2440000,0.96,0.0427452979148252,242.47740127211608,178.9666778394232,43.77772727272727,5,0.96,242.47740127211608,43.77772727272727
config_A,train,2450000,0.9777777777777776,0.025660011963983393,183.7818674060181,63.27273861519219,41.395800865800865,10,0.9777777777777776,183.7818674060181,41.395800865800865
config_A,train,2460000,0.9822222222222221,0.028974232912011805,207.81616412865014,114.68276373927796,41.80181818181818,5,0.9822222222222221,207.81616412865014,41.80181818181818
config_A,train,2470000,0.9911111111111112,0.012171612389003767,188.2942610051291,71.78333197664446,43.72949494949495,5,0.9911111111111112,188.2942610051291,43.72949494949495
config_A,train,2480000,0.9733333333333333,0.02897423291201178,228.31515453033163,118.68928849729454,44.614756199872474,5,0.9733333333333333,228.31515453033163,44.614756199872474
config_A,train,2490000,0.9733333333333333,0.036514837167011024,260.7155566938116,148.1683784152827,44.95785661492979,5,0.9733333333333333,260.7155566938116,44.95785661492979
config_A,train,2500000,0.9733333333333333,0.04542136212372117,227.2445548200269,117.59341134435547,43.55929292929293,10,0.9733333333333333,227.2445548200269,43.55929292929293
config_A,train,2510000,0.9644444444444444,0.029814239699997202,224.52620454061216,148.2629843725094,43.37443001443002,5,0.9644444444444444,224.52620454061216,43.37443001443002
config_A,train,2520000,0.9377777777777778,0.09216196157034542,232.71411073363242,149.73074333136964,47.429029162052416,5,0.9377777777777778,232.71411073363242,47.429029162052416
config_A,train,2530000,0.9555555555555555,0.03513641844631532,206.69719576274014,91.28042750128043,44.18284483273706,5,0.9555555555555555,206.69719576274014,44.18284483273706
config_A,train,2540000,0.96,0.048176629752619604,248.52662665256761,110.49815365672809,47.20216450216451,5,0.96,248.52662665256761,47.20216450216451
config_A,train,2550000,0.9333333333333332,0.07407407407407403,242.66628336548342,97.17468363788852,43.60108560689956,10,0.9333333333333332,242.66628336548342,43.60108560689956
config_A,train,2560000,0.9244444444444444,0.07131914015947195,242.23815502876408,113.54885424694486,45.04238565052519,5,0.9244444444444444,242.23815502876408,45.04238565052519
config_A,train,2570000,0.9466666666666667,0.060041138160472414,232.99092354482212,83.25874496392963,45.782511899904804,5,0.9466666666666667,232.99092354482212,45.782511899904804
config_A,train,2580000,0.96,0.07761888531810215,201.25712162586294,57.965620903471105,45.96968058968059,5,0.96,201.25712162586294,45.96968058968059
config_A,train,2590000,0.9466666666666667,0.07131914015947202,202.30096766762227,71.66033024928346,43.03361738059412,5,0.9466666666666667,202.30096766762227,43.03361738059412
config_A,train,2600000,0.9555555555555555,0.04913518207933923,205.89592147368177,62.05690504633191,46.29023617209664,10,0.9555555555555555,205.89592147368177,46.29023617209664
config_A,train,2610000,0.9511111111111111,0.08663817195385745,199.77427761412218,55.359673748132124,43.3346511627907,5,0.9511111111111111,199.77427761412218,43.3346511627907
config_A,train,2620000,0.9377777777777778,0.079193465249802,208.89782143126718,77.48686497831032,47.10721869861405,5,0.9377777777777778,208.89782143126718,47.10721869861405
config_A,train,2630000,0.9066666666666666,0.11482676162456719,183.95886006140782,40.446093666075036,44.28667198298777,5,0.9066666666666666,183.95886006140782,44.28667198298777
config_A,train,2640000,0.9333333333333332,0.10061539042374903,193.45534882548822,31.535726676785593,46.0939545938178,5,0.9333333333333332,193.45534882548822,46.0939545938178
config_A,train,2650000,0.9244444444444444,0.10221148628539459,180.4851019533212,34.60461842533099,43.05759455015269,10,0.9244444444444444,180.4851019533212,43.05759455015269
config_A,train,2660000,0.9111111111111111,0.11967032904743331,263.94493329021435,181.00752406259411,43.458156565656566,5,0.9111111111111111,263.94493329021435,43.458156565656566
config_A,train,2670000,0.9199999999999999,0.12232319061798119,203.00829974785705,80.44447620087952,42.95709380389259,5,0.9199999999999999,203.00829974785705,42.95709380389259
config_A,train,2680000,0.9022222222222223,0.12432533982843878,218.0496812776877,109.10747639351011,44.55174211486564,5,0.9022222222222223,218.0496812776877,44.55174211486564
config_A,train,2690000,0.9066666666666666,0.11482676162456722,282.3472401261802,242.6718725481076,44.77935140882509,5,0.9066666666666666,282.3472401261802,44.77935140882509
config_A,train,2700000,0.9066666666666666,0.10412612379736634,331.6787910324502,299.6387674188065,46.63308233367057,10,0.9066666666666666,331.6787910324502,46.63308233367057
config_A,train,2710000,0.9111111111111111,0.11221672153735637,315.94884521643684,334.6619551787595,44.45766233766234,5,0.9111111111111111,315.94884521643684,44.45766233766234
config_A,train,2720000,0.9333333333333332,0.0684934889218775,255.94155938616444,201.1617873230112,46.65559732664995,5,0.9333333333333332,255.94155938616444,46.65559732664995
config_A,train,2730000,0.9288888888888888,0.08373974969518559,274.66806071767746,251.36218491549914,43.952222222222225,5,0.9288888888888888,274.66806071767746,43.952222222222225
config_A,train,2740000,0.9377777777777776,0.06921071778843302,238.0630034933975,163.35611102643315,43.215138327696465,5,0.9377777777777776,238.0630034933975,43.215138327696465
config_A,train,2750000,0.9288888888888888,0.06525249050531921,300.76473534105946,271.5021996470416,44.29317469012695,10,0.9288888888888888,300.76473534105946,44.29317469012695
config_A,train,2760000,0.9244444444444444,0.08692269873603527,271.78677983777345,252.76925894068967,42.80669774669774,5,0.9244444444444444,271.78677983777345,42.80669774669774
config_A,train,2770000,0.9066666666666666,0.0866381719538575,283.873849900374,204.08307305946798,41.95154272084504,5,0.9066666666666666,283.873849900374,41.95154272084504
config_A,train,2780000,0.9333333333333332,0.06478835438716994,236.91102417518596,160.04844848013803,42.81163581964072,5,0.9333333333333332,236.91102417518596,42.81163581964072
config_A,train,2790000,0.96,0.03975231959999622,184.31752035927065,28.149734399519968,45.402692560480425,5,0.96,184.31752035927065,45.402692560480425
config_A,train,2800000,0.9555555555555555,0.05925925925925926,192.47742124287544,30.05771786495868,42.19705475810739,10,0.9555555555555555,192.47742124287544,42.19705475810739
config_A,train,2810000,0.9377777777777778,0.057520796024643446,174.19081717067183,31.709200171963502,43.69807900110226,5,0.9377777777777778,174.19081717067183,43.69807900110226
config_A,train,2820000,0.96,0.05533288710217212,185.75813296061597,28.614840449396166,45.13786631972679,5,0.96,185.75813296061597,45.13786631972679
config_A,train,2830000,0.9644444444444444,0.05577733510227169,176.9623245146974,29.463296101613782,44.42929292929293,5,0.9644444444444444,176.9623245146974,44.42929292929293
config_A,train,2840000,0.9688888888888888,0.057948465824023514,176.56851315572453,28.891889963265427,42.33278166278166,5,0.9688888888888888,176.56851315572453,42.33278166278166
config_A,train,2850000,0.9511111111111111,0.050020571899656655,193.27554059374816,41.47621405549974,42.83294483294484,10,0.9511111111111111,193.27554059374816,42.83294483294484
config_A,train,2860000,0.9688888888888888,0.046080980785172726,182.18841397397864,31.897487207390288,42.83267676767677,5,0.9688888888888888,182.18841397397864,42.83267676767677
config_A,train,2870000,0.9644444444444444,0.03370166864022905,184.3901749246876,37.76053666936988,43.29525940058555,5,0.9644444444444444,184.3901749246876,43.29525940058555
config_A,train,2880000,0.9644444444444444,0.0677686696976751,183.53582636790583,37.40052702710385,42.57157894736842,5,0.9644444444444444,183.53582636790583,42.57157894736842
config_A,train,2890000,0.9688888888888888,0.05794846582402355,185.55305082240884,31.17671433237011,42.995563325563324,5,0.9688888888888888,185.55305082240884,42.995563325563324
config_A,train,2900000,0.9644444444444444,0.07495769268547268,192.12972908327782,30.84632949629415,43.301501501501505,10,0.9644444444444444,192.12972908327782,43.301501501501505
config_A,train,2910000,0.9511111111111111,0.06363476028122822,183.01485446342252,32.75071589799089,43.37148646810825,5,0.9511111111111111,183.01485446342252,43.37148646810825
config_A,train,2920000,0.9466666666666667,0.06776866969767509,183.88898398291403,30.224551893201077,43.54619066142815,5,0.9466666666666667,183.88898398291403,43.54619066142815
config_A,train,2930000,0.9511111111111111,0.08663817195385745,179.0605615276155,38.708161014265556,42.463514211886306,5,0.9511111111111111,179.0605615276155,42.463514211886306
config_A,train,2940000,0.9466666666666667,0.08403409067195124,204.2559459120089,49.65421295832692,44.127888184167254,5,0.9466666666666667,204.2559459120089,44.127888184167254
config_A,train,2950000,0.9555555555555555,0.0710493559009292,184.2579866037977,30.046217593834385,44.83520884520884,10,0.9555555555555555,184.2579866037977,44.83520884520884
config_A,train,2960000,0.9555555555555555,0.05665577237325316,189.44602010654103,32.41101058480932,42.824309024309024,5,0.9555555555555555,189.44602010654103,42.824309024309024
config_A,train,2970000,0.9511111111111111,0.05067446333773944,182.71075379118952,30.52755396179131,42.10093527446902,5,0.9511111111111111,182.71075379118952,42.10093527446902
config_A,train,2980000,0.9466666666666665,0.05351819812796573,192.8956428541561,37.06819321875995,42.152171717171726,5,0.9466666666666665,192.8956428541561,42.152171717171726
config_A,train,2990000,0.96,0.055332887102172136,191.9508722539681,27.103639439548473,41.665931768489905,5,0.96,191.9508722539681,41.665931768489905
config_A,train,3000000,0.9555555555555555,0.06108304630544679,182.44903997785048,28.797717977215335,41.717869638861075,10,0.9555555555555555,182.44903997785048,41.717869638861075
config_A,train,3010000,0.9511111111111109,0.07269078770576053,198.90711470754883,49.4606673334194,42.387876057876056,5,0.9511111111111109,198.90711470754883,42.387876057876056
config_A,train,3020000,0.9466666666666667,0.08403409067195124,195.44706558186763,47.7177580080273,43.13384543105473,5,0.9466666666666667,195.44706558186763,43.13384543105473
config_A,train,3030000,0.9377777777777778,0.08520128672302578,205.12566310308998,21.664879124597626,44.07015767430401,5,0.9377777777777778,205.12566310308998,44.07015767430401
config_A,train,3040000,0.9377777777777776,0.0674033372804582,196.30632982124052,50.23194037123498,42.004393939393935,5,0.9377777777777776,196.30632982124052,42.004393939393935
config_A,train,3050000,0.9422222222222223,0.06558798109978856,203.7758745418011,52.941113136114446,42.52675990675991,10,0.9422222222222223,203.7758745418011,42.52675990675991
config_A,train,3060000,0.9333333333333333,0.07370277311900889,211.65955085049117,75.20025568246105,43.495817091924806,5,0.9333333333333333,211.65955085049117,43.495817091924806
config_A,train,3070000,0.9155555555555555,0.09987646690775213,222.38056970296967,97.0653760159613,43.27083600474053,5,0.9155555555555555,222.38056970296967,43.27083600474053
config_A,train,3080000,0.9511111111111111,0.05962847939999435,219.56517311932993,84.14704708475857,43.053537627683966,5,0.9511111111111111,219.56517311932993,43.053537627683966
config_A,train,3090000,0.9511111111111111,0.061664164113384934,203.95177761879825,56.762053405563364,42.453311202601284,5,0.9511111111111111,203.95177761879825,42.453311202601284
config_A,train,3100000,0.9511111111111111,0.05813753146769951,210.97515942694022,61.35142960486929,43.011575732848684,10,0.9511111111111111,210.97515942694022,43.011575732848684
config_A,train,3110000,0.96,0.0553328871021721,207.41953845590257,70.9531062880386,42.21325924721273,5,0.96,207.41953845590257,42.21325924721273
config_A,train,3120000,0.9644444444444444,0.055777335102271695,196.75396122494857,38.43474949729489,43.757948717948715,5,0.9644444444444444,196.75396122494857,43.757948717948715
config_A,train,3130000,0.9511111111111111,0.0852012867230258,197.0256299111573,43.34592070347811,44.4930303030303,5,0.9511111111111111,197.0256299111573,44.4930303030303
config_A,train,3140000,0.9422222222222221,0.09242948596926853,187.70885760914334,39.236953663425474,44.06982683982684,5,0.9422222222222221,187.70885760914334,44.06982683982684
config_A,train,3150000,0.9288888888888888,0.09759803906370726,198.70259018590122,35.0977852209161,44.718871353419416,10,0.9288888888888888,198.70259018590122,44.718871353419416
config_A,train,3160000,0.9111111111111111,0.09558139185602915,184.38269781170828,39.82075281256964,44.39002145002145,5,0.9111111111111111,184.38269781170828,44.39002145002145
config_A,train,3170000,0.9155555555555555,0.08805161224959533,200.0151902715164,51.523134264884156,44.432287996241485,5,0.9155555555555555,200.0151902715164,44.432287996241485
config_A,train,3180000,0.9466666666666665,0.0747010502843183,206.42799610228843,33.59611303267599,45.45292344292344,5,0.9466666666666665,206.42799610228843,45.45292344292344
config_A,train,3190000,0.9288888888888888,0.065546138683345,207.5912608022532,67.80547177795141,43.33575987948081,5,0.9288888888888888,207.5912608022532,43.33575987948081
config_A,train,3200000,0.9288888888888888,0.0669131246852516,191.92843436825245,27.272643360285226,44.86519656019656,10,0.9288888888888888,191.92843436825245,44.86519656019656
config_A,train,3210000,0.9022222222222223,0.06776866969767513,213.8308183070389,77.7666090983325,43.59638100917171,5,0.9022222222222223,213.8308183070389,43.59638100917171
config_A,train,3220000,0.9466666666666667,0.07302967433402219,211.4986141619268,71.06744951823667,43.90165235002444,5,0.9466666666666667,211.4986141619268,43.90165235002444
config_A,train,3230000,0.9377777777777776,0.06554613868334502,220.37717961775024,75.9773884016835,44.85600822810125,5,0.9377777777777776,220.37717961775024,44.85600822810125
config_A,train,3240000,0.9466666666666667,0.06004113816047241,219.97448199776872,64.35330340846703,44.208325111580926,5,0.9466666666666667,219.97448199776872,44.208325111580926
config_A,train,3250000,0.9466666666666665,0.05851383009816741,211.23620935161225,61.33780450610328,44.83690817953976,10,0.9466666666666665,211.23620935161225,44.83690817953976
config_A,train,3260000,0.9466666666666667,0.04036867138796656,219.1118893177275,74.51530285961115,44.831319675156884,5,0.9466666666666667,219.1118893177275,44.831319675156884
config_A,train,3270000,0.9422222222222221,0.05794846582402351,222.91470628524718,66.55794595375397,43.05886306675781,5,0.9422222222222221,222.91470628524718,43.05886306675781
config_A,train,3280000,0.9244444444444444,0.06004113816047241,188.078225069785,30.701379403825488,43.89962211730877,5,0.9244444444444444,188.078225069785,43.89962211730877
config_A,train,3290000,0.9511111111111111,0.03651483716701104,192.92353098985387,46.425587870391375,42.951025369978865,5,0.9511111111111111,192.92353098985387,42.951025369978865
config_A,train,3300000,0.9377777777777778,0.034426518632954754,168.88112120272638,27.174571927262757,41.49577399061517,10,0.9377777777777778,168.88112120272638,41.49577399061517
config_A,train,3310000,0.9422222222222221,0.04036867138796662,169.92461363452617,37.36176969573641,42.536795865633074,5,0.9422222222222221,169.92461363452617,42.536795865633074
config_A,train,3320000,0.9022222222222223,0.07470105028431828,199.09802773611162,88.58978132801116,43.731973344213245,5,0.9022222222222223,199.09802773611162,43.731973344213245
config_A,train,3330000,0.9111111111111111,0.08888888888888889,172.71577747240357,32.58501541593008,41.962251185507,5,0.9111111111111111,172.71577747240357,41.962251185507
config_A,train,3340000,0.9244444444444444,0.10610965676722951,202.94766948263916,105.00359640072716,40.9099582289056,5,0.9244444444444444,202.94766948263916,40.9099582289056
config_A,train,3350000,0.9422222222222223,0.10004114379931343,175.7961611457925,54.343272339383326,42.19122359021128,10,0.9422222222222223,175.7961611457925,42.19122359021128
config_A,train,3360000,0.9422222222222223,0.09375565826546213,177.55308921698827,48.12681374382064,41.1411077552938,5,0.9422222222222223,177.55308921698827,41.1411077552938
config_A,train,3370000,0.9422222222222223,0.0937556582654621,170.63829297127904,28.88143013072951,41.02884526326387,5,0.9422222222222223,170.63829297127904,41.02884526326387
config_A,train,3380000,0.9511111111111111,0.06554613868334502,171.6783425993625,19.59747469569328,41.053322700691126,5,0.9511111111111111,171.6783425993625,41.053322700691126
config_A,train,3390000,0.9466666666666667,0.07950463919999252,168.0291078265218,28.98813316653137,42.254827510437266,5,0.9466666666666667,168.0291078265218,42.254827510437266
config_A,train,3400000,0.9111111111111111,0.08764562641629058,193.95661735465308,70.39075882771832,44.496402427797776,10,0.9111111111111111,193.95661735465308,44.496402427797776
config_A,train,3410000,0.9066666666666666,0.10931887889998974,184.9834807583668,76.12436528295676,41.425252860834256,5,0.9066666666666666,184.9834807583668,41.425252860834256
config_A,train,3420000,0.9155555555555555,0.10110500592068739,189.88998079898053,70.45060340627334,41.569855275443516,5,0.9155555555555555,189.88998079898053,41.569855275443516
config_A,train,3430000,0.9288888888888888,0.13462338871876406,185.40800134359424,75.9543270505654,43.16141414141414,5,0.9288888888888888,185.40800134359424,43.16141414141414
config_A,train,3440000,0.9288888888888888,0.11044243235368159,195.2037852250495,83.05811262963451,42.09339675828048,5,0.9288888888888888,195.2037852250495,42.09339675828048
config_A,train,3450000,0.9288888888888888,0.10412612379736637,204.48829776318962,68.17611774465513,41.35674888419074,10,0.9288888888888888,204.48829776318962,41.35674888419074
config_A,train,3460000,0.9111111111111111,0.09558139185602915,192.5405516894021,61.24700955281832,42.78140170722791,5,0.9111111111111111,192.5405516894021,42.78140170722791
config_A,train,3470000,0.9288888888888888,0.10351835287868544,207.52413002685566,87.12427943929151,42.64697172586699,5,0.9288888888888888,207.52413002685566,42.64697172586699
config_A,train,3480000,0.9511111111111111,0.09737289911202954,167.8082766110604,38.51806454408904,42.27164502164503,5,0.9511111111111111,167.8082766110604,42.27164502164503
config_A,train,3490000,0.9466666666666665,0.08255189164891863,179.3736543565814,38.972261920896806,41.769797979797985,5,0.9466666666666665,179.3736543565814,41.769797979797985
config_A,train,3500000,0.9422222222222221,0.08714335508060876,209.72799353108013,73.29285404475397,41.757113997114,10,0.9422222222222221,209.72799353108013,41.757113997114
config_A,train,3510000,0.9688888888888888,0.057948465824023514,179.04771151174432,30.270959592400697,44.122136752136754,5,0.9688888888888888,179.04771151174432,44.122136752136754
config_A,train,3520000,0.9644444444444444,0.06776866969767516,212.40376199102934,56.857341142180175,41.31545454545454,5,0.9644444444444444,212.40376199102934,41.31545454545454
config_A,train,3530000,0.96,0.065546138683345,197.25562480494074,66.78184480775138,41.89127060074428,5,0.96,197.25562480494074,41.89127060074428
config_A,train,3540000,0.9644444444444444,0.06776866969767516,191.36689782030192,73.91502709706785,41.30068048910154,5,0.9644444444444444,191.36689782030192,41.30068048910154
config_A,train,3550000,0.9466666666666667,0.06724033018020861,187.67718377117907,71.76445935639613,43.014129605292396,10,0.9466666666666667,187.67718377117907,43.014129605292396
config_A,train,3560000,0.96,0.05533288710217211,212.96829760900314,115.58357346478886,43.3725286857845,5,0.96,212.96829760900314,43.3725286857845
config_A,train,3570000,0.9688888888888888,0.046080980785172726,177.70058686354724,20.66390469522249,42.223535353535354,5,0.9688888888888888,177.70058686354724,42.223535353535354
config_A,train,3580000,0.968888888888889,0.06956655929999342,179.5973906119692,31.905894852920177,43.07228070175439,5,0.968888888888889,179.5973906119692,43.07228070175439
config_A,train,3590000,0.96,0.07761888531810215,204.17087433126565,72.75255193859293,43.002858312858315,5,0.96,204.17087433126565,43.002858312858315
config_A,train,3600000,0.9555555555555555,0.07104935590092917,197.31827855008228,64.7154787999069,41.676445536445534,10,0.9555555555555555,197.31827855008228,41.676445536445534
config_A,train,3610000,0.9511111111111109,0.07269078770576054,190.6106438563167,69.99101539590936,40.932896532896535,5,0.9511111111111109,190.6106438563167,40.932896532896535
config_A,train,3620000,0.9333333333333332,0.06478835438716997,209.47837669654027,77.5726570592544,41.24975035440152,5,0.9333333333333332,209.47837669654027,41.24975035440152
config_A,train,3630000,0.9511111111111109,0.07269078770576053,222.16541947579202,60.26223001237132,41.86249795249795,5,0.9511111111111109,222.16541947579202,41.86249795249795
config_A,train,3640000,0.9555555555555554,0.06285393610547087,192.06520934066145,73.58409353666735,41.92538543328017,5,0.9555555555555554,192.06520934066145,41.92538543328017
config_A,train,3650000,0.9555555555555555,0.08248539796785215,185.29116502122542,31.92945442751937,41.99808080808081,10,0.9555555555555555,185.29116502122542,41.99808080808081
config_A,train,3660000,0.9733333333333334,0.05962847939999437,179.43934299202584,26.714240239736615,42.68239316239316,5,0.9733333333333334,179.43934299202584,42.68239316239316
config_A,train,3670000,0.9777777777777779,0.03849001794597501,178.695755833627,29.006917993005715,42.208346883468835,5,0.9777777777777779,178.695755833627,42.208346883468835
config_A,train,3680000,0.9644444444444444,0.0677686696976751,197.61976882505616,40.009938132414085,41.66520999468368,5,0.9644444444444444,197.61976882505616,41.66520999468368
config_A,train,3690000,0.9777777777777779,0.049690399499995354,199.25846583561673,71.73640107437598,43.656666666666666,5,0.9777777777777779,199.25846583561673,43.656666666666666
config_A,train,3700000,0.9733333333333333,0.04542136212372117,208.33213519354703,85.27817885794174,45.03818181818182,10,0.9733333333333333,208.33213519354703,45.03818181818182
config_A,train,3710000,0.9688888888888888,0.057948465824023514,212.4210016832586,55.539861600168116,44.4344055944056,5,0.9688888888888888,212.4210016832586,44.4344055944056
config_A,train,3720000,0.9555555555555555,0.0684934889218775,175.73626363494205,43.84103210670189,41.732664995822894,5,0.9555555555555555,175.73626363494205,41.732664995822894
config_A,train,3730000,0.9511111111111111,0.05067446333773943,214.50973492382772,76.04001953403949,42.96669738530204,5,0.9511111111111111,214.50973492382772,42.96669738530204
config_A,train,3740000,0.9377777777777776,0.06166416411338492,210.59397440978682,86.04704006843346,44.554474969474974,5,0.9377777777777776,210.59397440978682,44.554474969474974
config_A,train,3750000,0.9733333333333334,0.022951012421969855,168.67610166277507,26.21129128117519,40.67038759689923,10,0.9733333333333334,168.67610166277507,40.67038759689923
config_A,train,3760000,0.9822222222222221,0.018592445034090573,204.07350913372915,72.00835766875588,42.47614752172892,5,0.9822222222222221,204.07350913372915,42.47614752172892
config_A,train,3770000,0.9688888888888888,0.019876159799998107,210.05484078900463,77.67163219379529,42.96586798214705,5,0.9688888888888888,210.05484078900463,42.96586798214705
config_A,train,3780000,0.9466666666666665,0.029814239699997257,170.66583984165308,28.070530674436842,41.37904761904762,5,0.9466666666666665,170.66583984165308,41.37904761904762
config_A,train,3790000,0.9644444444444444,0.04036867138796652,176.02267616640717,26.653479533810124,41.900837292788516,5,0.9644444444444444,176.02267616640717,41.900837292788516
config_A,train,3800000,0.96,0.03442651863295478,202.95081620076627,70.67945544150699,42.06619786717348,10,0.96,202.95081620076627,42.06619786717348
config_A,train,3810000,0.9733333333333334,0.039752319599996214,174.76415352946455,35.40170007314346,41.34343480178988,5,0.9733333333333334,174.76415352946455,41.34343480178988
config_A,train,3820000,0.9644444444444444,0.05115939748098377,180.4549396021024,27.1966117590513,41.44015873015873,5,0.9644444444444444,180.4549396021024,41.44015873015873
config_A,train,3830000,0.9466666666666667,0.025337231668869715,189.94948723900507,75.99023705316712,42.79545798312106,5,0.9466666666666667,189.94948723900507,42.79545798312106
config_A,train,3840000,0.9511111111111111,0.039752319599996165,206.20005171959141,62.54306945837978,44.39848570790148,5,0.9511111111111111,206.20005171959141,44.39848570790148
config_A,train,3850000,0.9644444444444444,0.02388817110606983,172.1838376486158,33.77028526327744,41.31724621631598,10,0.9644444444444444,172.1838376486158,41.31724621631598
config_A,train,3860000,0.9422222222222223,0.03370166864022911,270.5757950750718,199.75171333388178,43.6586914440573,5,0.9422222222222223,270.5757950750718,43.6586914440573
config_A,train,3870000,0.9422222222222223,0.02533723166886964,264.60363154071854,198.78481748440456,43.612660802989794,5,0.9422222222222223,264.60363154071854,43.612660802989794
config_A,train,3880000,0.96,0.0185924450340905,222.09330503227147,64.43829208594367,41.78776804590758,5,0.96,222.09330503227147,41.78776804590758
config_A,train,3890000,0.9555555555555555,0.022222222222222192,192.4257138637186,75.07806384341801,41.76705929729185,5,0.9555555555555555,192.4257138637186,41.76705929729185
config_A,train,3900000,0.9377777777777778,0.0716645133182093,220.4592481940229,98.36778519845474,43.11567864883654,10,0.9377777777777778,220.4592481940229,43.11567864883654
config_A,train,3910000,0.9377777777777776,0.06740333728045818,195.41934722003026,74.34667308501379,42.532344682344686,5,0.9377777777777776,195.41934722003026,42.532344682344686
config_A,train,3920000,0.9377777777777776,0.055332887102172074,212.05428016112518,108.34480068929561,43.33841448229453,5,0.9377777777777776,212.05428016112518,43.33841448229453
config_A,train,3930000,0.928888888888889,0.036514837167011004,250.35263953778343,195.6183962822172,41.507683184654255,5,0.928888888888889,250.35263953778343,41.507683184654255
config_A,train,3940000,0.9422222222222221,0.04608098078517262,224.8071909715383,116.2064711837457,42.04520014868852,5,0.9422222222222221,224.8071909715383,42.04520014868852
config_A,train,3950000,0.9688888888888888,0.03505825056651622,196.37604666852732,69.24145488982865,42.18045107914081,10,0.9688888888888888,196.37604666852732,42.18045107914081
config_A,train,3960000,0.96,0.0329608821648696,214.80686671119847,117.27987551179949,42.0540506597455,5,0.96,214.80686671119847,42.0540506597455
config_A,train,3970000,0.9466666666666667,0.01217161238900377,227.16103986420194,114.08662376431202,42.18316722037652,5,0.9466666666666667,227.16103986420194,42.18316722037652
config_A,train,3980000,0.9466666666666667,0.012171612389003767,249.18440379585726,114.8452515169684,42.39147286821706,5,0.9466666666666667,249.18440379585726,42.39147286821706
config_A,train,3990000,0.96,0.028974232912011774,204.09369389325633,67.85731855155078,42.14898654317259,5,0.96,204.09369389325633,42.14898654317259
config_A,train,4000000,0.96,0.027317168762349287,235.73844522759265,44.245119317747374,42.671837645558576,10,0.96,235.73844522759265,42.671837645558576
config_A,train,4010000,0.9733333333333333,0.018592445034090545,206.77314240996148,66.93656341524525,42.33923890063425,5,0.9733333333333333,206.77314240996148,42.33923890063425
config_A,train,4020000,0.96,0.018592445034090514,205.28657112557025,61.55054686618863,42.19529849994966,5,0.96,205.28657112557025,42.19529849994966
config_A,train,4030000,0.9777777777777776,0.022222222222222202,203.25866857375695,61.701778921756734,42.1368569415081,5,0.9777777777777776,203.25866857375695,42.1368569415081
config_A,train,4040000,0.9644444444444444,0.03370166864022906,232.54429685651795,93.49306332459294,43.705113127875464,5,0.9644444444444444,232.54429685651795,43.705113127875464
config_A,train,4050000,0.9777777777777776,0.014814814814814774,198.10444387420395,46.179855224398885,45.225062250411085,10,0.9777777777777776,198.10444387420395,45.225062250411085
config_A,train,4060000,0.9733333333333333,0.028974232912011802,184.4214579397451,28.921471528885636,42.01630323165207,5,0.9733333333333333,184.4214579397451,42.01630323165207
config_A,train,4070000,0.9733333333333333,0.024343224778007395,201.4490965558458,68.62873579904412,41.574531024531026,5,0.9733333333333333,201.4490965558458,41.574531024531026
config_A,train,4080000,0.96,0.0481766297526196,209.05802312348277,67.20493512903882,44.44150793650793,5,0.96,209.05802312348277,44.44150793650793
config_A,train,4090000,0.9733333333333333,0.03651483716701103,185.64564429668812,31.674127577390745,42.397026361172706,5,0.9733333333333333,185.64564429668812,42.397026361172706
config_A,train,4100000,0.9822222222222221,0.017529125283258156,195.45415920230568,30.661580530398183,43.00806671364811,10,0.9822222222222221,195.45415920230568,43.00806671364811
config_A,train,4110000,0.9733333333333333,0.024343224778007388,208.30448341959723,44.109721555402196,42.95887445887446,5,0.9733333333333333,208.30448341959723,42.95887445887446
config_A,train,4120000,0.9555555555555555,0.03142696805273536,205.37740328436402,41.58549148365495,42.2445412311266,5,0.9555555555555555,205.37740328436402,42.2445412311266
config_A,train,4130000,0.9688888888888888,0.025337231668869697,188.69171579069547,26.144846390654113,42.27177958991913,5,0.9688888888888888,188.69171579069547,42.27177958991913
config_A,train,4140000,0.9644444444444444,0.040368671387966557,190.35633726629584,30.299310697162156,43.67452433745117,5,0.9644444444444444,190.35633726629584,43.67452433745117
config_A,train,4150000,0.9688888888888888,0.04084162593211917,191.1020530303444,25.726070407941204,43.63671699574139,10,0.9688888888888888,191.1020530303444,43.63671699574139
config_A,train,4160000,0.96,0.04554200340426481,195.18724180226624,25.852131063250265,43.29167528948017,5,0.96,195.18724180226624,43.29167528948017
config_A,train,4170000,0.9422222222222223,0.07131914015947204,222.86960889119936,59.466011787582474,43.650797448165875,5,0.9422222222222223,222.86960889119936,43.650797448165875
config_A,train,4180000,0.9288888888888888,0.08373974969518562,197.64053755598206,25.758284418686888,42.32590909090909,5,0.9288888888888888,197.64053755598206,42.32590909090909
config_A,train,4190000,0.9466666666666667,0.05794846582402352,244.61331033068822,89.65016676806466,44.307593990430064,5,0.9466666666666667,244.61331033068822,44.307593990430064
config_A,train,4200000,0.9022222222222223,0.04344556532923016,214.06572262322865,93.61036134451693,43.805356151843895,10,0.9022222222222223,214.06572262322865,43.805356151843895
config_A,train,4210000,0.9511111111111111,0.028974232912011684,203.05707461526018,62.53412354109061,45.00563175716324,5,0.9511111111111111,203.05707461526018,45.00563175716324
config_A,train,4220000,0.9333333333333333,0.044444444444444405,196.19927042656295,61.62029262453699,42.3952880830646,5,0.9333333333333333,196.19927042656295,42.3952880830646
config_A,train,4230000,0.9466666666666667,0.05577733510227164,203.0564187260165,60.69753044661412,42.30501184452404,5,0.9466666666666667,203.0564187260165,42.30501184452404
config_A,train,4240000,0.9244444444444444,0.06206328908341751,219.13025941032635,115.48831223609528,42.37160657021689,5,0.9244444444444444,219.13025941032635,42.37160657021689
config_A,train,4250000,0.9555555555555555,0.04190262407031388,176.27830688060038,30.274731943765754,42.35985882649524,10,0.9555555555555555,176.27830688060038,42.35985882649524
config_A,train,4260000,0.9511111111111111,0.05067446333773947,181.41882174820302,19.303410114236627,41.675139913027046,5,0.9511111111111111,181.41882174820302,41.675139913027046
config_A,train,4270000,0.9555555555555555,0.0444444444444444,179.2411599122116,22.853127451577507,44.89987773366106,5,0.9555555555555555,179.2411599122116,44.89987773366106
config_A,train,4280000,0.9555555555555555,0.03513641844631529,190.09793038742163,48.73092687026031,42.0641201660884,5,0.9555555555555555,190.09793038742163,42.0641201660884
config_A,train,4290000,0.9688888888888888,0.025337231668869753,184.6290984360876,22.776729956998903,41.71429913755495,5,0.9688888888888888,184.6290984360876,41.71429913755495
config_A,train,4300000,0.9733333333333334,0.037478846342736336,177.68061535773612,14.451886532937916,40.97889960294952,10,0.9733333333333334,177.68061535773612,40.97889960294952
config_A,train,4310000,0.96,0.04817662975261957,174.37620497816877,22.26538310870609,41.24724386724387,5,0.96,174.37620497816877,41.24724386724387
config_A,train,4320000,0.96,0.04274529791482519,231.35287014640343,82.68544037545409,42.30431289640592,5,0.96,231.35287014640343,42.30431289640592
config_A,train,4330000,0.9555555555555555,0.06478835438717002,193.4179631843869,60.39215879191136,40.877704832906794,5,0.9555555555555555,193.4179631843869,40.877704832906794
config_A,train,4340000,0.96,0.03651483716701103,216.3098730294952,63.76350871328282,41.443325590398764,5,0.96,216.3098730294952,41.443325590398764
config_A,train,4350000,0.96,0.052168346256767424,189.48746202309428,25.91680860643806,43.57965667407528,10,0.96,189.48746202309428,43.57965667407528
config_A,train,4360000,0.96,0.06554613868334495,174.2848793211428,19.68911153764999,41.109383306751724,5,0.96,174.2848793211428,41.109383306751724
config_A,train,4370000,0.9688888888888888,0.046080980785172726,205.1548429259069,40.16928338962316,42.49545454545454,5,0.9688888888888888,205.1548429259069,42.49545454545454
config_A,train,4380000,0.9422222222222223,0.07633584016585632,221.45662560785672,80.02572218011468,43.425303196766606,5,0.9422222222222223,221.45662560785672,43.425303196766606
config_A,train,4390000,0.9244444444444444,0.10841165260133749,191.87231019142058,46.02487501118894,41.68957246887479,5,0.9244444444444444,191.87231019142058,41.68957246887479
config_A,train,4400000,0.9111111111111111,0.14132432613584373,174.17954612914457,10.031513457329643,41.22938478611293,10,0.9111111111111111,174.17954612914457,41.22938478611293
config_A,train,4410000,0.9244444444444444,0.1095445115010332,201.46825194948696,43.60980765403741,41.76314574314574,5,0.9244444444444444,201.46825194948696,41.76314574314574
config_A,train,4420000,0.9555555555555554,0.06285393610547087,170.95984696477876,20.44980072600783,40.859675704412545,5,0.9555555555555554,170.95984696477876,40.859675704412545
config_A,train,4430000,0.9466666666666667,0.07131914015947205,207.17374182678122,23.5984412625345,42.064879149762874,5,0.9466666666666667,207.17374182678122,42.064879149762874
config_A,train,4440000,0.9377777777777776,0.055332887102172074,198.83965347262978,39.887135829124524,42.7091502540707,5,0.9377777777777776,198.83965347262978,42.7091502540707
config_A,train,4450000,0.9422222222222223,0.054634337524698595,202.49322939881608,41.13901570094811,44.93881408948728,10,0.9422222222222223,202.49322939881608,44.93881408948728
config_A,train,4460000,0.9244444444444445,0.03718489006818111,232.94466922478932,75.78983457224068,42.86156651063061,5,0.9244444444444445,232.94466922478932,42.86156651063061
config_A,train,4470000,0.9333333333333332,0.03513641844631528,206.7347381854107,50.310846122131615,44.36276340505779,5,0.9333333333333332,206.7347381854107,44.36276340505779
config_A,train,4480000,0.9244444444444445,0.04868644955601474,266.9347536172968,110.12788614417109,43.626904315196995,5,0.9244444444444445,266.9347536172968,43.626904315196995
config_A,train,4490000,0.96,0.02897423291201171,205.97324363180792,43.409762592946585,42.96243489919043,5,0.96,205.97324363180792,42.96243489919043
config_A,train,4500000,0.9511111111111109,0.03747884634273633,216.79902059855658,56.387175367975615,42.52064935064935,10,0.9511111111111109,216.79902059855658,42.52064935064935
config_A,train,4510000,0.9422222222222223,0.05351819812796572,204.71830289024916,58.8743736527588,42.718033875118394,5,0.9422222222222223,204.71830289024916,42.718033875118394
config_A,train,4520000,0.96,0.0553328871021721,183.53324890419916,26.58379223897611,43.47663883919698,5,0.96,183.53324890419916,43.47663883919698
config_A,train,4530000,0.9555555555555555,0.06478835438716997,185.2323696619713,21.6043061774576,43.857270625471365,5,0.9555555555555555,185.2323696619713,43.857270625471365
config_A,train,4540000,0.96,0.07761888531810214,194.69381161788738,31.81253406677203,43.23117663117663,5,0.96,194.69381161788738,43.23117663117663
config_A,train,4550000,0.9511111111111111,0.059995427352049185,181.04245098883413,24.04933380883897,42.94389228886169,10,0.9511111111111111,181.04245098883413,42.94389228886169
config_A,train,4560000,0.9288888888888888,0.07761888531810213,258.20929076815787,123.12377111619841,44.14893673577884,5,0.9288888888888888,258.20929076815787,44.14893673577884
config_A,train,4570000,0.9244444444444444,0.06402160129283524,255.68915882542547,99.13405161036974,45.87939640305494,5,0.9244444444444444,255.68915882542547,45.87939640305494
config_A,train,4580000,0.9155555555555555,0.09216196157034541,224.59482778276325,78.15484333519105,44.51435346496322,5,0.9155555555555555,224.59482778276325,44.51435346496322
config_A,train,4590000,0.9155555555555555,0.09480324003422906,232.25371651005167,87.08756210016385,45.51616605616606,5,0.9155555555555555,232.25371651005167,45.51616605616606
config_A,train,4600000,0.9199999999999999,0.09084272424744227,316.8174625356838,187.32138594791516,46.17448806573627,10,0.9199999999999999,316.8174625356838,46.17448806573627
config_A,train,4610000,0.9111111111111111,0.1186342028003479,316.92794180112014,255.15055944434653,45.75445944638018,5,0.9111111111111111,316.92794180112014,45.75445944638018
config_A,train,4620000,0.9200000000000002,0.11066577420434434,370.0298065632295,358.84089461300033,49.398975117023895,5,0.9200000000000002,370.0298065632295,49.398975117023895
config_A,train,4630000,0.9155555555555555,0.08373974969518563,306.1753619780681,177.6544356736228,48.750110291800596,5,0.9155555555555555,306.1753619780681,48.750110291800596
config_A,train,4640000,0.9288888888888888,0.08805161224959528,268.3421464229759,184.8711634956474,46.452383301453075,5,0.9288888888888888,268.3421464229759,46.452383301453075
config_A,train,4650000,0.9377777777777778,0.04030065335921617,303.78139770481454,146.49394916196263,51.23972800691462,10,0.9377777777777778,303.78139770481454,51.23972800691462
config_A,train,4660000,0.9511111111111111,0.04274529791482518,264.7798404154268,129.75735821123513,49.50956055572335,5,0.9511111111111111,264.7798404154268,49.50956055572335
config_A,train,4670000,0.9466666666666665,0.019876159799998128,212.5729942555925,64.0728727909857,44.17328601630927,5,0.9466666666666665,212.5729942555925,44.17328601630927
config_A,train,4680000,0.9733333333333333,0.01859244503409051,196.33318922838578,32.699235204942724,46.6090180878553,5,0.9733333333333333,196.33318922838578,46.6090180878553
config_A,train,4690000,0.9688888888888888,0.01217161238900361,230.80166362657172,67.83674671318933,45.53446088794926,5,0.9688888888888888,230.80166362657172,45.53446088794926
config_A,train,4700000,0.9866666666666666,0.01147550621098502,234.75706346169846,64.46734152045127,46.74111111111111,10,0.9866666666666666,234.75706346169846,46.74111111111111
config_A,train,4710000,0.9688888888888888,0.01217161238900361,248.61526309031424,80.68577020973899,44.85708245243129,5,0.9688888888888888,248.61526309031424,44.85708245243129
config_A,train,4720000,0.9866666666666666,0.012171612389003782,240.04494863304376,77.85171470132997,46.34929292929293,5,0.9866666666666666,240.04494863304376,46.34929292929293
config_A,train,4730000,0.9777777777777776,0.015713484026367738,254.77051683475437,86.0986122684258,45.881844021611464,5,0.9777777777777776,254.77051683475437,45.881844021611464
config_A,train,4740000,0.9866666666666667,0.019876159799998145,216.7615022699627,75.57726569069477,47.68613342729622,5,0.9866666666666667,216.7615022699627,47.68613342729622
config_A,train,4750000,0.9688888888888888,0.023888171106069785,201.24983181489281,44.00727310689966,44.272044028323094,10,0.9688888888888888,201.24983181489281,44.272044028323094
config_A,train,4760000,0.9555555555555555,0.02721655269759077,217.06574676767877,65.04232113981084,44.422441086990155,5,0.9555555555555555,217.06574676767877,44.422441086990155
config_A,train,4770000,0.96,0.04554200340426481,181.44940897399798,27.019327967404692,43.35663217541266,5,0.96,181.44940897399798,43.35663217541266
config_A,train,4780000,0.9155555555555555,0.1299572579307862,195.85659583304678,31.501187725575974,49.85725931482871,5,0.9155555555555555,195.85659583304678,49.85725931482871
config_A,train,4790000,0.9466666666666667,0.07302967433402217,189.43955825947006,22.575662851774187,48.05315454989873,5,0.9466666666666667,189.43955825947006,48.05315454989873
config_A,train,4800000,0.9199999999999999,0.10744571475240738,194.3222350851998,21.703877577294516,45.24661616161616,10,0.9199999999999999,194.3222350851998,45.24661616161616
config_A,train,4810000,0.9377777777777776,0.07269078770576057,207.62833659180473,42.35603106656228,49.667293007293004,5,0.9377777777777776,207.62833659180473,49.667293007293004
config_A,train,4820000,0.9333333333333333,0.07027283689263063,227.6318504504173,68.76675883392814,47.58134478881501,5,0.9333333333333333,227.6318504504173,47.58134478881501
config_A,train,4830000,0.9288888888888888,0.06363476028122823,207.564984460474,57.665823961192885,45.92762968026126,5,0.9288888888888888,207.564984460474,45.92762968026126
config_A,train,4840000,0.9511111111111111,0.06166416411338487,216.74545152920982,59.92220475169486,47.42651372970834,5,0.9511111111111111,216.74545152920982,47.42651372970834
config_A,train,4850000,0.9466666666666667,0.05660732792457126,178.27162077031073,13.130871193972062,45.644927487852826,10,0.9466666666666667,178.27162077031073,45.644927487852826
config_A,train,4860000,0.9377777777777776,0.06554613868334497,180.48246297375908,20.98838439804327,42.6210787954974,5,0.9377777777777776,180.48246297375908,42.6210787954974
config_A,train,4870000,0.9377777777777776,0.06921071778843305,195.81575711748354,40.501225224971776,42.59583159420369,5,0.9377777777777776,195.81575711748354,42.59583159420369
config_A,train,4880000,0.928888888888889,0.06166416411338497,193.35775168774677,58.88657980055107,43.59848769209846,5,0.928888888888889,193.35775168774677,43.59848769209846
config_A,train,4890000,0.9333333333333333,0.06285393610547085,197.53985679888552,45.268196815655315,42.56149362893549,5,0.9333333333333333,197.53985679888552,42.56149362893549
config_A,train,4900000,0.9244444444444445,0.04590202484393979,189.61107100714796,17.335151958918242,45.17663671373556,10,0.9244444444444445,189.61107100714796,45.17663671373556
config_A,train,4910000,0.9199999999999999,0.04036867138796658,175.98472871419037,24.73782128851603,42.872215691285454,5,0.9199999999999999,175.98472871419037,42.872215691285454
config_A,train,4920000,0.9333333333333332,0.04157397096415488,221.4304809743465,69.22013766715196,43.49729766357673,5,0.9333333333333332,221.4304809743465,43.49729766357673
config_A,train,4930000,0.9422222222222221,0.04608098078517265,204.8131711798158,61.71791790988096,47.236544076078964,5,0.9422222222222221,204.8131711798158,47.236544076078964
config_A,train,4940000,0.9511111111111111,0.05067446333773945,203.63919638429053,57.192521328920634,44.58530275925625,5,0.9511111111111111,203.63919638429053,44.58530275925625
config_A,train,4950000,0.9555555555555555,0.03312693299999685,214.2739164060693,51.119606671365425,45.393816194519545,10,0.9555555555555555,214.2739164060693,45.393816194519545
config_A,train,4960000,0.9644444444444444,0.05577733510227169,201.02748559762716,52.77849413609465,45.8277466977467,5,0.9644444444444444,201.02748559762716,45.8277466977467
config_A,train,4970000,0.9511111111111109,0.03975231959999621,204.22749102335848,58.76342843578805,45.98203463203463,5,0.9511111111111109,204.22749102335848,45.98203463203463
config_A,train,4980000,0.96,0.036514837167011004,183.71751890771012,25.599450618957068,42.54631365924049,5,0.96,183.71751890771012,42.54631365924049
config_A,train,4990000,0.96,0.03975231959999625,176.04385298037946,16.053811532453466,42.48520739360218,5,0.96,176.04385298037946,42.48520739360218
config_A,train,5000000,0.9511111111111111,0.042745297914825196,190.009625493159,35.05616605157248,41.90854122621565,5,0.9511111111111111,190.009625493159,41.90854122621565
config_B,test,10000,0.04,0.0894427190999916,38.88978187307829,29.468602825667507,397.0,5,0.04,38.88978187307829,397.0
config_B,test,20000,0.0,0.0,33.05882088582523,23.552105586630944,,5,0.0,33.05882088582523,
config_B,test,30000,0.0,0.0,43.55390631370627,28.24494067006146,,5,0.0,43.55390631370627,
config_B,test,40000,0.0,0.0,49.955175608215164,25.674840085918422,,5,0.0,49.955175608215164,
config_B,test,50000,0.0,0.0,158.0261039079699,189.2320004096331,,10,0.0,158.0261039079699,
config_B,test,60000,0.0,0.0,249.2016038446242,240.06733096774937,,5,0.0,249.2016038446242,
config_B,test,70000,0.0,0.0,128.39041646803537,88.98520860637909,,5,0.0,128.39041646803537,
config_B,test,80000,0.0,0.0,129.7011450204639,94.34736108432304,,5,0.0,129.7011450204639,
config_B,test,90000,0.0,0.0,218.69212461521357,257.2465027830168,,5,0.0,218.69212461521357,
config_B,test,100000,0.0,0.0,207.23153316051972,253.02942528966494,,10,0.0,207.23153316051972,
config_B,test,110000,0.0,0.0,282.43248122558913,345.4916591740284,,5,0.0,282.43248122558913,
config_B,test,120000,0.08,0.10954451150103323,237.98096091169995,199.97696126613812,153.0,5,0.08,237.98096091169995,153.0
config_B,test,130000,0.04,0.0894427190999916,600.5008115653452,514.0861226740491,58.0,5,0.04,600.5008115653452,58.0
config_B,test,140000,0.0,0.0,305.9834285025384,265.76815391076127,,5,0.0,305.9834285025384,
config_B,test,150000,0.0,0.0,395.37209384787644,181.65702260473472,,10,0.0,395.37209384787644,
config_B,test,160000,0.0,0.0,279.1385866456079,242.50921718104652,,5,0.0,279.1385866456079,
config_B,test,170000,0.0,0.0,502.14071702311156,229.80230543013263,,5,0.0,502.14071702311156,
config_B,test,180000,0.0,0.0,493.46180509397163,226.3889781217131,,5,0.0,493.46180509397163,
config_B,test,190000,0.0,0.0,767.0292835711695,411.9275626702716,,5,0.0,767.0292835711695,
config_B,test,200000,0.0,0.0,762.6016227946656,614.8188676585246,,10,0.0,762.6016227946656,
config_B,test,210000,0.0,0.0,799.9400235880945,615.6090550731246,,5,0.0,799.9400235880945,
config_B,test,220000,0.0,0.0,775.1369864155215,664.6690387131807,,5,0.0,775.1369864155215,
config_B,test,230000,0.04,0.0894427190999916,984.4411364357666,870.791977314842,86.0,5,0.04,984.4411364357666,86.0
config_B,test,240000,0.04,0.0894427190999916,949.7241062480498,944.2439064142533,436.0,5,0.04,949.7241062480498,436.0
config_B,test,250000,0.08,0.1686548085423136,1181.3367089416226,768.3813874433156,82.5,10,0.08,1181.3367089416226,82.5
config_B,test,260000,0.08,0.10954451150103323,1061.426359806644,767.2410799088663,73.5,5,0.08,1061.426359806644,73.5
config_B,test,270000,0.04,0.0894427190999916,1172.4804958479795,1109.9529977258885,43.0,5,0.04,1172.4804958479795,43.0
config_B,test,280000,0.12000000000000002,0.10954451150103323,1108.7984573861556,849.6637415287416,47.333333333333336,5,0.12000000000000002,1108.7984573861556,47.333333333333336
config_B,test,290000,0.12000000000000002,0.10954451150103324,1038.8562720846232,822.8785871735248,45.666666666666664,5,0.12000000000000002,1038.8562720846232,45.666666666666664
config_B,test,300000,0.08,0.10327955589886445,1003.6215777713069,563.4784302157337,52.0,10,0.08,1003.6215777713069,52.0
config_B,test,310000,0.16,0.16733200530681513,1077.0879142210508,894.8202948922733,77.66666666666667,5,0.16,1077.0879142210508,77.66666666666667
config_B,test,320000,0.28,0.33466401061363027,1056.3077782408368,845.3629338571483,151.41666666666666,5,0.28,1056.3077782408368,151.41666666666666
config_B,test,330000,0.16,0.260768096208106,1258.1591832400718,952.7950337456447,86.16666666666666,5,0.16,1258.1591832400718,86.16666666666666
config_B,test,340000,0.24,0.21908902300206645,1148.5164826778869,802.428805512812,72.75,5,0.24,1148.5164826778869,72.75
config_B,test,350000,0.16,0.08432740427115679,1287.719869850544,763.1212210076849,91.25,10,0.16,1287.719869850544,91.25
config_B,test,360000,0.44000000000000006,0.35777087639996635,1013.7233773301061,820.2349306379693,128.1875,5,0.44000000000000006,1013.7233773301061,128.1875
config_B,test,370000,0.32,0.2280350850198276,1304.05424106383,951.0964384827738,70.45833333333333,5,0.32,1304.05424106383,70.45833333333333
config_B,test,380000,0.24000000000000005,0.21908902300206645,1146.5432946167666,775.6261214674172,125.0,5,0.24000000000000005,1146.5432946167666,125.0
config_B,test,390000,0.2,0.2,1204.9538263209834,1028.7297798775114,41.5,5,0.2,1204.9538263209834,41.5
config_B,test,400000,0.2,0.13333333333333336,1337.0171272124041,958.4630798700437,43.0,10,0.2,1337.0171272124041,43.0
config_B,test,410000,0.2,0.14142135623730953,1590.1425478494384,1003.8054373005356,43.5,5,0.2,1590.1425478494384,43.5
config_B,test,420000,0.32,0.30331501776206204,1488.6663866273295,1185.5186240913183,38.38888888888889,5,0.32,1488.6663866273295,38.38888888888889
config_B,test,430000,0.27999999999999997,0.2683281572999748,1360.550783264048,1230.5420024432706,43.44444444444445,5,0.27999999999999997,1360.550783264048,43.44444444444445
config_B,test,440000,0.36,0.35777087639996635,1379.7245124330855,1012.2211797790824,85.27777777777779,5,0.36,1379.7245124330855,85.27777777777779
config_B,test,450000,0.4,0.29814239699997197,1239.019785479001,902.1127428997962,80.5,10,0.4,1239.019785479001,80.5
config_B,test,460000,0.44000000000000006,0.3286335345030997,1298.5010679139164,882.4610005574439,70.95833333333334,5,0.44000000000000006,1298.5010679139164,70.95833333333334
config_B,test,470000,0.4,0.31622776601683794,1229.5924396779722,963.4007879489187,47.270833333333336,5,0.4,1229.5924396779722,47.270833333333336
config_B,test,480000,0.36,0.260768096208106,1388.0287262215647,909.4325561075535,44.208333333333336,5,0.36,1388.0287262215647,44.208333333333336
config_B,test,490000,0.36,0.260768096208106,1631.8616190287999,656.7493330994565,68.29166666666666,5,0.36,1631.8616190287999,68.29166666666666
config_B,test,500000,0.36,0.24585451886114368,1701.5993144501776,510.53792754864156,43.166666666666664,10,0.36,1701.5993144501776,43.166666666666664
config_B,test,510000,0.4,0.31622776601683794,1639.9916453137153,1042.6670015992481,69.89583333333334,5,0.4,1639.9916453137153,69.89583333333334
config_B,test,520000,0.36,0.3286335345030997,1706.8328492973565,977.9771989339673,102.1111111111111,5,0.36,1706.8328492973565,102.1111111111111
config_B,test,530000,0.32,0.30331501776206204,1903.0608621006027,973.1423824198805,54.61111111111111,5,0.32,1903.0608621006027,54.61111111111111
config_B,test,540000,0.32,0.33466401061363027,1768.8669387026832,921.9641965283131,53.916666666666664,5,0.32,1768.8669387026832,53.916666666666664
config_B,test,550000,0.48,0.214993539954628,1472.154395946647,591.3687910761952,56.0,10,0.48,1472.154395946647,56.0
config_B,test,560000,0.48,0.30331501776206204,1403.4304594531727,645.9416093742855,43.5,5,0.48,1403.4304594531727,43.5
config_B,test,570000,0.56,0.260768096208106,1236.8122748602468,619.8504601419872,56.23333333333333,5,0.56,1236.8122748602468,56.23333333333333
config_B,test,580000,0.36,0.16733200530681513,1702.8750747537767,737.6984200154806,64.13333333333333,5,0.36,1702.8750747537767,64.13333333333333
config_B,test,590000,0.4,0.282842712474619,1692.238701591558,793.1846511646911,69.88333333333334,5,0.4,1692.238701591558,69.88333333333334
config_B,test,600000,0.44000000000000006,0.30983866769659335,1609.0803127055347,727.7076594542264,55.83333333333333,10,0.44000000000000006,1609.0803127055347,55.83333333333333
config_B,test,610000,0.44000000000000006,0.3847076812334269,1442.3540421905002,990.2830412257125,57.483333333333334,5,0.44000000000000006,1442.3540421905002,57.483333333333334
config_B,test,620000,0.4,0.1414213562373095,1625.6970088395233,799.1216039085225,63.4,5,0.4,1625.6970088395233,63.4
config_B,test,630000,0.4,0.24494897427831785,1523.3647972524934,529.6798669698992,44.85,5,0.4,1523.3647972524934,44.85
config_B,test,640000,0.32,0.22803508501982758,1843.4107601658234,479.8750957414724,55.375,5,0.32,1843.4107601658234,55.375
config_B,test,650000,0.4,0.29814239699997197,1751.0428145213973,935.8935059884615,51.35416666666667,10,0.4,1751.0428145213973,51.35416666666667
config_B,test,660000,0.24,0.260768096208106,2178.756180402992,834.6525415813924,93.66666666666667,5,0.24,2178.756180402992,93.66666666666667
config_B,test,670000,0.32,0.30331501776206204,1768.5034133725098,976.8351544864025,54.22222222222222,5,0.32,1768.5034133725098,54.22222222222222
config_B,test,680000,0.27999999999999997,0.2683281572999748,1822.405425436936,956.4599324812833,57.5,5,0.27999999999999997,1822.405425436936,57.5
config_B,test,690000,0.36,0.2607680962081059,1650.8867326447246,760.0435982027691,49.08333333333333,5,0.36,1650.8867326447246,49.08333333333333
config_B,test,700000,0.44000000000000006,0.15776212754932306,1657.012786891768,636.918443363685,81.6,10,0.44000000000000006,1657.012786891768,81.6
config_B,test,710000,0.44000000000000006,0.260768096208106,1400.7832767580962,535.3785267270416,43.45833333333333,5,0.44000000000000006,1400.7832767580962,43.45833333333333
config_B,test,720000,0.5599999999999999,0.3286335345030997,976.7841707013016,409.3132282902492,45.229166666666664,5,0.5599999999999999,976.7841707013016,45.229166666666664
config_B,test,730000,0.52,0.363318042491699,1478.6800017502203,806.2878495727807,49.65833333333333,5,0.52,1478.6800017502203,49.65833333333333
config_B,test,740000,0.32,0.363318042491699,2145.7528447399827,990.0070229131137,42.25,5,0.32,2145.7528447399827,42.25
config_B,test,750000,0.44000000000000006,0.30983866769659335,1715.9285452446252,761.3287210601692,50.7,10,0.44000000000000006,1715.9285452446252,50.7
config_B,test,760000,0.4,0.2449489742783178,1874.7684107759735,562.5515353527107,45.125,5,0.4,1874.7684107759735,45.125
config_B,test,770000,0.4,0.2449489742783178,2060.1647897236185,880.5109278909317,46.91666666666667,5,0.4,2060.1647897236185,46.91666666666667
config_B,test,780000,0.48,0.2280350850198276,1890.9607977939766,813.7020025219185,60.68333333333332,5,0.48,1890.9607977939766,60.68333333333332
config_B,test,790000,0.52,0.303315017762062,1543.3803412487348,913.2614954154791,48.94666666666667,5,0.52,1543.3803412487348,48.94666666666667
config_B,test,800000,0.4,0.18856180831641264,2138.2537406262704,623.6051555506134,127.73333333333332,10,0.4,2138.2537406262704,127.73333333333332
config_B,test,810000,0.44000000000000006,0.3847076812334269,1799.1104585929613,1107.803330816196,53.3,5,0.44000000000000006,1799.1104585929613,53.3
config_B,test,820000,0.4,0.37416573867739417,1818.9457851410539,954.5741010913463,52.888888888888886,5,0.4,1818.9457851410539,52.888888888888886
config_B,test,830000,0.4800000000000001,0.30331501776206204,1389.0034484990595,830.1690074040565,70.2,5,0.4800000000000001,1389.0034484990595,70.2
config_B,test,840000,0.44000000000000006,0.21908902300206645,1531.6890416475123,634.2851193164411,47.05,5,0.44000000000000006,1531.6890416475123,47.05
config_B,test,850000,0.48,0.28596814119369623,1396.6168551864828,885.2963143080148,45.54,10,0.48,1396.6168551864828,45.54
config_B,test,860000,0.52,0.30331501776206204,1661.6862680821553,845.5224353743054,69.36666666666667,5,0.52,1661.6862680821553,69.36666666666667
config_B,test,870000,0.52,0.2683281572999748,1542.0658066520577,959.1759062343472,54.8,5,0.52,1542.0658066520577,54.8
config_B,test,880000,0.44000000000000006,0.21908902300206645,1709.8239713673654,812.8311265968293,51.1,5,0.44000000000000006,1709.8239713673654,51.1
config_B,test,890000,0.48,0.363318042491699,1649.9765144079374,1077.6855099250386,56.46666666666667,5,0.48,1649.9765144079374,56.46666666666667
config_B,test,900000,0.52,0.3155242550986462,1624.269945541782,872.660901327413,51.06666666666667,10,0.52,1624.269945541782,51.06666666666667
config_B,test,910000,0.5599999999999999,0.2607680962081059,1652.7677234237722,867.0310967503049,47.59333333333333,5,0.5599999999999999,1652.7677234237722,47.59333333333333
config_B,test,920000,0.76,0.260768096208106,973.600452408484,783.8662029879122,53.21333333333333,5,0.76,973.600452408484,53.21333333333333
config_B,test,930000,0.64,0.260768096208106,1365.0322669225366,808.7730367341625,48.3,5,0.64,1365.0322669225366,48.3
config_B,test,940000,0.6,0.19999999999999998,1514.68945917874,635.7470981130833,49.03333333333333,5,0.6,1514.68945917874,49.03333333333333
config_B,test,950000,0.6,0.23094010767585027,1478.053947635843,731.1654804251011,42.61666666666666,10,0.6,1478.053947635843,42.61666666666666
config_B,test,960000,0.6,0.14142135623730953,1528.0310180736788,457.846069692215,72.66666666666666,5,0.6,1528.0310180736788,72.66666666666666
config_B,test,970000,0.64,0.16733200530681513,1175.5288305394392,273.0097288867039,56.6,5,0.64,1175.5288305394392,56.6
config_B,test,980000,0.52,0.22803508501982758,1768.6389082238863,589.949026491265,51.83333333333333,5,0.52,1768.6389082238863,51.83333333333333
config_B,test,990000,0.64,0.21908902300206648,1412.6145688184106,651.7200830638944,48.65,5,0.64,1412.6145688184106,48.65
config_B,test,1000000,0.72,0.1686548085423136,1213.6718790854097,687.3787859174777,79.66333333333333,10,0.72,1213.6718790854097,79.66333333333333
config_B,test,1010000,0.76,0.21908902300206642,1121.3373767460562,970.4482487498681,97.83,5,0.76,1121.3373767460562,97.83
config_B,test,1020000,0.76,0.21908902300206642,902.890434178597,880.3605482931399,56.010000000000005,5,0.76,902.890434178597,56.010000000000005
config_B,test,1030000,0.72,0.22803508501982758,929.8253922045357,846.1265187189085,59.60333333333333,5,0.72,929.8253922045357,59.60333333333333
config_B,test,1040000,0.8,0.24494897427831785,743.905065576962,907.1924159604226,52.86,5,0.8,743.905065576962,52.86
config_B,test,1050000,0.6799999999999999,0.214993539954628,1323.263835805086,1059.3482902968074,90.04666666666667,10,0.6799999999999999,1323.263835805086,90.04666666666667
config_B,test,1060000,0.8,0.2,932.6971111917213,714.9684873800318,52.58,5,0.8,932.6971111917213,52.58
config_B,test,1070000,0.8,0.2,1015.9933902371046,890.8989690843572,67.56,5,0.8,1015.9933902371046,67.56
config_B,test,1080000,0.8800000000000001,0.10954451150103316,696.9755807854419,374.6613507177688,55.370000000000005,5,0.8800000000000001,696.9755807854419,55.370000000000005
config_B,test,1090000,0.8400000000000001,0.1673320053068151,720.9591743153621,708.9291897584629,60.65333333333333,5,0.8400000000000001,720.9591743153621,60.65333333333333
config_B,test,1100000,0.8,0.13333333333333336,667.2148292940503,398.2751017379449,52.47666666666667,10,0.8,667.2148292940503,52.47666666666667
config_B,test,1110000,0.8800000000000001,0.17888543819998318,339.01232698250453,285.3399625896809,46.019999999999996,5,0.8800000000000001,339.01232698250453,46.019999999999996
config_B,test,1120000,1.0,0.0,194.72083189691082,50.29416965190228,45.92,5,1.0,194.72083189691082,45.92
config_B,test,1130000,0.8,0.2,941.4635089504673,710.1489021343824,48.910000000000004,5,0.8,941.4635089504673,48.910000000000004
config_B,test,1140000,0.8400000000000001,0.16733200530681513,802.2370208953827,556.0485315086122,48.413333333333334,5,0.8400000000000001,802.2370208953827,48.413333333333334
config_B,test,1150000,0.8800000000000001,0.16865480854231357,651.8084819515656,589.8124986833591,47.74666666666667,10,0.8800000000000001,651.8084819515656,47.74666666666667
config_B,test,1160000,0.8800000000000001,0.2683281572999748,642.4962433164823,953.9208933597242,49.56,5,0.8800000000000001,642.4962433164823,49.56
config_B,test,1170000,0.8,0.0,818.3656510671258,339.537780402046,53.0,5,0.8,818.3656510671258,53.0
config_B,test,1180000,1.0,0.0,379.2055416315699,341.2252894851004,68.96000000000001,5,1.0,379.2055416315699,68.96000000000001
config_B,test,1190000,0.72,0.2683281572999748,1303.598030165934,1050.5504071395865,66.49333333333333,5,0.72,1303.598030165934,66.49333333333333
config_B,test,1200000,0.9199999999999999,0.10327955589886444,670.3455686534195,640.6823097638697,75.03,10,0.9199999999999999,670.3455686534195,75.03
config_B,test,1210000,0.8400000000000001,0.16733200530681516,800.103368966529,629.6066747360788,52.089999999999996,5,0.8400000000000001,800.103368966529,52.089999999999996
config_B,test,1220000,0.8400000000000001,0.260768096208106,780.9877829681876,940.9222141812728,52.02,5,0.8400000000000001,780.9877829681876,52.02
config_B,test,1230000,0.8800000000000001,0.17888543819998318,792.8504233201438,567.4538182929275,66.01666666666667,5,0.8800000000000001,792.8504233201438,66.01666666666667
config_B,test,1240000,0.9199999999999999,0.1788854381999832,509.8446204454949,629.6206644593176,48.8,5,0.9199999999999999,509.8446204454949,48.8
config_B,test,1250000,0.8400000000000001,0.1577621275493231,770.9710407053076,588.5425702905726,45.026666666666664,10,0.8400000000000001,770.9710407053076,45.026666666666664
config_B,test,1260000,0.96,0.08944271909999157,350.2889358905019,304.1859707323805,47.93,5,0.96,350.2889358905019,47.93
config_B,test,1270000,0.96,0.08944271909999157,338.8703938356293,353.50672803569535,46.85,5,0.96,338.8703938356293,46.85
config_B,test,1280000,1.0,0.0,235.00337216004846,81.94035271761217,51.56,5,1.0,235.00337216004846,51.56
config_B,test,1290000,0.96,0.08944271909999156,369.4420689535174,308.3257439908042,50.0,5,0.96,369.4420689535174,50.0
config_B,test,1300000,0.96,0.08432740427115676,362.0640239933244,283.68261062169864,48.39,10,0.96,362.0640239933244,48.39
config_B,test,1310000,1.0,0.0,206.0203039031739,63.281825324698005,47.480000000000004,5,1.0,206.0203039031739,47.480000000000004
config_B,test,1320000,0.96,0.08944271909999156,377.11445541488956,301.9768793349871,49.56,5,0.96,377.11445541488956,49.56
config_B,test,1330000,1.0,0.0,225.01358836068698,60.78701355088353,49.2,5,1.0,225.01358836068698,49.2
config_B,test,1340000,0.96,0.08944271909999156,375.88113104473734,263.9669522509449,50.53,5,0.96,375.88113104473734,50.53
config_B,test,1350000,0.96,0.08432740427115677,352.3382786774549,280.76418759058026,46.88,10,0.96,352.3382786774549,46.88
config_B,test,1360000,1.0,0.0,210.80641929808584,31.707745952191967,48.32,5,1.0,210.80641929808584,48.32
config_B,test,1370000,0.9199999999999999,0.1095445115010332,509.7309643210284,346.8344677041742,49.07,5,0.9199999999999999,509.7309643210284,49.07
config_B,test,1380000,0.96,0.08944271909999157,334.07983123964533,317.91057863617743,44.79,5,0.96,334.07983123964533,44.79
config_B,test,1390000,0.9199999999999999,0.1095445115010332,515.63380835074,407.26415675338063,49.14,5,0.9199999999999999,515.63380835074,49.14
config_B,test,1400000,0.96,0.08432740427115677,378.1740300827041,298.6742190300034,49.46,10,0.96,378.1740300827041,49.46
config_B,test,1410000,0.96,0.08944271909999157,381.6295189146717,359.51935639038214,50.04,5,0.96,381.6295189146717,50.04
config_B,test,1420000,0.96,0.08944271909999157,364.8907300918489,326.13187438191625,46.81,5,0.96,364.8907300918489,46.81
config_B,test,1430000,0.96,0.08944271909999156,432.87479706649174,275.6444255411706,56.160000000000004,5,0.96,432.87479706649174,56.160000000000004
config_B,test,1440000,1.0,0.0,262.66372551610596,143.02183118508466,54.36,5,1.0,262.66372551610596,54.36
config_B,test,1450000,0.96,0.08432740427115676,369.75761105530967,286.9438303081584,48.8,10,0.96,369.75761105530967,48.8
config_B,test,1460000,1.0,0.0,193.16181871641794,26.10182336705756,45.0,5,1.0,193.16181871641794,45.0
config_B,test,1470000,1.0,0.0,198.2573656225708,17.086872218526196,46.160000000000004,5,1.0,198.2573656225708,46.160000000000004
config_B,test,1480000,0.9199999999999999,0.1788854381999832,365.0208976253807,393.16849199644645,43.21333333333333,5,0.9199999999999999,365.0208976253807,43.21333333333333
config_B,test,1490000,0.96,0.08944271909999157,357.4242545647815,305.959582189146,45.989999999999995,5,0.96,357.4242545647815,45.989999999999995
config_B,test,1500000,1.0,0.0,219.0843620445533,45.59926748458637,48.04,10,1.0,219.0843620445533,48.04
config_B,test,1510000,0.96,0.08944271909999156,352.37139011419833,295.1098723679304,46.22,5,0.96,352.37139011419833,46.22
config_B,test,1520000,0.9199999999999999,0.1095445115010332,474.6339559574968,378.2097911129925,42.71,5,0.9199999999999999,474.6339559574968,42.71
config_B,test,1530000,0.9199999999999999,0.1095445115010332,470.6401308249515,365.22725498812014,43.230000000000004,5,0.9199999999999999,470.6401308249515,43.230000000000004
config_B,test,1540000,0.96,0.08944271909999157,321.6007425844533,305.8334345038907,42.9,5,0.96,321.6007425844533,42.9
config_B,test,1550000,0.96,0.08432740427115677,325.518895204477,325.771697606645,42.910000000000004,10,0.96,325.518895204477,42.910000000000004
config_B,test,1560000,0.96,0.08944271909999157,291.93583931256194,292.4835152077341,40.95,5,0.96,291.93583931256194,40.95
config_B,test,1570000,0.96,0.08944271909999157,311.29146581515346,315.0769497823359,41.68,5,0.96,311.29146581515346,41.68
config_B,test,1580000,0.96,0.08944271909999157,316.08991916851437,317.47003145881644,42.05,5,0.96,316.08991916851437,42.05
config_B,test,1590000,0.96,0.08944271909999157,324.8040377010105,286.3413472746251,45.39,5,0.96,324.8040377010105,45.39
config_B,test,1600000,1.0,0.0,185.1541466258208,39.92498334890804,44.56,10,1.0,185.1541466258208,44.56
config_B,test,1610000,0.9199999999999999,0.1095445115010332,470.303691450062,367.98920795283675,43.17,5,0.9199999999999999,470.303691450062,43.17
config_B,test,1620000,0.9199999999999999,0.1095445115010332,426.28718701488106,345.18268366692126,41.739999999999995,5,0.9199999999999999,426.28718701488106,41.739999999999995
config_B,test,1630000,0.96,0.08944271909999157,328.2147304838777,316.59556598637147,43.019999999999996,5,0.96,328.2147304838777,43.019999999999996
config_B,test,1640000,0.9199999999999999,0.10954451150103317,316.28085737739104,319.2397117353079,42.31,5,0.9199999999999999,316.28085737739104,42.31
config_B,test,1650000,0.96,0.08432740427115674,151.67402150931758,7.350641762978321,40.519999999999996,10,0.96,151.67402150931758,40.519999999999996
config_B,test,1660000,0.96,0.08944271909999157,298.6938123136786,283.67051839654994,41.6,5,0.96,298.6938123136786,41.6
config_B,test,1670000,0.96,0.08944271909999156,163.71050672152202,22.493357334963335,41.85,5,0.96,163.71050672152202,41.85
config_B,test,1680000,0.9199999999999999,0.1788854381999832,301.9092092333485,192.46375070742945,57.61333333333333,5,0.9199999999999999,301.9092092333485,57.61333333333333
config_B,test,1690000,0.9199999999999999,0.1788854381999832,153.21080558573698,15.334615298758946,40.693333333333335,5,0.9199999999999999,153.21080558573698,40.693333333333335
config_B,test,1700000,1.0,0.0,191.19755911160513,49.228236284144195,45.08,10,1.0,191.19755911160513,45.08
config_B,test,1710000,1.0,0.0,297.1794905545339,192.7816415083185,57.040000000000006,5,1.0,297.1794905545339,57.040000000000006
config_B,test,1720000,0.96,0.08944271909999157,346.5745993562543,285.44315181954215,47.05,5,0.96,346.5745993562543,47.05
config_B,test,1730000,0.96,0.08944271909999157,307.9336152120507,332.59926638595323,40.41,5,0.96,307.9336152120507,40.41
config_B,test,1740000,0.96,0.08944271909999157,310.0929002577369,303.9290594098619,41.94,5,0.96,310.0929002577369,41.94
config_B,test,1750000,0.96,0.08432740427115677,404.24307173616126,313.1116401982641,56.17999999999999,10,0.96,404.24307173616126,56.17999999999999
config_B,test,1760000,1.0,0.0,188.90520010808558,48.94402235610471,44.480000000000004,5,1.0,188.90520010808558,44.480000000000004
config_B,test,1770000,0.96,0.08944271909999157,383.07464804096685,299.4490900075912,51.07,5,0.96,383.07464804096685,51.07
config_B,test,1780000,1.0,0.0,280.71997417721076,225.889358660623,55.56,5,1.0,280.71997417721076,55.56
config_B,test,1790000,1.0,0.0,316.21050832750086,293.74655142959836,63.0,5,1.0,316.21050832750086,63.0
config_B,test,1800000,0.96,0.08432740427115674,157.37960302095763,39.45147350209392,41.86,10,0.96,157.37960302095763,41.86
config_B,test,1810000,0.96,0.08944271909999157,262.3363281428077,150.11965734968328,55.02,5,0.96,262.3363281428077,55.02
config_B,test,1820000,0.96,0.08944271909999157,308.2976505896698,277.9232210979792,43.25,5,0.96,308.2976505896698,43.25
config_B,test,1830000,0.96,0.08944271909999157,294.4395229576632,310.47037975083873,40.03,5,0.96,294.4395229576632,40.03
config_B,test,1840000,1.0,0.0,275.3868501774824,172.1081247735502,55.279999999999994,5,1.0,275.3868501774824,55.279999999999994
config_B,test,1850000,1.0,0.0,183.5654108348162,69.0141727501974,44.839999999999996,10,1.0,183.5654108348162,44.839999999999996
config_B,test,1860000,1.0,0.0,175.9124040814508,41.21169543968132,42.68,5,1.0,175.9124040814508,42.68
config_B,test,1870000,1.0,0.0,176.55845234118615,33.264977116016915,43.239999999999995,5,1.0,176.55845234118615,43.239999999999995
config_B,test,1880000,0.96,0.08944271909999157,381.930360880744,333.01882598818577,49.459999999999994,5,0.96,381.930360880744,49.459999999999994
config_B,test,1890000,0.9199999999999999,0.17888543819998318,453.61406454591514,614.4886344702936,42.10666666666667,5,0.9199999999999999,453.61406454591514,42.10666666666667
config_B,test,1900000,0.96,0.08432740427115677,365.27227731874984,316.36172217461484,47.410000000000004,10,0.96,365.27227731874984,47.410000000000004
config_B,test,1910000,0.96,0.08944271909999157,352.2059643240268,317.3530971845968,46.17,5,0.96,352.2059643240268,46.17
config_B,test,1920000,0.96,0.08944271909999157,330.70001855409674,327.79693155737687,42.64,5,0.96,330.70001855409674,42.64
config_B,test,1930000,0.96,0.08944271909999157,374.429799683682,287.7231223427107,52.75,5,0.96,374.429799683682,52.75
config_B,test,1940000,0.9199999999999999,0.1095445115010332,428.4839193144937,356.9768760663527,40.339999999999996,5,0.9199999999999999,428.4839193144937,40.339999999999996
config_B,test,1950000,0.96,0.08432740427115677,444.76271060219716,373.40613284973364,57.379999999999995,10,0.96,444.76271060219716,57.379999999999995
config_B,test,1960000,0.9199999999999999,0.17888543819998318,452.98767315546286,648.3683651163199,40.54666666666667,5,0.9199999999999999,452.98767315546286,40.54666666666667
config_B,test,1970000,0.9199999999999999,0.1095445115010332,447.1766530570388,401.05050494315736,39.3,5,0.9199999999999999,447.1766530570388,39.3
config_B,test,1980000,0.9199999999999999,0.17888543819998318,497.76151523415683,654.7574006971581,45.160000000000004,5,0.9199999999999999,497.76151523415683,45.160000000000004
config_B,test,1990000,1.0,0.0,160.36908217729373,34.94326252751799,41.160000000000004,5,1.0,160.36908217729373,41.160000000000004
config_B,test,2000000,1.0,0.0,160.42711404976157,18.710379849877533,40.96,10,1.0,160.42711404976157,40.96
config_B,test,2010000,0.96,0.08944271909999157,323.52297970044555,336.15698597472294,41.67,5,0.96,323.52297970044555,41.67
config_B,test,2020000,0.96,0.08944271909999157,310.4100756773099,333.9615256816704,40.04,5,0.96,310.4100756773099,40.04
config_B,test,2030000,0.96,0.08944271909999157,334.41740738213764,311.96027826366384,44.279999999999994,5,0.96,334.41740738213764,44.279999999999994
config_B,test,2040000,0.96,0.08944271909999157,335.0810853770904,322.6557727154965,43.879999999999995,5,0.96,335.0810853770904,43.879999999999995
config_B,test,2050000,0.96,0.08432740427115677,398.54472167209707,410.8762122203866,52.64,10,0.96,398.54472167209707,52.64
config_B,test,2060000,1.0,0.0,194.53049791988337,60.02983101619653,45.160000000000004,5,1.0,194.53049791988337,45.160000000000004
config_B,test,2070000,1.0,0.0,216.5964242899177,119.54701556296233,47.64,5,1.0,216.5964242899177,47.64
config_B,test,2080000,1.0,0.0,204.83596121403016,128.3114292465388,47.04,5,1.0,204.83596121403016,47.04
config_B,test,2090000,1.0,0.0,156.47507518376185,27.879063212274612,40.36,5,1.0,156.47507518376185,40.36
config_B,test,2100000,1.0,0.0,208.45525836196094,126.83402955556213,47.6,10,1.0,208.45525836196094,47.6
config_B,test,2110000,1.0,0.0,240.63610547464646,189.8116431876001,52.120000000000005,5,1.0,240.63610547464646,52.120000000000005
config_B,test,2120000,1.0,0.0,148.2501611325065,23.14576596197602,39.04,5,1.0,148.2501611325065,39.04
config_B,test,2130000,1.0,0.0,150.5820353506,24.881509560687356,39.239999999999995,5,1.0,150.5820353506,39.239999999999995
config_B,test,2140000,1.0,0.0,154.15508698977231,27.228564636048564,39.56,5,1.0,154.15508698977231,39.56
config_B,test,2150000,1.0,0.0,152.634896783253,20.844797064630566,39.44,10,1.0,152.634896783253,39.44
config_B,test,2160000,1.0,0.0,151.79052049988834,20.377371439935796,39.64,5,1.0,151.79052049988834,39.64
config_B,test,2170000,1.0,0.0,149.25727211492958,22.77289755735769,39.08,5,1.0,149.25727211492958,39.08
config_B,test,2180000,1.0,0.0,158.2524474612205,23.731753088063176,40.2,5,1.0,158.2524474612205,40.2
config_B,test,2190000,1.0,0.0,155.5205258773568,19.838151388192657,39.8,5,1.0,155.5205258773568,39.8
config_B,test,2200000,1.0,0.0,151.7392589890423,18.539986760158712,39.4,10,1.0,151.7392589890423,39.4
config_B,test,2210000,1.0,0.0,151.76962435171265,22.982129126055433,39.519999999999996,5,1.0,151.76962435171265,39.519999999999996
config_B,test,2220000,1.0,0.0,155.18251440902844,22.76064360820052,39.879999999999995,5,1.0,155.18251440902844,39.879999999999995
config_B,test,2230000,1.0,0.0,157.49638185659606,26.43319732915027,40.04,5,1.0,157.49638185659606,40.04
config_B,test,2240000,1.0,0.0,147.15123391922307,22.049706463112443,38.760000000000005,5,1.0,147.15123391922307,38.760000000000005
config_B,test,2250000,1.0,0.0,151.29812707289756,30.672864570757277,39.36,10,1.0,151.29812707289756,39.36
config_B,test,2260000,1.0,0.0,148.94020753422336,28.913637185211904,39.04,5,1.0,148.94020753422336,39.04
config_B,test,2270000,1.0,0.0,151.43038240819706,25.259005231098037,39.239999999999995,5,1.0,151.43038240819706,39.239999999999995
config_B,test,2280000,1.0,0.0,159.27336232012067,29.937558842778007,40.0,5,1.0,159.27336232012067,40.0
config_B,test,2290000,1.0,0.0,155.2457122659144,29.841591371807798,39.760000000000005,5,1.0,155.2457122659144,39.760000000000005
config_B,test,2300000,1.0,0.0,199.33003739627873,55.44617230609778,45.32,10,1.0,199.33003739627873,45.32
config_B,test,2310000,1.0,0.0,156.3101433210457,28.94911074781666,40.28,5,1.0,156.3101433210457,40.28
config_B,test,2320000,1.0,0.0,159.65234027194532,33.24896821145542,40.32,5,1.0,159.65234027194532,40.32
config_B,test,2330000,1.0,0.0,157.97535369299493,26.647268795701923,40.0,5,1.0,157.97535369299493,40.0
config_B,test,2340000,1.0,0.0,147.71329832369528,26.054015440826124,39.12,5,1.0,147.71329832369528,39.12
config_B,test,2350000,1.0,0.0,154.53621846360957,29.22760369199082,39.68,10,1.0,154.53621846360957,39.68
config_B,test,2360000,1.0,0.0,154.22839882793124,33.5449054882751,39.44,5,1.0,154.22839882793124,39.44
config_B,test,2370000,1.0,0.0,151.68774297751162,30.03386196148281,39.6,5,1.0,151.68774297751162,39.6
config_B,test,2380000,1.0,0.0,157.13871896262663,24.345192078821018,39.96,5,1.0,157.13871896262663,39.96
config_B,test,2390000,1.0,0.0,152.20393404750217,22.15783086831698,39.32000000000001,5,1.0,152.20393404750217,39.32000000000001
config_B,test,2400000,1.0,0.0,148.93817036911167,22.04258435436983,39.32,10,1.0,148.93817036911167,39.32
config_B,test,2410000,1.0,0.0,172.86983244077175,46.36166803483133,42.56,5,1.0,172.86983244077175,42.56
config_B,test,2420000,1.0,0.0,155.68546381456713,31.795666016881277,40.480000000000004,5,1.0,155.68546381456713,40.480000000000004
config_B,test,2430000,1.0,0.0,254.04313986784868,137.41799854224115,51.6,5,1.0,254.04313986784868,51.6
config_B,test,2440000,1.0,0.0,182.51146521960248,74.50131563311828,43.239999999999995,5,1.0,182.51146521960248,43.239999999999995
config_B,test,2450000,1.0,0.0,154.56714549883787,27.913224594447716,40.239999999999995,10,1.0,154.56714549883787,40.239999999999995
config_B,test,2460000,1.0,0.0,171.2802163371723,40.24851951945406,41.760000000000005,5,1.0,171.2802163371723,41.760000000000005
config_B,test,2470000,1.0,0.0,156.81095838041742,21.241500661000952,40.08,5,1.0,156.81095838041742,40.08
config_B,test,2480000,1.0,0.0,146.9671806272475,23.62036919425126,38.72,5,1.0,146.9671806272475,38.72
config_B,test,2490000,1.0,0.0,154.74503216669194,27.54989564619449,39.44,5,1.0,154.74503216669194,39.44
config_B,test,2500000,1.0,0.0,177.04842357200246,42.62968206154632,42.6,10,1.0,177.04842357200246,42.6
config_B,test,2510000,1.0,0.0,155.32026795491998,26.597415727930827,39.519999999999996,5,1.0,155.32026795491998,39.519999999999996
config_B,test,2520000,1.0,0.0,145.8724806415809,27.000343639051422,38.88,5,1.0,145.8724806415809,38.88
config_B,test,2530000,1.0,0.0,179.0079669439564,65.15791836257503,43.519999999999996,5,1.0,179.0079669439564,43.519999999999996
config_B,test,2540000,1.0,0.0,145.17109374941123,35.334973280993594,39.28,5,1.0,145.17109374941123,39.28
config_B,test,2550000,1.0,0.0,153.9919675606033,25.7629308397185,39.72,10,1.0,153.9919675606033,39.72
config_B,test,2560000,0.96,0.08944271909999157,157.91195827506795,21.213981656816365,39.12,5,0.96,157.91195827506795,39.12
config_B,test,2570000,1.0,0.0,157.66782313152126,32.291783103381476,40.4,5,1.0,157.66782313152126,40.4
config_B,test,2580000,1.0,0.0,155.6022655050163,32.92163193946949,40.760000000000005,5,1.0,155.6022655050163,40.760000000000005
config_B,test,2590000,1.0,0.0,151.28505758968305,29.472121574247314,39.519999999999996,5,1.0,151.28505758968305,39.519999999999996
config_B,test,2600000,1.0,0.0,183.1541514312922,56.183240582114095,42.760000000000005,10,1.0,183.1541514312922,42.760000000000005
config_B,test,2610000,1.0,0.0,171.97320632019938,30.46052796940688,41.28,5,1.0,171.97320632019938,41.28
config_B,test,2620000,1.0,0.0,154.43975175417287,24.46466286185646,39.12,5,1.0,154.43975175417287,39.12
config_B,test,2630000,1.0,0.0,153.88612228274184,26.53231615464468,39.16,5,1.0,153.88612228274184,39.16
config_B,test,2640000,1.0,0.0,147.28668732091052,25.35736589611986,38.64,5,1.0,147.28668732091052,38.64
config_B,test,2650000,1.0,0.0,154.65676664563796,19.15888040663424,39.6,10,1.0,154.65676664563796,39.6
config_B,test,2660000,1.0,0.0,148.34228618901753,22.438069674719657,38.68,5,1.0,148.34228618901753,38.68
config_B,test,2670000,1.0,0.0,151.22467310075095,17.555892132267342,38.88,5,1.0,151.22467310075095,38.88
config_B,test,2680000,1.0,0.0,157.9339050515575,16.52554427048602,39.68,5,1.0,157.9339050515575,39.68
config_B,test,2690000,1.0,0.0,156.30797201669148,16.11613272100387,39.480000000000004,5,1.0,156.30797201669148,39.480000000000004
config_B,test,2700000,1.0,0.0,160.36818010317634,17.52951812343692,39.88,10,1.0,160.36818010317634,39.88
config_B,test,2710000,1.0,0.0,159.552283470105,17.06143493643158,39.88,5,1.0,159.552283470105,39.88
config_B,test,2720000,1.0,0.0,162.86828365153582,17.493849288057806,40.04,5,1.0,162.86828365153582,40.04
config_B,test,2730000,1.0,0.0,168.61859477603093,28.59081914010796,40.72,5,1.0,168.61859477603093,40.72
config_B,test,2740000,1.0,0.0,173.96528069808554,29.56034105900341,41.08,5,1.0,173.96528069808554,41.08
config_B,test,2750000,1.0,0.0,165.59623225337745,20.31962025920737,40.239999999999995,10,1.0,165.59623225337745,40.239999999999995
config_B,test,2760000,1.0,0.0,161.25164880480557,21.144239384410596,39.88,5,1.0,161.25164880480557,39.88
config_B,test,2770000,1.0,0.0,178.347519529644,41.62146027322188,41.52,5,1.0,178.347519529644,41.52
config_B,test,2780000,1.0,0.0,174.10043189368125,28.311719594309558,40.88,5,1.0,174.10043189368125,40.88
config_B,test,2790000,1.0,0.0,167.39563453044332,24.422266853352326,40.2,5,1.0,167.39563453044332,40.2
config_B,test,2800000,1.0,0.0,166.08002286338663,20.922539805149178,40.0,10,1.0,166.08002286338663,40.0
config_B,test,2810000,1.0,0.0,164.6901086413725,23.72657374367409,39.8,5,1.0,164.6901086413725,39.8
config_B,test,2820000,1.0,0.0,160.5980662545157,22.787259589813814,39.4,5,1.0,160.5980662545157,39.4
config_B,test,2830000,1.0,0.0,155.91964621707285,14.618263604871858,39.08,5,1.0,155.91964621707285,39.08
config_B,test,2840000,1.0,0.0,157.64810480700058,23.59943540904016,39.4,5,1.0,157.64810480700058,39.4
config_B,test,2850000,1.0,0.0,158.8957166019173,25.921349697182954,39.44,10,1.0,158.8957166019173,39.44
config_B,test,2860000,1.0,0.0,161.70470102231806,23.89468294523721,39.72,5,1.0,161.70470102231806,39.72
config_B,test,2870000,1.0,0.0,160.6420346163032,21.939420181968107,39.68,5,1.0,160.6420346163032,39.68
config_B,test,2880000,1.0,0.0,167.28400362531048,39.14333314021782,40.36,5,1.0,167.28400362531048,40.36
config_B,test,2890000,1.0,0.0,159.34443818189303,27.3505413284499,39.64,5,1.0,159.34443818189303,39.64
config_B,test,2900000,1.0,0.0,168.90159215007935,32.478021719382916,40.6,10,1.0,168.90159215007935,40.6
config_B,test,2910000,0.96,0.08944271909999157,302.28197995226594,286.8752357105177,40.57,5,0.96,302.28197995226594,40.57
config_B,test,2920000,1.0,0.0,171.10513161862454,33.395003037422185,40.839999999999996,5,1.0,171.10513161862454,40.839999999999996
config_B,test,2930000,1.0,0.0,174.71173712999968,52.011715679528265,41.239999999999995,5,1.0,174.71173712999968,41.239999999999995
config_B,test,2940000,1.0,0.0,175.36899557692544,48.717626705688254,41.480000000000004,5,1.0,175.36899557692544,41.480000000000004
config_B,test,2950000,1.0,0.0,161.4857087324458,38.580444547375215,40.0,10,1.0,161.4857087324458,40.0
config_B,test,2960000,1.0,0.0,169.86528358776258,46.89367642305531,40.760000000000005,5,1.0,169.86528358776258,40.760000000000005
config_B,test,2970000,1.0,0.0,166.15971493625614,37.772463316066414,40.52,5,1.0,166.15971493625614,40.52
config_B,test,2980000,1.0,0.0,165.315220878531,42.41966430428574,40.36,5,1.0,165.315220878531,40.36
config_B,test,2990000,1.0,0.0,158.88914019057248,22.47439452795624,39.6,5,1.0,158.88914019057248,39.6
config_B,test,3000000,1.0,0.0,155.25956653919116,15.505599755488594,39.44,10,1.0,155.25956653919116,39.44
config_B,test,3010000,1.0,0.0,157.79756558844434,20.131898374062285,39.72,5,1.0,157.79756558844434,39.72
config_B,test,3020000,1.0,0.0,155.60939499778232,28.186173344744045,39.839999999999996,5,1.0,155.60939499778232,39.839999999999996
config_B,test,3030000,1.0,0.0,160.4174375563345,18.69185252530657,39.96,5,1.0,160.4174375563345,39.96
config_B,test,3040000,1.0,0.0,156.41159814839278,25.62030289596589,39.44,5,1.0,156.41159814839278,39.44
config_B,test,3050000,1.0,0.0,156.89060416067744,23.37531843261244,39.64,10,1.0,156.89060416067744,39.64
config_B,test,3060000,0.96,0.08944271909999157,165.97331763169626,23.591746048874704,39.3,5,0.96,165.97331763169626,39.3
config_B,test,3070000,1.0,0.0,151.210307026663,25.407092300645342,38.8,5,1.0,151.210307026663,38.8
config_B,test,3080000,1.0,0.0,155.6787554698215,17.523732797723145,39.160000000000004,5,1.0,155.6787554698215,39.160000000000004
config_B,test,3090000,0.96,0.08944271909999157,151.34784852360207,25.921534545442373,38.81,5,0.96,151.34784852360207,38.81
config_B,test,3100000,1.0,0.0,150.39490758493974,27.126602790021042,38.52,10,1.0,150.39490758493974,38.52
config_B,test,3110000,0.96,0.08944271909999157,151.92249122836213,22.177948220862895,38.64,5,0.96,151.92249122836213,38.64
config_B,test,3120000,1.0,0.0,157.00845394006964,36.968055646120284,39.36,5,1.0,157.00845394006964,39.36
config_B,test,3130000,0.96,0.08944271909999157,155.9716247869467,16.390287540015095,38.6,5,0.96,155.9716247869467,38.6
config_B,test,3140000,0.96,0.08944271909999157,158.7599400066435,14.190324044609522,38.660000000000004,5,0.96,158.7599400066435,38.660000000000004
config_B,test,3150000,1.0,0.0,161.93744758603574,29.810744034214498,39.760000000000005,10,1.0,161.93744758603574,39.760000000000005
config_B,test,3160000,1.0,0.0,167.0861517546717,53.456320006217915,40.08,5,1.0,167.0861517546717,40.08
config_B,test,3170000,1.0,0.0,156.02362127730538,34.28286731612254,39.0,5,1.0,156.02362127730538,39.0
config_B,test,3180000,1.0,0.0,157.78778061884782,34.078936700880575,39.12,5,1.0,157.78778061884782,39.12
config_B,test,3190000,1.0,0.0,158.2476807864781,31.237601337240783,39.32,5,1.0,158.2476807864781,39.32
config_B,test,3200000,1.0,0.0,160.76938210642356,37.26978447650861,39.480000000000004,10,1.0,160.76938210642356,39.480000000000004
config_B,test,3210000,1.0,0.0,155.77820174026118,30.09536302658012,39.04,5,1.0,155.77820174026118,39.04
config_B,test,3220000,1.0,0.0,165.1612204403902,44.198742183897096,39.96,5,1.0,165.1612204403902,39.96
config_B,test,3230000,1.0,0.0,162.2858536959161,38.09574452411516,39.519999999999996,5,1.0,162.2858536959161,39.519999999999996
config_B,test,3240000,1.0,0.0,157.42532686968482,20.9064309340954,38.96,5,1.0,157.42532686968482,38.96
config_B,test,3250000,1.0,0.0,151.814090711475,15.151427195156119,38.4,10,1.0,151.814090711475,38.4
config_B,test,3260000,0.96,0.08944271909999157,181.71236609480516,43.302372670423175,39.75,5,0.96,181.71236609480516,39.75
config_B,test,3270000,1.0,0.0,167.11139720968475,12.747150214292075,40.839999999999996,5,1.0,167.11139720968475,40.839999999999996
config_B,test,3280000,1.0,0.0,157.96755672735208,18.624019468099956,38.760000000000005,5,1.0,157.96755672735208,38.760000000000005
config_B,test,3290000,0.96,0.08944271909999157,179.64651909582992,33.754936407940285,39.11,5,0.96,179.64651909582992,39.11
config_B,test,3300000,1.0,0.0,162.34362419913887,17.436483264100115,44.72,10,1.0,162.34362419913887,44.72
config_B,test,3310000,0.96,0.08944271909999157,173.4322675088735,26.530932730791207,39.71,5,0.96,173.4322675088735,39.71
config_B,test,3320000,1.0,0.0,182.61106822078509,43.30042502085233,42.0,5,1.0,182.61106822078509,42.0
config_B,test,3330000,1.0,0.0,160.0103645288522,22.76712028698666,39.12,5,1.0,160.0103645288522,39.12
config_B,test,3340000,1.0,0.0,174.4291051747091,29.558835731162848,40.760000000000005,5,1.0,174.4291051747091,40.760000000000005
config_B,test,3350000,1.0,0.0,168.00009003748556,29.99630285022103,39.64,10,1.0,168.00009003748556,39.64
config_B,test,3360000,1.0,0.0,177.31386302441686,30.959545234629786,41.0,5,1.0,177.31386302441686,41.0
config_B,test,3370000,1.0,0.0,175.8150427181175,27.11368231458397,40.8,5,1.0,175.8150427181175,40.8
config_B,test,3380000,0.96,0.08944271909999157,176.54252310671873,30.816496135856067,38.85,5,0.96,176.54252310671873,38.85
config_B,test,3390000,1.0,0.0,255.74299990897543,200.76787952154413,50.760000000000005,5,1.0,255.74299990897543,50.760000000000005
config_B,test,3400000,1.0,0.0,174.32775629728695,17.99481938311904,40.480000000000004,10,1.0,174.32775629728695,40.480000000000004
config_B,test,3410000,1.0,0.0,161.5925174017894,22.962050584788106,39.08,5,1.0,161.5925174017894,39.08
config_B,test,3420000,0.96,0.08944271909999157,183.66491330107038,29.32458946803342,42.14,5,0.96,183.66491330107038,42.14
config_B,test,3430000,1.0,0.0,298.29780668786424,243.53220688943244,55.96,5,1.0,298.29780668786424,55.96
config_B,test,3440000,1.0,0.0,161.03709535803114,24.431144669375218,38.8,5,1.0,161.03709535803114,38.8
config_B,test,3450000,1.0,0.0,162.73088470415829,23.302648245934666,39.28,10,1.0,162.73088470415829,39.28
config_B,test,3460000,1.0,0.0,192.94103073209337,56.32471266906309,43.04,5,1.0,192.94103073209337,43.04
config_B,test,3470000,1.0,0.0,161.38064720220467,11.933727428700829,38.8,5,1.0,161.38064720220467,38.8
config_B,test,3480000,1.0,0.0,159.73276005711062,8.109141138515582,38.8,5,1.0,159.73276005711062,38.8
config_B,test,3490000,1.0,0.0,160.56510703439068,18.53689127636441,38.72,5,1.0,160.56510703439068,38.72
config_B,test,3500000,1.0,0.0,169.6482028104347,20.044924650762624,39.96,10,1.0,169.6482028104347,39.96
config_B,test,3510000,1.0,0.0,161.25026994969394,11.086216046236586,38.68,5,1.0,161.25026994969394,38.68
config_B,test,3520000,1.0,0.0,177.45124627085528,31.468578547022343,40.88,5,1.0,177.45124627085528,40.88
config_B,test,3530000,1.0,0.0,151.1401180921229,17.85901401522133,38.36,5,1.0,151.1401180921229,38.36
config_B,test,3540000,1.0,0.0,159.12993035203652,11.508596804840673,38.56,5,1.0,159.12993035203652,38.56
config_B,test,3550000,1.0,0.0,159.76330195463484,7.7193651963217045,38.92,10,1.0,159.76330195463484,38.92
config_B,test,3560000,1.0,0.0,155.4556537707664,17.70500821803355,38.36,5,1.0,155.4556537707664,38.36
config_B,test,3570000,1.0,0.0,156.0255167032343,16.56522408320893,38.36,5,1.0,156.0255167032343,38.36
config_B,test,3580000,0.96,0.08944271909999157,308.6209405702639,327.8963060143202,38.38,5,0.96,308.6209405702639,38.38
config_B,test,3590000,1.0,0.0,162.96940647212156,9.676577631948215,39.239999999999995,5,1.0,162.96940647212156,39.239999999999995
config_B,test,3600000,1.0,0.0,155.09211953788267,14.660946558693238,38.239999999999995,10,1.0,155.09211953788267,38.239999999999995
config_B,test,3610000,0.96,0.08944271909999157,162.59091439247348,9.271182206680528,38.31,5,0.96,162.59091439247348,38.31
config_B,test,3620000,0.96,0.08944271909999157,150.50839251651965,25.04172353733555,38.2,5,0.96,150.50839251651965,38.2
config_B,test,3630000,0.96,0.08944271909999157,303.8935866538652,326.8772649907099,38.760000000000005,5,0.96,303.8935866538652,38.760000000000005
config_B,test,3640000,1.0,0.0,167.18389388532765,17.82705876677522,39.760000000000005,5,1.0,167.18389388532765,39.760000000000005
config_B,test,3650000,0.96,0.08432740427115677,304.84271871927933,291.98255977373714,38.68,10,0.96,304.84271871927933,38.68
config_B,test,3660000,1.0,0.0,158.9808658685211,24.68787829249087,38.72,5,1.0,158.9808658685211,38.72
config_B,test,3670000,1.0,0.0,168.61539194442133,25.509808698120654,39.68,5,1.0,168.61539194442133,39.68
config_B,test,3680000,0.9199999999999999,0.17888543819998315,168.06220709681264,17.07398862663071,39.21333333333333,5,0.9199999999999999,168.06220709681264,39.21333333333333
config_B,test,3690000,0.9199999999999999,0.17888543819998315,167.33209342725522,30.417285259524668,40.42666666666666,5,0.9199999999999999,167.33209342725522,40.42666666666666
config_B,test,3700000,0.9199999999999999,0.1686548085423136,162.51862866616466,18.522257925810926,39.773333333333326,10,0.9199999999999999,162.51862866616466,39.773333333333326
config_B,test,3710000,0.9199999999999999,0.17888543819998315,160.84867546778298,34.57094870726,39.160000000000004,5,0.9199999999999999,160.84867546778298,39.160000000000004
config_B,test,3720000,0.9199999999999999,0.17888543819998315,173.52939822442687,17.874062242054173,39.17333333333333,5,0.9199999999999999,173.52939822442687,39.17333333333333
config_B,test,3730000,0.96,0.08944271909999157,172.47352341807547,29.264704886583583,40.269999999999996,5,0.96,172.47352341807547,40.269999999999996
config_B,test,3740000,0.96,0.08944271909999157,159.5470309612574,37.924770200299456,38.769999999999996,5,0.96,159.5470309612574,38.769999999999996
config_B,test,3750000,0.96,0.08432740427115677,159.02698418063773,34.85749113680447,38.760000000000005,10,0.96,159.02698418063773,38.760000000000005
config_B,test,3760000,0.96,0.08944271909999157,160.38821924151895,31.13673023786655,38.910000000000004,5,0.96,160.38821924151895,38.910000000000004
config_B,test,3770000,1.0,0.0,162.08872093752262,20.34777109741844,38.64,5,1.0,162.08872093752262,38.64
config_B,test,3780000,1.0,0.0,164.45510801858563,25.839134323563684,38.839999999999996,5,1.0,164.45510801858563,38.839999999999996
config_B,test,3790000,1.0,0.0,164.52239353687463,22.33026070549585,38.839999999999996,5,1.0,164.52239353687463,38.839999999999996
config_B,test,3800000,1.0,0.0,164.65884427950323,19.859176864974575,38.88,10,1.0,164.65884427950323,38.88
config_B,test,3810000,1.0,0.0,165.62116133982175,17.666780339350055,38.88,5,1.0,165.62116133982175,38.88
config_B,test,3820000,1.0,0.0,166.9988021721163,17.54078672215372,38.88,5,1.0,166.9988021721163,38.88
config_B,test,3830000,1.0,0.0,165.5569333773763,20.315777782645604,38.839999999999996,5,1.0,165.5569333773763,38.839999999999996
config_B,test,3840000,1.0,0.0,161.59360732185604,24.83700323959938,38.64,5,1.0,161.59360732185604,38.64
config_B,test,3850000,1.0,0.0,163.14621884185675,10.762078006872906,38.96,10,1.0,163.14621884185675,38.96
config_B,test,3860000,1.0,0.0,160.27890963885247,24.064501289219322,38.44,5,1.0,160.27890963885247,38.44
config_B,test,3870000,1.0,0.0,159.9308671312649,22.89116832162203,38.32,5,1.0,159.9308671312649,38.32
config_B,test,3880000,1.0,0.0,223.50791216540523,126.39308938789321,46.480000000000004,5,1.0,223.50791216540523,46.480000000000004
config_B,test,3890000,1.0,0.0,180.14754963025354,40.45196208814857,41.12,5,1.0,180.14754963025354,41.12
config_B,test,3900000,1.0,0.0,177.326358681917,27.43940380164189,40.6,10,1.0,177.326358681917,40.6
config_B,test,3910000,1.0,0.0,159.7028507552987,17.19754785765353,38.4,5,1.0,159.7028507552987,38.4
config_B,test,3920000,1.0,0.0,159.02522123313798,19.826134557490825,38.2,5,1.0,159.02522123313798,38.2
config_B,test,3930000,1.0,0.0,158.82776481893922,20.393020892655407,38.2,5,1.0,158.82776481893922,38.2
config_B,test,3940000,0.96,0.08944271909999157,159.52600033018254,10.794246100116112,38.260000000000005,5,0.96,159.52600033018254,38.260000000000005
config_B,test,3950000,1.0,0.0,158.72521236402687,18.068706009882547,38.2,10,1.0,158.72521236402687,38.2
config_B,test,3960000,1.0,0.0,159.5119588503741,19.480072696788124,38.28,5,1.0,159.5119588503741,38.28
config_B,test,3970000,1.0,0.0,159.436956728699,18.925379136797737,38.239999999999995,5,1.0,159.436956728699,38.239999999999995
config_B,test,3980000,1.0,0.0,165.61117316471132,25.78589411640164,39.04,5,1.0,165.61117316471132,39.04
config_B,test,3990000,1.0,0.0,162.38950121868783,16.99085970744779,38.56,5,1.0,162.38950121868783,38.56
config_B,test,4000000,1.0,0.0,159.93570612354063,16.06549367502166,38.36,10,1.0,159.93570612354063,38.36
config_B,test,4010000,1.0,0.0,158.84256206072993,18.077580137166688,38.12,5,1.0,158.84256206072993,38.12
config_B,test,4020000,1.0,0.0,159.66925667564118,20.127318255645157,38.2,5,1.0,159.66925667564118,38.2
config_B,test,4030000,1.0,0.0,271.8616694836403,237.8157903427195,52.279999999999994,5,1.0,271.8616694836403,52.279999999999994
config_B,test,4040000,1.0,0.0,157.2380271902752,16.79908303951193,37.72,5,1.0,157.2380271902752,37.72
config_B,test,4050000,1.0,0.0,159.0996039121425,18.165740063437628,38.08,10,1.0,159.0996039121425,38.08
config_B,test,4060000,1.0,0.0,163.6813982970856,17.542205468242905,38.480000000000004,5,1.0,163.6813982970856,38.480000000000004
config_B,test,4070000,1.0,0.0,304.35180090055417,298.73612427849764,56.120000000000005,5,1.0,304.35180090055417,56.120000000000005
config_B,test,4080000,1.0,0.0,162.77369401038646,20.041087280647808,38.48,5,1.0,162.77369401038646,38.48
config_B,test,4090000,1.0,0.0,163.34333944662086,17.987082453814075,38.36,5,1.0,163.34333944662086,38.36
config_B,test,4100000,1.0,0.0,164.24001519651299,19.164094511522816,38.44,10,1.0,164.24001519651299,38.44
config_B,test,4110000,1.0,0.0,162.06555985293394,17.668603732797784,38.28,5,1.0,162.06555985293394,38.28
config_B,test,4120000,1.0,0.0,161.22515994026818,14.894041195565634,38.2,5,1.0,161.22515994026818,38.2
config_B,test,4130000,1.0,0.0,162.57553735636105,17.965257382451075,38.28,5,1.0,162.57553735636105,38.28
config_B,test,4140000,1.0,0.0,162.88563538809714,17.074642203622606,38.32,5,1.0,162.88563538809714,38.32
config_B,test,4150000,1.0,0.0,164.41884285497858,18.332402574131095,38.480000000000004,10,1.0,164.41884285497858,38.480000000000004
config_B,test,4160000,1.0,0.0,162.43234302549016,17.054090202941413,38.28,5,1.0,162.43234302549016,38.28
config_B,test,4170000,1.0,0.0,163.66395405169803,14.905147549675595,38.36,5,1.0,163.66395405169803,38.36
config_B,test,4180000,1.0,0.0,161.83972012657324,16.15196466975003,38.28,5,1.0,161.83972012657324,38.28
config_B,test,4190000,1.0,0.0,162.7540872419682,14.698678466958135,38.44,5,1.0,162.7540872419682,38.44
config_B,test,4200000,1.0,0.0,164.58975686075695,16.343910456226965,38.760000000000005,10,1.0,164.58975686075695,38.760000000000005
config_B,test,4210000,1.0,0.0,166.89202739912312,20.10345708861049,38.839999999999996,5,1.0,166.89202739912312,38.839999999999996
config_B,test,4220000,1.0,0.0,188.15566779367973,61.74155376663048,41.239999999999995,5,1.0,188.15566779367973,41.239999999999995
config_B,test,4230000,1.0,0.0,177.5123682183692,37.99540244516676,40.04,5,1.0,177.5123682183692,40.04
config_B,test,4240000,1.0,0.0,167.10391755238885,25.395494926803316,39.08,5,1.0,167.10391755238885,39.08
config_B,test,4250000,1.0,0.0,161.04228876567356,15.306348755074056,38.519999999999996,10,1.0,161.04228876567356,38.519999999999996
config_B,test,4260000,1.0,0.0,162.4560106808693,16.528261476350515,38.56,5,1.0,162.4560106808693,38.56
config_B,test,4270000,1.0,0.0,159.88165977102528,16.255228069438356,38.4,5,1.0,159.88165977102528,38.4
config_B,test,4280000,1.0,0.0,162.20631506321246,18.308949423264107,38.6,5,1.0,162.20631506321246,38.6
config_B,test,4290000,1.0,0.0,159.85538102606967,16.57353875043081,38.36,5,1.0,159.85538102606967,38.36
config_B,test,4300000,1.0,0.0,159.7389890361902,15.774735545428628,38.2,10,1.0,159.7389890361902,38.2
config_B,test,4310000,1.0,0.0,159.99181207292125,18.84102793318303,38.239999999999995,5,1.0,159.99181207292125,38.239999999999995
config_B,test,4320000,1.0,0.0,159.0760624954548,15.34831930690239,38.160000000000004,5,1.0,159.0760624954548,38.160000000000004
config_B,test,4330000,1.0,0.0,159.71841054928024,17.323752925270778,38.2,5,1.0,159.71841054928024,38.2
config_B,test,4340000,1.0,0.0,158.35724643091893,16.85692668950755,38.2,5,1.0,158.35724643091893,38.2
config_B,test,4350000,1.0,0.0,157.45388053205158,17.17585792603579,38.12,10,1.0,157.45388053205158,38.12
config_B,test,4360000,1.0,0.0,158.20434271350908,16.84384008855518,38.239999999999995,5,1.0,158.20434271350908,38.239999999999995
config_B,test,4370000,1.0,0.0,163.06833845547064,26.56358720886132,38.72,5,1.0,163.06833845547064,38.72
config_B,test,4380000,1.0,0.0,155.1253121834906,18.391584074444086,38.0,5,1.0,155.1253121834906,38.0
config_B,test,4390000,1.0,0.0,153.97457246674324,19.841860704578227,38.28,5,1.0,153.97457246674324,38.28
config_B,test,4400000,1.0,0.0,160.6486800004035,20.165083963944554,38.56,10,1.0,160.6486800004035,38.56
config_B,test,4410000,1.0,0.0,161.93711807965857,23.807766740820377,38.519999999999996,5,1.0,161.93711807965857,38.519999999999996
config_B,test,4420000,1.0,0.0,158.92649116482798,20.702703187191435,38.12,5,1.0,158.92649116482798,38.12
config_B,test,4430000,1.0,0.0,161.86236279764793,24.03711317674653,38.44,5,1.0,161.86236279764793,38.44
config_B,test,4440000,1.0,0.0,161.45778733140799,22.227022197961926,38.32,5,1.0,161.45778733140799,38.32
config_B,test,4450000,1.0,0.0,169.7168663995642,22.10652166629797,38.88,10,1.0,169.7168663995642,38.88
config_B,test,4460000,1.0,0.0,167.7645092831464,19.764945375984652,38.72,5,1.0,167.7645092831464,38.72
config_B,test,4470000,1.0,0.0,168.04942671611917,21.439754985603923,38.760000000000005,5,1.0,168.04942671611917,38.760000000000005
config_B,test,4480000,1.0,0.0,166.36598912399623,21.218818868020808,38.68,5,1.0,166.36598912399623,38.68
config_B,test,4490000,1.0,0.0,166.7596373082143,23.36997384329514,38.760000000000005,5,1.0,166.7596373082143,38.760000000000005
config_B,test,4500000,1.0,0.0,172.86920903617147,36.42048956573954,39.56,10,1.0,172.86920903617147,39.56
config_B,test,4510000,1.0,0.0,169.39419126808633,22.87961241463861,39.0,5,1.0,169.39419126808633,39.0
config_B,test,4520000,1.0,0.0,174.26861450208298,40.72141553777902,39.56,5,1.0,174.26861450208298,39.56
config_B,test,4530000,1.0,0.0,192.68099745915248,43.957459376392144,41.839999999999996,5,1.0,192.68099745915248,41.839999999999996
config_B,test,4540000,1.0,0.0,174.8130985273468,42.16220692176362,39.68,5,1.0,174.8130985273468,39.68
config_B,test,4550000,1.0,0.0,170.47364649083602,31.79193930997372,39.36,10,1.0,170.47364649083602,39.36
config_B,test,4560000,1.0,0.0,189.01830466675605,71.44893544143441,41.2,5,1.0,189.01830466675605,41.2
config_B,test,4570000,1.0,0.0,170.90469227578262,36.02845598399644,39.44,5,1.0,170.90469227578262,39.44
config_B,test,4580000,1.0,0.0,287.1655385057397,205.60741575507714,53.64,5,1.0,287.1655385057397,53.64
config_B,test,4590000,1.0,0.0,182.18609081156677,59.01608433455794,40.56,5,1.0,182.18609081156677,40.56
config_B,test,4600000,1.0,0.0,189.1133633339398,67.53041204051448,41.64,10,1.0,189.1133633339398,41.64
config_B,test,4610000,1.0,0.0,198.4665444535431,62.560588068974084,42.480000000000004,5,1.0,198.4665444535431,42.480000000000004
config_B,test,4620000,1.0,0.0,178.80720891114333,46.54894242678693,40.12,5,1.0,178.80720891114333,40.12
config_B,test,4630000,0.96,0.08944271909999157,175.65070753554696,40.42210384006534,39.97,5,0.96,175.65070753554696,39.97
config_B,test,4640000,0.96,0.08944271909999157,184.71063006464823,50.37015303713149,40.53,5,0.96,184.71063006464823,40.53
config_B,test,4650000,1.0,0.0,188.1092245949915,60.831024537851405,40.84,10,1.0,188.1092245949915,40.84
config_B,test,4660000,1.0,0.0,186.6672101942272,62.21170923187896,40.68,5,1.0,186.6672101942272,40.68
config_B,test,4670000,1.0,0.0,219.87731302047678,138.4008926558351,44.04,5,1.0,219.87731302047678,44.04
config_B,test,4680000,1.0,0.0,198.88081481198714,91.28233716604453,41.959999999999994,5,1.0,198.88081481198714,41.959999999999994
config_B,test,4690000,1.0,0.0,239.78383843186992,180.83838538445906,46.72,5,1.0,239.78383843186992,46.72
config_B,test,4700000,1.0,0.0,213.30883465891665,111.88640475690728,45.08,10,1.0,213.30883465891665,45.08
config_B,test,4710000,1.0,0.0,240.4097198770308,180.79806951411751,47.2,5,1.0,240.4097198770308,47.2
config_B,test,4720000,1.0,0.0,197.20729004463232,86.20564241652426,41.72,5,1.0,197.20729004463232,41.72
config_B,test,4730000,1.0,0.0,186.44888949636675,54.098937968835116,40.36,5,1.0,186.44888949636675,40.36
config_B,test,4740000,1.0,0.0,181.27159066454226,47.23309280799117,39.96,5,1.0,181.27159066454226,39.96
config_B,test,4750000,1.0,0.0,182.88091858976335,52.50882502715389,40.2,10,1.0,182.88091858976335,40.2
config_B,test,4760000,1.0,0.0,178.07442301100332,48.080602773681214,39.8,5,1.0,178.07442301100332,39.8
config_B,test,4770000,1.0,0.0,173.99149054167862,39.06579363966817,39.480000000000004,5,1.0,173.99149054167862,39.480000000000004
config_B,test,4780000,1.0,0.0,178.97879370108697,48.750682070642824,39.88,5,1.0,178.97879370108697,39.88
config_B,test,4790000,1.0,0.0,173.2148259942576,37.67498202974641,39.28,5,1.0,173.2148259942576,39.28
config_B,test,4800000,1.0,0.0,180.36454999802118,38.514070204298655,39.760000000000005,10,1.0,180.36454999802118,39.760000000000005
config_B,test,4810000,1.0,0.0,189.9279531865448,65.3360925769734,40.839999999999996,5,1.0,189.9279531865448,40.839999999999996
config_B,test,4820000,1.0,0.0,186.18414133665448,63.523846543705844,40.56,5,1.0,186.18414133665448,40.56
config_B,test,4830000,1.0,0.0,181.19794133274866,51.841716185623476,40.08,5,1.0,181.19794133274866,40.08
config_B,test,4840000,1.0,0.0,178.58604623404045,43.15265198256896,39.760000000000005,5,1.0,178.58604623404045,39.760000000000005
config_B,test,4850000,1.0,0.0,192.9053924104747,69.18942331076659,41.239999999999995,10,1.0,192.9053924104747,41.239999999999995
config_B,test,4860000,1.0,0.0,194.20441822313677,69.68139378380813,41.12,5,1.0,194.20441822313677,41.12
config_B,test,4870000,1.0,0.0,194.197700736616,76.06935657890335,41.4,5,1.0,194.197700736616,41.4
config_B,test,4880000,1.0,0.0,187.04494881359747,53.154723706675966,40.36,5,1.0,187.04494881359747,40.36
config_B,test,4890000,1.0,0.0,192.18125838071794,71.02192811678933,41.239999999999995,5,1.0,192.18125838071794,41.239999999999995
config_B,test,4900000,1.0,0.0,195.82745938892248,67.40556155205088,41.6,10,1.0,195.82745938892248,41.6
config_B,test,4910000,1.0,0.0,191.88686573835358,58.493853791181145,41.12,5,1.0,191.88686573835358,41.12
config_B,test,4920000,1.0,0.0,191.57520150787954,63.22578054814846,41.2,5,1.0,191.57520150787954,41.2
config_B,test,4930000,1.0,0.0,201.97156725505437,77.86566636255122,42.160000000000004,5,1.0,201.97156725505437,42.160000000000004
config_B,test,4940000,1.0,0.0,213.29659049916594,92.28032655962139,43.519999999999996,5,1.0,213.29659049916594,43.519999999999996
config_B,test,4950000,1.0,0.0,231.8650088809198,137.7879808358751,45.959999999999994,10,1.0,231.8650088809198,45.959999999999994
config_B,test,4960000,1.0,0.0,191.0943635474519,56.356336747831094,40.760000000000005,5,1.0,191.0943635474519,40.760000000000005
config_B,test,4970000,1.0,0.0,183.68068889955134,44.28786837322965,40.0,5,1.0,183.68068889955134,40.0
config_B,test,4980000,1.0,0.0,185.58787049504272,45.79624439537145,40.2,5,1.0,185.58787049504272,40.2
config_B,test,4990000,1.0,0.0,195.43086488395983,65.56587676839044,41.239999999999995,5,1.0,195.43086488395983,41.239999999999995
config_B,test,5000000,1.0,0.0,194.96793209839504,52.039865134722525,41.2,5,1.0,194.96793209839504,41.2
config_B,train,10000,0.00888888888888888,0.012171612389003678,42.69222825238886,33.985345093672144,321.0,5,0.00888888888888888,42.69222825238886,321.0
config_B,train,20000,0.013333333333333319,0.01987615979999811,70.10111099249293,50.844663506847844,188.25,5,0.013333333333333319,70.10111099249293,188.25
config_B,train,30000,0.013333333333333319,0.01987615979999811,62.85118646610066,47.01619154057741,204.0,5,0.013333333333333319,62.85118646610066,204.0
config_B,train,40000,0.00444444444444444,0.009938079899999053,67.63147409264332,33.44350438449048,356.0,5,0.00444444444444444,67.63147409264332,356.0
config_B,train,50000,0.0,0.0,96.29311273682296,48.32343479903448,,10,0.0,96.29311273682296,
config_B,train,60000,0.00888888888888888,0.012171612389003678,113.70794996641857,46.800655373035084,165.0,5,0.00888888888888888,113.70794996641857,165.0
config_B,train,70000,0.00444444444444444,0.009938079899999053,114.35445823274026,45.06807035507388,130.0,5,0.00444444444444444,114.35445823274026,130.0
config_B,train,80000,0.00444444444444444,0.009938079899999055,132.96249238109073,53.116125859872255,395.0,5,0.00444444444444444,132.96249238109073,395.0
config_B,train,90000,0.0,0.0,174.9037097820982,90.09972910977251,,5,0.0,174.9037097820982,
config_B,train,100000,0.0,0.0,181.3775577572176,52.185651519132286,,10,0.0,181.3775577572176,
config_B,train,110000,0.0,0.0,204.1808428239844,65.44013396891157,,5,0.0,204.1808428239844,
config_B,train,120000,0.00888888888888888,0.012171612389003678,231.98940542192946,56.652672341289836,168.0,5,0.00888888888888888,231.98940542192946,168.0
config_B,train,130000,0.00444444444444444,0.009938079899999055,255.35910013993208,89.14497999706761,71.0,5,0.00444444444444444,255.35910013993208,71.0
config_B,train,140000,0.026666666666666637,0.02897423291201174,324.97759227023295,99.96754824109753,206.2222222222222,5,0.026666666666666637,324.97759227023295,206.2222222222222
config_B,train,150000,0.00888888888888888,0.011475506210984926,321.0672200176643,70.26442131019714,213.5,10,0.00888888888888888,321.0672200176643,213.5
config_B,train,160000,0.00888888888888888,0.019876159799998107,416.0674320438043,165.1835780236382,201.0,5,0.00888888888888888,416.0674320438043,201.0
config_B,train,170000,0.013333333333333319,0.029814239699997164,387.4719534752718,106.54973648655783,176.0,5,0.013333333333333319,387.4719534752718,176.0
config_B,train,180000,0.00888888888888888,0.012171612389003678,465.90368889325043,185.033561283532,263.5,5,0.00888888888888888,465.90368889325043,263.5
config_B,train,190000,0.013333333333333319,0.01987615979999811,592.2492117718548,256.8874728550695,91.5,5,0.013333333333333319,592.2492117718548,91.5
config_B,train,200000,0.03111111111111108,0.04084162593211914,637.1928902442853,427.71424213007873,119.33333333333334,10,0.03111111111111108,637.1928902442853,119.33333333333334
config_B,train,210000,0.04444444444444442,0.06285393610547087,739.7922259361555,615.9809887226685,75.33333333333334,5,0.04444444444444442,739.7922259361555,75.33333333333334
config_B,train,220000,0.06666666666666664,0.09162456945817021,798.9392990267295,612.3238729148717,114.45535714285714,5,0.06666666666666664,798.9392990267295,114.45535714285714
config_B,train,230000,0.08444444444444442,0.11044243235368155,790.5938931997002,679.4630145353993,120.36796536796537,5,0.08444444444444442,790.5938931997002,120.36796536796537
config_B,train,240000,0.07555555555555551,0.11287488977066926,772.1544830600244,585.3457963505501,93.94444444444446,5,0.07555555555555551,772.1544830600244,93.94444444444446
config_B,train,250000,0.09777777777777774,0.10433669251353486,909.4252386246932,338.7385339707593,120.05555555555556,10,0.09777777777777774,909.4252386246932,120.05555555555556
config_B,train,260000,0.10666666666666665,0.12312795713062286,980.7956064058104,578.5711114324129,102.3125,5,0.10666666666666665,980.7956064058104,102.3125
config_B,train,270000,0.09333333333333332,0.08805161224959533,1002.883510526409,513.3304556319015,187.825,5,0.09333333333333332,1002.883510526409,187.825
config_B,train,280000,0.1333333333333333,0.16996731711975951,1115.9950618764883,555.1432516477063,161.2642543859649,5,0.1333333333333333,1115.9950618764883,161.2642543859649
config_B,train,290000,0.12444444444444443,0.14622830112321866,1077.5675196400807,446.4372941425478,98.67142857142858,5,0.12444444444444443,1077.5675196400807,98.67142857142858
config_B,train,300000,0.10222222222222217,0.0883936823121558,1086.3981460562331,514.9523546261325,95.54166666666667,10,0.10222222222222217,1086.3981460562331,95.54166666666667
config_B,train,310000,0.17333333333333328,0.16132170144783586,1019.3911001086444,526.6876164198659,103.97451437451438,5,0.17333333333333328,1019.3911001086444,103.97451437451438
config_B,train,320000,0.1733333333333333,0.20024676135233438,1023.1065757317349,449.9137520080597,92.59006734006734,5,0.1733333333333333,1023.1065757317349,92.59006734006734
config_B,train,330000,0.11999999999999997,0.11066577420434427,1289.2718010692001,654.3433447608821,90.70833333333334,5,0.11999999999999997,1289.2718010692001,90.70833333333334
config_B,train,340000,0.15111111111111108,0.10231879496196743,1306.2112546205644,664.7094644558205,99.27272727272728,5,0.15111111111111108,1306.2112546205644,99.27272727272728
config_B,train,350000,0.19111111111111106,0.1330037077775611,1221.6799779842481,651.0902578246756,80.10259103641457,10,0.19111111111111106,1221.6799779842481,80.10259103641457
config_B,train,360000,0.2533333333333333,0.19913392726417647,1204.668546526151,783.2728002456898,116.4264898989899,5,0.2533333333333333,1204.668546526151,116.4264898989899
config_B,train,370000,0.28888888888888886,0.19751543149590198,1340.1999370894541,726.2134137553788,69.09985119047619,5,0.28888888888888886,1340.1999370894541,69.09985119047619
config_B,train,380000,0.2977777777777778,0.19347376764159033,1246.7491918129022,743.5266675093488,83.63479366028707,5,0.2977777777777778,1246.7491918129022,83.63479366028707
config_B,train,390000,0.26666666666666666,0.17708197167232476,1364.8385483930813,695.5218608598011,58.611330409356725,5,0.26666666666666666,1364.8385483930813,58.611330409356725
config_B,train,400000,0.2444444444444444,0.1643042445393988,1226.9592119582576,719.695264115335,77.50868506493507,10,0.2444444444444444,1226.9592119582576,77.50868506493507
config_B,train,410000,0.2755555555555555,0.18230350490661054,1410.7384046521422,709.1207560094182,65.72649286987522,5,0.2755555555555555,1410.7384046521422,65.72649286987522
config_B,train,420000,0.28888888888888886,0.18592445034090566,1587.1492926276055,761.1634443640127,54.471681096681095,5,0.28888888888888886,1587.1492926276055,54.471681096681095
config_B,train,430000,0.30666666666666664,0.19461896929610056,1538.7296770333644,696.9649083582383,67.7071224256293,5,0.30666666666666664,1538.7296770333644,67.7071224256293
config_B,train,440000,0.2844444444444444,0.1855256130199271,1401.9952380738407,719.5912162886207,68.2743783993784,5,0.2844444444444444,1401.9952380738407,68.2743783993784
config_B,train,450000,0.32,0.1787627037510916,1454.3829371900495,569.546322520664,51.69462481962482,10,0.32,1454.3829371900495,51.69462481962482
config_B,train,460000,0.3288888888888889,0.20572065441836654,1550.3254806091606,680.7403190479689,65.73197032436163,5,0.3288888888888889,1550.3254806091606,65.73197032436163
config_B,train,470000,0.31111111111111106,0.18790593916986403,1561.179397526134,684.388849220031,50.47212683150183,5,0.31111111111111106,1561.179397526134,50.47212683150183
config_B,train,480000,0.3555555555555555,0.20245407953653996,1617.5607946067914,444.37866453292656,58.72478991596638,5,0.3555555555555555,1617.5607946067914,58.72478991596638
config_B,train,490000,0.37333333333333335,0.1485734635595269,1539.0163729840363,317.32945803437667,65.77301587301588,5,0.37333333333333335,1539.0163729840363,65.77301587301588
config_B,train,500000,0.30666666666666664,0.1535318092803747,2079.1881043227236,59.40994781351177,125.89891812865497,10,0.30666666666666664,2079.1881043227236,125.89891812865497
config_B,train,510000,0.3733333333333333,0.09216196157034541,1769.362824562036,174.6323940557431,67.550608875129,5,0.3733333333333333,1769.362824562036,67.550608875129
config_B,train,520000,0.39555555555555555,0.10587670444063642,1705.9715773186479,190.5162949506118,62.53134811387442,5,0.39555555555555555,1705.9715773186479,62.53134811387442
config_B,train,530000,0.36,0.13824294235551818,1744.8142042237541,159.93772009909276,61.659007659007656,5,0.36,1744.8142042237541,61.659007659007656
config_B,train,540000,0.3333333333333333,0.11758894715842626,1885.4631199386736,180.94528010762335,66.62327084680025,5,0.3333333333333333,1885.4631199386736,66.62327084680025
config_B,train,550000,0.4311111111111111,0.08060130671843224,1601.1587848318818,271.56932733101564,53.088776428250114,10,0.4311111111111111,1601.1587848318818,53.088776428250114
config_B,train,560000,0.40444444444444444,0.0575207960246435,1672.1023477394824,186.68595595881354,56.6843776106934,5,0.40444444444444444,1672.1023477394824,56.6843776106934
config_B,train,570000,0.4444444444444445,0.1305260013830081,1581.5710865086887,303.5635959642591,64.1410052910053,5,0.4444444444444445,1581.5710865086887,64.1410052910053
config_B,train,580000,0.43999999999999995,0.15267168033171266,1609.3850656207421,234.15948658198528,60.906393939393936,5,0.43999999999999995,1609.3850656207421,60.906393939393936
config_B,train,590000,0.40444444444444444,0.162845075204989,1704.1655084786628,141.92539948339072,66.90503405290363,5,0.40444444444444444,1704.1655084786628,66.90503405290363
config_B,train,600000,0.3688888888888889,0.13706706377742667,1736.9410595228655,247.7107367398653,62.5002557544757,10,0.3688888888888889,1736.9410595228655,62.5002557544757
config_B,train,610000,0.31111111111111106,0.16703662642636566,1728.1995323515882,290.24090884942154,62.93182773109244,5,0.31111111111111106,1728.1995323515882,62.93182773109244
config_B,train,620000,0.40888888888888886,0.13480667456091647,1595.0023885986116,179.80900916200866,63.5386361556064,5,0.40888888888888886,1595.0023885986116,63.5386361556064
config_B,train,630000,0.3466666666666666,0.1972652535215302,1580.7031242894884,339.67347082586144,67.73909090909092,5,0.3466666666666666,1580.7031242894884,67.73909090909092
config_B,train,640000,0.30666666666666664,0.21625316667916203,1659.9380120495248,344.33560528142453,47.69523809523809,5,0.30666666666666664,1659.9380120495248,47.69523809523809
config_B,train,650000,0.36,0.18408562449788524,1644.2497697054187,231.69329260613378,62.540913665237255,10,0.36,1644.2497697054187,62.540913665237255
config_B,train,660000,0.31555555555555553,0.19270651901047822,1642.321038311579,305.34734771970204,63.31190476190476,5,0.31555555555555553,1642.321038311579,63.31190476190476
config_B,train,670000,0.3466666666666667,0.19913392726417645,1500.4877005421913,456.30110874661085,50.560767861683196,5,0.3466666666666667,1500.4877005421913,50.560767861683196
config_B,train,680000,0.3688888888888889,0.23964995048076287,1373.368866457494,481.7858793704185,58.776336220987254,5,0.3688888888888889,1373.368866457494,58.776336220987254
config_B,train,690000,0.4444444444444445,0.2439388711122239,1421.6743475190663,585.7950033870402,55.798314710814715,5,0.4444444444444445,1421.6743475190663,55.798314710814715
config_B,train,700000,0.48,0.17314963358443833,1340.8859225857302,551.1375814821866,56.493809523809524,10,0.48,1340.8859225857302,56.493809523809524
config_B,train,710000,0.43555555555555553,0.2967311623608976,1263.5728384609556,635.1543500454566,45.230744754041964,5,0.43555555555555553,1263.5728384609556,45.230744754041964
config_B,train,720000,0.47555555555555556,0.25943909107015584,1278.3451355935103,572.6482703494429,63.67969469127364,5,0.47555555555555556,1278.3451355935103,63.67969469127364
config_B,train,730000,0.4844444444444444,0.18685176008513693,1428.1320737959936,479.1091496669818,63.0075980861244,5,0.4844444444444444,1428.1320737959936,63.0075980861244
config_B,train,740000,0.4444444444444445,0.20548046676563256,1585.7516847619424,488.0435149831224,56.25454545454545,5,0.4444444444444445,1585.7516847619424,56.25454545454545
config_B,train,750000,0.40888888888888886,0.12447971281540748,1739.837008393218,327.1640202757938,49.234689665339815,10,0.40888888888888886,1739.837008393218,49.234689665339815
config_B,train,760000,0.4444444444444445,0.17916128329552333,1591.0850448626306,396.60607350348636,50.20659831396674,5,0.4444444444444445,1591.0850448626306,50.20659831396674
config_B,train,770000,0.4444444444444445,0.15315609724544696,1661.400261658487,392.25965351865335,54.115529488432706,5,0.4444444444444445,1661.400261658487,54.115529488432706
config_B,train,780000,0.43111111111111117,0.11504159204928699,1865.4179109547258,343.7607451425547,58.82882205513785,5,0.43111111111111117,1865.4179109547258,58.82882205513785
config_B,train,790000,0.39555555555555555,0.0822522467703189,1885.8025013277088,317.27929058301805,62.750723659762556,5,0.39555555555555555,1885.8025013277088,62.750723659762556
config_B,train,800000,0.38666666666666666,0.08587482516260408,1828.4469907395912,327.5237541630411,51.069257703081234,10,0.38666666666666666,1828.4469907395912,51.069257703081234
config_B,train,810000,0.4133333333333334,0.06402160129283527,1714.5092611599553,298.4559074187312,51.60988558352403,5,0.4133333333333334,1714.5092611599553,51.60988558352403
config_B,train,820000,0.47111111111111115,0.11155467020454343,1557.2535742549383,335.9823362003224,54.08088669950739,5,0.47111111111111115,1557.2535742549383,54.08088669950739
config_B,train,830000,0.48,0.06592176432973922,1424.8619200934277,384.0413630863458,53.037814391050084,5,0.48,1424.8619200934277,53.037814391050084
config_B,train,840000,0.37777777777777777,0.15071844406945042,1626.0197390963763,525.4948035284433,53.378822055137846,5,0.37777777777777777,1626.0197390963763,53.378822055137846
config_B,train,850000,0.49333333333333335,0.09871603703086032,1512.3196913864515,287.0376482673651,50.62076555023923,10,0.49333333333333335,1512.3196913864515,50.62076555023923
config_B,train,860000,0.5244444444444445,0.07950463919999252,1423.9417275646942,413.0281268523017,50.58091575091575,5,0.5244444444444445,1423.9417275646942,50.58091575091575
config_B,train,870000,0.5688888888888888,0.12332832822676984,1393.980560227847,291.8514685713235,49.150288461538466,5,0.5688888888888888,1393.980560227847,49.150288461538466
config_B,train,880000,0.5244444444444445,0.10493972402771194,1487.6145791163162,243.50906282811496,49.190444444444445,5,0.5244444444444445,1487.6145791163162,49.190444444444445
config_B,train,890000,0.4844444444444444,0.07601169500660919,1692.7644420475294,253.85236168118232,57.71673798021624,5,0.4844444444444444,1692.7644420475294,57.71673798021624
config_B,train,900000,0.5866666666666667,0.07042882562373165,1446.1868270318637,184.60252541753042,56.709247049247054,10,0.5866666666666667,1446.1868270318637,56.709247049247054
config_B,train,910000,0.5822222222222222,0.06363476028122823,1461.9073501448709,253.88317073428848,50.03670409300844,5,0.5822222222222222,1461.9073501448709,50.03670409300844
config_B,train,920000,0.6355555555555555,0.13842143557686612,1417.3164750161397,353.8233505566285,54.60684990558764,5,0.6355555555555555,1417.3164750161397,54.60684990558764
config_B,train,930000,0.5777777777777777,0.11331154474650634,1514.9646796876716,308.7397527906227,54.43604968944099,5,0.5777777777777777,1514.9646796876716,54.43604968944099
config_B,train,940000,0.5599999999999999,0.12312795713062284,1572.1142020589934,223.42679112335773,57.50686994165255,5,0.5599999999999999,1572.1142020589934,57.50686994165255
config_B,train,950000,0.5511111111111111,0.09759803906370729,1607.6960367772795,193.79812126784762,55.57257996632997,10,0.5511111111111111,1607.6960367772795,55.57257996632997
config_B,train,960000,0.5955555555555556,0.1597838045533116,1433.0009060157752,378.0658179303744,62.314117826617824,5,0.5955555555555556,1433.0009060157752,62.314117826617824
config_B,train,970000,0.5866666666666667,0.16967652594507623,1418.753370915921,392.46250586167116,62.01558137514659,5,0.5866666666666667,1418.753370915921,62.01558137514659
config_B,train,980000,0.6,0.15475986974649023,1400.748585185655,364.0434332626819,50.996198830409355,5,0.6,1400.748585185655,50.996198830409355
config_B,train,990000,0.6177777777777778,0.1534781924429512,1357.5417296187602,423.4951642028343,48.8317080632616,5,0.6177777777777778,1357.5417296187602,48.8317080632616
config_B,train,1000000,0.7466666666666667,0.11627506293539908,1118.2894568470872,452.7019634042051,59.139957891570795,10,0.7466666666666667,1118.2894568470872,59.139957891570795
config_B,train,1010000,0.7911111111111111,0.0950633317164775,980.6888299600417,446.16791878481115,66.50498870387415,5,0.7911111111111111,980.6888299600417,66.50498870387415
config_B,train,1020000,0.7822222222222223,0.12900378021066664,925.134346238804,560.4637815874003,59.202653444116855,5,0.7822222222222223,925.134346238804,59.202653444116855
config_B,train,1030000,0.768888888888889,0.17256238807393048,949.2512070792657,667.2575718067657,52.11715802397805,5,0.768888888888889,949.2512070792657,52.11715802397805
config_B,train,1040000,0.7422222222222222,0.16147468555186625,1017.6387385652035,674.0684903908591,58.21922993677848,5,0.7422222222222222,1017.6387385652035,58.21922993677848
config_B,train,1050000,0.7377777777777779,0.16255842043668392,1126.3305383143102,573.2475762641795,64.3051081926204,10,0.7377777777777779,1126.3305383143102,64.3051081926204
config_B,train,1060000,0.7422222222222222,0.11821720958462573,1084.0014492559712,392.2430295073468,50.39071279597596,5,0.7422222222222222,1084.0014492559712,50.39071279597596
config_B,train,1070000,0.7955555555555556,0.13824294235551818,912.0695653846133,432.58566073049116,50.885053986710965,5,0.7955555555555556,912.0695653846133,50.885053986710965
config_B,train,1080000,0.7955555555555556,0.1251172289800822,929.2799547036268,433.0446904735443,55.391870170026564,5,0.7955555555555556,929.2799547036268,55.391870170026564
config_B,train,1090000,0.7955555555555556,0.11044243235368159,872.5821068158132,446.31785497759466,56.19602274339117,5,0.7955555555555556,872.5821068158132,56.19602274339117
config_B,train,1100000,0.7733333333333333,0.11026840927957568,763.2815217132019,309.82551803421444,53.830615667143626,10,0.7733333333333333,763.2815217132019,53.830615667143626
config_B,train,1110000,0.8222222222222222,0.11967032904743337,713.0589005297461,414.3840529224859,50.55217203834851,5,0.8222222222222222,713.0589005297461,50.55217203834851
config_B,train,1120000,0.8844444444444445,0.1309037908890946,604.2037129733111,512.0130040353422,51.64428599823949,5,0.8844444444444445,604.2037129733111,51.64428599823949
config_B,train,1130000,0.8488888888888889,0.15267168033171258,734.5254594662746,537.8680827162606,49.45755601124022,5,0.8488888888888889,734.5254594662746,49.45755601124022
config_B,train,1140000,0.8488888888888889,0.1318435286594784,727.8173862987101,474.4642166238664,52.55036838978016,5,0.8488888888888889,727.8173862987101,52.55036838978016
config_B,train,1150000,0.8044444444444444,0.1408576512474633,837.3721966890583,487.56267008508735,51.12415846402227,10,0.8044444444444444,837.3721966890583,51.12415846402227
config_B,train,1160000,0.8666666666666666,0.10886621079036349,674.9492772469581,418.418036695681,51.223850573618016,5,0.8666666666666666,674.9492772469581,51.223850573618016
config_B,train,1170000,0.8711111111111112,0.11374652348506424,656.5026655057144,425.5618484546647,52.769541484686826,5,0.8711111111111112,656.5026655057144,52.769541484686826
config_B,train,1180000,0.8355555555555554,0.156031019391484,793.655267916232,555.8870278628715,56.32699517699518,5,0.8355555555555554,793.655267916232,56.32699517699518
config_B,train,1190000,0.8400000000000001,0.17025761163891512,767.0092981275934,545.4691232810085,58.72626463594885,5,0.8400000000000001,767.0092981275934,58.72626463594885
config_B,train,1200000,0.8355555555555556,0.19064542746246416,811.9900144451553,661.5440758117522,54.97234636164869,10,0.8355555555555556,811.9900144451553,54.97234636164869
config_B,train,1210000,0.8355555555555554,0.19975293381550427,801.7991294222585,676.3409043886338,54.20129584155874,5,0.8355555555555554,801.7991294222585,54.20129584155874
config_B,train,1220000,0.8400000000000001,0.2151083562725344,773.5801667712469,715.2394983551055,54.208111010436596,5,0.8400000000000001,773.5801667712469,54.208111010436596
config_B,train,1230000,0.8355555555555554,0.16223744220839095,798.4764930075614,576.3844713851455,53.15003663003663,5,0.8355555555555554,798.4764930075614,53.15003663003663
config_B,train,1240000,0.8933333333333333,0.10818365728567185,562.7426033786263,381.3651819229234,48.4220949477352,5,0.8933333333333333,562.7426033786263,48.4220949477352
config_B,train,1250000,0.8577777777777778,0.16800287410174622,691.8200847552223,564.6196372991167,49.09608913757261,10,0.8577777777777778,691.8200847552223,49.09608913757261
config_B,train,1260000,0.8800000000000001,0.1253144193766372,645.235180092975,409.8350559856298,52.07082249970472,5,0.8800000000000001,645.235180092975,52.07082249970472
config_B,train,1270000,0.8844444444444445,0.1231279571306228,614.9576471573663,467.5936190093685,53.53842268842269,5,0.8844444444444445,614.9576471573663,53.53842268842269
config_B,train,1280000,0.8933333333333333,0.13277661552257475,611.7980191616468,460.37763110749165,55.416178861788616,5,0.8933333333333333,611.7980191616468,55.416178861788616
config_B,train,1290000,0.8666666666666666,0.1640535895581489,593.9380761836446,512.3847351169791,50.588336908336906,5,0.8666666666666666,593.9380761836446,50.588336908336906
config_B,train,1300000,0.8977777777777778,0.11243653902820903,516.1673343719482,348.58535435856425,51.796980404419436,10,0.8977777777777778,516.1673343719482,51.796980404419436
config_B,train,1310000,0.8711111111111112,0.10703639625593152,573.3847100185137,317.24120584491965,48.098961263694505,5,0.8711111111111112,573.3847100185137,48.098961263694505
config_B,train,1320000,0.9155555555555555,0.07269078770576055,516.5191375683283,257.95553901319323,54.65635954135954,5,0.9155555555555555,516.5191375683283,54.65635954135954
config_B,train,1330000,0.9199999999999999,0.09242948596926853,507.9503573529246,322.24638873610667,51.08928571428571,5,0.9199999999999999,507.9503573529246,51.08928571428571
config_B,train,1340000,0.9377777777777776,0.0674033372804582,434.29659996978506,267.1800788716272,48.23927698032961,5,0.9377777777777776,434.29659996978506,48.23927698032961
config_B,train,1350000,0.9111111111111111,0.09011500044886248,512.1148922245906,317.72623857486445,47.38467124470797,10,0.9111111111111111,512.1148922245906,47.38467124470797
config_B,train,1360000,0.9199999999999999,0.09635325950523904,511.6644249716236,371.970257786543,52.81464718925264,5,0.9199999999999999,511.6644249716236,52.81464718925264
config_B,train,1370000,0.9066666666666666,0.08073734277593309,522.2128061878317,293.19291927839686,48.6125900116144,5,0.9066666666666666,522.2128061878317,48.6125900116144
config_B,train,1380000,0.9422222222222221,0.06004113816047241,406.0529426308612,234.11769456553046,48.295654658139355,5,0.9422222222222221,406.0529426308612,48.295654658139355
config_B,train,1390000,0.9199999999999999,0.09242948596926853,483.59160279189416,336.5645120441059,48.51674603174603,5,0.9199999999999999,483.59160279189416,48.51674603174603
config_B,train,1400000,0.9422222222222223,0.048233542506962095,374.954733039063,188.16335354310485,48.17087033121917,10,0.9422222222222223,374.954733039063,48.17087033121917
config_B,train,1410000,0.9377777777777776,0.07269078770576053,443.5977790256541,254.99085431504517,49.71435768362598,5,0.9377777777777776,443.5977790256541,49.71435768362598
config_B,train,1420000,0.9422222222222221,0.09635325950523911,424.0934132889639,313.2518239365178,50.75714285714285,5,0.9422222222222221,424.0934132889639,50.75714285714285
config_B,train,1430000,0.96,0.039752319599996255,353.4108380046897,160.27782578596995,47.998315101423444,5,0.96,353.4108380046897,47.998315101423444
config_B,train,1440000,0.9688888888888888,0.04608098078517272,338.1169625662761,181.85688813892574,50.07065656565656,5,0.9688888888888888,338.1169625662761,50.07065656565656
config_B,train,1450000,0.9555555555555555,0.05341557445131832,379.77167516363585,216.093043887281,50.24945387945388,10,0.9555555555555555,379.77167516363585,50.24945387945388
config_B,train,1460000,0.9333333333333332,0.08888888888888886,484.4907679544267,343.32223954319693,53.22964394778349,5,0.9333333333333332,484.4907679544267,53.22964394778349
config_B,train,1470000,0.9511111111111109,0.053054828383614715,401.4519253144275,176.89120221320903,52.10162504162504,5,0.9511111111111109,401.4519253144275,52.10162504162504
config_B,train,1480000,0.9377777777777776,0.07269078770576058,441.22602884006375,304.98758031830454,49.62591162591163,5,0.9377777777777776,441.22602884006375,49.62591162591163
config_B,train,1490000,0.9422222222222221,0.11716823401301396,420.3163929348142,406.16282576343144,49.60939393939394,5,0.9422222222222221,420.3163929348142,49.60939393939394
config_B,train,1500000,0.9466666666666667,0.07922810048664258,396.9123700045517,283.93257816309364,48.00365045806906,10,0.9466666666666667,396.9123700045517,48.00365045806906
config_B,train,1510000,0.9466666666666667,0.08403409067195126,405.8760289014714,273.2764221338807,50.291463471928594,5,0.9466666666666667,405.8760289014714,50.291463471928594
config_B,train,1520000,0.9466666666666667,0.0963532595052391,387.2425792810983,326.74720063645015,48.4165227021041,5,0.9466666666666667,387.2425792810983,48.4165227021041
config_B,train,1530000,0.9777777777777776,0.02721655269759091,257.18288299859057,111.97793008542288,46.921558441558446,5,0.9777777777777776,257.18288299859057,46.921558441558446
config_B,train,1540000,0.9777777777777776,0.01571348402636772,289.38705988405496,71.3579977101608,47.21549682875265,5,0.9777777777777776,289.38705988405496,47.21549682875265
config_B,train,1550000,0.9688888888888888,0.05463433752469858,309.20377805818333,181.4063381056196,46.4268142968143,10,0.9688888888888888,309.20377805818333,46.4268142968143
config_B,train,1560000,0.9555555555555555,0.07535922203472517,349.662024582426,280.01789347552426,44.64778050778051,5,0.9555555555555555,349.662024582426,44.64778050778051
config_B,train,1570000,0.9511111111111111,0.06166416411338488,331.0837965746108,233.0032394273846,45.029759034654994,5,0.9511111111111111,331.0837965746108,45.029759034654994
config_B,train,1580000,0.9733333333333334,0.059628479399994376,289.2638582909573,210.7256546183897,45.15179487179487,5,0.9733333333333334,289.2638582909573,45.15179487179487
config_B,train,1590000,0.9511111111111111,0.04274529791482522,375.08075269590165,144.78287154772946,45.77618896607269,5,0.9511111111111111,375.08075269590165,45.77618896607269
config_B,train,1600000,0.9422222222222223,0.03177423791041056,358.22495721513576,143.20418461227968,46.721143490655685,10,0.9422222222222223,358.22495721513576,46.721143490655685
config_B,train,1610000,0.9422222222222223,0.05351819812796572,334.7626060882547,116.34595336237979,46.8236637107142,5,0.9422222222222223,334.7626060882547,46.8236637107142
config_B,train,1620000,0.9644444444444444,0.029814239699997205,287.85856797586484,80.62886711885425,45.326406926406925,5,0.9644444444444444,287.85856797586484,45.326406926406925
config_B,train,1630000,0.9333333333333332,0.0666666666666667,430.9489298576829,221.20931574709255,47.2750926341624,5,0.9333333333333332,430.9489298576829,47.2750926341624
config_B,train,1640000,0.9688888888888888,0.02533723166886972,314.0656246298646,83.93860104265721,47.68155642806805,5,0.9688888888888888,314.0656246298646,47.68155642806805
config_B,train,1650000,0.9644444444444445,0.03505825056651625,265.28548644028257,129.45642615428918,45.67183966723388,10,0.9644444444444445,265.28548644028257,45.67183966723388
config_B,train,1660000,0.9733333333333334,0.03975231959999623,265.56814840880577,124.0058212182678,43.641134429948956,5,0.9733333333333334,265.56814840880577,43.641134429948956
config_B,train,1670000,0.9822222222222223,0.024343224778007346,245.1102346318509,106.68220021127571,44.937157622739015,5,0.9822222222222223,245.1102346318509,44.937157622739015
config_B,train,1680000,0.96,0.065546138683345,330.9870260660457,250.28291524018104,47.279234449760764,5,0.96,330.9870260660457,47.279234449760764
config_B,train,1690000,0.9644444444444444,0.055777335102271695,274.7599037120861,203.59161420718195,41.941989121989124,5,0.9644444444444444,274.7599037120861,41.941989121989124
config_B,train,1700000,0.9822222222222223,0.02295101242196988,234.4420461457483,90.94529607896321,42.951007751937986,10,0.9822222222222223,234.4420461457483,42.951007751937986
config_B,train,1710000,0.9822222222222221,0.02897423291201183,230.34223742443504,111.63780126101959,42.741240981240985,5,0.9822222222222221,230.34223742443504,42.741240981240985
config_B,train,1720000,0.9911111111111112,0.019876159799998114,219.22255119634247,96.4258517027406,44.66914728682171,5,0.9911111111111112,219.22255119634247,44.66914728682171
config_B,train,1730000,0.9777777777777776,0.027216552697590927,272.6659985954179,98.01139456829061,45.94653679653679,5,0.9777777777777776,272.6659985954179,45.94653679653679
config_B,train,1740000,0.9555555555555555,0.03849001794597502,324.2652518145189,186.1840499590465,44.62354122621564,5,0.9555555555555555,324.2652518145189,44.62354122621564
config_B,train,1750000,0.9822222222222221,0.00936971158568416,274.12812245010116,93.82844576853707,49.465050505050506,10,0.9822222222222221,274.12812245010116,49.465050505050506
config_B,train,1760000,0.9733333333333333,0.028974232912011802,278.40410261643603,133.08375638815494,49.35969998993255,5,0.9733333333333333,278.40410261643603,49.35969998993255
config_B,train,1770000,0.9688888888888888,0.029814239699997233,273.59571338977537,115.87727542584985,45.902104097452934,5,0.9688888888888888,273.59571338977537,45.902104097452934
config_B,train,1780000,0.9644444444444444,0.03370166864022914,287.87091920805835,137.22459420488798,47.0237061646364,5,0.9644444444444444,287.87091920805835,47.0237061646364
config_B,train,1790000,0.9644444444444444,0.04608098078517271,284.39640618853286,160.63629563549318,47.90744186046512,5,0.9644444444444444,284.39640618853286,47.90744186046512
config_B,train,1800000,0.9644444444444444,0.02388817110606982,238.53914742125417,87.17910918493504,47.16880130205711,10,0.9644444444444444,238.53914742125417,47.16880130205711
config_B,train,1810000,0.9733333333333334,0.024343224778007343,245.37190086991117,77.1774081063953,45.43989664082687,5,0.9733333333333334,245.37190086991117,45.43989664082687
config_B,train,1820000,0.9777777777777776,0.02721655269759092,243.3185382101041,96.4751506519845,45.6389898989899,5,0.9777777777777776,243.3185382101041,45.6389898989899
config_B,train,1830000,0.9688888888888888,0.03370166864022903,248.6487556776689,124.79067180043583,44.00074402562207,5,0.9688888888888888,248.6487556776689,44.00074402562207
config_B,train,1840000,0.9866666666666667,0.01987615979999814,198.46232259097283,69.22597966758875,41.759354005167964,5,0.9866666666666667,198.46232259097283,41.759354005167964
config_B,train,1850000,0.9911111111111112,0.01147550621098502,197.42619996494128,52.4825029940412,42.34020202020202,10,0.9911111111111112,197.42619996494128,42.34020202020202
config_B,train,1860000,0.9822222222222221,0.018592445034090563,225.31229157019015,71.03556458933048,41.13675123326286,5,0.9822222222222221,225.31229157019015,41.13675123326286
config_B,train,1870000,0.96,0.009938079899998935,324.86576552095335,71.21711845935005,44.03604651162791,5,0.96,324.86576552095335,44.03604651162791
config_B,train,1880000,0.9733333333333333,0.018592445034090535,273.3479630670782,80.28960005319568,44.97672539346958,5,0.9733333333333333,273.3479630670782,44.97672539346958
config_B,train,1890000,0.9777777777777779,0.03142696805273546,265.5831577614323,104.94316347392076,46.55670727205611,5,0.9777777777777779,265.5831577614323,46.55670727205611
config_B,train,1900000,0.9777777777777779,0.029629629629629645,252.71223398041496,68.34123538834532,47.70421557770395,10,0.9777777777777779,252.71223398041496,47.70421557770395
config_B,train,1910000,0.9644444444444444,0.02533723166886973,261.39164002168644,97.8136059048509,45.33665760595993,5,0.9644444444444444,261.39164002168644,45.33665760595993
config_B,train,1920000,0.9511111111111111,0.055332887102172164,313.1789043921855,134.02688449523833,45.00246131129852,5,0.9511111111111111,313.1789043921855,45.00246131129852
config_B,train,1930000,0.9688888888888888,0.03718489006818109,276.8916577901647,145.92268874604838,43.73142313664151,5,0.9688888888888888,276.8916577901647,43.73142313664151
config_B,train,1940000,0.9511111111111111,0.03296088216486962,283.5932850838754,85.08373624964342,43.25154111408224,5,0.9511111111111111,283.5932850838754,43.25154111408224
config_B,train,1950000,0.9555555555555555,0.03312693299999685,315.5797233073255,103.57828601894262,42.61833767543354,10,0.9555555555555555,315.5797233073255,42.61833767543354
config_B,train,1960000,0.9555555555555555,0.054433105395181744,319.0307507117137,240.86509368491485,43.60555754323196,5,0.9555555555555555,319.0307507117137,43.60555754323196
config_B,train,1970000,0.96,0.06554613868334497,309.4020745890649,255.22708417475698,41.367097288676234,5,0.96,309.4020745890649,41.367097288676234
config_B,train,1980000,0.9733333333333333,0.03651483716701103,262.82595943434495,138.49780162698238,41.72952944074895,5,0.9733333333333333,262.82595943434495,41.72952944074895
config_B,train,1990000,0.9911111111111112,0.019876159799998093,213.04816429659476,75.1656015523368,43.579948320413436,5,0.9911111111111112,213.04816429659476,43.579948320413436
config_B,train,2000000,0.9777777777777779,0.029629629629629662,265.9810220453604,112.2098252767103,43.800258397932815,10,0.9777777777777779,265.9810220453604,43.800258397932815
config_B,train,2010000,0.9822222222222221,0.028974232912011816,245.68657034095068,115.99656553023242,43.14647907647908,5,0.9822222222222221,245.68657034095068,43.14647907647908
config_B,train,2020000,0.9822222222222223,0.024343224778007346,247.65237129464745,92.70611970869666,43.754832041343676,5,0.9822222222222223,247.65237129464745,43.754832041343676
config_B,train,2030000,0.9688888888888888,0.05794846582402352,299.9699452317506,227.7825507463033,44.67851592851593,5,0.9688888888888888,299.9699452317506,44.67851592851593
config_B,train,2040000,0.9733333333333333,0.04817662975261956,277.3831737762112,181.69324014923657,45.40232323232323,5,0.9733333333333333,277.3831737762112,45.40232323232323
config_B,train,2050000,0.9777777777777776,0.025660011963983414,253.4583605215631,80.1626807006029,44.47372294372294,10,0.9777777777777776,253.4583605215631,44.47372294372294
config_B,train,2060000,0.9688888888888888,0.03718489006818107,286.5818628871338,118.1867942280593,44.41502432149058,5,0.9688888888888888,286.5818628871338,44.41502432149058
config_B,train,2070000,0.9822222222222221,0.018592445034090604,226.96589743306293,65.7624463925351,43.029196617336154,5,0.9822222222222221,226.96589743306293,43.029196617336154
config_B,train,2080000,0.9733333333333333,0.028974232912011795,251.87661565575075,107.93275181886062,41.896169670123165,5,0.9733333333333333,251.87661565575075,41.896169670123165
config_B,train,2090000,0.9955555555555555,0.009938079899999114,158.13912595020486,8.558083600897874,41.14707070707071,5,0.9955555555555555,158.13912595020486,41.14707070707071
config_B,train,2100000,0.9911111111111112,0.01147550621098502,172.8002017764922,38.342373143009155,40.22949494949495,10,0.9911111111111112,172.8002017764922,40.22949494949495
config_B,train,2110000,0.9733333333333333,0.02897423291201178,223.9113538565438,107.88262461323986,40.771142991375555,5,0.9733333333333333,223.9113538565438,40.771142991375555
config_B,train,2120000,0.9866666666666666,0.012171612389003767,194.22387417085488,52.910983078912295,40.653535353535354,5,0.9866666666666666,194.22387417085488,40.653535353535354
config_B,train,2130000,0.9866666666666667,0.019876159799998128,182.2533894613627,35.95564236761189,40.60888653981677,5,0.9866666666666667,182.2533894613627,40.60888653981677
config_B,train,2140000,0.9911111111111112,0.012171612389003767,159.28829981439682,14.169410598364793,40.51777777777778,5,0.9911111111111112,159.28829981439682,40.51777777777778
config_B,train,2150000,0.9822222222222221,0.01752912528325809,173.8993633172713,35.96568630650903,40.72132957481794,10,0.9822222222222221,173.8993633172713,40.72132957481794
config_B,train,2160000,0.9688888888888888,0.037184890068181105,198.81605133681433,70.17511944169313,39.447398832339275,5,0.9688888888888888,198.81605133681433,39.447398832339275
config_B,train,2170000,0.9733333333333333,0.028974232912011816,201.0437836345837,67.90967971849125,39.787910668143226,5,0.9733333333333333,201.0437836345837,39.787910668143226
config_B,train,2180000,0.9911111111111112,0.01217161238900377,176.53655217232134,35.67919855632386,40.65565656565657,5,0.9911111111111112,176.53655217232134,40.65565656565657
config_B,train,2190000,0.9955555555555555,0.009938079899999142,175.7066493886549,30.712095294584607,40.67363636363636,5,0.9955555555555555,175.7066493886549,40.67363636363636
config_B,train,2200000,1.0,0.0,163.7304957305568,13.321650590878527,40.94666666666667,10,1.0,163.7304957305568,40.94666666666667
config_B,train,2210000,0.9955555555555555,0.009938079899999128,181.44047226501092,42.49507166620228,41.036262626262626,5,0.9955555555555555,181.44047226501092,41.036262626262626
config_B,train,2220000,0.9955555555555555,0.009938079899999142,165.20726650794748,16.23955597893725,41.08434343434344,5,0.9955555555555555,165.20726650794748,41.08434343434344
config_B,train,2230000,0.9866666666666667,0.029814239699997237,153.62717502540443,12.657008245594684,39.94063492063492,5,0.9866666666666667,153.62717502540443,39.94063492063492
config_B,train,2240000,0.9866666666666667,0.01987615979999815,152.9958914595997,12.83211201072559,39.57630725863284,5,0.9866666666666667,152.9958914595997,39.57630725863284
config_B,train,2250000,0.9955555555555555,0.00936971158568415,170.30045409890957,29.4079749565818,40.7540404040404,10,0.9955555555555555,170.30045409890957,40.7540404040404
config_B,train,2260000,0.9955555555555555,0.009938079899999142,153.61514471547213,13.673627249447868,39.86787878787879,5,0.9955555555555555,153.61514471547213,39.86787878787879
config_B,train,2270000,0.9911111111111112,0.019876159799998093,169.18732550250442,46.175116160911465,40.29953488372093,5,0.9911111111111112,169.18732550250442,40.29953488372093
config_B,train,2280000,1.0,0.0,154.75346017861474,15.304653532415072,39.80888888888889,5,1.0,154.75346017861474,39.80888888888889
config_B,train,2290000,0.9911111111111112,0.01217161238900377,186.493840718004,41.63952038216898,39.913939393939394,5,0.9911111111111112,186.493840718004,39.913939393939394
config_B,train,2300000,1.0,0.0,153.87508245319887,15.585244480097453,39.751111111111115,10,1.0,153.87508245319887,39.751111111111115
config_B,train,2310000,0.9955555555555555,0.009938079899999142,175.29221611013503,36.66618309288631,40.445151515151515,5,0.9955555555555555,175.29221611013503,40.445151515151515
config_B,train,2320000,1.0,0.0,154.34381467404617,15.526942763574082,39.760000000000005,5,1.0,154.34381467404617,39.760000000000005
config_B,train,2330000,0.9955555555555555,0.009938079899999114,153.88186565449809,16.04029253435584,39.74838383838384,5,0.9955555555555555,153.88186565449809,39.74838383838384
config_B,train,2340000,0.9955555555555555,0.009938079899999142,150.00751405919598,16.71700839858251,39.32707070707071,5,0.9955555555555555,150.00751405919598,39.32707070707071
config_B,train,2350000,1.0,0.0,155.64801047330394,16.032622529150924,39.88444444444444,10,1.0,155.64801047330394,39.88444444444444
config_B,train,2360000,0.9911111111111112,0.01217161238900377,150.76595138905986,17.21943632909468,39.25888888888889,5,0.9911111111111112,150.76595138905986,39.25888888888889
config_B,train,2370000,1.0,0.0,150.94270925044398,14.970734143075196,39.22666666666667,5,1.0,150.94270925044398,39.22666666666667
config_B,train,2380000,1.0,0.0,153.96058719795073,10.616040254976644,39.44888888888889,5,1.0,153.96058719795073,39.44888888888889
config_B,train,2390000,1.0,0.0,152.13859230790666,10.906758690095671,39.23111111111111,5,1.0,152.13859230790666,39.23111111111111
config_B,train,2400000,1.0,0.0,151.89211230860445,9.596459746573212,39.16444444444444,10,1.0,151.89211230860445,39.16444444444444
config_B,train,2410000,0.9955555555555555,0.009938079899999114,152.26256125419067,14.378253074700039,39.31232323232323,5,0.9955555555555555,152.26256125419067,39.31232323232323
config_B,train,2420000,0.9911111111111112,0.012171612389003767,190.32061879633892,41.99970904011308,42.29343434343434,5,0.9911111111111112,190.32061879633892,42.29343434343434
config_B,train,2430000,1.0,0.0,188.72629849056707,64.64587917842067,43.83555555555556,5,1.0,188.72629849056707,43.83555555555556
config_B,train,2440000,1.0,0.0,160.81814759728616,7.243180991871018,40.48444444444444,5,1.0,160.81814759728616,40.48444444444444
config_B,train,2450000,1.0,0.0,167.28785429427356,14.015288468009011,41.83555555555556,10,1.0,167.28785429427356,41.83555555555556
config_B,train,2460000,0.9911111111111112,0.019876159799998065,169.76095795008985,30.822758925155917,39.67782945736434,5,0.9911111111111112,169.76095795008985,39.67782945736434
config_B,train,2470000,1.0,0.0,155.4118677664633,14.585844825254412,39.635555555555555,5,1.0,155.4118677664633,39.635555555555555
config_B,train,2480000,1.0,0.0,154.07077375013546,13.453881442091797,39.364444444444445,5,1.0,154.07077375013546,39.364444444444445
config_B,train,2490000,1.0,0.0,155.36403573378152,11.642591886204965,39.49333333333333,5,1.0,155.36403573378152,39.49333333333333
config_B,train,2500000,0.9955555555555555,0.00936971158568416,173.5805957834877,40.3669209759035,39.88474747474747,10,0.9955555555555555,173.5805957834877,39.88474747474747
config_B,train,2510000,1.0,0.0,158.78535195195647,15.052470989913198,40.54222222222222,5,1.0,158.78535195195647,40.54222222222222
config_B,train,2520000,1.0,0.0,152.5582986236707,14.659510763603539,39.34222222222222,5,1.0,152.5582986236707,39.34222222222222
config_B,train,2530000,1.0,0.0,151.52245471848477,14.399653298144024,41.14666666666667,5,1.0,151.52245471848477,41.14666666666667
config_B,train,2540000,0.9911111111111112,0.019876159799998065,147.91876639176928,13.958818890242126,38.91968992248062,5,0.9911111111111112,147.91876639176928,38.91968992248062
config_B,train,2550000,0.9955555555555555,0.009369711585684132,150.67855425356063,11.22506795005104,39.2750505050505,10,0.9955555555555555,150.67855425356063,39.2750505050505
config_B,train,2560000,0.9955555555555555,0.009938079899999114,148.5184248864599,13.808821750534994,38.97525252525253,5,0.9955555555555555,148.5184248864599,38.97525252525253
config_B,train,2570000,1.0,0.0,153.1693062561224,13.955245042150628,39.355555555555554,5,1.0,153.1693062561224,39.355555555555554
config_B,train,2580000,1.0,0.0,152.40712618859234,14.351770552130791,39.297777777777775,5,1.0,152.40712618859234,39.297777777777775
config_B,train,2590000,1.0,0.0,152.85741438139382,12.748062114183721,39.32888888888889,5,1.0,152.85741438139382,39.32888888888889
config_B,train,2600000,1.0,0.0,152.7316750155288,13.44181635959799,39.24444444444445,10,1.0,152.7316750155288,39.24444444444445
config_B,train,2610000,0.9955555555555555,0.00993807989999913,167.3755375145634,47.939280473352746,38.75212121212121,5,0.9955555555555555,167.3755375145634,38.75212121212121
config_B,train,2620000,1.0,0.0,153.4642825301761,10.735733307174062,39.04888888888889,5,1.0,153.4642825301761,39.04888888888889
config_B,train,2630000,1.0,0.0,151.9159321812162,15.751707369779908,39.18222222222222,5,1.0,151.9159321812162,39.18222222222222
config_B,train,2640000,1.0,0.0,156.41796261247225,13.981298469118679,39.56,5,1.0,156.41796261247225,39.56
config_B,train,2650000,1.0,0.0,157.28473819046977,14.618874814891235,39.59111111111112,10,1.0,157.28473819046977,39.59111111111112
config_B,train,2660000,0.9955555555555555,0.009938079899999142,169.32468567530194,30.449249080871414,39.01131313131313,5,0.9955555555555555,169.32468567530194,39.01131313131313
config_B,train,2670000,1.0,0.0,155.02553929141973,11.171210829321067,39.24444444444444,5,1.0,155.02553929141973,39.24444444444444
config_B,train,2680000,1.0,0.0,158.62706062993655,17.64989965615822,39.53777777777778,5,1.0,158.62706062993655,39.53777777777778
config_B,train,2690000,1.0,0.0,159.04143544857698,15.62270737583364,39.85333333333333,5,1.0,159.04143544857698,39.85333333333333
config_B,train,2700000,1.0,0.0,159.97007223375948,16.67814532126085,39.94222222222222,10,1.0,159.97007223375948,39.94222222222222
config_B,train,2710000,0.9911111111111112,0.019876159799998114,158.61268626212004,12.766560777979619,39.89188630490956,5,0.9911111111111112,158.61268626212004,39.89188630490956
config_B,train,2720000,0.9955555555555555,0.009938079899999142,162.12099868813704,14.94123935871542,40.36939393939394,5,0.9955555555555555,162.12099868813704,40.36939393939394
config_B,train,2730000,0.9955555555555555,0.009938079899999142,179.4143451608448,41.38758978795605,40.43525252525252,5,0.9955555555555555,179.4143451608448,40.43525252525252
config_B,train,2740000,1.0,0.0,163.12057680759597,16.31137544044723,40.35111111111111,5,1.0,163.12057680759597,40.35111111111111
config_B,train,2750000,1.0,0.0,161.15698015944167,13.316156014671293,39.964444444444446,10,1.0,161.15698015944167,39.964444444444446
config_B,train,2760000,1.0,0.0,160.5636621702416,11.44453594259424,39.75555555555555,5,1.0,160.5636621702416,39.75555555555555
config_B,train,2770000,0.9955555555555555,0.009938079899999142,164.15219996609233,13.094958776518014,40.08434343434344,5,0.9955555555555555,164.15219996609233,40.08434343434344
config_B,train,2780000,0.9955555555555555,0.009938079899999114,179.75027101444687,26.01994050623476,39.90464646464646,5,0.9955555555555555,179.75027101444687,39.90464646464646
config_B,train,2790000,1.0,0.0,162.56400134220252,14.473167841310659,39.84888888888889,5,1.0,162.56400134220252,39.84888888888889
config_B,train,2800000,1.0,0.0,163.5187518244348,9.922517297959752,39.85333333333333,10,1.0,163.5187518244348,39.85333333333333
config_B,train,2810000,1.0,0.0,160.9841326957835,11.081116128276088,39.724444444444444,5,1.0,160.9841326957835,39.724444444444444
config_B,train,2820000,1.0,0.0,156.89891862273285,10.983889607190887,39.23555555555556,5,1.0,156.89891862273285,39.23555555555556
config_B,train,2830000,1.0,0.0,157.4545274266451,11.89452765826317,39.35555555555556,5,1.0,157.4545274266451,39.35555555555556
config_B,train,2840000,1.0,0.0,158.3920438456417,14.550037474632841,39.324444444444445,5,1.0,158.3920438456417,39.324444444444445
config_B,train,2850000,1.0,0.0,157.26163326380288,14.455958360451593,39.266666666666666,10,1.0,157.26163326380288,39.266666666666666
config_B,train,2860000,1.0,0.0,160.38661492898473,13.850016498572893,39.53333333333334,5,1.0,160.38661492898473,39.53333333333334
config_B,train,2870000,1.0,0.0,165.79847655029926,24.327117908029066,40.04444444444444,5,1.0,165.79847655029926,40.04444444444444
config_B,train,2880000,1.0,0.0,181.93513287857672,58.267924225896934,41.742222222222225,5,1.0,181.93513287857672,41.742222222222225
config_B,train,2890000,1.0,0.0,159.00919384294224,15.63006118757393,39.49777777777778,5,1.0,159.00919384294224,39.49777777777778
config_B,train,2900000,1.0,0.0,161.4963047694444,15.180232578837806,39.78666666666667,10,1.0,161.4963047694444,39.78666666666667
config_B,train,2910000,1.0,0.0,163.01788060025027,13.351575618183798,39.91111111111111,5,1.0,163.01788060025027,39.91111111111111
config_B,train,2920000,1.0,0.0,170.8880449995189,23.210438244838876,40.60444444444444,5,1.0,170.8880449995189,40.60444444444444
config_B,train,2930000,1.0,0.0,182.72227919344792,51.15707313326474,41.75555555555555,5,1.0,182.72227919344792,41.75555555555555
config_B,train,2940000,1.0,0.0,168.60774344483028,28.694724025193377,40.577777777777776,5,1.0,168.60774344483028,40.577777777777776
config_B,train,2950000,1.0,0.0,168.80332889699355,21.082996244182503,40.41777777777778,10,1.0,168.80332889699355,40.41777777777778
config_B,train,2960000,1.0,0.0,171.5784315476359,26.682500333671765,40.577777777777776,5,1.0,171.5784315476359,40.577777777777776
config_B,train,2970000,1.0,0.0,169.81842719558813,26.437093736507713,40.58222222222222,5,1.0,169.81842719558813,40.58222222222222
config_B,train,2980000,0.9955555555555555,0.009938079899999142,168.02917317741964,24.47778783336645,40.262121212121215,5,0.9955555555555555,168.02917317741964,40.262121212121215
config_B,train,2990000,0.9955555555555555,0.009938079899999142,161.3396285750921,12.407580565267688,39.414848484848484,5,0.9955555555555555,161.3396285750921,39.414848484848484
config_B,train,3000000,0.9955555555555555,0.00936971158568415,164.7016638668537,11.969075533959396,39.70474747474748,10,0.9955555555555555,164.7016638668537,39.70474747474748
config_B,train,3010000,0.9955555555555555,0.009938079899999142,165.3210849575719,14.210471736517515,39.86959595959596,5,0.9955555555555555,165.3210849575719,39.86959595959596
config_B,train,3020000,1.0,0.0,172.1725873180174,14.956983679315048,40.74666666666667,5,1.0,172.1725873180174,40.74666666666667
config_B,train,3030000,0.9955555555555555,0.00993807989999913,169.5042853803388,14.900096401056672,40.257171717171715,5,0.9955555555555555,169.5042853803388,40.257171717171715
config_B,train,3040000,1.0,0.0,167.75982137566362,13.617175339696008,40.17777777777778,5,1.0,167.75982137566362,40.17777777777778
config_B,train,3050000,0.9955555555555555,0.00936971158568416,167.9201298650333,15.28611747129086,40.22727272727273,10,0.9955555555555555,167.9201298650333,40.22727272727273
config_B,train,3060000,1.0,0.0,160.62551878309716,10.914160304880296,39.34222222222222,5,1.0,160.62551878309716,39.34222222222222
config_B,train,3070000,1.0,0.0,157.42491554060945,10.32084224956569,39.004444444444445,5,1.0,157.42491554060945,39.004444444444445
config_B,train,3080000,0.9955555555555555,0.009938079899999142,177.2230450038257,37.474452679960415,39.29848484848485,5,0.9955555555555555,177.2230450038257,39.29848484848485
config_B,train,3090000,0.9955555555555555,0.009938079899999142,177.3801418281866,35.006294379633836,40.05282828282829,5,0.9955555555555555,177.3801418281866,40.05282828282829
config_B,train,3100000,1.0,0.0,161.53502116496097,11.063969890221074,39.217777777777776,10,1.0,161.53502116496097,39.217777777777776
config_B,train,3110000,1.0,0.0,159.15759545029803,11.237251438797868,38.90222222222222,5,1.0,159.15759545029803,38.90222222222222
config_B,train,3120000,1.0,0.0,165.78711303101483,21.12609160350725,39.84888888888889,5,1.0,165.78711303101483,39.84888888888889
config_B,train,3130000,0.9955555555555555,0.009938079899999114,171.27473389792686,26.4710033112949,38.95333333333333,5,0.9955555555555555,171.27473389792686,38.95333333333333
config_B,train,3140000,0.9911111111111112,0.01217161238900377,160.24113234658986,10.378784423465174,38.671616161616164,5,0.9911111111111112,160.24113234658986,38.671616161616164
config_B,train,3150000,0.9955555555555555,0.00936971158568415,163.45804999625244,26.524490687153826,39.42333333333333,10,0.9955555555555555,163.45804999625244,39.42333333333333
config_B,train,3160000,1.0,0.0,165.11200694395035,27.053249565346686,39.58222222222222,5,1.0,165.11200694395035,39.58222222222222
config_B,train,3170000,1.0,0.0,158.05339749365808,14.038537336007963,38.76888888888889,5,1.0,158.05339749365808,38.76888888888889
config_B,train,3180000,1.0,0.0,163.474316698711,16.624775765503337,39.20444444444445,5,1.0,163.474316698711,39.20444444444445
config_B,train,3190000,1.0,0.0,165.40935047516697,13.92107826167103,39.333333333333336,5,1.0,165.40935047516697,39.333333333333336
config_B,train,3200000,1.0,0.0,174.73918617317022,35.89812761563143,40.35111111111111,10,1.0,174.73918617317022,40.35111111111111
config_B,train,3210000,1.0,0.0,160.6513373671816,9.430161760894551,38.74666666666667,5,1.0,160.6513373671816,38.74666666666667
config_B,train,3220000,1.0,0.0,167.42725511634612,22.62915235540009,39.62222222222223,5,1.0,167.42725511634612,39.62222222222223
config_B,train,3230000,1.0,0.0,165.2747512446354,8.444821339353323,39.35555555555556,5,1.0,165.2747512446354,39.35555555555556
config_B,train,3240000,1.0,0.0,165.2887065307641,8.837970676723463,39.27111111111111,5,1.0,165.2887065307641,39.27111111111111
config_B,train,3250000,1.0,0.0,163.69010659451766,7.312477953520869,38.98222222222222,10,1.0,163.69010659451766,38.98222222222222
config_B,train,3260000,1.0,0.0,165.59599668458648,11.733673402452187,39.275555555555556,5,1.0,165.59599668458648,39.275555555555556
config_B,train,3270000,1.0,0.0,163.09027635550532,8.405019291420853,39.0,5,1.0,163.09027635550532,39.0
config_B,train,3280000,1.0,0.0,172.5475375948321,19.643170513048634,40.0,5,1.0,172.5475375948321,40.0
config_B,train,3290000,1.0,0.0,167.81313014595412,8.08294667173577,39.431111111111115,5,1.0,167.81313014595412,39.431111111111115
config_B,train,3300000,1.0,0.0,166.0089367197843,6.052911969672466,39.22666666666667,10,1.0,166.0089367197843,39.22666666666667
config_B,train,3310000,0.9955555555555555,0.009938079899999114,163.65370782629302,8.000323488876901,39.05262626262626,5,0.9955555555555555,163.65370782629302,39.05262626262626
config_B,train,3320000,1.0,0.0,166.4525839878453,7.13744832304263,39.23555555555556,5,1.0,166.4525839878453,39.23555555555556
config_B,train,3330000,1.0,0.0,169.722909761534,8.931583976388191,39.684444444444445,5,1.0,169.722909761534,39.684444444444445
config_B,train,3340000,0.9911111111111112,0.019876159799998114,170.57377919990773,14.932277947400173,39.46428940568475,5,0.9911111111111112,170.57377919990773,39.46428940568475
config_B,train,3350000,1.0,0.0,169.33114112635093,14.598665731412297,39.28,10,1.0,169.33114112635093,39.28
config_B,train,3360000,0.9955555555555555,0.00993807989999913,188.05990085671596,34.64818400656601,39.30343434343435,5,0.9955555555555555,188.05990085671596,39.30343434343435
config_B,train,3370000,1.0,0.0,168.69679306601944,13.133317079964032,39.248888888888885,5,1.0,168.69679306601944,39.248888888888885
config_B,train,3380000,1.0,0.0,169.04369804014442,9.703941823654858,39.40444444444445,5,1.0,169.04369804014442,39.40444444444445
config_B,train,3390000,0.9955555555555555,0.009938079899999114,164.54136013793033,6.636110462391925,38.890808080808085,5,0.9955555555555555,164.54136013793033,38.890808080808085
config_B,train,3400000,0.9955555555555555,0.009369711585684132,167.4628822082057,7.474642708464136,39.32727272727273,10,0.9955555555555555,167.4628822082057,39.32727272727273
config_B,train,3410000,0.9822222222222221,0.02897423291201178,189.0510934651662,47.329042542412964,40.50948051948052,5,0.9822222222222221,189.0510934651662,40.50948051948052
config_B,train,3420000,0.9733333333333333,0.03651483716701114,188.5816762012687,28.705240577391326,38.94857142857143,5,0.9733333333333333,188.5816762012687,38.94857142857143
config_B,train,3430000,0.9866666666666667,0.029814239699997237,175.30799639191142,15.835847569764894,39.146031746031746,5,0.9866666666666667,175.30799639191142,39.146031746031746
config_B,train,3440000,0.9955555555555555,0.009938079899999114,169.17852726963253,4.085130716382862,39.20353535353535,5,0.9955555555555555,169.17852726963253,39.20353535353535
config_B,train,3450000,1.0,0.0,166.99481337285386,9.029945048695327,39.013333333333335,10,1.0,166.99481337285386,39.013333333333335
config_B,train,3460000,0.9866666666666667,0.029814239699997268,186.6843666029517,45.1007095755092,39.70666666666666,5,0.9866666666666667,186.6843666029517,39.70666666666666
config_B,train,3470000,1.0,0.0,172.10675959012377,17.377539630982724,39.72888888888889,5,1.0,172.10675959012377,39.72888888888889
config_B,train,3480000,0.9955555555555555,0.009938079899999114,165.1809494078668,8.67521145705371,38.95242424242424,5,0.9955555555555555,165.1809494078668,38.95242424242424
config_B,train,3490000,0.9955555555555555,0.009938079899999114,172.9294728509397,20.436254873564675,39.68838383838384,5,0.9955555555555555,172.9294728509397,39.68838383838384
config_B,train,3500000,0.9911111111111112,0.018739423171368116,167.04610377092075,11.887894859720568,39.12558139534884,10,0.9911111111111112,167.04610377092075,39.12558139534884
config_B,train,3510000,0.9955555555555555,0.009938079899999114,173.2080122252324,20.906100224772043,39.69676767676767,5,0.9955555555555555,173.2080122252324,39.69676767676767
config_B,train,3520000,0.9955555555555555,0.009938079899999114,175.78721396569767,23.364146899850788,40.00282828282828,5,0.9955555555555555,175.78721396569767,40.00282828282828
config_B,train,3530000,0.9955555555555555,0.009938079899999114,170.52157855169762,13.491939057794108,39.285959595959596,5,0.9955555555555555,170.52157855169762,39.285959595959596
config_B,train,3540000,0.9911111111111112,0.019876159799998065,169.50754055096215,14.030972767659028,39.31514211886305,5,0.9911111111111112,169.50754055096215,39.31514211886305
config_B,train,3550000,0.9822222222222223,0.03747884634273634,184.8631646702633,43.87490978741948,39.19186991869919,10,0.9822222222222223,184.8631646702633,39.19186991869919
config_B,train,3560000,0.9911111111111112,0.019876159799998065,164.9700779222312,10.220154645985831,38.84113695090439,5,0.9911111111111112,164.9700779222312,38.84113695090439
config_B,train,3570000,1.0,0.0,168.94990029724386,10.84380708594335,39.08444444444444,5,1.0,168.94990029724386,39.08444444444444
config_B,train,3580000,1.0,0.0,170.5479958959045,14.792297966750686,39.32888888888889,5,1.0,170.5479958959045,39.32888888888889
config_B,train,3590000,0.9955555555555555,0.009938079899999114,185.91384477154932,47.04971308277679,39.18707070707071,5,0.9955555555555555,185.91384477154932,39.18707070707071
config_B,train,3600000,1.0,0.0,165.6071517479648,11.40879212476408,38.92888888888889,10,1.0,165.6071517479648,38.92888888888889
config_B,train,3610000,0.9955555555555555,0.009938079899999114,162.18849374639035,8.342351555497672,38.95989898989899,5,0.9955555555555555,162.18849374639035,38.95989898989899
config_B,train,3620000,0.9955555555555555,0.009938079899999114,162.6219196307161,10.793337761449244,39.07979797979798,5,0.9955555555555555,162.6219196307161,39.07979797979798
config_B,train,3630000,0.9955555555555555,0.009938079899999114,182.69429597325444,50.1858597078194,38.991313131313134,5,0.9955555555555555,182.69429597325444,38.991313131313134
config_B,train,3640000,1.0,0.0,167.96874335957304,11.583799574167031,39.0488888888889,5,1.0,167.96874335957304,39.0488888888889
config_B,train,3650000,0.9955555555555555,0.009369711585684132,190.3218311999958,51.06296605281708,40.8630303030303,10,0.9955555555555555,190.3218311999958,40.8630303030303
config_B,train,3660000,1.0,0.0,168.84892371001513,6.870877260442272,39.24444444444445,5,1.0,168.84892371001513,39.24444444444445
config_B,train,3670000,0.9866666666666667,0.029814239699997268,196.10192572022714,71.9961265170482,38.63111111111111,5,0.9866666666666667,196.10192572022714,38.63111111111111
config_B,train,3680000,0.9911111111111112,0.019876159799998065,184.2559650251447,35.4389844623495,39.07400516795865,5,0.9911111111111112,184.2559650251447,39.07400516795865
config_B,train,3690000,0.9866666666666667,0.029814239699997268,178.65154807926803,25.667488316277602,38.614285714285714,5,0.9866666666666667,178.65154807926803,38.614285714285714
config_B,train,3700000,0.9866666666666667,0.02810913475705231,176.77816321017949,22.57231824967373,38.31777777777778,10,0.9866666666666667,176.77816321017949,38.31777777777778
config_B,train,3710000,0.9822222222222223,0.0397523195999962,198.61136129707452,60.91634483027752,39.13322493224932,5,0.9822222222222223,198.61136129707452,39.13322493224932
config_B,train,3720000,0.9866666666666667,0.029814239699997268,190.52224521611453,38.03449542598449,39.83238095238095,5,0.9866666666666667,190.52224521611453,39.83238095238095
config_B,train,3730000,0.9866666666666667,0.029814239699997268,179.73451022860394,18.32800952242147,40.67301587301587,5,0.9866666666666667,179.73451022860394,40.67301587301587
config_B,train,3740000,0.9955555555555555,0.009938079899999114,168.26211670368457,7.7152338321659455,38.96686868686869,5,0.9955555555555555,168.26211670368457,38.96686868686869
config_B,train,3750000,0.9955555555555555,0.009369711585684132,166.3002018297474,9.556993203977495,38.760909090909095,10,0.9955555555555555,166.3002018297474,38.760909090909095
config_B,train,3760000,0.9911111111111112,0.019876159799998065,184.17469974251426,39.13711545192948,38.82129198966409,5,0.9911111111111112,184.17469974251426,38.82129198966409
config_B,train,3770000,0.9911111111111112,0.012171612389003782,181.1689040616247,34.84701114745054,38.61131313131313,5,0.9911111111111112,181.1689040616247,38.61131313131313
config_B,train,3780000,0.9955555555555555,0.009938079899999114,182.20060821006993,31.9925352820676,38.78222222222222,5,0.9955555555555555,182.20060821006993,38.78222222222222
config_B,train,3790000,1.0,0.0,170.35874336433886,13.593408499256114,39.25333333333334,5,1.0,170.35874336433886,39.25333333333334
config_B,train,3800000,1.0,0.0,167.63675547425478,10.223449478790524,38.81777777777778,10,1.0,167.63675547425478,38.81777777777778
config_B,train,3810000,1.0,0.0,174.75188963187045,9.582787114800075,40.257777777777775,5,1.0,174.75188963187045,40.257777777777775
config_B,train,3820000,1.0,0.0,169.85275568863386,12.046947834292547,39.07555555555555,5,1.0,169.85275568863386,39.07555555555555
config_B,train,3830000,1.0,0.0,166.9700767114358,10.52487153994349,38.577777777777776,5,1.0,166.9700767114358,38.577777777777776
config_B,train,3840000,1.0,0.0,170.2455405011953,8.582465329524213,39.06222222222222,5,1.0,170.2455405011953,39.06222222222222
config_B,train,3850000,1.0,0.0,171.5002826076622,12.844343393950238,39.36888888888889,10,1.0,171.5002826076622,39.36888888888889
config_B,train,3860000,1.0,0.0,166.43557682837738,8.366594252681177,38.6,5,1.0,166.43557682837738,38.6
config_B,train,3870000,1.0,0.0,164.44407643870966,11.72066390590583,38.54222222222222,5,1.0,164.44407643870966,38.54222222222222
config_B,train,3880000,1.0,0.0,162.4889535760963,14.161713419376857,38.279999999999994,5,1.0,162.4889535760963,38.279999999999994
config_B,train,3890000,1.0,0.0,165.18969842470915,12.198920917437443,38.568888888888885,5,1.0,165.18969842470915,38.568888888888885
config_B,train,3900000,1.0,0.0,164.33688873117944,11.693588353035581,38.49333333333334,10,1.0,164.33688873117944,38.49333333333334
config_B,train,3910000,0.9955555555555555,0.009938079899999114,164.51368134247036,14.10164006754438,38.184141414141415,5,0.9955555555555555,164.51368134247036,38.184141414141415
config_B,train,3920000,0.9955555555555555,0.009938079899999142,161.99486630218672,16.178697954913755,39.79666666666667,5,0.9955555555555555,161.99486630218672,39.79666666666667
config_B,train,3930000,0.9866666666666667,0.01987615979999815,162.43451369649372,17.322492689154906,38.03478975804557,5,0.9866666666666667,162.43451369649372,38.03478975804557
config_B,train,3940000,0.9911111111111112,0.019876159799998114,160.94945757658468,14.6752546795727,38.19813953488372,5,0.9911111111111112,160.94945757658468,38.19813953488372
config_B,train,3950000,0.9955555555555555,0.00936971158568415,166.18387464794608,10.016780842939818,38.67868686868687,10,0.9955555555555555,166.18387464794608,38.67868686868687
config_B,train,3960000,1.0,0.0,164.76778746635267,12.328691900134823,38.45333333333333,5,1.0,164.76778746635267,38.45333333333333
config_B,train,3970000,1.0,0.0,164.47320578702937,12.358516672281846,38.51555555555556,5,1.0,164.47320578702937,38.51555555555556
config_B,train,3980000,0.9955555555555555,0.009938079899999142,170.79332350621561,17.618401382984857,38.43717171717172,5,0.9955555555555555,170.79332350621561,38.43717171717172
config_B,train,3990000,1.0,0.0,176.31505958742204,22.380114505698682,39.720000000000006,5,1.0,176.31505958742204,39.720000000000006
config_B,train,4000000,0.9955555555555555,0.00936971158568416,179.37414594528826,28.222645540216934,38.43828282828283,10,0.9955555555555555,179.37414594528826,38.43828282828283
config_B,train,4010000,0.9955555555555555,0.00993807989999913,166.58246234208812,11.874599961617411,38.55101010101011,5,0.9955555555555555,166.58246234208812,38.55101010101011
config_B,train,4020000,0.9955555555555555,0.00993807989999913,163.43537994925268,15.185251088153805,38.17414141414141,5,0.9955555555555555,163.43537994925268,38.17414141414141
config_B,train,4030000,0.9911111111111112,0.01987615979999812,179.75862072737226,29.474654217893654,38.307906976744185,5,0.9911111111111112,179.75862072737226,38.307906976744185
config_B,train,4040000,0.9866666666666667,0.02981423969999725,162.2336449953365,15.647391644067513,38.126666666666665,5,0.9866666666666667,162.2336449953365,38.126666666666665
config_B,train,4050000,0.9866666666666667,0.028109134757052307,164.53949849781947,12.72946288825853,38.45111111111111,10,0.9866666666666667,164.53949849781947,38.45111111111111
config_B,train,4060000,0.9911111111111112,0.01987615979999812,165.85654803875812,13.592547031290652,38.217157622739016,5,0.9911111111111112,165.85654803875812,38.217157622739016
config_B,train,4070000,1.0,0.0,165.3404640506041,13.301297402245089,38.16888888888889,5,1.0,165.3404640506041,38.16888888888889
config_B,train,4080000,1.0,0.0,165.00712182665342,12.940264277857105,38.2,5,1.0,165.00712182665342,38.2
config_B,train,4090000,0.9955555555555555,0.00993807989999913,164.73292436450728,14.24288172374522,38.17787878787879,5,0.9955555555555555,164.73292436450728,38.17787878787879
config_B,train,4100000,1.0,0.0,164.32569499234637,14.002593570229344,38.09777777777778,10,1.0,164.32569499234637,38.09777777777778
config_B,train,4110000,1.0,0.0,164.0174380451309,15.47089800877557,38.01777777777778,5,1.0,164.0174380451309,38.01777777777778
config_B,train,4120000,1.0,0.0,164.5055141748972,12.323383381948043,38.01777777777778,5,1.0,164.5055141748972,38.01777777777778
config_B,train,4130000,1.0,0.0,162.94348181093827,14.14187547971488,37.81777777777778,5,1.0,162.94348181093827,37.81777777777778
config_B,train,4140000,1.0,0.0,164.10459243447986,12.951971237650401,37.986666666666665,5,1.0,164.10459243447986,37.986666666666665
config_B,train,4150000,1.0,0.0,163.3358177855892,13.498280584245839,37.92444444444444,10,1.0,163.3358177855892,37.92444444444444
config_B,train,4160000,1.0,0.0,163.98315565144532,13.769798747891283,37.95111111111111,5,1.0,163.98315565144532,37.95111111111111
config_B,train,4170000,0.9955555555555555,0.009938079899999142,174.65575383641144,10.26908918254663,39.11969696969697,5,0.9955555555555555,174.65575383641144,39.11969696969697
config_B,train,4180000,1.0,0.0,164.30049983965654,14.686797789541703,38.035555555555554,5,1.0,164.30049983965654,38.035555555555554
config_B,train,4190000,1.0,0.0,166.39310014899857,10.042577617726776,38.23555555555556,5,1.0,166.39310014899857,38.23555555555556
config_B,train,4200000,1.0,0.0,166.97602309836915,10.390225395502435,38.373333333333335,10,1.0,166.97602309836915,38.373333333333335
config_B,train,4210000,1.0,0.0,181.9748379262922,35.493070203231255,40.471111111111114,5,1.0,181.9748379262922,40.471111111111114
config_B,train,4220000,1.0,0.0,167.0628897969316,10.443395865020511,38.59555555555555,5,1.0,167.0628897969316,38.59555555555555
config_B,train,4230000,1.0,0.0,167.66820808578413,10.188567187756215,38.724444444444444,5,1.0,167.66820808578413,38.724444444444444
config_B,train,4240000,1.0,0.0,166.24941399871733,9.211377613363307,38.49333333333333,5,1.0,166.24941399871733,38.49333333333333
config_B,train,4250000,0.9955555555555555,0.009369711585684132,164.14501535193136,10.280942101761946,38.15555555555555,10,0.9955555555555555,164.14501535193136,38.15555555555555
config_B,train,4260000,1.0,0.0,164.38344040349344,11.860656780474494,38.4,5,1.0,164.38344040349344,38.4
config_B,train,4270000,1.0,0.0,163.34355831676098,14.653893057941803,38.19111111111111,5,1.0,163.34355831676098,38.19111111111111
config_B,train,4280000,1.0,0.0,164.6179202096904,13.894486351481783,38.38666666666667,5,1.0,164.6179202096904,38.38666666666667
config_B,train,4290000,0.9955555555555555,0.00993807989999913,166.15144457214106,10.198887939028761,38.526767676767676,5,0.9955555555555555,166.15144457214106,38.526767676767676
config_B,train,4300000,1.0,0.0,166.63899970446863,9.156459454813762,38.742222222222225,10,1.0,166.63899970446863,38.742222222222225
config_B,train,4310000,1.0,0.0,163.4517249474449,13.267562920883694,38.11111111111111,5,1.0,163.4517249474449,38.11111111111111
config_B,train,4320000,1.0,0.0,166.21056750499474,11.064646351823962,39.10666666666667,5,1.0,166.21056750499474,39.10666666666667
config_B,train,4330000,1.0,0.0,163.35472432439644,13.914642718509636,38.16888888888889,5,1.0,163.35472432439644,38.16888888888889
config_B,train,4340000,1.0,0.0,163.05227021359832,14.333842602117729,38.13777777777778,5,1.0,163.05227021359832,38.13777777777778
config_B,train,4350000,1.0,0.0,163.86081349687075,11.523278558361712,38.20444444444445,10,1.0,163.86081349687075,38.20444444444445
config_B,train,4360000,1.0,0.0,162.1666557914963,13.06921217355055,38.03111111111111,5,1.0,162.1666557914963,38.03111111111111
config_B,train,4370000,1.0,0.0,162.9244892323376,11.60447762341913,38.093333333333334,5,1.0,162.9244892323376,38.093333333333334
config_B,train,4380000,1.0,0.0,164.3742783217312,9.705057998764525,38.27111111111111,5,1.0,164.3742783217312,38.27111111111111
config_B,train,4390000,1.0,0.0,161.25980354269063,14.36738249252305,37.977777777777774,5,1.0,161.25980354269063,37.977777777777774
config_B,train,4400000,1.0,0.0,163.49859505333092,13.347161989416401,38.155555555555566,10,1.0,163.49859505333092,38.155555555555566
config_B,train,4410000,1.0,0.0,162.83820349572952,13.569608023137807,38.05333333333334,5,1.0,162.83820349572952,38.05333333333334
config_B,train,4420000,1.0,0.0,165.84738791546886,9.262096882558854,38.373333333333335,5,1.0,165.84738791546886,38.373333333333335
config_B,train,4430000,1.0,0.0,164.5345332420763,11.512087324816381,38.21333333333333,5,1.0,164.5345332420763,38.21333333333333
config_B,train,4440000,1.0,0.0,166.15116476970235,10.534298728095024,38.35111111111111,5,1.0,166.15116476970235,38.35111111111111
config_B,train,4450000,1.0,0.0,172.92018160405786,12.971286005456838,39.11555555555556,10,1.0,172.92018160405786,39.11555555555556
config_B,train,4460000,0.9955555555555555,0.009938079899999114,166.2320500198401,9.528759548274067,38.337777777777774,5,0.9955555555555555,166.2320500198401,38.337777777777774
config_B,train,4470000,0.9911111111111112,0.0198761597999981,167.15478807797393,11.814207035855521,38.359379844961246,5,0.9911111111111112,167.15478807797393,38.359379844961246
config_B,train,4480000,0.9911111111111112,0.0198761597999981,166.68393759492716,11.221115502310115,38.32279069767442,5,0.9911111111111112,166.68393759492716,38.32279069767442
config_B,train,4490000,1.0,0.0,170.196709656535,9.145607600913674,38.66666666666667,5,1.0,170.196709656535,38.66666666666667
config_B,train,4500000,1.0,0.0,169.1831517183405,6.940411629960013,38.62222222222223,10,1.0,169.1831517183405,38.62222222222223
config_B,train,4510000,1.0,0.0,170.4742726552441,7.677181533709888,38.702222222222225,5,1.0,170.4742726552441,38.702222222222225
config_B,train,4520000,1.0,0.0,178.29977614594532,19.203021776813436,39.43555555555555,5,1.0,178.29977614594532,39.43555555555555
config_B,train,4530000,1.0,0.0,173.71096137327513,10.565924324649918,39.00888888888889,5,1.0,173.71096137327513,39.00888888888889
config_B,train,4540000,1.0,0.0,175.56978169229492,15.059369496922283,39.23555555555556,5,1.0,175.56978169229492,39.23555555555556
config_B,train,4550000,1.0,0.0,180.8419858116842,22.42817979096838,39.791111111111114,10,1.0,180.8419858116842,39.791111111111114
config_B,train,4560000,1.0,0.0,169.74510092479449,10.110998937925936,38.69777777777777,5,1.0,169.74510092479449,38.69777777777777
config_B,train,4570000,1.0,0.0,170.8518738765111,10.586076565255103,38.81777777777778,5,1.0,170.8518738765111,38.81777777777778
config_B,train,4580000,1.0,0.0,179.76742322305813,22.492741262671785,39.724444444444444,5,1.0,179.76742322305813,39.724444444444444
config_B,train,4590000,1.0,0.0,174.91380167720476,15.071969471604882,39.21777777777778,5,1.0,174.91380167720476,39.21777777777778
config_B,train,4600000,1.0,0.0,173.09735169027752,11.850802264978986,39.062222222222225,10,1.0,173.09735169027752,39.062222222222225
config_B,train,4610000,1.0,0.0,172.4724852042827,13.190740301854477,39.04,5,1.0,172.4724852042827,39.04
config_B,train,4620000,1.0,0.0,169.3160435320179,11.981995530261258,38.70666666666667,5,1.0,169.3160435320179,38.70666666666667
config_B,train,4630000,1.0,0.0,172.05226608061523,16.82432967337488,39.08444444444444,5,1.0,172.05226608061523,39.08444444444444
config_B,train,4640000,1.0,0.0,172.21361274223915,16.81832323543012,39.102222222222224,5,1.0,172.21361274223915,39.102222222222224
config_B,train,4650000,1.0,0.0,172.14854365482543,13.160933986595104,38.93777777777778,10,1.0,172.14854365482543,38.93777777777778
config_B,train,4660000,1.0,0.0,172.3996344947813,11.909439301617395,38.88888888888889,5,1.0,172.3996344947813,38.88888888888889
config_B,train,4670000,1.0,0.0,170.17810822284204,12.763966870543717,38.64,5,1.0,170.17810822284204,38.64
config_B,train,4680000,1.0,0.0,169.0114332505345,12.536729228658768,38.55555555555556,5,1.0,169.0114332505345,38.55555555555556
config_B,train,4690000,0.9955555555555555,0.009938079899999114,171.02864725527624,17.099477250400838,38.71292929292929,5,0.9955555555555555,171.02864725527624,38.71292929292929
config_B,train,4700000,0.9955555555555555,0.00936971158568416,185.8422355406495,41.67427671927609,38.32333333333334,10,0.9955555555555555,185.8422355406495,38.32333333333334
config_B,train,4710000,1.0,0.0,170.85664680809344,10.223404138597115,38.75555555555555,5,1.0,170.85664680809344,38.75555555555555
config_B,train,4720000,0.9955555555555555,0.009938079899999142,175.51013119111184,19.497869671656357,39.136464646464646,5,0.9955555555555555,175.51013119111184,39.136464646464646
config_B,train,4730000,0.9911111111111112,0.012171612389003791,187.62814332100137,45.014860982321146,38.51161616161616,5,0.9911111111111112,187.62814332100137,38.51161616161616
config_B,train,4740000,0.9955555555555555,0.009938079899999142,167.5598090437069,5.740606676263063,38.23868686868687,5,0.9955555555555555,167.5598090437069,38.23868686868687
config_B,train,4750000,1.0,0.0,166.01985769937332,5.5440684914929,38.12888888888889,10,1.0,166.01985769937332,38.12888888888889
config_B,train,4760000,1.0,0.0,167.87118542328489,6.790440542720163,38.38666666666667,5,1.0,167.87118542328489,38.38666666666667
config_B,train,4770000,1.0,0.0,166.9318397746807,7.471219316409183,38.23555555555556,5,1.0,166.9318397746807,38.23555555555556
config_B,train,4780000,1.0,0.0,167.16192235654285,5.5181706149503125,38.27111111111111,5,1.0,167.16192235654285,38.27111111111111
config_B,train,4790000,0.9955555555555555,0.009938079899999142,167.68021066954353,7.334757279104386,38.33747474747475,5,0.9955555555555555,167.68021066954353,38.33747474747475
config_B,train,4800000,1.0,0.0,168.72962429370912,5.676615329500511,38.46666666666666,10,1.0,168.72962429370912,38.46666666666666
config_B,train,4810000,1.0,0.0,167.91623637675144,7.322303927968104,38.47555555555555,5,1.0,167.91623637675144,38.47555555555555
config_B,train,4820000,1.0,0.0,168.67314418543097,9.07076373694108,38.48444444444444,5,1.0,168.67314418543097,38.48444444444444
config_B,train,4830000,1.0,0.0,171.98562310192796,9.754610419970673,38.77777777777778,5,1.0,171.98562310192796,38.77777777777778
config_B,train,4840000,1.0,0.0,174.08436931429068,8.512292310508606,38.93333333333334,5,1.0,174.08436931429068,38.93333333333334
config_B,train,4850000,1.0,0.0,174.4288765266631,13.475676927278322,39.07111111111111,10,1.0,174.4288765266631,39.07111111111111
config_B,train,4860000,1.0,0.0,175.72939400313746,12.458861617057293,39.09777777777778,5,1.0,175.72939400313746,39.09777777777778
config_B,train,4870000,1.0,0.0,175.960220368842,12.543650152079158,39.222222222222214,5,1.0,175.960220368842,39.222222222222214
config_B,train,4880000,1.0,0.0,177.7763474344311,13.80383641441942,39.34666666666667,5,1.0,177.7763474344311,39.34666666666667
config_B,train,4890000,1.0,0.0,175.61142938041993,12.572668879697739,39.2,5,1.0,175.61142938041993,39.2
config_B,train,4900000,0.9955555555555555,0.00936971158568415,193.51370354360435,41.600018815757245,39.4879797979798,10,0.9955555555555555,193.51370354360435,39.4879797979798
config_B,train,4910000,1.0,0.0,177.96521836367907,15.058290576046273,39.41333333333334,5,1.0,177.96521836367907,39.41333333333334
config_B,train,4920000,1.0,0.0,178.52896264286747,17.964593056723455,39.55555555555556,5,1.0,178.52896264286747,39.55555555555556
config_B,train,4930000,0.9955555555555555,0.009938079899999142,191.81240781280275,42.919666549423724,39.282626262626266,5,0.9955555555555555,191.81240781280275,39.282626262626266
config_B,train,4940000,1.0,0.0,176.54141312064806,12.804100069136515,39.24888888888889,5,1.0,176.54141312064806,39.24888888888889
config_B,train,4950000,1.0,0.0,178.98137528162326,11.642309125838683,39.528888888888886,10,1.0,178.98137528162326,39.528888888888886
config_B,train,4960000,1.0,0.0,175.33380012168433,8.936375864190245,39.160000000000004,5,1.0,175.33380012168433,39.160000000000004
config_B,train,4970000,1.0,0.0,176.7874604294389,9.067501937001207,39.266666666666666,5,1.0,176.7874604294389,39.266666666666666
config_B,train,4980000,1.0,0.0,178.0338426570385,9.423469391091885,39.39555555555555,5,1.0,178.0338426570385,39.39555555555555
config_B,train,4990000,1.0,0.0,179.92226946458553,13.10312798133605,39.63111111111111,5,1.0,179.92226946458553,39.63111111111111
config_B,train,5000000,0.9955555555555555,0.009938079899999114,178.3520110685743,10.187102045730743,39.45020202020202,5,0.9955555555555555,178.3520110685743,39.45020202020202
config_C,test,10000,0.08,0.10954451150103323,75.125247621417,85.89905418482641,218.0,5,0.08,75.125247621417,218.0
config_C,test,20000,0.04,0.0894427190999916,99.40177137553626,16.285356190505297,190.0,5,0.04,99.40177137553626,190.0
config_C,test,30000,0.0,0.0,147.3840272078125,164.32915488215573,,5,0.0,147.3840272078125,
config_C,test,40000,0.0,0.0,411.5716909192235,232.72259427069866,,5,0.0,411.5716909192235,
config_C,test,50000,0.0,0.0,150.3022977602526,109.66044267888404,,10,0.0,150.3022977602526,
config_C,test,60000,0.04,0.0894427190999916,187.0339137221774,267.2317540937186,68.0,5,0.04,187.0339137221774,68.0
config_C,test,70000,0.0,0.0,116.2455705721065,71.90852310825628,,5,0.0,116.2455705721065,
config_C,test,80000,0.0,0.0,204.42553560240964,91.28568909433902,,5,0.0,204.42553560240964,
config_C,test,90000,0.08,0.10954451150103323,396.63724560005693,228.10173143993728,154.5,5,0.08,396.63724560005693,154.5
config_C,test,100000,0.08,0.10327955589886445,384.4037083137449,413.15495565158926,122.0,10,0.08,384.4037083137449,122.0
config_C,test,110000,0.0,0.0,263.2071412033897,280.45893948516493,,5,0.0,263.2071412033897,
config_C,test,120000,0.04,0.0894427190999916,160.34682893241637,112.76430064565649,73.0,5,0.04,160.34682893241637,73.0
config_C,test,130000,0.0,0.0,199.19015578416617,103.37487559139292,,5,0.0,199.19015578416617,
config_C,test,140000,0.0,0.0,478.20406753526913,446.67732486656814,,5,0.0,478.20406753526913,
config_C,test,150000,0.04,0.0843274042711568,719.2043586663582,688.9979042642062,33.0,10,0.04,719.2043586663582,33.0
config_C,test,160000,0.04,0.0894427190999916,722.1007126781818,914.4984938608234,495.0,5,0.04,722.1007126781818,495.0
config_C,test,170000,0.08,0.10954451150103323,825.9120277505612,564.7236770277731,55.5,5,0.08,825.9120277505612,55.5
config_C,test,180000,0.0,0.0,1048.4446304872695,1187.914967026709,,5,0.0,1048.4446304872695,
config_C,test,190000,0.04,0.0894427190999916,798.296481484306,1048.9764899789982,51.0,5,0.04,798.296481484306,51.0
config_C,test,200000,0.04,0.0843274042711568,895.503974516906,561.3185450034293,310.0,10,0.04,895.503974516906,310.0
config_C,test,210000,0.08,0.1788854381999832,816.929415973138,380.8885425601174,78.0,5,0.08,816.929415973138,78.0
config_C,test,220000,0.08,0.10954451150103323,823.6449222529438,402.9397788023979,58.5,5,0.08,823.6449222529438,58.5
config_C,test,230000,0.12000000000000002,0.10954451150103324,767.8305667234647,301.6728213018526,195.0,5,0.12000000000000002,767.8305667234647,195.0
config_C,test,240000,0.2,0.2449489742783178,908.9054813798451,606.1066952551319,108.0,5,0.2,908.9054813798451,108.0
config_C,test,250000,0.16,0.2458545188611437,1224.362747595434,827.4870827239075,65.5,10,0.16,1224.362747595434,65.5
config_C,test,260000,0.2,0.2449489742783178,1424.4414807805056,794.2663995370104,98.77777777777779,5,0.2,1424.4414807805056,98.77777777777779
config_C,test,270000,0.16,0.16733200530681513,1362.6164737243562,1057.2712763084835,122.16666666666667,5,0.16,1362.6164737243562,122.16666666666667
config_C,test,280000,0.24,0.43358966777357605,1231.7661363128675,982.6622944627965,90.1,5,0.24,1231.7661363128675,90.1
config_C,test,290000,0.12000000000000002,0.1788854381999832,1211.2500078729029,844.1594778665979,97.0,5,0.12000000000000002,1211.2500078729029,97.0
config_C,test,300000,0.24000000000000005,0.30983866769659335,1082.0760378083787,462.85218751436156,223.25,10,0.24000000000000005,1082.0760378083787,223.25
config_C,test,310000,0.24000000000000005,0.3286335345030997,1458.0647045838373,714.2894567184229,46.75,5,0.24000000000000005,1458.0647045838373,46.75
config_C,test,320000,0.27999999999999997,0.4147288270665544,1235.3754767751234,783.4223145088206,45.4,5,0.27999999999999997,1235.3754767751234,45.4
config_C,test,330000,0.24000000000000005,0.3286335345030997,1223.549220393545,1175.4358926699474,46.666666666666664,5,0.24000000000000005,1223.549220393545,46.666666666666664
config_C,test,340000,0.24000000000000005,0.3286335345030997,874.7182363327095,539.959524163771,39.75,5,0.24000000000000005,874.7182363327095,39.75
config_C,test,350000,0.27999999999999997,0.3910100879630715,1105.7339504867173,854.7320970912194,54.13333333333333,10,0.27999999999999997,1105.7339504867173,54.13333333333333
config_C,test,360000,0.27999999999999997,0.4147288270665544,868.5457751741538,461.36606710717575,137.66666666666666,5,0.27999999999999997,868.5457751741538,137.66666666666666
config_C,test,370000,0.2,0.2,647.7930756904511,406.0488747731031,69.33333333333333,5,0.2,647.7930756904511,69.33333333333333
config_C,test,380000,0.36,0.4098780306383839,787.4430201995888,756.6488868318515,45.93333333333334,5,0.36,787.4430201995888,45.93333333333334
config_C,test,390000,0.36,0.260768096208106,659.3854549441401,560.1729973459613,87.58333333333334,5,0.36,659.3854549441401,87.58333333333334
config_C,test,400000,0.32,0.25298221281347033,1104.9882524321242,782.4868499034219,88.75,10,0.32,1104.9882524321242,88.75
config_C,test,410000,0.32,0.17888543819998318,1170.8077490454757,419.46676539631824,79.26666666666667,5,0.32,1170.8077490454757,79.26666666666667
config_C,test,420000,0.27999999999999997,0.30331501776206204,1221.1482480438888,1031.7997713323346,70.0,5,0.27999999999999997,1221.1482480438888,70.0
config_C,test,430000,0.32,0.22803508501982758,1124.701325837455,583.3163964872356,90.625,5,0.32,1124.701325837455,90.625
config_C,test,440000,0.44000000000000006,0.3286335345030997,838.9801795353065,266.7695756295193,50.333333333333336,5,0.44000000000000006,838.9801795353065,50.333333333333336
config_C,test,450000,0.6,0.29814239699997197,1118.824144376054,651.5193943555568,90.36333333333333,10,0.6,1118.824144376054,90.36333333333333
config_C,test,460000,0.44000000000000006,0.3286335345030997,1051.1438556981614,422.74559929503255,82.35,5,0.44000000000000006,1051.1438556981614,82.35
config_C,test,470000,0.4,0.31622776601683794,991.7984270362091,486.2361032375456,58.229166666666664,5,0.4,991.7984270362091,58.229166666666664
config_C,test,480000,0.36,0.1673320053068151,934.7848174019249,673.4686936658102,72.1,5,0.36,934.7848174019249,72.1
config_C,test,490000,0.4,0.31622776601683794,1019.3606773244221,621.2160961958641,43.520833333333336,5,0.4,1019.3606773244221,43.520833333333336
config_C,test,500000,0.52,0.36757463338907254,951.0649064418765,681.1470771405927,55.7875,10,0.52,951.0649064418765,55.7875
config_C,test,510000,0.44000000000000006,0.3286335345030997,1333.6920545402304,891.3824526577212,63.0625,5,0.44000000000000006,1333.6920545402304,63.0625
config_C,test,520000,0.48,0.33466401061363027,1244.219064445819,625.4125750049508,51.026666666666664,5,0.48,1244.219064445819,51.026666666666664
config_C,test,530000,0.48,0.30331501776206204,1508.4912996766689,636.6027552387695,59.72916666666667,5,0.48,1508.4912996766689,59.72916666666667
config_C,test,540000,0.52,0.2280350850198276,1169.1409238974793,497.5806211080946,111.75,5,0.52,1169.1409238974793,111.75
config_C,test,550000,0.52,0.34253953543107013,1037.449108279762,602.2550311567079,73.49,10,0.52,1037.449108279762,73.49
config_C,test,560000,0.6,0.4,748.073382955137,772.5347429664847,58.986666666666665,5,0.6,748.073382955137,58.986666666666665
config_C,test,570000,0.48,0.3346640106136302,970.8586120559834,650.7371846977345,69.69333333333333,5,0.48,970.8586120559834,69.69333333333333
config_C,test,580000,0.52,0.363318042491699,756.5858096231908,509.175565980905,54.629999999999995,5,0.52,756.5858096231908,54.629999999999995
config_C,test,590000,0.4800000000000001,0.4147288270665544,1014.237747462172,778.2267439999337,58.575,5,0.4800000000000001,1014.237747462172,58.575
config_C,test,600000,0.6,0.4422166387140533,917.9654605682172,790.9953504894386,71.3625,10,0.6,917.9654605682172,71.3625
config_C,test,610000,0.64,0.3286335345030997,1285.984179722278,803.7066485982972,151.45999999999998,5,0.64,1285.984179722278,151.45999999999998
config_C,test,620000,0.5599999999999999,0.433589667773576,1201.6633548696423,815.5723280254824,60.4125,5,0.5599999999999999,1201.6633548696423,60.4125
config_C,test,630000,0.52,0.3633180424916989,1244.4720885948136,833.2509054835234,109.975,5,0.52,1244.4720885948136,109.975
config_C,test,640000,0.5599999999999999,0.45607017003965516,1431.2450016466705,1101.9167369591519,77.06666666666666,5,0.5599999999999999,1431.2450016466705,77.06666666666666
config_C,test,650000,0.6,0.37712361663282534,1152.2310518382515,876.7904100878189,53.239999999999995,10,0.6,1152.2310518382515,53.239999999999995
config_C,test,660000,0.64,0.40987803063838396,883.2875068793185,702.3016839374311,47.86,5,0.64,883.2875068793185,47.86
config_C,test,670000,0.5599999999999999,0.4560701700396552,874.0569223487612,1021.0706494288025,103.61666666666666,5,0.5599999999999999,874.0569223487612,103.61666666666666
config_C,test,680000,0.52,0.4604345773288535,1191.7003871176994,938.6052406535654,111.725,5,0.52,1191.7003871176994,111.725
config_C,test,690000,0.64,0.35777087639996635,1063.1205723438704,993.5126728664544,96.78666666666666,5,0.64,1063.1205723438704,96.78666666666666
config_C,test,700000,0.68,0.1686548085423136,604.618402922224,293.8653372234235,81.26666666666665,10,0.68,604.618402922224,81.26666666666665
config_C,test,710000,0.64,0.29664793948382656,755.9773096667701,646.8108335238151,67.00999999999999,5,0.64,755.9773096667701,67.00999999999999
config_C,test,720000,0.5599999999999999,0.16733200530681513,887.4105211973376,769.390922650259,99.0,5,0.5599999999999999,887.4105211973376,99.0
config_C,test,730000,0.8,0.2449489742783178,636.1538784131267,559.1635589001104,85.35,5,0.8,636.1538784131267,85.35
config_C,test,740000,0.6799999999999999,0.30331501776206204,800.6037544929499,502.04423396223126,101.22333333333333,5,0.6799999999999999,800.6037544929499,101.22333333333333
config_C,test,750000,0.6799999999999999,0.28596814119369623,664.4141894865154,480.95500961885983,127.57000000000001,10,0.6799999999999999,664.4141894865154,127.57000000000001
config_C,test,760000,0.6799999999999999,0.22803508501982758,715.2289776071711,536.357435037166,98.83666666666666,5,0.6799999999999999,715.2289776071711,98.83666666666666
config_C,test,770000,0.8800000000000001,0.17888543819998318,587.1532762213487,629.2606992754959,108.85999999999999,5,0.8800000000000001,587.1532762213487,108.85999999999999
config_C,test,780000,0.72,0.38987177379235854,865.068092019061,833.5686922258053,93.88,5,0.72,865.068092019061,93.88
config_C,test,790000,0.6799999999999999,0.43817804600413285,784.886845754999,870.6854782014238,61.160000000000004,5,0.6799999999999999,784.886845754999,61.160000000000004
config_C,test,800000,0.8,0.26666666666666666,620.1687216189852,488.70689077825796,81.22666666666666,10,0.8,620.1687216189852,81.22666666666666
config_C,test,810000,0.8400000000000001,0.260768096208106,736.7646118201403,894.400107926463,77.62,5,0.8400000000000001,736.7646118201403,77.62
config_C,test,820000,0.76,0.2607680962081059,670.8322268245258,457.68642637770427,72.04666666666667,5,0.76,670.8322268245258,72.04666666666667
config_C,test,830000,0.72,0.38987177379235854,1036.2816744910403,1157.291089033689,60.0,5,0.72,1036.2816744910403,60.0
config_C,test,840000,0.8400000000000001,0.1673320053068151,464.4238954922181,362.7199961613205,77.55,5,0.8400000000000001,464.4238954922181,77.55
config_C,test,850000,0.6,0.35276684147527876,1124.7828244773132,901.1025081266406,59.970000000000006,10,0.6,1124.7828244773132,59.970000000000006
config_C,test,860000,0.6799999999999999,0.33466401061363027,715.5864089686517,692.0497936627081,57.720000000000006,5,0.6799999999999999,715.5864089686517,57.720000000000006
config_C,test,870000,0.72,0.33466401061363027,543.3540146410617,316.4556339225104,91.32333333333334,5,0.72,543.3540146410617,91.32333333333334
config_C,test,880000,0.6,0.39999999999999997,589.3960012649713,559.6369162734961,69.1625,5,0.6,589.3960012649713,69.1625
config_C,test,890000,0.72,0.38987177379235854,385.97112840806966,285.9501527576787,60.760000000000005,5,0.72,385.97112840806966,60.760000000000005
config_C,test,900000,0.6799999999999999,0.34253953543107013,312.1535217464424,86.40046550353286,78.15,10,0.6799999999999999,312.1535217464424,78.15
config_C,test,910000,0.72,0.38987177379235854,795.960870035203,730.8713919924738,65.52000000000001,5,0.72,795.960870035203,65.52000000000001
config_C,test,920000,0.8,0.2,501.09091639897616,322.19084555779676,56.15666666666666,5,0.8,501.09091639897616,56.15666666666666
config_C,test,930000,0.76,0.35777087639996635,523.8300411838551,470.7611768542194,52.85333333333333,5,0.76,523.8300411838551,52.85333333333333
config_C,test,940000,0.8800000000000001,0.17888543819998318,534.9854752177439,510.5304105609237,58.63666666666667,5,0.8800000000000001,534.9854752177439,58.63666666666667
config_C,test,950000,0.6799999999999999,0.28596814119369623,643.5511615619931,532.018095767632,94.10666666666665,10,0.6799999999999999,643.5511615619931,94.10666666666665
config_C,test,960000,0.6799999999999999,0.363318042491699,549.7652647635686,417.389538269114,52.839999999999996,5,0.6799999999999999,549.7652647635686,52.839999999999996
config_C,test,970000,0.6799999999999999,0.33466401061363027,825.2620321088137,422.31985867708056,75.28,5,0.6799999999999999,825.2620321088137,75.28
config_C,test,980000,0.76,0.3286335345030997,536.2696704839145,329.1121365167332,55.33,5,0.76,536.2696704839145,55.33
config_C,test,990000,0.8,0.3464101615137754,476.65315108952365,344.6660441487604,64.3,5,0.8,476.65315108952365,64.3
config_C,test,1000000,1.0,0.0,258.53678456635174,87.39541474159142,54.04,10,1.0,258.53678456635174,54.04
config_C,test,1010000,1.0,0.0,266.1201569380052,86.70575154825285,55.160000000000004,5,1.0,266.1201569380052,55.160000000000004
config_C,test,1020000,0.9199999999999999,0.10954451150103317,236.79599720213778,65.09329704643837,50.769999999999996,5,0.9199999999999999,236.79599720213778,50.769999999999996
config_C,test,1030000,0.96,0.08944271909999156,249.39278763680983,109.22677349067844,58.1,5,0.96,249.39278763680983,58.1
config_C,test,1040000,0.96,0.08944271909999157,279.7701965848579,58.325951044831534,53.95,5,0.96,279.7701965848579,53.95
config_C,test,1050000,0.96,0.08432740427115677,336.418280497485,155.81401355997707,51.77,10,0.96,336.418280497485,51.77
config_C,test,1060000,0.9199999999999999,0.17888543819998318,537.1528442891487,568.5094386813633,57.120000000000005,5,0.9199999999999999,537.1528442891487,57.120000000000005
config_C,test,1070000,0.9199999999999999,0.17888543819998318,384.91127831679995,271.32065483148506,51.56,5,0.9199999999999999,384.91127831679995,51.56
config_C,test,1080000,1.0,0.0,226.67796395684064,13.400163274181836,64.32000000000001,5,1.0,226.67796395684064,64.32000000000001
config_C,test,1090000,0.9199999999999999,0.1095445115010332,385.5265685933337,293.04873829607766,51.989999999999995,5,0.9199999999999999,385.5265685933337,51.989999999999995
config_C,test,1100000,0.96,0.08432740427115677,252.14237200490317,76.21886885891851,50.989999999999995,10,0.96,252.14237200490317,50.989999999999995
config_C,test,1110000,0.96,0.08944271909999157,356.68200909852317,321.1619894294688,48.55,5,0.96,356.68200909852317,48.55
config_C,test,1120000,0.96,0.08944271909999157,451.81037942295006,370.79317372387504,63.15,5,0.96,451.81037942295006,63.15
config_C,test,1130000,0.9199999999999999,0.17888543819998318,395.1191152406085,352.41001829744556,56.96,5,0.9199999999999999,395.1191152406085,56.96
config_C,test,1140000,0.9199999999999999,0.1095445115010332,383.0237954868681,320.5475204232029,52.529999999999994,5,0.9199999999999999,383.0237954868681,52.529999999999994
config_C,test,1150000,0.96,0.08432740427115677,395.7698801953337,360.9348817529785,52.21,10,0.96,395.7698801953337,52.21
config_C,test,1160000,0.9199999999999999,0.17888543819998318,452.5630988575764,434.1393694591499,57.90666666666666,5,0.9199999999999999,452.5630988575764,57.90666666666666
config_C,test,1170000,0.9199999999999999,0.10954451150103317,438.29956731316923,350.42330899327874,70.0,5,0.9199999999999999,438.29956731316923,70.0
config_C,test,1180000,0.96,0.08944271909999157,437.52454983769394,334.0366216945127,57.989999999999995,5,0.96,437.52454983769394,57.989999999999995
config_C,test,1190000,0.8400000000000001,0.260768096208106,524.5468320360974,686.5920250740461,53.35,5,0.8400000000000001,524.5468320360974,53.35
config_C,test,1200000,0.8,0.13333333333333336,577.7939032868171,393.0915736467358,49.769999999999996,10,0.8,577.7939032868171,49.769999999999996
config_C,test,1210000,0.9199999999999999,0.17888543819998318,358.9054702264934,281.5492558705617,48.32,5,0.9199999999999999,358.9054702264934,48.32
config_C,test,1220000,0.8800000000000001,0.2683281572999748,416.79493146206204,437.249563111329,67.06,5,0.8800000000000001,416.79493146206204,67.06
config_C,test,1230000,0.76,0.260768096208106,697.8039893516054,530.4724811981229,46.766666666666666,5,0.76,697.8039893516054,46.766666666666666
config_C,test,1240000,0.8800000000000001,0.17888543819998315,400.32938366135625,301.31925973428963,44.57666666666667,5,0.8800000000000001,400.32938366135625,44.57666666666667
config_C,test,1250000,0.8800000000000001,0.10327955589886444,623.3750529664562,403.88814957613306,50.15,10,0.8800000000000001,623.3750529664562,50.15
config_C,test,1260000,0.9199999999999999,0.10954451150103317,482.35105012640395,401.68238959732076,47.06,5,0.9199999999999999,482.35105012640395,47.06
config_C,test,1270000,0.96,0.08944271909999157,317.47581836902316,231.774460095229,48.55,5,0.96,317.47581836902316,48.55
config_C,test,1280000,0.8800000000000001,0.17888543819998318,536.6305903937152,442.5336508668827,48.81,5,0.8800000000000001,536.6305903937152,48.81
config_C,test,1290000,0.9199999999999999,0.17888543819998318,339.82152878711673,247.14434733649574,51.70666666666667,5,0.9199999999999999,339.82152878711673,51.70666666666667
config_C,test,1300000,0.8800000000000001,0.16865480854231357,428.49684613802737,341.3527677156371,43.18666666666667,10,0.8800000000000001,428.49684613802737,43.18666666666667
config_C,test,1310000,0.9199999999999999,0.10954451150103317,464.7742934995305,401.5436234310633,44.38,5,0.9199999999999999,464.7742934995305,44.38
config_C,test,1320000,0.96,0.08944271909999157,355.40008365949444,251.6581319989491,59.529999999999994,5,0.96,355.40008365949444,59.529999999999994
config_C,test,1330000,0.9199999999999999,0.10954451150103317,471.6374539169713,428.863609470258,45.779999999999994,5,0.9199999999999999,471.6374539169713,45.779999999999994
config_C,test,1340000,0.8,0.14142135623730953,583.7576681559461,569.3888006627561,48.08,5,0.8,583.7576681559461,48.08
config_C,test,1350000,0.9199999999999999,0.10327955589886444,452.91676612934964,333.7631858432661,51.510000000000005,10,0.9199999999999999,452.91676612934964,51.510000000000005
config_C,test,1360000,0.8800000000000001,0.17888543819998318,358.5338985133757,313.01418515364094,46.28,5,0.8800000000000001,358.5338985133757,46.28
config_C,test,1370000,0.8400000000000001,0.260768096208106,374.46734692925054,288.2697373538364,42.67,5,0.8400000000000001,374.46734692925054,42.67
config_C,test,1380000,0.96,0.08944271909999156,316.8291302874055,293.5433727089335,44.760000000000005,5,0.96,316.8291302874055,44.760000000000005
config_C,test,1390000,0.96,0.08944271909999156,310.313780756403,305.37034777139047,43.55,5,0.96,310.313780756403,43.55
config_C,test,1400000,0.96,0.08432740427115676,220.14829794829703,67.98043017557559,52.6,10,0.96,220.14829794829703,52.6
config_C,test,1410000,0.96,0.08944271909999156,333.36735194523925,320.946381331533,47.22,5,0.96,333.36735194523925,47.22
config_C,test,1420000,0.96,0.08944271909999156,317.2656728976242,302.5740876038541,42.86,5,0.96,317.2656728976242,42.86
config_C,test,1430000,0.96,0.08944271909999156,340.8102624822863,304.70872135511956,44.739999999999995,5,0.96,340.8102624822863,44.739999999999995
config_C,test,1440000,0.96,0.08944271909999156,364.73425893466475,301.6692598418419,48.08,5,0.96,364.73425893466475,48.08
config_C,test,1450000,0.96,0.08432740427115677,245.12259853372944,142.6712091059706,53.25,10,0.96,245.12259853372944,53.25
config_C,test,1460000,0.96,0.08944271909999156,349.7913961781072,319.9141873586986,46.57,5,0.96,349.7913961781072,46.57
config_C,test,1470000,0.96,0.08944271909999157,312.26920984048195,260.77785197699836,61.23,5,0.96,312.26920984048195,61.23
config_C,test,1480000,0.9199999999999999,0.1095445115010332,527.6889798816857,469.7260417513739,44.519999999999996,5,0.9199999999999999,527.6889798816857,44.519999999999996
config_C,test,1490000,1.0,0.0,214.72286192863444,90.59832485789609,48.8,5,1.0,214.72286192863444,48.8
config_C,test,1500000,0.9199999999999999,0.10327955589886444,201.8934377257686,86.78527979791754,46.29,10,0.9199999999999999,201.8934377257686,46.29
config_C,test,1510000,1.0,0.0,234.51545030795518,79.0976470474343,61.2,5,1.0,234.51545030795518,61.2
config_C,test,1520000,0.96,0.08944271909999157,241.47186628543128,124.05279668171184,53.7,5,0.96,241.47186628543128,53.7
config_C,test,1530000,1.0,0.0,216.79969739257314,69.00156742315113,49.4,5,1.0,216.79969739257314,49.4
config_C,test,1540000,1.0,0.0,187.0808597970351,31.54865703112374,44.88,5,1.0,187.0808597970351,44.88
config_C,test,1550000,1.0,0.0,190.60912437171757,33.27278766998854,43.72,10,1.0,190.60912437171757,43.72
config_C,test,1560000,0.96,0.08944271909999157,188.7322367136533,46.341990261317676,45.12,5,0.96,188.7322367136533,45.12
config_C,test,1570000,0.9199999999999999,0.10954451150103317,345.62057490362446,334.3056883092974,47.64,5,0.9199999999999999,345.62057490362446,47.64
config_C,test,1580000,0.8800000000000001,0.1788854381999832,260.63214221900665,180.40963250836788,55.13666666666667,5,0.8800000000000001,260.63214221900665,55.13666666666667
config_C,test,1590000,0.96,0.08944271909999156,370.7012783047324,307.79639755868413,50.22,5,0.96,370.7012783047324,50.22
config_C,test,1600000,1.0,0.0,300.59007604993474,245.82033710852036,59.52,10,1.0,300.59007604993474,59.52
config_C,test,1610000,0.96,0.08944271909999156,338.6172879634447,336.08037577930185,51.6,5,0.96,338.6172879634447,51.6
config_C,test,1620000,0.9199999999999999,0.10954451150103317,344.0565466831991,288.5837062764154,60.36,5,0.9199999999999999,344.0565466831991,60.36
config_C,test,1630000,1.0,0.0,205.9015599005089,81.87868463170437,47.8,5,1.0,205.9015599005089,47.8
config_C,test,1640000,0.8800000000000001,0.2683281572999748,206.90781194268033,100.91070562455155,51.44,5,0.8800000000000001,206.90781194268033,51.44
config_C,test,1650000,0.8400000000000001,0.24585451886114365,173.5508452379544,19.284304536798096,45.88,10,0.8400000000000001,173.5508452379544,45.88
config_C,test,1660000,0.8800000000000001,0.17888543819998315,188.11444403991698,52.56405986870989,47.43333333333334,5,0.8800000000000001,188.11444403991698,47.43333333333334
config_C,test,1670000,0.96,0.08944271909999157,227.74635968416382,128.89936229229022,49.269999999999996,5,0.96,227.74635968416382,49.269999999999996
config_C,test,1680000,0.96,0.08944271909999157,329.64173358205164,297.12557491543396,43.79,5,0.96,329.64173358205164,43.79
config_C,test,1690000,1.0,0.0,175.19692097257604,24.17920360610835,43.36,5,1.0,175.19692097257604,43.36
config_C,test,1700000,1.0,0.0,238.82420675634347,148.36857561600104,51.36,10,1.0,238.82420675634347,51.36
config_C,test,1710000,0.96,0.08944271909999157,167.71564112523657,29.23030625261154,43.62,5,0.96,167.71564112523657,43.62
config_C,test,1720000,1.0,0.0,199.45701142137227,87.5036843317775,47.0,5,1.0,199.45701142137227,47.0
config_C,test,1730000,1.0,0.0,248.78382182130866,190.01105922074157,53.720000000000006,5,1.0,248.78382182130866,53.720000000000006
config_C,test,1740000,1.0,0.0,243.85374999557993,169.31465830138382,52.2,5,1.0,243.85374999557993,52.2
config_C,test,1750000,0.96,0.08432740427115676,183.4372827878316,53.89818781233067,43.620000000000005,10,0.96,183.4372827878316,43.620000000000005
config_C,test,1760000,0.96,0.08944271909999157,179.53924954245886,36.06580504243726,43.11,5,0.96,179.53924954245886,43.11
config_C,test,1770000,0.96,0.08944271909999157,223.2454550166167,79.09015318821066,47.75,5,0.96,223.2454550166167,47.75
config_C,test,1780000,1.0,0.0,187.58876202641014,42.284949424571515,45.4,5,1.0,187.58876202641014,45.4
config_C,test,1790000,0.8400000000000001,0.1673320053068151,376.8910269195865,327.6196251519856,45.25666666666667,5,0.8400000000000001,376.8910269195865,45.25666666666667
config_C,test,1800000,0.96,0.08432740427115677,348.5876214249759,237.8727655613975,69.42,10,0.96,348.5876214249759,69.42
config_C,test,1810000,1.0,0.0,172.88109049831806,31.502108344068283,44.4,5,1.0,172.88109049831806,44.4
config_C,test,1820000,0.9199999999999999,0.1095445115010332,369.3570507180247,371.6724592594819,69.35,5,0.9199999999999999,369.3570507180247,69.35
config_C,test,1830000,1.0,0.0,210.59067702796614,37.01135880283554,47.279999999999994,5,1.0,210.59067702796614,47.279999999999994
config_C,test,1840000,1.0,0.0,213.51424382022,8.029028206059346,46.92,5,1.0,213.51424382022,46.92
config_C,test,1850000,1.0,0.0,229.2399031907352,45.36665476966307,48.52,10,1.0,229.2399031907352,48.52
config_C,test,1860000,1.0,0.0,228.9479790265083,84.84721585454193,49.08,5,1.0,228.9479790265083,49.08
config_C,test,1870000,1.0,0.0,302.98637471917607,139.59890662351827,57.92,5,1.0,302.98637471917607,57.92
config_C,test,1880000,1.0,0.0,200.27907019714604,31.647197117473954,55.0,5,1.0,200.27907019714604,55.0
config_C,test,1890000,0.96,0.08944271909999157,219.60904392775143,45.97544650169168,49.15,5,0.96,219.60904392775143,49.15
config_C,test,1900000,0.9199999999999999,0.10327955589886444,222.8216594484373,88.49978364510864,46.839999999999996,10,0.9199999999999999,222.8216594484373,46.839999999999996
config_C,test,1910000,0.9199999999999999,0.1095445115010332,207.94312231071734,60.380500327452395,48.1,5,0.9199999999999999,207.94312231071734,48.1
config_C,test,1920000,0.96,0.08944271909999157,206.40232226467833,13.411969385216754,47.21,5,0.96,206.40232226467833,47.21
config_C,test,1930000,0.9199999999999999,0.1095445115010332,294.7265601776629,89.01495541316041,55.08,5,0.9199999999999999,294.7265601776629,55.08
config_C,test,1940000,0.9199999999999999,0.17888543819998318,203.46860739053963,26.256118605519386,46.54666666666667,5,0.9199999999999999,203.46860739053963,46.54666666666667
config_C,test,1950000,0.9199999999999999,0.10327955589886444,328.77308172985863,257.9560200733721,46.56,10,0.9199999999999999,328.77308172985863,46.56
config_C,test,1960000,0.96,0.08944271909999157,191.16447976715065,45.298929866119096,45.85,5,0.96,191.16447976715065,45.85
config_C,test,1970000,0.96,0.08944271909999157,199.35982497576614,42.79392004483824,51.67,5,0.96,199.35982497576614,51.67
config_C,test,1980000,0.9199999999999999,0.1095445115010332,197.70699970851578,20.984749026171997,45.21,5,0.9199999999999999,197.70699970851578,45.21
config_C,test,1990000,0.8800000000000001,0.1788854381999832,257.28577215659516,68.44033406823169,66.05333333333334,5,0.8800000000000001,257.28577215659516,66.05333333333334
config_C,test,2000000,0.8,0.26666666666666666,295.8920792824953,160.74262280919461,47.486666666666665,10,0.8,295.8920792824953,47.486666666666665
config_C,test,2010000,0.9199999999999999,0.1095445115010332,200.89733527156048,7.993310653027688,49.33,5,0.9199999999999999,200.89733527156048,49.33
config_C,test,2020000,0.9199999999999999,0.10954451150103317,202.0144494029608,36.04730384565386,47.15,5,0.9199999999999999,202.0144494029608,47.15
config_C,test,2030000,0.76,0.21908902300206645,279.7676429399005,173.47185907398244,66.77333333333334,5,0.76,279.7676429399005,66.77333333333334
config_C,test,2040000,0.76,0.16733200530681513,335.1408424717716,333.3508667196752,43.33,5,0.76,335.1408424717716,43.33
config_C,test,2050000,0.96,0.08432740427115677,234.6657447421851,77.64753116295974,63.489999999999995,10,0.96,234.6657447421851,63.489999999999995
config_C,test,2060000,0.96,0.08944271909999157,198.12572610010903,52.39153039024162,45.67,5,0.96,198.12572610010903,45.67
config_C,test,2070000,0.8800000000000001,0.17888543819998318,221.40710854608037,110.85355183791711,54.15,5,0.8800000000000001,221.40710854608037,54.15
config_C,test,2080000,0.8400000000000001,0.16733200530681516,194.24364932487157,45.00115271677027,45.336666666666666,5,0.8400000000000001,194.24364932487157,45.336666666666666
config_C,test,2090000,0.72,0.3346640106136302,197.83353438752894,72.20325634089927,48.336666666666666,5,0.72,197.83353438752894,48.336666666666666
config_C,test,2100000,0.72,0.3155242550986462,187.84873525826174,38.704600646676354,52.40666666666666,10,0.72,187.84873525826174,52.40666666666666
config_C,test,2110000,0.76,0.260768096208106,216.2932315063062,60.30798365370436,69.04666666666667,5,0.76,216.2932315063062,69.04666666666667
config_C,test,2120000,0.72,0.43817804600413285,186.6386779546596,63.743655286787806,41.583333333333336,5,0.72,186.6386779546596,41.583333333333336
config_C,test,2130000,0.72,0.43817804600413285,172.26484492124578,33.384478410740655,43.1,5,0.72,172.26484492124578,43.1
config_C,test,2140000,0.72,0.3346640106136302,194.00345585807582,24.73907879756727,73.88666666666667,5,0.72,194.00345585807582,73.88666666666667
config_C,test,2150000,0.64,0.38643671323171835,164.88937506115525,62.21306421561149,43.483333333333334,10,0.64,164.88937506115525,43.483333333333334
config_C,test,2160000,0.6799999999999999,0.3346640106136302,163.9239792236122,30.621843408007717,42.25333333333333,5,0.6799999999999999,163.9239792236122,42.25333333333333
config_C,test,2170000,0.64,0.35777087639996635,181.4747819237735,34.866199198816645,53.033333333333324,5,0.64,181.4747819237735,53.033333333333324
config_C,test,2180000,0.76,0.260768096208106,213.3110523873611,47.45028616462792,46.43666666666667,5,0.76,213.3110523873611,46.43666666666667
config_C,test,2190000,0.8400000000000001,0.16733200530681513,179.03820807176598,31.827945771374996,47.623333333333335,5,0.8400000000000001,179.03820807176598,47.623333333333335
config_C,test,2200000,0.8800000000000001,0.16865480854231357,178.91157219977165,17.535704512507195,43.54666666666667,10,0.8800000000000001,178.91157219977165,43.54666666666667
config_C,test,2210000,0.9199999999999999,0.17888543819998318,171.35442626617765,27.949927108465502,46.36,5,0.9199999999999999,171.35442626617765,46.36
config_C,test,2220000,0.8800000000000001,0.17888543819998315,298.0977174615024,219.13470624164947,46.46,5,0.8800000000000001,298.0977174615024,46.46
config_C,test,2230000,0.8800000000000001,0.17888543819998315,175.68679965410703,36.76593117107034,42.93666666666667,5,0.8800000000000001,175.68679965410703,42.93666666666667
config_C,test,2240000,0.8800000000000001,0.17888543819998315,200.6734122519658,36.42535547400821,43.086666666666666,5,0.8800000000000001,200.6734122519658,43.086666666666666
config_C,test,2250000,0.8400000000000001,0.20655911179772896,214.20932050039852,58.21633501233506,43.33333333333333,10,0.8400000000000001,214.20932050039852,43.33333333333333
config_C,test,2260000,0.8800000000000001,0.17888543819998318,180.04631403780786,24.06013231771997,44.10666666666667,5,0.8800000000000001,180.04631403780786,44.10666666666667
config_C,test,2270000,0.9199999999999999,0.1095445115010332,206.61840632254479,77.96987517228911,47.239999999999995,5,0.9199999999999999,206.61840632254479,47.239999999999995
config_C,test,2280000,1.0,0.0,207.89700417417322,47.86551755142421,48.12,5,1.0,207.89700417417322,48.12
config_C,test,2290000,1.0,0.0,185.4007462789156,32.904945982429595,50.879999999999995,5,1.0,185.4007462789156,50.879999999999995
config_C,test,2300000,0.96,0.08432740427115677,175.17319447184326,43.68996180160592,53.239999999999995,10,0.96,175.17319447184326,53.239999999999995
config_C,test,2310000,0.9199999999999999,0.17888543819998318,179.77864969205856,18.375051972382103,46.8,5,0.9199999999999999,179.77864969205856,46.8
config_C,test,2320000,0.96,0.08944271909999156,212.7571514162559,41.601462288838285,50.53,5,0.96,212.7571514162559,50.53
config_C,test,2330000,1.0,0.0,187.4044085210786,34.67175629501183,44.92,5,1.0,187.4044085210786,44.92
config_C,test,2340000,0.96,0.08944271909999157,289.1451131696242,241.47871679019912,46.019999999999996,5,0.96,289.1451131696242,46.019999999999996
config_C,test,2350000,0.9199999999999999,0.10327955589886444,187.31879461663,20.016957469643643,43.8,10,0.9199999999999999,187.31879461663,43.8
config_C,test,2360000,1.0,0.0,167.83212133054704,36.28219389124205,45.96,5,1.0,167.83212133054704,45.96
config_C,test,2370000,0.8800000000000001,0.17888543819998318,313.1725285306343,321.4127581557057,43.03666666666667,5,0.8800000000000001,313.1725285306343,43.03666666666667
config_C,test,2380000,0.9199999999999999,0.10954451150103317,200.45948930852197,81.06810592660187,42.519999999999996,5,0.9199999999999999,200.45948930852197,42.519999999999996
config_C,test,2390000,0.96,0.08944271909999156,188.85104252628926,35.043345983505986,46.92,5,0.96,188.85104252628926,46.92
config_C,test,2400000,0.8800000000000001,0.16865480854231354,165.45051305143593,63.87102701214117,45.17666666666666,10,0.8800000000000001,165.45051305143593,45.17666666666666
config_C,test,2410000,0.9199999999999999,0.1788854381999832,136.05675530103764,40.445552277454645,40.50666666666667,5,0.9199999999999999,136.05675530103764,40.50666666666667
config_C,test,2420000,0.76,0.16733200530681513,390.10051912167603,345.39685346397846,43.47666666666667,5,0.76,390.10051912167603,43.47666666666667
config_C,test,2430000,0.8400000000000001,0.1673320053068151,311.6092239517326,377.15165221905215,41.39333333333333,5,0.8400000000000001,311.6092239517326,41.39333333333333
config_C,test,2440000,0.8800000000000001,0.17888543819998318,232.6590139138253,160.972129082525,47.22666666666667,5,0.8800000000000001,232.6590139138253,47.22666666666667
config_C,test,2450000,0.9199999999999999,0.1686548085423136,174.54934666264919,63.300249735189425,46.21333333333333,10,0.9199999999999999,174.54934666264919,46.21333333333333
config_C,test,2460000,1.0,0.0,197.18417891156395,38.994637107136036,50.08,5,1.0,197.18417891156395,50.08
config_C,test,2470000,0.96,0.08944271909999157,188.93298919534135,15.88579836900843,48.36,5,0.96,188.93298919534135,48.36
config_C,test,2480000,0.96,0.08944271909999157,212.4288450239374,38.280711779957095,46.14,5,0.96,212.4288450239374,46.14
config_C,test,2490000,0.9199999999999999,0.1095445115010332,471.4713537222391,405.7719125661557,45.5,5,0.9199999999999999,471.4713537222391,45.5
config_C,test,2500000,1.0,0.0,216.43404939139396,39.64670955676128,51.08,10,1.0,216.43404939139396,51.08
config_C,test,2510000,0.96,0.08944271909999157,362.97924926319445,225.20922684332453,65.42,5,0.96,362.97924926319445,65.42
config_C,test,2520000,0.96,0.08944271909999157,199.57833641809424,23.35527635638539,48.03,5,0.96,199.57833641809424,48.03
config_C,test,2530000,0.9199999999999999,0.17888543819998315,191.23475648525027,42.26048778773944,45.973333333333336,5,0.9199999999999999,191.23475648525027,45.973333333333336
config_C,test,2540000,1.0,0.0,237.73949978303193,64.46216089091396,52.839999999999996,5,1.0,237.73949978303193,52.839999999999996
config_C,test,2550000,0.9199999999999999,0.1686548085423136,192.0840531821572,38.03172994636734,49.013333333333335,10,0.9199999999999999,192.0840531821572,49.013333333333335
config_C,test,2560000,0.96,0.08944271909999156,199.7390280678966,52.81417376404027,47.85,5,0.96,199.7390280678966,47.85
config_C,test,2570000,0.8800000000000001,0.1788854381999832,357.0643698091045,215.80221787881095,58.743333333333325,5,0.8800000000000001,357.0643698091045,58.743333333333325
config_C,test,2580000,0.8400000000000001,0.2607680962081059,197.96233288227023,28.42816231533585,44.480000000000004,5,0.8400000000000001,197.96233288227023,44.480000000000004
config_C,test,2590000,0.96,0.08944271909999157,319.5007374675411,242.18129076281295,46.31,5,0.96,319.5007374675411,46.31
config_C,test,2600000,0.8800000000000001,0.25298221281347033,299.0116699878221,211.0753673324575,71.06,10,0.8800000000000001,299.0116699878221,71.06
config_C,test,2610000,0.8400000000000001,0.3577708763999663,196.12208356301133,13.553058369197512,57.2,5,0.8400000000000001,196.12208356301133,57.2
config_C,test,2620000,0.72,0.41472882706655445,266.3888793854417,109.04762434632657,44.15,5,0.72,266.3888793854417,44.15
config_C,test,2630000,0.8400000000000001,0.3577708763999663,196.40208581690916,32.33197418713464,49.04,5,0.8400000000000001,196.40208581690916,49.04
config_C,test,2640000,0.8,0.3464101615137754,193.56484334603314,54.91426134672731,45.72,5,0.8,193.56484334603314,45.72
config_C,test,2650000,0.8400000000000001,0.24585451886114373,183.46938861277215,37.140028003119724,48.79,10,0.8400000000000001,183.46938861277215,48.79
config_C,test,2660000,0.8,0.282842712474619,246.7517345576588,168.98524273069378,50.87333333333333,5,0.8,246.7517345576588,50.87333333333333
config_C,test,2670000,0.9199999999999999,0.17888543819998318,200.48223484472675,39.56987214981009,48.906666666666666,5,0.9199999999999999,200.48223484472675,48.906666666666666
config_C,test,2680000,0.8,0.2,168.7340449786741,25.25568689642648,43.663333333333334,5,0.8,168.7340449786741,43.663333333333334
config_C,test,2690000,0.8,0.282842712474619,304.75503937872867,235.7585184583298,45.239999999999995,5,0.8,304.75503937872867,45.239999999999995
config_C,test,2700000,0.76,0.30983866769659335,199.71281787826283,41.86339842294426,44.760000000000005,10,0.76,199.71281787826283,44.760000000000005
config_C,test,2710000,0.8400000000000001,0.2607680962081059,292.18010201840264,165.86270881688392,48.67,5,0.8400000000000001,292.18010201840264,48.67
config_C,test,2720000,0.8800000000000001,0.17888543819998315,274.0918774262124,205.58825744718118,46.626666666666665,5,0.8800000000000001,274.0918774262124,46.626666666666665
config_C,test,2730000,0.96,0.08944271909999157,188.0742422389635,62.47287287524807,58.95,5,0.96,188.0742422389635,58.95
config_C,test,2740000,0.8400000000000001,0.260768096208106,289.944571824834,264.8668404277523,44.47,5,0.8400000000000001,289.944571824834,44.47
config_C,test,2750000,0.9199999999999999,0.16865480854231357,190.81074480089143,52.00633572399796,44.92,10,0.9199999999999999,190.81074480089143,44.92
config_C,test,2760000,0.9199999999999999,0.17888543819998318,208.42594937346993,57.06431981696299,48.65333333333333,5,0.9199999999999999,208.42594937346993,48.65333333333333
config_C,test,2770000,0.8400000000000001,0.16733200530681516,209.96716681527928,33.6120134777086,50.8,5,0.8400000000000001,209.96716681527928,50.8
config_C,test,2780000,0.64,0.35777087639996635,454.9733791243005,404.61325364434634,45.193333333333335,5,0.64,454.9733791243005,45.193333333333335
config_C,test,2790000,0.72,0.2683281572999748,342.27845990257373,328.1134426390635,60.75333333333333,5,0.72,342.27845990257373,60.75333333333333
config_C,test,2800000,0.6799999999999999,0.16865480854231357,158.5018320857319,70.27484743707969,75.24,10,0.6799999999999999,158.5018320857319,75.24
config_C,test,2810000,0.52,0.22803508501982755,343.8792900650715,449.9936702404285,77.61666666666666,5,0.52,343.8792900650715,77.61666666666666
config_C,test,2820000,0.6,0.282842712474619,137.51235035551852,76.05510567273001,52.89333333333334,5,0.6,137.51235035551852,52.89333333333334
config_C,test,2830000,0.6,0.31622776601683794,158.9526859959437,146.76726841680406,51.19333333333333,5,0.6,158.9526859959437,51.19333333333333
config_C,test,2840000,0.5599999999999999,0.2190890230020664,301.4265236391737,295.32756612098683,52.166666666666664,5,0.5599999999999999,301.4265236391737,52.166666666666664
config_C,test,2850000,0.52,0.31552425509864623,230.0450571369933,141.0717171182288,72.58333333333333,10,0.52,230.0450571369933,72.58333333333333
config_C,test,2860000,0.44000000000000006,0.3847076812334269,183.00615509085367,121.6682566371164,48.86666666666666,5,0.44000000000000006,183.00615509085367,48.86666666666666
config_C,test,2870000,0.48,0.38987177379235854,158.00576146540416,69.55181864693063,52.68333333333334,5,0.48,158.00576146540416,52.68333333333334
config_C,test,2880000,0.5599999999999999,0.3847076812334269,157.25320609825522,50.12457331121576,67.775,5,0.5599999999999999,157.25320609825522,67.775
config_C,test,2890000,0.44000000000000006,0.38470768123342686,247.69913215029965,180.4046773650161,55.333333333333336,5,0.44000000000000006,247.69913215029965,55.333333333333336
config_C,test,2900000,0.36,0.30983866769659335,267.78734934804777,310.3551105803131,49.770833333333336,10,0.36,267.78734934804777,49.770833333333336
config_C,test,2910000,0.36,0.433589667773576,338.76122618600544,546.3336955276948,52.68888888888889,5,0.36,338.76122618600544,52.68888888888889
config_C,test,2920000,0.44000000000000006,0.260768096208106,251.6555207596623,314.1423658976223,54.06666666666666,5,0.44000000000000006,251.6555207596623,54.06666666666666
config_C,test,2930000,0.4,0.34641016151377546,392.59246722334797,398.51811884406175,48.160000000000004,5,0.4,392.59246722334797,48.160000000000004
config_C,test,2940000,0.44000000000000006,0.3577708763999663,208.31564353624495,203.86660408150712,130.73333333333332,5,0.44000000000000006,208.31564353624495,130.73333333333332
config_C,test,2950000,0.44000000000000006,0.40879225911349043,226.65791520525136,216.16820693649416,54.35,10,0.44000000000000006,226.65791520525136,54.35
config_C,test,2960000,0.44000000000000006,0.3577708763999663,155.49951075873935,73.83163134964298,88.21333333333334,5,0.44000000000000006,155.49951075873935,88.21333333333334
config_C,test,2970000,0.48,0.38987177379235854,194.36274152034932,151.93557765540916,53.86,5,0.48,194.36274152034932,53.86
config_C,test,2980000,0.5599999999999999,0.29664793948382645,396.40967250614256,451.5364361623566,54.32666666666667,5,0.5599999999999999,396.40967250614256,54.32666666666667
config_C,test,2990000,0.52,0.363318042491699,159.57949639597766,32.41630121625353,60.7,5,0.52,159.57949639597766,60.7
config_C,test,3000000,0.44000000000000006,0.36270588023294514,264.3973252496731,310.70908140807,50.175,10,0.44000000000000006,264.3973252496731,50.175
config_C,test,3010000,0.4800000000000001,0.36331804249169897,191.7044162226838,81.85368011979854,50.55833333333334,5,0.4800000000000001,191.7044162226838,50.55833333333334
config_C,test,3020000,0.56,0.38470768123342686,289.66472146432204,319.10256271255764,60.8625,5,0.56,289.66472146432204,60.8625
config_C,test,3030000,0.4800000000000001,0.38987177379235854,260.62584888914887,332.3854687958598,49.03333333333333,5,0.4800000000000001,260.62584888914887,49.03333333333333
config_C,test,3040000,0.64,0.3847076812334269,306.3860254894645,348.4224487755901,55.59583333333333,5,0.64,306.3860254894645,55.59583333333333
config_C,test,3050000,0.52,0.28596814119369623,302.26452338202097,324.71518994522245,42.333333333333336,10,0.52,302.26452338202097,42.333333333333336
config_C,test,3060000,0.64,0.29664793948382656,302.38981375802035,340.53808337555336,57.05333333333333,5,0.64,302.38981375802035,57.05333333333333
config_C,test,3070000,0.64,0.3847076812334269,184.09772405533462,90.48320001225947,50.59166666666667,5,0.64,184.09772405533462,50.59166666666667
config_C,test,3080000,0.72,0.3346640106136302,302.6716052392988,336.44141779441355,63.473333333333336,5,0.72,302.6716052392988,63.473333333333336
config_C,test,3090000,0.6799999999999999,0.30331501776206204,307.43158626692616,340.4752549697389,44.72,5,0.6799999999999999,307.43158626692616,44.72
config_C,test,3100000,0.64,0.2458545188611437,314.32876386712263,317.96728332775024,44.68333333333333,10,0.64,314.32876386712263,44.68333333333333
config_C,test,3110000,0.72,0.2280350850198276,428.94046430831105,366.9514196985123,50.04,5,0.72,428.94046430831105,50.04
config_C,test,3120000,0.6799999999999999,0.30331501776206204,298.09829044098825,327.46228118262553,46.65,5,0.6799999999999999,298.09829044098825,46.65
config_C,test,3130000,0.72,0.30331501776206204,334.14181808364486,328.3902251341318,69.41,5,0.72,334.14181808364486,69.41
config_C,test,3140000,0.6799999999999999,0.30331501776206204,443.5779515700832,373.2876410956292,61.52333333333333,5,0.6799999999999999,443.5779515700832,61.52333333333333
config_C,test,3150000,0.6799999999999999,0.2859681411936962,322.2935462070224,316.97504148244093,45.510000000000005,10,0.6799999999999999,322.2935462070224,45.510000000000005
config_C,test,3160000,0.64,0.2966479394838265,319.23737383243514,347.2040189333367,44.05,5,0.64,319.23737383243514,44.05
config_C,test,3170000,0.72,0.2280350850198276,333.0026653505643,334.5436694310319,48.00333333333333,5,0.72,333.0026653505643,48.00333333333333
config_C,test,3180000,0.72,0.2683281572999748,477.43166131689514,406.73130439669933,67.46000000000001,5,0.72,477.43166131689514,67.46000000000001
config_C,test,3190000,0.72,0.1788854381999832,470.6739612439317,338.41667202011274,52.6,5,0.72,470.6739612439317,52.6
config_C,test,3200000,0.8,0.13333333333333336,263.2406435173198,93.20618402742653,53.40666666666667,10,0.8,263.2406435173198,53.40666666666667
config_C,test,3210000,0.6799999999999999,0.22803508501982758,213.01588832017828,118.88799717913254,51.04,5,0.6799999999999999,213.01588832017828,51.04
config_C,test,3220000,0.72,0.33466401061363027,216.71700527294598,41.35857889383069,57.10666666666666,5,0.72,216.71700527294598,57.10666666666666
config_C,test,3230000,0.8,0.2,198.1011006862511,70.32660368960929,47.79,5,0.8,198.1011006862511,47.79
config_C,test,3240000,0.8,0.2,282.94012847240253,231.3401392522047,57.56,5,0.8,282.94012847240253,57.56
config_C,test,3250000,0.8,0.18856180831641273,214.39929814299293,56.642526839950136,51.68333333333334,10,0.8,214.39929814299293,51.68333333333334
config_C,test,3260000,0.8400000000000001,0.16733200530681513,273.8924901867334,165.76710361203658,57.33,5,0.8400000000000001,273.8924901867334,57.33
config_C,test,3270000,0.8,0.34641016151377546,285.9015941039967,191.02145119796967,67.28999999999999,5,0.8,285.9015941039967,67.28999999999999
config_C,test,3280000,0.64,0.40987803063838396,265.24019501977455,132.8023097918827,53.45,5,0.64,265.24019501977455,53.45
config_C,test,3290000,0.6,0.37416573867739417,314.29632822033545,286.49854367164176,61.508333333333326,5,0.6,314.29632822033545,61.508333333333326
config_C,test,3300000,0.64,0.38643671323171835,159.42712958253696,54.75521499013731,49.93333333333334,10,0.64,159.42712958253696,49.93333333333334
config_C,test,3310000,0.72,0.4147288270665544,222.3659502997112,175.94857914761516,69.075,5,0.72,222.3659502997112,69.075
config_C,test,3320000,0.64,0.433589667773576,158.6176828557946,58.29758056666557,46.0625,5,0.64,158.6176828557946,46.0625
config_C,test,3330000,0.72,0.2683281572999748,187.30216481772248,38.38820753087814,46.839999999999996,5,0.72,187.30216481772248,46.839999999999996
config_C,test,3340000,0.6799999999999999,0.30331501776206204,304.08884798885896,288.7221236234376,79.80666666666666,5,0.6799999999999999,304.08884798885896,79.80666666666666
config_C,test,3350000,0.64,0.38643671323171835,207.7668519601635,112.62375933167776,47.3,10,0.64,207.7668519601635,47.3
config_C,test,3360000,0.6,0.31622776601683794,234.73837807240426,163.28522034118714,42.836666666666666,5,0.6,234.73837807240426,42.836666666666666
config_C,test,3370000,0.8,0.282842712474619,285.23816777001537,207.41481743824687,63.52,5,0.8,285.23816777001537,63.52
config_C,test,3380000,0.8400000000000001,0.21908902300206648,251.94605263439422,175.74464992588167,53.8,5,0.8400000000000001,251.94605263439422,53.8
config_C,test,3390000,0.8400000000000001,0.16733200530681516,301.3291291262917,318.1894462238919,43.03333333333333,5,0.8400000000000001,301.3291291262917,43.03333333333333
config_C,test,3400000,0.8800000000000001,0.16865480854231354,227.58228806000938,134.10469213338308,55.370000000000005,10,0.8800000000000001,227.58228806000938,55.370000000000005
config_C,test,3410000,0.8,0.2,422.6059264907418,342.2154049664449,43.97,5,0.8,422.6059264907418,43.97
config_C,test,3420000,0.8800000000000001,0.17888543819998318,351.1136487934126,334.8995628197412,54.79,5,0.8800000000000001,351.1136487934126,54.79
config_C,test,3430000,0.72,0.3346640106136302,358.1057306681344,397.6845734830448,46.156666666666666,5,0.72,358.1057306681344,46.156666666666666
config_C,test,3440000,0.72,0.22803508501982758,355.40509210747564,286.7685768197745,61.716666666666676,5,0.72,355.40509210747564,61.716666666666676
config_C,test,3450000,0.76,0.15776212754932312,509.75487311043696,331.4101456708936,47.11333333333333,10,0.76,509.75487311043696,47.11333333333333
config_C,test,3460000,0.72,0.1788854381999832,346.48186718152044,307.75823188088737,57.36666666666666,5,0.72,346.48186718152044,57.36666666666666
config_C,test,3470000,0.72,0.1095445115010333,376.04776808555727,327.6579799216114,53.81666666666668,5,0.72,376.04776808555727,53.81666666666668
config_C,test,3480000,0.8,0.20000000000000004,315.49340972838263,324.1001478714246,46.95666666666666,5,0.8,315.49340972838263,46.95666666666666
config_C,test,3490000,0.8400000000000001,0.16733200530681513,159.6794952128838,89.93452862878665,56.06,5,0.8400000000000001,159.6794952128838,56.06
config_C,test,3500000,0.72,0.1686548085423136,252.31000214951013,169.17263545397327,65.88666666666667,10,0.72,252.31000214951013,65.88666666666667
config_C,test,3510000,0.64,0.2966479394838265,140.32414530753186,59.22301439383424,44.983333333333334,5,0.64,140.32414530753186,44.983333333333334
config_C,test,3520000,0.8,0.14142135623730953,156.89779707028873,34.147933044622675,46.71666666666667,5,0.8,156.89779707028873,46.71666666666667
config_C,test,3530000,0.8400000000000001,0.16733200530681516,230.20302758324405,181.72574764553897,62.870000000000005,5,0.8400000000000001,230.20302758324405,62.870000000000005
config_C,test,3540000,0.76,0.16733200530681513,315.2613804598574,337.574658330326,56.04666666666667,5,0.76,315.2613804598574,56.04666666666667
config_C,test,3550000,0.76,0.24585451886114368,287.17257570680897,186.2217528462079,59.09666666666667,10,0.76,287.17257570680897,59.09666666666667
config_C,test,3560000,0.72,0.2280350850198276,250.54741312572574,177.75545830404033,54.413333333333334,5,0.72,250.54741312572574,54.413333333333334
config_C,test,3570000,0.8,0.20000000000000004,219.93207420966866,144.5198706176592,54.54666666666666,5,0.8,219.93207420966866,54.54666666666666
config_C,test,3580000,0.76,0.08944271909999163,237.84585385210784,151.09760445541255,56.98333333333333,5,0.76,237.84585385210784,56.98333333333333
config_C,test,3590000,0.6799999999999999,0.2280350850198276,214.25229851858776,131.48022914311318,53.67,5,0.6799999999999999,214.25229851858776,53.67
config_C,test,3600000,0.6799999999999999,0.28596814119369623,352.1256860071959,214.8848115276786,56.77333333333333,10,0.6799999999999999,352.1256860071959,56.77333333333333
config_C,test,3610000,0.8,0.20000000000000004,244.41646592425,167.53468414107564,58.06333333333333,5,0.8,244.41646592425,58.06333333333333
config_C,test,3620000,0.76,0.21908902300206645,282.6275284662765,281.72897108504395,68.47999999999999,5,0.76,282.6275284662765,68.47999999999999
config_C,test,3630000,0.76,0.21908902300206645,239.42936349693886,172.1047812208778,56.013333333333335,5,0.76,239.42936349693886,56.013333333333335
config_C,test,3640000,0.72,0.2683281572999748,345.66782951089556,270.6496922977748,52.36,5,0.72,345.66782951089556,52.36
config_C,test,3650000,0.72,0.2859681411936963,323.6497472678912,335.08117350876927,51.879999999999995,10,0.72,323.6497472678912,51.879999999999995
config_C,test,3660000,0.72,0.2683281572999748,402.7433420970834,288.00649837046393,76.87999999999998,5,0.72,402.7433420970834,76.87999999999998
config_C,test,3670000,0.72,0.1788854381999832,316.0915278850804,357.16294786125775,44.78333333333333,5,0.72,316.0915278850804,44.78333333333333
config_C,test,3680000,0.76,0.260768096208106,184.61189504625332,71.87446278165454,65.14666666666668,5,0.76,184.61189504625332,65.14666666666668
config_C,test,3690000,0.64,0.260768096208106,302.22554792309893,242.68129473538076,58.50666666666666,5,0.64,302.22554792309893,58.50666666666666
config_C,test,3700000,0.68,0.1686548085423136,148.07945735867239,29.992459300375863,63.166666666666664,10,0.68,148.07945735867239,63.166666666666664
config_C,test,3710000,0.64,0.21908902300206642,173.38903106550123,79.4441344208349,48.17999999999999,5,0.64,173.38903106550123,48.17999999999999
config_C,test,3720000,0.72,0.1788854381999832,222.08918982181848,104.15886946439684,73.42999999999999,5,0.72,222.08918982181848,73.42999999999999
config_C,test,3730000,0.64,0.260768096208106,210.92746087014865,124.67381121242997,52.59333333333333,5,0.64,210.92746087014865,52.59333333333333
config_C,test,3740000,0.6,0.2449489742783178,163.5766719572219,59.21580488257036,47.279999999999994,5,0.6,163.5766719572219,47.279999999999994
config_C,test,3750000,0.64,0.2065591117977289,169.30864623104657,66.15710246521648,46.03333333333333,10,0.64,169.30864623104657,46.03333333333333
config_C,test,3760000,0.6799999999999999,0.1788854381999832,195.58518187633032,65.60599391312809,48.413333333333334,5,0.6799999999999999,195.58518187633032,48.413333333333334
config_C,test,3770000,0.72,0.1788854381999832,269.48750625131635,150.08000575796245,74.85,5,0.72,269.48750625131635,74.85
config_C,test,3780000,0.64,0.21908902300206642,203.4909854286158,73.8434482238889,48.32666666666667,5,0.64,203.4909854286158,48.32666666666667
config_C,test,3790000,0.6,0.31622776601683794,195.34414099326764,71.6589621188002,57.85666666666667,5,0.6,195.34414099326764,57.85666666666667
config_C,test,3800000,0.64,0.27968235951204046,160.34150145396376,44.62186328586699,49.13,10,0.64,160.34150145396376,49.13
config_C,test,3810000,0.72,0.2683281572999748,146.46723455311587,47.602744602940255,78.47999999999999,5,0.72,146.46723455311587,78.47999999999999
config_C,test,3820000,0.6,0.4,218.34482764251925,156.7567623625311,43.36,5,0.6,218.34482764251925,43.36
config_C,test,3830000,0.6,0.31622776601683794,179.85318497768458,17.002413364913597,45.54333333333333,5,0.6,179.85318497768458,45.54333333333333
config_C,test,3840000,0.44000000000000006,0.2607680962081059,190.83760766136123,105.68112903585987,44.88333333333333,5,0.44000000000000006,190.83760766136123,44.88333333333333
config_C,test,3850000,0.6799999999999999,0.10327955589886445,185.59904927792414,28.359096493598347,52.0,10,0.6799999999999999,185.59904927792414,52.0
config_C,test,3860000,0.64,0.1673320053068151,162.66116442844879,79.49140430598388,56.6,5,0.64,162.66116442844879,56.6
config_C,test,3870000,0.4,0.28284271247461906,298.9485259410073,316.9055464728853,50.75,5,0.4,298.9485259410073,50.75
config_C,test,3880000,0.56,0.26076809620810604,254.36264646940768,191.193722652129,74.18333333333332,5,0.56,254.36264646940768,74.18333333333332
config_C,test,3890000,0.52,0.33466401061363027,237.92922865150186,203.01026015634477,50.083333333333336,5,0.52,237.92922865150186,50.083333333333336
config_C,test,3900000,0.64,0.38643671323171835,277.81462387537715,187.27240201116072,89.56666666666666,10,0.64,277.81462387537715,89.56666666666666
config_C,test,3910000,0.6,0.37416573867739417,224.5269803219865,183.66335265873715,61.825,5,0.6,224.5269803219865,61.825
config_C,test,3920000,0.64,0.260768096208106,151.9428151616155,57.565837537729514,64.11666666666667,5,0.64,151.9428151616155,64.11666666666667
config_C,test,3930000,0.52,0.30331501776206204,235.00579045887275,233.8517565921553,66.95833333333334,5,0.52,235.00579045887275,66.95833333333334
config_C,test,3940000,0.6,0.31622776601683794,303.33871971558705,93.95130070434743,82.00333333333333,5,0.6,303.33871971558705,82.00333333333333
config_C,test,3950000,0.72,0.21499353995462803,130.01442141207752,48.24926682415183,67.42666666666666,10,0.72,130.01442141207752,67.42666666666666
config_C,test,3960000,0.72,0.22803508501982755,145.40704760673998,37.242895543064826,55.983333333333334,5,0.72,145.40704760673998,55.983333333333334
config_C,test,3970000,0.64,0.21908902300206642,290.67060798278425,234.5941157092312,49.75,5,0.64,290.67060798278425,49.75
config_C,test,3980000,0.64,0.16733200530681513,174.24685102942072,105.93871752286518,52.95,5,0.64,174.24685102942072,52.95
config_C,test,3990000,0.6,0.39999999999999997,161.01422232412682,63.33897333515703,44.50666666666667,5,0.6,161.01422232412682,44.50666666666667
config_C,test,4000000,0.6799999999999999,0.28596814119369623,263.86732175402676,187.96136306744364,59.64,10,0.6799999999999999,263.86732175402676,59.64
config_C,test,4010000,0.6799999999999999,0.3346640106136302,207.06860049875112,85.53845375965291,57.666666666666664,5,0.6799999999999999,207.06860049875112,57.666666666666664
config_C,test,4020000,0.64,0.260768096208106,321.1048440647932,271.5866763143608,63.533333333333324,5,0.64,321.1048440647932,63.533333333333324
config_C,test,4030000,0.5599999999999999,0.35777087639996635,146.3800188003001,51.53790016754093,46.586666666666666,5,0.5599999999999999,146.3800188003001,46.586666666666666
config_C,test,4040000,0.5599999999999999,0.2966479394838265,393.24298144294,320.3058617332298,53.15333333333333,5,0.5599999999999999,393.24298144294,53.15333333333333
config_C,test,4050000,0.56,0.30983866769659335,172.94080166847033,54.086461754725846,45.1,10,0.56,172.94080166847033,45.1
config_C,test,4060000,0.64,0.16733200530681513,262.7783111592295,208.42579939022428,88.96666666666667,5,0.64,262.7783111592295,88.96666666666667
config_C,test,4070000,0.6,0.282842712474619,275.381454080026,209.86625318240252,70.12,5,0.6,275.381454080026,70.12
config_C,test,4080000,0.64,0.2966479394838265,418.98836564519877,594.8736157567499,86.99333333333333,5,0.64,418.98836564519877,86.99333333333333
config_C,test,4090000,0.72,0.1788854381999832,287.6017095393496,227.7745189069021,58.45,5,0.72,287.6017095393496,58.45
config_C,test,4100000,0.8400000000000001,0.1577621275493231,235.9547863744586,107.13997475982659,49.68333333333333,10,0.8400000000000001,235.9547863744586,49.68333333333333
config_C,test,4110000,0.72,0.10954451150103324,261.69756037226404,141.4938826818574,75.13333333333333,5,0.72,261.69756037226404,75.13333333333333
config_C,test,4120000,0.68,0.2683281572999748,157.80165752364002,84.94221996418295,73.96000000000001,5,0.68,157.80165752364002,73.96000000000001
config_C,test,4130000,0.64,0.16733200530681516,163.28959876227668,79.25484724538153,51.56666666666666,5,0.64,163.28959876227668,51.56666666666666
config_C,test,4140000,0.64,0.1673320053068151,148.199667832535,86.53670623464808,50.983333333333334,5,0.64,148.199667832535,50.983333333333334
config_C,test,4150000,0.56,0.24585451886114365,145.4249769842405,40.715056181218756,59.416666666666664,10,0.56,145.4249769842405,59.416666666666664
config_C,test,4160000,0.6,0.3162277660168379,132.0172291803493,28.56939853737046,73.64666666666668,5,0.6,132.0172291803493,73.64666666666668
config_C,test,4170000,0.72,0.22803508501982758,149.2133836735489,30.16355787566526,45.14666666666667,5,0.72,149.2133836735489,45.14666666666667
config_C,test,4180000,0.6799999999999999,0.30331501776206204,230.12794188401932,82.87071153652255,81.26666666666668,5,0.6799999999999999,230.12794188401932,81.26666666666668
config_C,test,4190000,0.6799999999999999,0.363318042491699,379.94305780836896,271.09469470116187,133.39000000000001,5,0.6799999999999999,379.94305780836896,133.39000000000001
config_C,test,4200000,0.6799999999999999,0.34253953543107013,114.95280151079233,43.085251373996016,55.879999999999995,10,0.6799999999999999,114.95280151079233,55.879999999999995
config_C,test,4210000,0.6,0.34641016151377546,270.887250495991,239.95653256631175,52.125,5,0.6,270.887250495991,52.125
config_C,test,4220000,0.72,0.3346640106136302,209.7238262166183,183.00053097182683,85.12,5,0.72,209.7238262166183,85.12
config_C,test,4230000,0.72,0.3346640106136302,129.1482752636759,62.3860363839126,50.089999999999996,5,0.72,129.1482752636759,50.089999999999996
config_C,test,4240000,0.72,0.3346640106136302,142.15611473012532,50.98659848482378,49.589999999999996,5,0.72,142.15611473012532,49.589999999999996
config_C,test,4250000,0.64,0.38643671323171835,165.75834297006855,65.61013967768089,51.71,10,0.64,165.75834297006855,51.71
config_C,test,4260000,0.6799999999999999,0.4147288270665544,334.9534243405204,295.24878909435716,57.083333333333336,5,0.6799999999999999,334.9534243405204,57.083333333333336
config_C,test,4270000,0.6799999999999999,0.4147288270665544,322.79847746603025,270.1627200000643,51.775,5,0.6799999999999999,322.79847746603025,51.775
config_C,test,4280000,0.6,0.3741657386773941,190.94896208032935,140.1444106450963,43.762499999999996,5,0.6,190.94896208032935,43.762499999999996
config_C,test,4290000,0.68,0.3898717737923586,146.2952611144345,68.93782639673273,53.1125,5,0.68,146.2952611144345,53.1125
config_C,test,4300000,0.6,0.35276684147527876,152.21692615751496,73.12267324314553,46.275,10,0.6,152.21692615751496,46.275
config_C,test,4310000,0.64,0.260768096208106,359.07467349216967,357.54413088838464,84.85,5,0.64,359.07467349216967,84.85
config_C,test,4320000,0.76,0.433589667773576,142.6097065354588,76.63646979640252,69.975,5,0.76,142.6097065354588,69.975
config_C,test,4330000,0.72,0.3346640106136302,146.86539002362912,69.66426284097761,89.19,5,0.72,146.86539002362912,89.19
config_C,test,4340000,0.64,0.35777087639996635,122.85095839632808,56.88866913881706,46.0625,5,0.64,122.85095839632808,46.0625
config_C,test,4350000,0.64,0.2796823595120404,144.16360053562076,57.2267178207618,92.42,10,0.64,144.16360053562076,92.42
config_C,test,4360000,0.6,0.34641016151377546,161.4805329104859,92.61712192169453,50.125,5,0.6,161.4805329104859,50.125
config_C,test,4370000,0.64,0.3847076812334269,160.54513640612348,96.50542014772593,59.225,5,0.64,160.54513640612348,59.225
config_C,test,4380000,0.6,0.37416573867739417,173.5062862590019,109.1413909434945,54.69166666666667,5,0.6,173.5062862590019,54.69166666666667
config_C,test,4390000,0.6799999999999999,0.41472882706655445,162.3074128216571,85.25326498456253,50.641666666666666,5,0.6799999999999999,162.3074128216571,50.641666666666666
config_C,test,4400000,0.68,0.3675746333890726,170.07256165077212,110.70355265612719,70.3375,10,0.68,170.07256165077212,70.3375
config_C,test,4410000,0.68,0.3898717737923586,175.7917061903969,118.10998513227234,55.3125,5,0.68,175.7917061903969,55.3125
config_C,test,4420000,0.5599999999999999,0.29664793948382645,293.92926795304277,283.17423523090184,172.07333333333332,5,0.5599999999999999,293.92926795304277,172.07333333333332
config_C,test,4430000,0.72,0.4381780460041329,159.5266483784356,74.02425951153249,74.01666666666667,5,0.72,159.5266483784356,74.01666666666667
config_C,test,4440000,0.6,0.3741657386773941,144.13177208938254,91.28762887989323,45.599999999999994,5,0.6,144.13177208938254,45.599999999999994
config_C,test,4450000,0.6799999999999999,0.3910100879630715,116.71973535188636,48.608576151835415,72.82916666666667,10,0.6799999999999999,116.71973535188636,72.82916666666667
config_C,test,4460000,0.6,0.3741657386773941,143.7030774019238,73.28730095588661,52.68333333333334,5,0.6,143.7030774019238,52.68333333333334
config_C,test,4470000,0.6799999999999999,0.41472882706655445,160.9372259494226,102.0740370537173,70.29583333333333,5,0.6799999999999999,160.9372259494226,70.29583333333333
config_C,test,4480000,0.6,0.34641016151377546,365.9030486258579,341.55600460048254,73.83333333333333,5,0.6,365.9030486258579,73.83333333333333
config_C,test,4490000,0.5599999999999999,0.3847076812334269,132.57302546718512,53.226543638128305,43.104166666666664,5,0.5599999999999999,132.57302546718512,43.104166666666664
config_C,test,4500000,0.4800000000000001,0.31552425509864623,257.45622340681786,312.61407215807554,42.5,10,0.4800000000000001,257.45622340681786,42.5
config_C,test,4510000,0.4800000000000001,0.33466401061363027,141.17557446442117,75.79657713472184,64.9375,5,0.4800000000000001,141.17557446442117,64.9375
config_C,test,4520000,0.5599999999999999,0.3847076812334269,135.44124241126886,73.91615750684502,50.25416666666666,5,0.5599999999999999,135.44124241126886,50.25416666666666
config_C,test,4530000,0.64,0.3847076812334269,224.5107517737544,254.46454408162106,80.36666666666667,5,0.64,224.5107517737544,80.36666666666667
config_C,test,4540000,0.44000000000000006,0.4098780306383839,326.31343798221667,488.7747313949385,46.69444444444445,5,0.44000000000000006,326.31343798221667,46.69444444444445
config_C,test,4550000,0.52,0.3675746333890726,205.65469681437816,226.5908231018286,62.75,10,0.52,205.65469681437816,62.75
config_C,test,4560000,0.48,0.3633180424916991,121.3353647831409,56.170862126117534,42.916666666666664,5,0.48,121.3353647831409,42.916666666666664
config_C,test,4570000,0.6,0.39999999999999997,363.77261849559966,330.56485127219446,66.3375,5,0.6,363.77261849559966,66.3375
config_C,test,4580000,0.48,0.41472882706655445,450.271805710257,362.1150425906796,45.2375,5,0.48,450.271805710257,45.2375
config_C,test,4590000,0.44000000000000006,0.3286335345030996,250.54832837168584,208.68847195924292,42.54166666666667,5,0.44000000000000006,250.54832837168584,42.54166666666667
config_C,test,4600000,0.44000000000000006,0.36270588023294514,174.3127371617066,151.31902786085294,42.65,10,0.44000000000000006,174.3127371617066,42.65
config_C,test,4610000,0.48,0.3898717737923586,271.62627671795354,278.9628693167249,86.23333333333333,5,0.48,271.62627671795354,86.23333333333333
config_C,test,4620000,0.52,0.33466401061363027,317.29510167528485,297.35274793681657,59.52083333333333,5,0.52,317.29510167528485,59.52083333333333
config_C,test,4630000,0.44000000000000006,0.3286335345030996,134.82649437989397,101.54764276698002,49.645833333333336,5,0.44000000000000006,134.82649437989397,49.645833333333336
config_C,test,4640000,0.44000000000000006,0.3286335345030996,180.91475057153428,160.6528515895001,51.3125,5,0.44000000000000006,180.91475057153428,51.3125
config_C,test,4650000,0.36,0.2065591117977289,137.81830667152735,78.33533931452867,44.083333333333336,10,0.36,137.81830667152735,44.083333333333336
config_C,test,4660000,0.48,0.303315017762062,277.39341779251976,234.28115645951763,44.458333333333336,5,0.48,277.39341779251976,44.458333333333336
config_C,test,4670000,0.48,0.303315017762062,142.71958742194133,73.55378940267626,43.5,5,0.48,142.71958742194133,43.5
config_C,test,4680000,0.6,0.39999999999999997,141.80125980296694,86.95973064789551,49.4875,5,0.6,141.80125980296694,49.4875
config_C,test,4690000,0.5599999999999999,0.3847076812334269,117.1923175746773,70.50968451507354,43.4,5,0.5599999999999999,117.1923175746773,43.4
config_C,test,4700000,0.4800000000000001,0.31552425509864623,163.20699663167747,97.92811925917815,67.0625,10,0.4800000000000001,163.20699663167747,67.0625
config_C,test,4710000,0.5599999999999999,0.3847076812334269,116.21412298968558,54.34388862635172,46.3875,5,0.5599999999999999,116.21412298968558,46.3875
config_C,test,4720000,0.6,0.3741657386773941,130.49119604233016,102.33720558167515,46.0875,5,0.6,130.49119604233016,46.0875
config_C,test,4730000,0.5599999999999999,0.3847076812334269,166.5574867340569,107.6327268711901,42.94583333333333,5,0.5599999999999999,166.5574867340569,42.94583333333333
config_C,test,4740000,0.5599999999999999,0.3286335345030997,234.2981933500143,264.41488416718875,51.666666666666664,5,0.5599999999999999,234.2981933500143,51.666666666666664
config_C,test,4750000,0.6,0.35276684147527876,129.07887205533012,60.10827177647308,43.708333333333336,10,0.6,129.07887205533012,43.708333333333336
config_C,test,4760000,0.6,0.3741657386773941,139.1048385551729,69.73582333195236,60.81666666666666,5,0.6,139.1048385551729,60.81666666666666
config_C,test,4770000,0.48,0.30331501776206204,126.94040750738161,67.36819102806338,44.04166666666667,5,0.48,126.94040750738161,44.04166666666667
config_C,test,4780000,0.48,0.30331501776206204,161.05257500628392,154.22572580793508,42.54166666666667,5,0.48,161.05257500628392,42.54166666666667
config_C,test,4790000,0.4,0.2449489742783178,104.26359527791703,66.00005783009553,42.75,5,0.4,104.26359527791703,42.75
config_C,test,4800000,0.36,0.27968235951204046,153.07936635827463,75.45415254499883,45.9375,10,0.36,153.07936635827463,45.9375
config_C,test,4810000,0.4800000000000001,0.363318042491699,143.10580721074268,70.3358317191363,70.97916666666666,5,0.4800000000000001,143.10580721074268,70.97916666666666
config_C,test,4820000,0.4,0.31622776601683794,258.3899927813999,205.4268064119068,46.895833333333336,5,0.4,258.3899927813999,46.895833333333336
config_C,test,4830000,0.44000000000000006,0.35777087639996635,120.47507651195394,65.13684693181516,65.5,5,0.44000000000000006,120.47507651195394,65.5
config_C,test,4840000,0.36,0.3286335345030996,133.7176866489813,63.44858801096768,50.3125,5,0.36,133.7176866489813,50.3125
config_C,test,4850000,0.36,0.27968235951204046,209.879327249462,156.3122890289635,54.1875,10,0.36,209.879327249462,54.1875
config_C,test,4860000,0.36,0.29664793948382656,205.5120996229851,181.3019933778951,54.5,5,0.36,205.5120996229851,54.5
config_C,test,4870000,0.52,0.33466401061363027,151.51616855293932,103.69919120046038,128.29166666666669,5,0.52,151.51616855293932,128.29166666666669
config_C,test,4880000,0.44000000000000006,0.35777087639996635,153.622833214399,83.78852298116398,49.0,5,0.44000000000000006,153.622833214399,49.0
config_C,test,4890000,0.44000000000000006,0.260768096208106,205.54455150604872,208.6920856342887,52.125,5,0.44000000000000006,205.54455150604872,52.125
config_C,test,4900000,0.52,0.214993539954628,154.15549507191454,92.44900063990714,96.16666666666666,10,0.52,154.15549507191454,96.16666666666666
config_C,test,4910000,0.48,0.30331501776206204,177.92886391353505,145.0391457768522,72.97916666666666,5,0.48,177.92886391353505,72.97916666666666
config_C,test,4920000,0.4,0.31622776601683794,311.7465369206135,305.6824903138071,51.9375,5,0.4,311.7465369206135,51.9375
config_C,test,4930000,0.44000000000000006,0.3286335345030996,188.70870525524575,135.36108656781354,52.95833333333333,5,0.44000000000000006,188.70870525524575,52.95833333333333
config_C,test,4940000,0.4800000000000001,0.363318042491699,180.8880952165578,131.5074669531395,69.39583333333333,5,0.4800000000000001,180.8880952165578,69.39583333333333
config_C,test,4950000,0.52,0.3155242550986462,237.95158295543902,163.79132351076245,75.375,10,0.52,237.95158295543902,75.375
config_C,test,4960000,0.52,0.33466401061363027,165.68050948346425,88.95690983670532,116.27083333333331,5,0.52,165.68050948346425,116.27083333333331
config_C,test,4970000,0.44000000000000006,0.35777087639996635,146.26189233493218,83.14040240642777,59.125,5,0.44000000000000006,146.26189233493218,59.125
config_C,test,4980000,0.4,0.31622776601683794,221.83873956218582,187.60577008614797,49.333333333333336,5,0.4,221.83873956218582,49.333333333333336
config_C,test,4990000,0.44000000000000006,0.260768096208106,364.6772828591344,413.8431065204433,50.625,5,0.44000000000000006,364.6772828591344,50.625
config_C,test,5000000,0.64,0.4979959839195493,175.50725681234448,93.05426976097189,52.6,5,0.64,175.50725681234448,52.6
config_C,train,10000,0.01777777777777776,0.01859244503409055,92.54904887084037,48.14678483064788,298.8333333333333,5,0.01777777777777776,92.54904887084037,298.8333333333333
config_C,train,20000,0.00888888888888888,0.019876159799998107,105.07941047647273,47.6543712728242,291.0,5,0.00888888888888888,105.07941047647273,291.0
config_C,train,30000,0.00444444444444444,0.009938079899999053,173.88271928223318,153.7882842731034,100.0,5,0.00444444444444444,173.88271928223318,100.0
config_C,train,40000,0.00888888888888888,0.012171612389003678,205.65518237757624,169.14436736325095,348.0,5,0.00888888888888888,205.65518237757624,348.0
config_C,train,50000,0.00888888888888888,0.018739423171368154,190.1017983465947,138.4424245396598,106.5,10,0.00888888888888888,190.1017983465947,106.5
config_C,train,60000,0.00888888888888888,0.012171612389003678,196.12190443860266,134.163793396894,83.0,5,0.00888888888888888,196.12190443860266,83.0
config_C,train,70000,0.013333333333333319,0.019876159799998107,219.2149545278599,179.08023114425856,215.25,5,0.013333333333333319,219.2149545278599,215.25
config_C,train,80000,0.00444444444444444,0.009938079899999053,225.57728102991808,192.93675029731696,96.0,5,0.00444444444444444,225.57728102991808,96.0
config_C,train,90000,0.00888888888888888,0.019876159799998107,249.63413190893803,169.54685242166306,158.5,5,0.00888888888888888,249.63413190893803,158.5
config_C,train,100000,0.00888888888888888,0.011475506210984926,283.75231273733937,140.8087990907303,228.0,10,0.00888888888888888,283.75231273733937,228.0
config_C,train,110000,0.0222222222222222,0.03142696805273541,232.18658266482845,161.40615743401676,100.75,5,0.0222222222222222,232.18658266482845,100.75
config_C,train,120000,0.013333333333333319,0.019876159799998107,172.92949707453337,84.51364861955282,138.75,5,0.013333333333333319,172.92949707453337,138.75
config_C,train,130000,0.013333333333333319,0.012171612389003678,253.51480939404388,54.170075299657434,188.33333333333334,5,0.013333333333333319,253.51480939404388,188.33333333333334
config_C,train,140000,0.01777777777777776,0.01859244503409055,368.63611427317466,212.0267634077284,104.16666666666667,5,0.01777777777777776,368.63611427317466,104.16666666666667
config_C,train,150000,0.04888888888888886,0.045421362123721144,640.2338516329072,554.1647607313937,269.225,10,0.04888888888888886,640.2338516329072,269.225
config_C,train,160000,0.04444444444444442,0.04714045207910316,602.4909384686647,695.8930362651989,247.35555555555553,5,0.04444444444444442,602.4909384686647,247.35555555555553
config_C,train,170000,0.03999999999999996,0.03296088216486958,687.6743861902704,649.1026289218704,132.875,5,0.03999999999999996,687.6743861902704,132.875
config_C,train,180000,0.06222222222222218,0.042745297914825196,726.8531033769366,741.7298865764781,187.40416666666667,5,0.06222222222222218,726.8531033769366,187.40416666666667
config_C,train,190000,0.09777777777777774,0.09108400680852975,814.6028318602933,695.8307772105264,152.61818181818182,5,0.09777777777777774,814.6028318602933,152.61818181818182
config_C,train,200000,0.11999999999999997,0.11907277805872661,856.5150268277223,556.5481195876458,116.24501424501425,10,0.11999999999999997,856.5150268277223,116.24501424501425
config_C,train,210000,0.10666666666666665,0.0986326267607651,930.8740014495813,640.6616329150881,150.66666666666666,5,0.10666666666666665,930.8740014495813,150.66666666666666
config_C,train,220000,0.1333333333333333,0.10304020550550783,715.2488416689832,319.5877294572951,135.53,5,0.1333333333333333,715.2488416689832,135.53
config_C,train,230000,0.17777777777777776,0.17916128329552336,735.3464838897796,259.97137472630794,155.52777777777777,5,0.17777777777777776,735.3464838897796,155.52777777777777
config_C,train,240000,0.18666666666666662,0.18230350490661054,1036.9233889535662,396.63650908039295,165.87378246753246,5,0.18666666666666662,1036.9233889535662,165.87378246753246
config_C,train,250000,0.1911111111111111,0.1951960781274146,931.1730386697552,353.67155062540274,134.85416666666666,10,0.1911111111111111,931.1730386697552,134.85416666666666
config_C,train,260000,0.18666666666666662,0.1348066745609164,1174.4710436696616,384.4199530088706,137.41716577540106,5,0.18666666666666662,1174.4710436696616,137.41716577540106
config_C,train,270000,0.17333333333333328,0.10587670444063642,1134.2885913168277,657.091536593442,126.83142857142857,5,0.17333333333333328,1134.2885913168277,126.83142857142857
config_C,train,280000,0.19999999999999996,0.1610152971798827,1195.7726456585153,698.6122972281754,94.84190476190477,5,0.19999999999999996,1195.7726456585153,94.84190476190477
config_C,train,290000,0.1333333333333333,0.0753592220347252,1031.6636095678089,607.6035419534522,106.71833333333333,5,0.1333333333333333,1031.6636095678089,106.71833333333333
config_C,train,300000,0.16888888888888887,0.12447971281540744,1065.513339359366,493.5917273521765,120.69107142857142,10,0.16888888888888887,1065.513339359366,120.69107142857142
config_C,train,310000,0.2711111111111111,0.2856225602321712,1299.6332839034176,657.7914994208661,74.48863636363636,5,0.2711111111111111,1299.6332839034176,74.48863636363636
config_C,train,320000,0.23555555555555552,0.22965352324913443,1107.5449656371648,495.3501647912231,137.05555555555554,5,0.23555555555555552,1107.5449656371648,137.05555555555554
config_C,train,330000,0.20888888888888885,0.14873956027272459,1145.6578845662384,589.9716603474848,163.88063492063492,5,0.20888888888888885,1145.6578845662384,163.88063492063492
config_C,train,340000,0.20444444444444437,0.18148903990307041,1062.6894807385072,407.2616907914464,180.57142857142858,5,0.20444444444444437,1062.6894807385072,180.57142857142858
config_C,train,350000,0.22666666666666663,0.1416345884766474,1057.8037636836464,487.2972256908071,150.13085213032582,10,0.22666666666666663,1057.8037636836464,150.13085213032582
config_C,train,360000,0.2666666666666666,0.22607766610417565,830.4644048902192,380.0486449379423,135.86964285714285,5,0.2666666666666666,830.4644048902192,135.86964285714285
config_C,train,370000,0.2311111111111111,0.18230350490661051,729.3270424388545,378.3827246216109,98.94263285024155,5,0.2311111111111111,729.3270424388545,98.94263285024155
config_C,train,380000,0.37333333333333335,0.24815367600255342,727.4093758092301,464.21033645690403,82.84658157934021,5,0.37333333333333335,727.4093758092301,82.84658157934021
config_C,train,390000,0.3111111111111111,0.18790593916986403,877.9498614077316,569.0897226085485,94.82128047391205,5,0.3111111111111111,877.9498614077316,94.82128047391205
config_C,train,400000,0.3688888888888889,0.11814756762890005,890.7880596358125,427.4132169164219,91.82830039525692,10,0.3688888888888889,890.7880596358125,91.82830039525692
config_C,train,410000,0.36444444444444446,0.14107173553870114,892.8111123497978,309.93453075378085,102.67040404040404,5,0.36444444444444446,892.8111123497978,102.67040404040404
config_C,train,420000,0.4622222222222222,0.14774017900973035,988.5649820559559,386.58233268360163,91.08979127134725,5,0.4622222222222222,988.5649820559559,91.08979127134725
config_C,train,430000,0.31999999999999995,0.10493972402771197,974.7224655575814,530.0667277237117,91.42202242202242,5,0.31999999999999995,974.7224655575814,91.42202242202242
config_C,train,440000,0.5022222222222222,0.22144307854849973,846.3643550898702,322.2281392621544,83.10958815958817,5,0.5022222222222222,846.3643550898702,83.10958815958817
config_C,train,450000,0.3688888888888889,0.09439722857525329,1002.6279934361346,573.6806809237667,90.22071320492373,10,0.3688888888888889,1002.6279934361346,90.22071320492373
config_C,train,460000,0.3822222222222222,0.20572065441836657,744.1697510842016,95.16438966707123,78.17399267399267,5,0.3822222222222222,744.1697510842016,78.17399267399267
config_C,train,470000,0.3866666666666666,0.12531441937663718,998.205067060732,518.7704906275928,86.3030402930403,5,0.3866666666666666,998.205067060732,86.3030402930403
config_C,train,480000,0.31111111111111106,0.15396007178390025,1043.4661746206455,580.9375941748852,84.03888888888889,5,0.31111111111111106,1043.4661746206455,84.03888888888889
config_C,train,490000,0.3911111111111111,0.13752665286014049,1011.2799329236898,488.2131272538556,79.20166666666667,5,0.3911111111111111,1011.2799329236898,79.20166666666667
config_C,train,500000,0.4533333333333333,0.2555716581078261,1110.271439337577,560.9653835430876,83.06392230576441,10,0.4533333333333333,1110.271439337577,83.06392230576441
config_C,train,510000,0.49777777777777776,0.18632243392226305,999.9395891657452,398.5039638789929,81.93841824841824,5,0.49777777777777776,999.9395891657452,81.93841824841824
config_C,train,520000,0.4444444444444445,0.26105200276601626,1161.0492793844141,493.2484217571595,73.0235380116959,5,0.4444444444444445,1161.0492793844141,73.0235380116959
config_C,train,530000,0.47555555555555556,0.17957425645188374,1007.5396240550532,246.93884115465062,64.81132756132756,5,0.47555555555555556,1007.5396240550532,64.81132756132756
config_C,train,540000,0.4622222222222222,0.17874735601946848,1044.0173487741195,121.17784658205613,85.12391758241759,5,0.4622222222222222,1044.0173487741195,85.12391758241759
config_C,train,550000,0.5244444444444445,0.22053681855915133,900.5608202855612,169.04481759637997,69.42354068354068,10,0.5244444444444445,900.5608202855612,69.42354068354068
config_C,train,560000,0.5111111111111111,0.22662308949301263,841.8990586475722,211.66189368262445,67.22003787878789,5,0.5111111111111111,841.8990586475722,67.22003787878789
config_C,train,570000,0.5066666666666666,0.1717017224185054,842.6830115735162,273.87591653687764,85.1354329004329,5,0.5066666666666666,842.6830115735162,85.1354329004329
config_C,train,580000,0.49333333333333335,0.27460409211701015,949.6307495353424,348.51119287457885,99.02535885167465,5,0.49333333333333335,949.6307495353424,99.02535885167465
config_C,train,590000,0.5466666666666666,0.27559139551871104,998.4623004500266,397.520328986437,96.39722222222223,5,0.5466666666666666,998.4623004500266,96.39722222222223
config_C,train,600000,0.64,0.20972252881998685,913.3441972419193,380.3688239461643,90.99932542895701,10,0.64,913.3441972419193,90.99932542895701
config_C,train,610000,0.5777777777777777,0.22388268532899874,1132.219873323827,353.6143332462806,94.83266994266994,5,0.5777777777777777,1132.219873323827,94.83266994266994
config_C,train,620000,0.6488888888888888,0.17455410565915983,960.9469756064198,315.8611260386591,76.69567343946376,5,0.6488888888888888,960.9469756064198,76.69567343946376
config_C,train,630000,0.6133333333333333,0.2123356299660667,1030.536962789233,251.86618841362346,92.06198130197573,5,0.6133333333333333,1030.536962789233,92.06198130197573
config_C,train,640000,0.6577777777777778,0.19537870791407352,979.0739013877989,327.22241790190753,83.95552459235498,5,0.6577777777777778,979.0739013877989,83.95552459235498
config_C,train,650000,0.6355555555555555,0.2066653391700362,1028.8979858146783,352.68111185315564,88.92644667223615,10,0.6355555555555555,1028.8979858146783,88.92644667223615
config_C,train,660000,0.591111111111111,0.267867665872074,1120.0669117410725,335.32989222923493,87.47326466636812,5,0.591111111111111,1120.0669117410725,87.47326466636812
config_C,train,670000,0.6,0.2708012801545321,915.5366792459321,366.95463534202094,94.60989725721433,5,0.6,915.5366792459321,94.60989725721433
config_C,train,680000,0.6533333333333333,0.17819395730426188,914.8564168981886,324.1343242915364,90.81283407757738,5,0.6533333333333333,914.8564168981886,90.81283407757738
config_C,train,690000,0.7333333333333333,0.19309052441091962,945.9464051495801,320.083140527329,86.21919298639992,5,0.7333333333333333,945.9464051495801,86.21919298639992
config_C,train,700000,0.7022222222222222,0.22053681855915136,714.3024632451968,264.644675287522,82.26828514798154,10,0.7022222222222222,714.3024632451968,82.26828514798154
config_C,train,710000,0.6488888888888888,0.19838856996147242,929.163436417644,463.4818854120986,85.24848673613208,5,0.6488888888888888,929.163436417644,85.24848673613208
config_C,train,720000,0.6888888888888889,0.16996731711975943,842.5943959632448,425.28243349973,83.81138074161656,5,0.6888888888888889,842.5943959632448,83.81138074161656
config_C,train,730000,0.7155555555555556,0.16584985028484706,882.4913130690035,343.07288979013555,96.25203422946795,5,0.7155555555555556,882.4913130690035,96.25203422946795
config_C,train,740000,0.7288888888888889,0.15978380455331148,746.3674955925312,305.21767575764096,97.60473032714413,5,0.7288888888888889,746.3674955925312,97.60473032714413
config_C,train,750000,0.7288888888888889,0.19508360558674395,611.8282629621466,253.18502068664202,91.6535794614742,10,0.7288888888888889,611.8282629621466,91.6535794614742
config_C,train,760000,0.72,0.272437556556034,609.79380830807,216.10504374589692,84.53463027487417,5,0.72,609.79380830807,84.53463027487417
config_C,train,770000,0.7555555555555555,0.22054925823643567,575.2297535740022,192.40303412520475,88.55987030584592,5,0.7555555555555555,575.2297535740022,88.55987030584592
config_C,train,780000,0.6933333333333334,0.18947621108704185,664.213863303321,321.93490626583247,75.65004978716937,5,0.6933333333333334,664.213863303321,75.65004978716937
config_C,train,790000,0.7288888888888889,0.2002467613523344,650.9243231088448,350.95741210329516,76.68221119440632,5,0.7288888888888889,650.9243231088448,76.68221119440632
config_C,train,800000,0.7155555555555555,0.2287438111480744,667.072057408037,337.33684657237035,79.81184704184703,10,0.7155555555555555,667.072057408037,79.81184704184703
config_C,train,810000,0.888888888888889,0.10886621079036349,527.0401733036451,199.8708689968066,67.36373058047477,5,0.888888888888889,527.0401733036451,67.36373058047477
config_C,train,820000,0.8533333333333333,0.1470701520691049,657.0239082790526,253.36120893210222,73.58018485390578,5,0.8533333333333333,657.0239082790526,73.58018485390578
config_C,train,830000,0.8222222222222222,0.1006153904237491,668.7786508866936,276.2215320886548,70.05036049316537,5,0.8222222222222222,668.7786508866936,70.05036049316537
config_C,train,840000,0.7822222222222222,0.150226166943605,465.839626052755,182.99288464110282,74.65098063973065,5,0.7822222222222222,465.839626052755,74.65098063973065
config_C,train,850000,0.8311111111111111,0.13300370777756115,477.4127224921673,193.78087103476503,69.63809306668404,10,0.8311111111111111,477.4127224921673,69.63809306668404
config_C,train,860000,0.7955555555555556,0.18816856115570263,511.162305958036,382.72434098818525,66.83193036354326,5,0.7955555555555556,511.162305958036,66.83193036354326
config_C,train,870000,0.7022222222222222,0.22032523658569667,500.802594801747,309.5829885616241,67.32913199426112,5,0.7022222222222222,500.802594801747,67.32913199426112
config_C,train,880000,0.7466666666666667,0.24067805451666321,571.5884762674689,316.26743932460164,74.77625,5,0.7466666666666667,571.5884762674689,74.77625
config_C,train,890000,0.7733333333333333,0.22077305256924082,618.0196133165276,255.16996610240076,64.39115532734274,5,0.7733333333333333,618.0196133165276,64.39115532734274
config_C,train,900000,0.7333333333333333,0.2222222222222222,486.37998012005573,213.46087351468412,68.57606893558113,10,0.7333333333333333,486.37998012005573,68.57606893558113
config_C,train,910000,0.7911111111111111,0.18499249234015477,542.1346627698045,392.92858068835557,59.76528313150264,5,0.7911111111111111,542.1346627698045,59.76528313150264
config_C,train,920000,0.7688888888888888,0.24221202832779926,588.8603545765579,453.65924959170604,61.57676008202325,5,0.7688888888888888,588.8603545765579,61.57676008202325
config_C,train,930000,0.7644444444444444,0.27693204586087783,581.2097147327777,570.1360660992943,61.326297526762644,5,0.7644444444444444,581.2097147327777,61.326297526762644
config_C,train,940000,0.7911111111111111,0.25171019981589543,668.1684200454008,574.2007104866235,60.91283846214078,5,0.7911111111111111,668.1684200454008,60.91283846214078
config_C,train,950000,0.671111111111111,0.29755289094225457,577.2039331796434,529.0774530973977,60.335316762090955,10,0.671111111111111,577.2039331796434,60.335316762090955
config_C,train,960000,0.7466666666666667,0.3160715655795397,590.633461415576,478.8553292010377,66.6576408088036,5,0.7466666666666667,590.633461415576,66.6576408088036
config_C,train,970000,0.76,0.2316873158929487,721.459982380896,580.8573053896843,76.76559890686977,5,0.76,721.459982380896,76.76559890686977
config_C,train,980000,0.8044444444444444,0.14177011473543633,523.4868980196417,257.6063524637166,60.40725158154779,5,0.8044444444444444,523.4868980196417,60.40725158154779
config_C,train,990000,0.8177777777777777,0.1841899180897964,453.66979669512,254.75307888195118,64.57903666381927,5,0.8177777777777777,453.66979669512,64.57903666381927
config_C,train,1000000,0.9155555555555555,0.07466431507172833,461.13208387582836,193.8954409968549,59.153040935672514,10,0.9155555555555555,461.13208387582836,59.153040935672514
config_C,train,1010000,0.888888888888889,0.1547598697464902,415.51900779471435,128.9131675341589,56.02775579717441,5,0.888888888888889,415.51900779471435,56.02775579717441
config_C,train,1020000,0.928888888888889,0.0866381719538575,252.36549057805442,66.1638687899633,53.71825765965301,5,0.928888888888889,252.36549057805442,53.71825765965301
config_C,train,1030000,0.9511111111111111,0.055332887102172136,258.9488668183429,58.3908509923904,54.18733679756936,5,0.9511111111111111,258.9488668183429,54.18733679756936
config_C,train,1040000,0.9466666666666667,0.04608098078517269,312.1160007750955,175.29645715733037,51.270798799108505,5,0.9466666666666667,312.1160007750955,51.270798799108505
config_C,train,1050000,0.9644444444444444,0.03805994838122999,268.5895770833291,123.68890703552178,51.06907929468905,10,0.9644444444444444,268.5895770833291,51.06907929468905
config_C,train,1060000,0.9155555555555555,0.042745297914825155,288.4439458050507,164.26204313446746,54.5494683771513,5,0.9155555555555555,288.4439458050507,54.5494683771513
config_C,train,1070000,0.9466666666666667,0.03370166864022911,262.6937093606048,121.65415244818793,53.19331923890063,5,0.9466666666666667,262.6937093606048,53.19331923890063
config_C,train,1080000,0.9466666666666665,0.08255189164891863,254.33810301279135,51.03538258688084,50.9150505050505,5,0.9466666666666665,254.33810301279135,50.9150505050505
config_C,train,1090000,0.96,0.05533288710217214,253.3424218300138,47.101413771065225,50.044972899729,5,0.96,253.3424218300138,50.044972899729
config_C,train,1100000,0.9511111111111111,0.0562182695141045,261.8048811911158,40.49468832779826,48.03147023707999,10,0.9511111111111111,261.8048811911158,48.03147023707999
config_C,train,1110000,0.96,0.04554200340426483,305.39333670411264,140.21974209991635,49.84354028085736,5,0.96,305.39333670411264,49.84354028085736
config_C,train,1120000,0.9555555555555555,0.02222222222222221,301.91401945950827,118.07880076326866,51.51731098359005,5,0.9555555555555555,301.91401945950827,51.51731098359005
config_C,train,1130000,0.9377777777777776,0.09349192874650056,414.71331479068147,385.7993972469149,52.898989898989896,5,0.9377777777777776,414.71331479068147,52.898989898989896
config_C,train,1140000,0.9066666666666666,0.11044243235368155,360.922995412987,294.26334696105005,51.88312906489377,5,0.9066666666666666,360.922995412987,51.88312906489377
config_C,train,1150000,0.9511111111111111,0.03442651863295481,307.7999212556714,134.03031849851058,52.52895681554217,10,0.9511111111111111,307.7999212556714,52.52895681554217
config_C,train,1160000,0.9466666666666667,0.060041138160472414,356.8157574523442,149.71225363679218,51.380956814163675,5,0.9466666666666667,356.8157574523442,51.380956814163675
config_C,train,1170000,0.96,0.028974232912011805,305.37949162920165,100.8462967022108,51.65093291721199,5,0.96,305.37949162920165,51.65093291721199
config_C,train,1180000,0.9466666666666667,0.06402160129283525,351.66229226428266,165.8977100753537,54.21860916860917,5,0.9466666666666667,351.66229226428266,54.21860916860917
config_C,train,1190000,0.9288888888888888,0.0743697801363622,416.7564696016849,304.7870058323365,53.93264874660224,5,0.9288888888888888,416.7564696016849,53.93264874660224
config_C,train,1200000,0.9199999999999999,0.10004114379931339,392.4525688161524,262.3394475296049,54.97985435752878,10,0.9199999999999999,392.4525688161524,54.97985435752878
config_C,train,1210000,0.9511111111111109,0.06554613868334501,344.1735555281038,200.69731263768406,54.039070403280924,5,0.9511111111111109,344.1735555281038,54.039070403280924
config_C,train,1220000,0.96,0.07761888531810214,321.76708366827353,227.49613091579607,50.59111111111111,5,0.96,321.76708366827353,50.59111111111111
config_C,train,1230000,0.9155555555555555,0.12312795713062279,387.95790448435287,199.08930647896582,52.485858585858594,5,0.9155555555555555,387.95790448435287,52.485858585858594
config_C,train,1240000,0.9466666666666665,0.06206328908341748,298.49821632920856,110.81780417511081,54.19245689982532,5,0.9466666666666665,298.49821632920856,54.19245689982532
config_C,train,1250000,0.96,0.03747884634273633,322.15921434784127,131.74707312517017,55.8374217828557,10,0.96,322.15921434784127,55.8374217828557
config_C,train,1260000,0.9333333333333333,0.10657403385139376,374.31382694684055,236.90087884761732,55.35524948190658,5,0.9333333333333333,374.31382694684055,55.35524948190658
config_C,train,1270000,0.9111111111111111,0.11331154474650634,353.67051107060445,230.9668297276366,56.236693229251365,5,0.9111111111111111,353.67051107060445,56.236693229251365
config_C,train,1280000,0.9244444444444445,0.06592176432973924,330.57817872429484,155.4454929431049,56.06645785602946,5,0.9244444444444445,330.57817872429484,56.06645785602946
config_C,train,1290000,0.9333333333333333,0.07027283689263066,360.2765753475997,196.62567878556519,54.99240254021877,5,0.9333333333333333,360.2765753475997,54.99240254021877
config_C,train,1300000,0.9244444444444444,0.06724033018020868,387.25681548310627,144.93140285654334,51.12755606255606,10,0.9244444444444444,387.25681548310627,51.12755606255606
config_C,train,1310000,0.9377777777777776,0.06921071778843306,314.17535081047623,191.13049551001345,46.53884220674919,5,0.9377777777777776,314.17535081047623,46.53884220674919
config_C,train,1320000,0.9466666666666667,0.046080980785172684,254.84094055618556,51.61549294965439,47.21179652451916,5,0.9466666666666667,254.84094055618556,47.21179652451916
config_C,train,1330000,0.9688888888888888,0.012171612389003616,232.5970723652262,63.36232981041212,47.569133192389,5,0.9688888888888888,232.5970723652262,47.569133192389
config_C,train,1340000,0.9688888888888888,0.03370166864022915,321.46797356730855,181.72389902923706,52.02978354978355,5,0.9688888888888888,321.46797356730855,52.02978354978355
config_C,train,1350000,0.9733333333333333,0.027317168762349305,281.25781809717057,98.97962554972862,47.07807342528273,10,0.9733333333333333,281.25781809717057,47.07807342528273
config_C,train,1360000,0.9688888888888888,0.02981423969999723,235.0816716690609,55.82815062085819,46.017785160575855,5,0.9688888888888888,235.0816716690609,46.017785160575855
config_C,train,1370000,0.9688888888888888,0.019876159799998103,193.5108172122828,33.21476032972168,44.87561428235847,5,0.9688888888888888,193.5108172122828,44.87561428235847
config_C,train,1380000,0.9644444444444444,0.03370166864022906,228.34183509380085,51.97917145817085,47.29661871121882,5,0.9644444444444444,228.34183509380085,47.29661871121882
config_C,train,1390000,0.9733333333333333,0.01859244503409051,210.05133225761475,47.47550215693318,46.300270143293396,5,0.9733333333333333,210.05133225761475,46.300270143293396
config_C,train,1400000,0.9288888888888888,0.05999542735204915,269.5730766870558,95.06595616208033,44.72123414597099,10,0.9288888888888888,269.5730766870558,44.72123414597099
config_C,train,1410000,0.9244444444444445,0.08549059582965045,260.16919095395417,118.15927022872523,48.187500922849765,5,0.9244444444444445,260.16919095395417,48.187500922849765
config_C,train,1420000,0.9288888888888888,0.09081251885201125,301.9020737082336,135.9257370677489,48.477815788547495,5,0.9288888888888888,301.9020737082336,48.477815788547495
config_C,train,1430000,0.9688888888888888,0.04608098078517272,267.8760864039813,103.79005300874621,51.28136363636363,5,0.9688888888888888,267.8760864039813,51.28136363636363
config_C,train,1440000,0.9733333333333333,0.03651483716701102,256.01645641407725,65.48673089765195,51.87233308696723,5,0.9733333333333333,256.01645641407725,51.87233308696723
config_C,train,1450000,0.9644444444444444,0.05258737584977434,270.94015933220606,104.1421474846525,52.06307692307693,10,0.9644444444444444,270.94015933220606,52.06307692307693
config_C,train,1460000,0.9688888888888888,0.01987615979999809,281.4671535070646,79.6371181737808,52.48103594080338,5,0.9688888888888888,281.4671535070646,52.48103594080338
config_C,train,1470000,0.96,0.028974232912011805,335.45922649080455,175.45507928252195,56.33624920299339,5,0.96,335.45922649080455,56.33624920299339
config_C,train,1480000,0.9777777777777779,0.03849001794597501,248.53789036618087,43.60110527862571,50.95561468341956,5,0.9777777777777779,248.53789036618087,50.95561468341956
config_C,train,1490000,0.9511111111111111,0.07761888531810215,241.27362691479166,52.73458216076082,52.23061347061347,5,0.9511111111111111,241.27362691479166,52.23061347061347
config_C,train,1500000,0.9555555555555555,0.0391963157194754,273.6422718235734,95.27791056633758,57.21983908856002,10,0.9555555555555555,273.6422718235734,57.21983908856002
config_C,train,1510000,0.9733333333333333,0.024343224778007374,268.8990468454407,10.829926460781227,51.17268398268398,5,0.9733333333333333,268.8990468454407,51.17268398268398
config_C,train,1520000,0.9866666666666667,0.029814239699997237,245.89542476446277,37.77993002916532,49.75936507936508,5,0.9866666666666667,245.89542476446277,49.75936507936508
config_C,train,1530000,0.9555555555555555,0.03513641844631531,297.69698387299616,58.103203701175694,52.18663641520136,5,0.9555555555555555,297.69698387299616,52.18663641520136
config_C,train,1540000,0.9644444444444444,0.033701668640229165,243.6142502719334,37.803128100776554,51.21675895164267,5,0.9644444444444444,243.6142502719334,51.21675895164267
config_C,train,1550000,0.96,0.031075817723559978,248.57157803813735,61.15606543272647,49.05021777617353,10,0.96,248.57157803813735,49.05021777617353
config_C,train,1560000,0.9466666666666667,0.05115939748098369,230.38037977533128,50.29993337085572,49.62392702904331,5,0.9466666666666667,230.38037977533128,49.62392702904331
config_C,train,1570000,0.96,0.028974232912011805,219.39035022268035,45.42363222192184,49.92705963287359,5,0.96,219.39035022268035,49.92705963287359
config_C,train,1580000,0.9333333333333332,0.08314794192830982,223.01160845000618,38.10868443621569,48.099586299586306,5,0.9333333333333332,223.01160845000618,48.099586299586306
config_C,train,1590000,0.9822222222222221,0.018592445034090577,250.11684667419394,82.03751078926285,50.03026779422128,5,0.9822222222222221,250.11684667419394,50.03026779422128
config_C,train,1600000,0.9555555555555555,0.05341557445131835,251.77976469566357,88.61882037049614,45.204264624264624,10,0.9555555555555555,251.77976469566357,45.204264624264624
config_C,train,1610000,0.9555555555555555,0.0684934889218775,255.68222983740688,93.72374567870541,45.78,5,0.9555555555555555,255.68222983740688,45.78
config_C,train,1620000,0.9511111111111111,0.07761888531810214,260.4175845866076,131.84056152060057,48.58093522093522,5,0.9511111111111111,260.4175845866076,48.58093522093522
config_C,train,1630000,0.9555555555555555,0.054433105395181716,237.47741682493697,73.12406664440084,47.450200755317034,5,0.9555555555555555,237.47741682493697,47.450200755317034
config_C,train,1640000,0.9288888888888888,0.11265592760565843,256.70878061490396,111.77323633643705,51.16551226551227,5,0.9288888888888888,256.70878061490396,51.16551226551227
config_C,train,1650000,0.9422222222222223,0.052587375849774375,221.57707835099237,52.77064215157813,46.99728496717481,10,0.9422222222222223,221.57707835099237,46.99728496717481
config_C,train,1660000,0.9377777777777776,0.07919346524980206,234.660271509589,86.7949998217033,45.61408954408954,5,0.9377777777777776,234.660271509589,45.61408954408954
config_C,train,1670000,0.96,0.06740333728045819,262.04610527964354,96.18387590254639,47.4748946008432,5,0.96,262.04610527964354,47.4748946008432
config_C,train,1680000,0.9377777777777778,0.13913311859998695,244.46638238162933,71.77350798072634,48.653333333333336,5,0.9377777777777778,244.46638238162933,48.653333333333336
config_C,train,1690000,0.9688888888888888,0.04868644955601479,200.3649434781312,26.33218658708984,46.31829457364341,5,0.9688888888888888,200.3649434781312,46.31829457364341
config_C,train,1700000,0.9644444444444444,0.031774237910410605,204.2657404484716,27.570105840472383,47.503538848496305,10,0.9644444444444444,204.2657404484716,47.503538848496305
config_C,train,1710000,0.9377777777777776,0.05067446333773947,213.39036924338544,38.182258634392255,48.113961038961044,5,0.9377777777777776,213.39036924338544,48.113961038961044
config_C,train,1720000,0.9466666666666667,0.04608098078517269,210.07423053186002,66.8264421918186,49.561037258575546,5,0.9466666666666667,210.07423053186002,49.561037258575546
config_C,train,1730000,0.9022222222222223,0.02533723166886972,275.0493795360704,109.81285040626743,51.726636737246494,5,0.9022222222222223,275.0493795360704,51.726636737246494
config_C,train,1740000,0.9066666666666666,0.04274529791482523,279.3522804600122,54.7643977173835,51.03633324661625,5,0.9066666666666666,279.3522804600122,51.03633324661625
config_C,train,1750000,0.96,0.042937412581302056,273.15858772975355,67.40886689176506,54.36919896640827,10,0.96,273.15858772975355,54.36919896640827
config_C,train,1760000,0.9777777777777776,0.027216552697590927,204.12351787720556,31.221326366616232,48.399841269841275,5,0.9777777777777776,204.12351787720556,48.399841269841275
config_C,train,1770000,0.9466666666666667,0.037184890068181105,286.1193045946866,108.46186863835096,47.97301569294763,5,0.9466666666666667,286.1193045946866,47.97301569294763
config_C,train,1780000,0.9466666666666665,0.03718489006818107,235.0387471189008,35.18133806164534,48.44881103392731,5,0.9466666666666665,235.0387471189008,48.44881103392731
config_C,train,1790000,0.8666666666666666,0.08164965809277265,296.6205616019628,101.46248874645504,55.64469706850008,5,0.8666666666666666,296.6205616019628,55.64469706850008
config_C,train,1800000,0.928888888888889,0.07466431507172826,239.49523664624311,84.62304529899818,54.95992672040885,10,0.928888888888889,239.49523664624311,54.95992672040885
config_C,train,1810000,0.9111111111111111,0.10772621905369621,229.91332073760736,36.41863177537948,48.25434460887949,5,0.9111111111111111,229.91332073760736,48.25434460887949
config_C,train,1820000,0.9644444444444444,0.04331908597692872,271.6068145064479,66.79249780678086,54.0820202020202,5,0.9644444444444444,271.6068145064479,54.0820202020202
config_C,train,1830000,0.9644444444444444,0.03370166864022916,238.77116439647452,52.78944050561225,49.09517903285345,5,0.9644444444444444,238.77116439647452,49.09517903285345
config_C,train,1840000,0.9644444444444444,0.0677686696976751,274.16605278990687,106.76308336814296,55.216331738437,5,0.9644444444444444,274.16605278990687,55.216331738437
config_C,train,1850000,0.9422222222222223,0.06215163544712008,296.7408428950351,98.01853305691341,50.875125135584284,10,0.9422222222222223,296.7408428950351,50.875125135584284
config_C,train,1860000,0.9377777777777778,0.07601169500660915,240.48502558493615,43.17482250707969,51.805966957019585,5,0.9377777777777778,240.48502558493615,51.805966957019585
config_C,train,1870000,0.96,0.0427452979148252,268.47491560623575,46.03402291895208,56.0526168663378,5,0.96,268.47491560623575,56.0526168663378
config_C,train,1880000,0.96,0.06554613868334501,220.1813468973853,14.426122005263196,50.75854332801701,5,0.96,220.1813468973853,50.75854332801701
config_C,train,1890000,0.9555555555555555,0.06478835438717,231.4382452302143,22.929706662760502,51.302834588232386,5,0.9555555555555555,231.4382452302143,51.302834588232386
config_C,train,1900000,0.9111111111111111,0.05737753105492469,210.8114914981786,36.480446061989134,49.58721324635108,10,0.9111111111111111,210.8114914981786,49.58721324635108
config_C,train,1910000,0.9199999999999999,0.09635325950523906,229.60409277481608,59.22486274871704,52.25289552628146,5,0.9199999999999999,229.60409277481608,52.25289552628146
config_C,train,1920000,0.96,0.03296088216486955,252.33943036600394,19.76821188944096,49.603503325942356,5,0.96,252.33943036600394,49.603503325942356
config_C,train,1930000,0.9777777777777779,0.03142696805273545,227.79730409790926,44.17916157440113,50.78924326319675,5,0.9777777777777779,227.79730409790926,50.78924326319675
config_C,train,1940000,0.9822222222222223,0.024343224778007322,236.498738172419,24.79936473818564,52.78273901808785,5,0.9822222222222223,236.498738172419,52.78273901808785
config_C,train,1950000,0.9422222222222221,0.035058250566516215,260.1312771216993,41.95784460973809,49.15961038961039,10,0.9422222222222221,260.1312771216993,49.15961038961039
config_C,train,1960000,0.9733333333333333,0.02897423291201182,240.8023012182598,25.483315139732188,49.36455048827142,5,0.9733333333333333,240.8023012182598,49.36455048827142
config_C,train,1970000,0.9733333333333333,0.03651483716701103,200.45510991538194,50.52121702038867,49.44847745750185,5,0.9733333333333333,200.45510991538194,49.44847745750185
config_C,train,1980000,0.9644444444444444,0.025337231668869753,201.65256549635026,40.546934710920596,48.42940904057183,5,0.9644444444444444,201.65256549635026,48.42940904057183
config_C,train,1990000,0.8399999999999999,0.20330600909302537,271.0312678240231,77.50320025951558,57.47112114938202,5,0.8399999999999999,271.0312678240231,57.47112114938202
config_C,train,2000000,0.8444444444444444,0.19372884193514106,278.72553274426195,91.1220814324562,53.93409369088683,10,0.8444444444444444,278.72553274426195,53.93409369088683
config_C,train,2010000,0.9244444444444444,0.12028772091310538,216.30488168319988,61.24727153886895,52.25587825933756,5,0.9244444444444444,216.30488168319988,52.25587825933756
config_C,train,2020000,0.9333333333333332,0.052115730664704735,210.68255994371438,14.242051139652705,47.749084403968126,5,0.9333333333333332,210.68255994371438,47.749084403968126
config_C,train,2030000,0.8533333333333333,0.14281128011608557,241.27051059553514,46.13672956124594,53.74606563978657,5,0.8533333333333333,241.27051059553514,53.74606563978657
config_C,train,2040000,0.8933333333333333,0.08805161224959532,234.51502574418402,24.150320324908762,51.29381808008814,5,0.8933333333333333,234.51502574418402,51.29381808008814
config_C,train,2050000,0.9288888888888888,0.04030065335921608,242.68954396366098,22.986160594328673,51.030874721799286,10,0.9288888888888888,242.68954396366098,51.030874721799286
config_C,train,2060000,0.9688888888888888,0.043319085976928684,231.0152875732837,47.436965385484825,52.50977932636469,5,0.9688888888888888,231.0152875732837,52.50977932636469
config_C,train,2070000,0.9111111111111111,0.05665577237325319,206.47501983084095,43.67219868593925,46.25798225135434,5,0.9111111111111111,206.47501983084095,46.25798225135434
config_C,train,2080000,0.8133333333333332,0.13014711523863398,205.26401631179584,44.09449743186528,48.26724950724951,5,0.8133333333333332,205.26401631179584,48.26724950724951
config_C,train,2090000,0.7555555555555555,0.3083208205669246,205.2353335658166,74.02992078041538,55.680952380952384,5,0.7555555555555555,205.2353335658166,55.680952380952384
config_C,train,2100000,0.7466666666666667,0.3217237523707353,211.38656426491107,71.92280870993037,51.48862300839045,10,0.7466666666666667,211.38656426491107,51.48862300839045
config_C,train,2110000,0.7688888888888888,0.29797671629976413,212.36744384260396,60.650595527114696,53.02112643462489,5,0.7688888888888888,212.36744384260396,53.02112643462489
config_C,train,2120000,0.7911111111111111,0.38412960775701155,174.7372171745788,48.56207602862116,47.42064491064491,5,0.7911111111111111,174.7372171745788,47.42064491064491
config_C,train,2130000,0.7511111111111111,0.3683128031818257,210.32070542232015,64.35540806332058,60.82186868686868,5,0.7511111111111111,210.32070542232015,60.82186868686868
config_C,train,2140000,0.76,0.37031851488838063,209.08650453673076,78.90612025913431,53.02757105943152,5,0.76,209.08650453673076,53.02757105943152
config_C,train,2150000,0.7377777777777778,0.2900830021703239,210.93708594646108,61.54038756440347,56.36253015989858,10,0.7377777777777778,210.93708594646108,56.36253015989858
config_C,train,2160000,0.7244444444444444,0.27737748936230977,231.10490761013176,96.44821448231308,52.57901706137001,5,0.7244444444444444,231.10490761013176,52.57901706137001
config_C,train,2170000,0.6755555555555555,0.30249987246196675,229.229866149479,63.41064989474918,49.76378968253968,5,0.6755555555555555,229.229866149479,49.76378968253968
config_C,train,2180000,0.7244444444444444,0.2852765606378883,212.35584788334342,58.67448576179018,55.100223860223856,5,0.7244444444444444,212.35584788334342,55.100223860223856
config_C,train,2190000,0.7644444444444444,0.20463758992393485,177.04800531279912,21.927881642494032,50.81093434343434,5,0.7644444444444444,177.04800531279912,50.81093434343434
config_C,train,2200000,0.8444444444444444,0.11570740260602451,194.81805494173952,22.094244859572633,49.005139204008316,10,0.8444444444444444,194.81805494173952,49.005139204008316
config_C,train,2210000,0.8311111111111111,0.14107173553870117,179.96696976766708,28.005160301829328,47.51749296209069,5,0.8311111111111111,179.96696976766708,47.51749296209069
config_C,train,2220000,0.8444444444444444,0.13877773329774218,177.4891980115754,34.449069620344225,47.47058386325172,5,0.8444444444444444,177.4891980115754,47.47058386325172
config_C,train,2230000,0.8755555555555556,0.1095445115010332,213.34156594705024,44.82769534667227,49.10227530552261,5,0.8755555555555556,213.34156594705024,49.10227530552261
config_C,train,2240000,0.9155555555555555,0.07919346524980196,193.04104705687718,32.752076712702255,50.50816302560488,5,0.9155555555555555,193.04104705687718,50.50816302560488
config_C,train,2250000,0.9022222222222223,0.08962656866520992,184.2512662897969,19.661492672889686,45.826925064599486,10,0.9022222222222223,184.2512662897969,45.826925064599486
config_C,train,2260000,0.9155555555555555,0.06921071778843299,211.20238884674586,47.133178318223216,49.67503902160737,5,0.9155555555555555,211.20238884674586,49.67503902160737
config_C,train,2270000,0.9333333333333332,0.07856742013183857,200.29159436966916,33.743932315366436,51.87519312728615,5,0.9333333333333332,200.29159436966916,51.87519312728615
config_C,train,2280000,0.9022222222222223,0.13109227736669005,192.36811561848526,11.003665267335586,47.399579382024996,5,0.9022222222222223,192.36811561848526,47.399579382024996
config_C,train,2290000,0.8933333333333333,0.0986326267607651,218.66075403681378,72.69683171817539,50.8705796642382,5,0.8933333333333333,218.66075403681378,50.8705796642382
config_C,train,2300000,0.8622222222222222,0.08032854347689455,222.07535181736398,55.9566468306119,49.65718030813553,10,0.8622222222222222,222.07535181736398,49.65718030813553
config_C,train,2310000,0.9199999999999999,0.05794846582402355,203.93258312824614,39.33795966976399,53.6675313283208,5,0.9199999999999999,203.93258312824614,53.6675313283208
config_C,train,2320000,0.9244444444444445,0.04331908597692865,196.07731375986515,39.82570827685888,48.72421412960267,5,0.9244444444444445,196.07731375986515,48.72421412960267
config_C,train,2330000,0.9377777777777778,0.057520796024643495,198.71367156228786,55.495419960523954,46.131918167511806,5,0.9377777777777778,198.71367156228786,46.131918167511806
config_C,train,2340000,0.9288888888888888,0.07269078770576055,195.68748678467702,75.28574958312915,48.985230526509596,5,0.9288888888888888,195.68748678467702,48.985230526509596
config_C,train,2350000,0.96,0.022951012421969896,192.99820300581067,60.40080966926162,47.06423772609819,10,0.96,192.99820300581067,47.06423772609819
config_C,train,2360000,0.9377777777777776,0.08073734277593303,169.27308953274604,34.48813860504999,45.628556998556995,5,0.9377777777777776,169.27308953274604,45.628556998556995
config_C,train,2370000,0.9688888888888888,0.019876159799998083,203.4629069313067,50.89395260243718,46.31841202724924,5,0.9688888888888888,203.4629069313067,46.31841202724924
config_C,train,2380000,0.9333333333333332,0.10304020550550781,228.1587688224284,53.27591250106862,50.24630761395467,5,0.9333333333333332,228.1587688224284,50.24630761395467
config_C,train,2390000,0.9511111111111111,0.05752079602464349,206.8392335230893,45.9094410311299,49.44409090909091,5,0.9511111111111111,206.8392335230893,49.44409090909091
config_C,train,2400000,0.8577777777777778,0.1043366925135348,196.5372813697902,63.76311324158575,54.75015193956371,10,0.8577777777777778,196.5372813697902,54.75015193956371
config_C,train,2410000,0.8844444444444445,0.12412657816683503,184.12510567018458,58.42615401161291,48.012601274064686,5,0.8844444444444445,184.12510567018458,48.012601274064686
config_C,train,2420000,0.9111111111111111,0.1257078722109417,195.63841147705722,60.742833225737385,44.40171763720151,5,0.9111111111111111,195.63841147705722,44.40171763720151
config_C,train,2430000,0.9111111111111111,0.0955813918560292,199.1264045109492,76.52621322245093,47.93309662457766,5,0.9111111111111111,199.1264045109492,47.93309662457766
config_C,train,2440000,0.9244444444444444,0.10012338067616718,213.40523599787616,68.25881026194145,50.078355868585426,5,0.9244444444444444,213.40523599787616,50.078355868585426
config_C,train,2450000,0.9111111111111111,0.08764562641629066,236.38424519285292,85.35193223621245,52.58185889746331,10,0.9111111111111111,236.38424519285292,52.58185889746331
config_C,train,2460000,0.9244444444444444,0.1445298892578587,229.970599362951,61.42827002349296,50.42030303030303,5,0.9244444444444444,229.970599362951,50.42030303030303
config_C,train,2470000,0.888888888888889,0.1539600717839002,201.39432551612583,57.64652159717354,52.2887413029728,5,0.888888888888889,201.39432551612583,52.2887413029728
config_C,train,2480000,0.888888888888889,0.13517250067329373,206.35223629757306,67.72523353522269,52.32702980804724,5,0.888888888888889,206.35223629757306,52.32702980804724
config_C,train,2490000,0.9022222222222223,0.12432533982843877,202.12871721082766,47.00889897462349,49.292346491228066,5,0.9022222222222223,202.12871721082766,49.292346491228066
config_C,train,2500000,0.9155555555555555,0.12252487779635751,204.7878655054979,43.51107115060358,48.286801938579885,10,0.9155555555555555,204.7878655054979,48.286801938579885
config_C,train,2510000,0.8755555555555554,0.19600957396622165,215.65956108200294,57.387659080620395,49.016363636363636,5,0.8755555555555554,215.65956108200294,49.016363636363636
config_C,train,2520000,0.8666666666666666,0.21372648957412607,222.6830671136623,37.93041134786878,45.969415023748546,5,0.8666666666666666,222.6830671136623,45.969415023748546
config_C,train,2530000,0.8711111111111112,0.15267168033171263,215.84697983788692,15.912618621212763,45.55625031887085,5,0.8711111111111112,215.84697983788692,45.55625031887085
config_C,train,2540000,0.8666666666666666,0.1531560972454469,206.54233507052203,26.035915045414583,49.288652778493955,5,0.8666666666666666,206.54233507052203,49.288652778493955
config_C,train,2550000,0.8844444444444445,0.1400764047830852,216.66425834689556,37.20689431083335,45.84277537550368,10,0.8844444444444445,216.66425834689556,45.84277537550368
config_C,train,2560000,0.8800000000000001,0.10134892667547896,222.39595213132165,35.00916097152525,49.964164648690314,5,0.8800000000000001,222.39595213132165,49.964164648690314
config_C,train,2570000,0.8800000000000001,0.14622830112321866,222.79109138768618,24.05328542184249,54.40747103152095,5,0.8800000000000001,222.79109138768618,54.40747103152095
config_C,train,2580000,0.8711111111111112,0.14774017900973033,198.5769885941347,34.594403273261804,46.15728839383972,5,0.8711111111111112,198.5769885941347,46.15728839383972
config_C,train,2590000,0.8533333333333333,0.17398737005389672,200.91996729340914,19.385014698023983,51.1572285788467,5,0.8533333333333333,200.91996729340914,51.1572285788467
config_C,train,2600000,0.8800000000000001,0.17378226131692068,198.96982324578613,15.915954695255621,48.63753126271221,10,0.8800000000000001,198.96982324578613,48.63753126271221
config_C,train,2610000,0.8711111111111111,0.22738448430731525,191.50355007810631,35.91799030471623,48.09748917748918,5,0.8711111111111111,191.50355007810631,48.09748917748918
config_C,train,2620000,0.8666666666666666,0.20245407953653996,204.58596840919535,34.84135150020522,53.11766798418972,5,0.8666666666666666,204.58596840919535,53.11766798418972
config_C,train,2630000,0.8622222222222222,0.1766631725720159,176.78649345170487,17.47407439345466,46.89037567084078,5,0.8622222222222222,176.78649345170487,46.89037567084078
config_C,train,2640000,0.8488888888888889,0.13553733939535026,195.93666700707576,19.180423242905388,44.81167914242369,5,0.8488888888888889,195.93666700707576,44.81167914242369
config_C,train,2650000,0.8044444444444444,0.18348852391574558,192.8334485677058,31.85628839819289,48.824490635800984,10,0.8044444444444444,192.8334485677058,48.824490635800984
config_C,train,2660000,0.8488888888888889,0.13824294235551804,199.69323641313355,62.44796379711455,46.89547149029907,5,0.8488888888888889,199.69323641313355,46.89547149029907
config_C,train,2670000,0.8311111111111111,0.17680288249703185,181.75792424133323,40.566462688160435,45.82342550526115,5,0.8311111111111111,181.75792424133323,45.82342550526115
config_C,train,2680000,0.7822222222222222,0.2145336601981719,204.73202884865185,63.385152231405,49.56958905749603,5,0.7822222222222222,204.73202884865185,49.56958905749603
config_C,train,2690000,0.8088888888888889,0.21464872250743558,207.86094175963194,64.4432355474605,56.31503893010624,5,0.8088888888888889,207.86094175963194,56.31503893010624
config_C,train,2700000,0.8400000000000001,0.1846807945747842,198.90429177513556,41.939181707307235,52.69589894722618,10,0.8400000000000001,198.90429177513556,52.69589894722618
config_C,train,2710000,0.8,0.1898667498959451,208.34710423555035,46.789604298349445,49.90323800214123,5,0.8,208.34710423555035,49.90323800214123
config_C,train,2720000,0.7688888888888888,0.1836529201012834,237.65224745055124,85.12981501356691,53.947744143449334,5,0.7688888888888888,237.65224745055124,53.947744143449334
config_C,train,2730000,0.8533333333333333,0.13296244712579192,189.10089029763216,52.43827232397008,49.66672930963912,5,0.8533333333333333,189.10089029763216,49.66672930963912
config_C,train,2740000,0.8533333333333333,0.1560310193914841,192.119736966136,30.147927012523503,48.76033891614153,5,0.8533333333333333,192.119736966136,48.76033891614153
config_C,train,2750000,0.8577777777777778,0.11627506293539902,196.6640872072847,51.83572396096946,51.822929576761204,10,0.8577777777777778,196.6640872072847,51.822929576761204
config_C,train,2760000,0.8666666666666666,0.09558139185602917,190.68522979368308,34.03451001294433,47.942562262299106,5,0.8666666666666666,190.68522979368308,47.942562262299106
config_C,train,2770000,0.8400000000000001,0.16880114679851504,201.9084004706986,68.47606472500983,47.27638125802311,5,0.8400000000000001,201.9084004706986,47.27638125802311
config_C,train,2780000,0.711111111111111,0.30751894451328987,191.75248420457936,81.88947625395548,55.25638528138528,5,0.711111111111111,191.75248420457936,55.25638528138528
config_C,train,2790000,0.6977777777777777,0.37337301376426146,228.7055001624812,109.7937594156234,65.2357212554887,5,0.6977777777777777,228.7055001624812,65.2357212554887
config_C,train,2800000,0.6799999999999999,0.3281406236074011,165.01337025830526,63.88885168433347,51.39824217378386,10,0.6799999999999999,165.01337025830526,51.39824217378386
config_C,train,2810000,0.5777777777777778,0.3348115371848748,173.12297513569018,72.77917865133514,55.57852132983572,5,0.5777777777777778,173.12297513569018,55.57852132983572
config_C,train,2820000,0.6577777777777778,0.36467472399521694,194.20450201729741,67.82583353310235,60.425862605516,5,0.6577777777777778,194.20450201729741,60.425862605516
config_C,train,2830000,0.6222222222222221,0.38873012632302,178.71791796460502,43.242283015281714,58.66227272727273,5,0.6222222222222221,178.71791796460502,58.66227272727273
config_C,train,2840000,0.6622222222222223,0.3003701420285017,192.05098550255795,92.47641760287102,56.15252454862211,5,0.6622222222222223,192.05098550255795,56.15252454862211
config_C,train,2850000,0.6,0.2548837116160779,177.2178006250051,80.76035751431077,59.61845995254212,10,0.6,177.2178006250051,59.61845995254212
config_C,train,2860000,0.6044444444444445,0.31087292469535194,156.73769183234108,54.36143639996632,68.13442600403448,5,0.6044444444444445,156.73769183234108,68.13442600403448
config_C,train,2870000,0.6088888888888888,0.31995370035423937,168.2357057024878,41.09010443784897,55.0218315018315,5,0.6088888888888888,168.2357057024878,55.0218315018315
config_C,train,2880000,0.6266666666666667,0.29539678275035297,189.44755404952065,76.35141557192726,55.954929501343216,5,0.6266666666666667,189.44755404952065,55.954929501343216
config_C,train,2890000,0.5866666666666667,0.31840652639257055,186.0492171620522,80.50400885605978,60.557104582409465,5,0.5866666666666667,186.0492171620522,60.557104582409465
config_C,train,2900000,0.5911111111111111,0.28635163089421206,189.24370459934534,88.0190729957831,46.58169399352856,10,0.5911111111111111,189.24370459934534,46.58169399352856
config_C,train,2910000,0.5822222222222223,0.37363744227741014,170.7589951803106,86.22690361105703,57.54191734417344,5,0.5822222222222223,170.7589951803106,57.54191734417344
config_C,train,2920000,0.6444444444444444,0.33847880470506253,181.66739826804627,87.35368287213389,52.752694235588976,5,0.6444444444444444,181.66739826804627,52.752694235588976
config_C,train,2930000,0.6444444444444445,0.3395712619985806,205.27335291424916,90.66137828375723,49.65473503303906,5,0.6444444444444445,205.27335291424916,49.65473503303906
config_C,train,2940000,0.591111111111111,0.30493877142958986,212.985648605406,117.22333837062841,51.57921855921855,5,0.591111111111111,212.985648605406,51.57921855921855
config_C,train,2950000,0.6666666666666667,0.3100511042437978,192.507562525379,99.71749347879084,62.25853890981681,10,0.6666666666666667,192.507562525379,62.25853890981681
config_C,train,2960000,0.6311111111111111,0.30331501776206204,197.5812821780918,55.593029831858765,51.88835583354952,5,0.6311111111111111,197.5812821780918,51.88835583354952
config_C,train,2970000,0.6622222222222222,0.3286335345030997,155.91332904366004,73.13494390153463,53.15428571428572,5,0.6622222222222222,155.91332904366004,53.15428571428572
config_C,train,2980000,0.6711111111111111,0.31364051136670845,174.09191124506535,53.2621908826352,54.57228758169936,5,0.6711111111111111,174.09191124506535,54.57228758169936
config_C,train,2990000,0.671111111111111,0.31087292469535194,180.49569596163434,56.4702682808736,58.191080031080034,5,0.671111111111111,180.49569596163434,58.191080031080034
config_C,train,3000000,0.6444444444444445,0.36318964954463,168.76218505173543,61.655098034731324,60.268571428571434,10,0.6444444444444445,168.76218505173543,60.268571428571434
config_C,train,3010000,0.6799999999999999,0.30372177001368683,166.7976083800602,42.90975372829366,60.04113997113998,5,0.6799999999999999,166.7976083800602,60.04113997113998
config_C,train,3020000,0.6755555555555555,0.29756211095591995,158.59257567036536,57.345950217610316,50.02771561771562,5,0.6755555555555555,158.59257567036536,50.02771561771562
config_C,train,3030000,0.6577777777777778,0.36871481836773334,181.66143567230253,73.45315636216006,48.81650793650793,5,0.6577777777777778,181.66143567230253,48.81650793650793
config_C,train,3040000,0.7155555555555555,0.3233314242020766,178.55952477318837,81.10416179308456,57.942676767676765,5,0.7155555555555555,178.55952477318837,57.942676767676765
config_C,train,3050000,0.6933333333333334,0.2828039110871706,190.0156050745107,75.69157218688454,49.99312162898448,10,0.6933333333333334,190.0156050745107,49.99312162898448
config_C,train,3060000,0.7155555555555555,0.29789384139444836,187.5183265042274,92.81106351942725,53.194824441404464,5,0.7155555555555555,187.5183265042274,53.194824441404464
config_C,train,3070000,0.7066666666666667,0.2894865612352367,229.74055465800748,36.6538545422728,58.09308080808081,5,0.7066666666666667,229.74055465800748,58.09308080808081
config_C,train,3080000,0.7066666666666667,0.30526248571546616,205.3753974351303,78.19178158123258,52.65291943828529,5,0.7066666666666667,205.3753974351303,52.65291943828529
config_C,train,3090000,0.6844444444444445,0.2588674287719727,213.35490813689393,101.42539400231902,50.51553584812701,5,0.6844444444444445,213.35490813689393,50.51553584812701
config_C,train,3100000,0.6977777777777778,0.2705884457915466,207.3581545807379,101.92760858357128,50.62377729550144,10,0.6977777777777778,207.3581545807379,50.62377729550144
config_C,train,3110000,0.7066666666666667,0.25210227201585383,203.2359387442603,119.3622164682992,52.7323076923077,5,0.7066666666666667,203.2359387442603,52.7323076923077
config_C,train,3120000,0.6977777777777778,0.2650879192612738,209.20851748581782,76.28647488611465,52.23639401913971,5,0.6977777777777778,209.20851748581782,52.23639401913971
config_C,train,3130000,0.6755555555555555,0.27782221866723544,212.8689388652254,119.89802556159825,60.05654467483737,5,0.6755555555555555,212.8689388652254,60.05654467483737
config_C,train,3140000,0.7066666666666667,0.26592489425158383,198.84302274196926,71.74255622888414,53.73053044972384,5,0.7066666666666667,198.84302274196926,53.73053044972384
config_C,train,3150000,0.6977777777777778,0.25557165810782606,228.46980677850587,104.83850736510936,53.477619047619044,10,0.6977777777777778,228.46980677850587,53.477619047619044
config_C,train,3160000,0.6888888888888889,0.2434322477800738,238.60248873682576,83.23214489784144,47.97251633986928,5,0.6888888888888889,238.60248873682576,47.97251633986928
config_C,train,3170000,0.7066666666666667,0.26592489425158383,246.07198159431147,59.93438209907941,51.386274509803926,5,0.7066666666666667,246.07198159431147,51.386274509803926
config_C,train,3180000,0.671111111111111,0.25210227201585383,226.41503439736115,66.26459652635603,52.361504965622615,5,0.671111111111111,226.41503439736115,52.361504965622615
config_C,train,3190000,0.7155555555555555,0.24765567494675614,251.736578125426,81.40584713664975,53.142647058823535,5,0.7155555555555555,251.736578125426,53.142647058823535
config_C,train,3200000,0.6755555555555556,0.2363880003174897,225.46204395271621,22.119911213638176,56.45292250233426,10,0.6755555555555556,225.46204395271621,56.45292250233426
config_C,train,3210000,0.6622222222222222,0.2598195004989159,237.28414263800346,45.86506570630646,57.18362193362193,5,0.6622222222222222,237.28414263800346,57.18362193362193
config_C,train,3220000,0.6488888888888888,0.1946189692961006,219.0159658429217,35.99487478956825,54.800554920395804,5,0.6488888888888888,219.0159658429217,54.800554920395804
config_C,train,3230000,0.6711111111111111,0.19077489805630893,254.46004123097572,31.113128521621835,61.18341952165482,5,0.6711111111111111,254.46004123097572,61.18341952165482
config_C,train,3240000,0.711111111111111,0.20245407953654002,272.41875774395373,92.43270944164806,59.930105357652124,5,0.711111111111111,272.41875774395373,59.930105357652124
config_C,train,3250000,0.6977777777777778,0.19798712737526653,249.76494864331784,55.03789934264036,60.17400929332938,10,0.6977777777777778,249.76494864331784,60.17400929332938
config_C,train,3260000,0.72,0.25121924908555693,236.58863849196268,74.04516961036168,57.161212121212124,5,0.72,236.58863849196268,57.161212121212124
config_C,train,3270000,0.6844444444444445,0.30078087672335346,266.0689020257206,93.21938604624007,61.39109227120399,5,0.6844444444444445,266.0689020257206,61.39109227120399
config_C,train,3280000,0.6577777777777778,0.32072448851134555,264.86653787527763,105.08384458348924,75.9984916246544,5,0.6577777777777778,264.86653787527763,75.9984916246544
config_C,train,3290000,0.6666666666666666,0.34676636742949407,198.36503283569596,67.892365882146,63.80643274853801,5,0.6666666666666666,198.36503283569596,63.80643274853801
config_C,train,3300000,0.6355555555555555,0.3479432020880516,259.8858659550516,41.332637085156705,56.042174002468116,10,0.6355555555555555,259.8858659550516,56.042174002468116
config_C,train,3310000,0.7022222222222222,0.3085609770259517,234.61743602333118,76.07941818807981,55.368617091972354,5,0.7022222222222222,234.61743602333118,55.368617091972354
config_C,train,3320000,0.7022222222222222,0.2822309709930048,255.88416872703206,136.89067581648519,67.41448241846498,5,0.7022222222222222,255.88416872703206,67.41448241846498
config_C,train,3330000,0.7155555555555555,0.25550724180986323,237.0588795610053,76.55533053723387,62.317694445099164,5,0.7155555555555555,237.0588795610053,62.317694445099164
config_C,train,3340000,0.7022222222222222,0.24170178544317736,211.19796231927384,57.37477874105832,56.90197691197691,5,0.7022222222222222,211.19796231927384,56.90197691197691
config_C,train,3350000,0.6666666666666667,0.26830770779666424,181.10837996659797,79.11016782987001,53.93867180222433,10,0.6666666666666667,181.10837996659797,53.93867180222433
config_C,train,3360000,0.6799999999999999,0.1972652535215302,192.82890348966922,55.40056397997687,61.184217267552185,5,0.6799999999999999,192.82890348966922,61.184217267552185
config_C,train,3370000,0.6977777777777778,0.20643954066655273,204.46458214582907,62.46031750276721,61.0542142374191,5,0.6977777777777778,204.46458214582907,61.0542142374191
config_C,train,3380000,0.7333333333333333,0.22277708506403804,216.92180101255727,50.288129086445274,57.608840048840044,5,0.7333333333333333,216.92180101255727,57.608840048840044
config_C,train,3390000,0.7333333333333334,0.16850834320114558,206.75457530953653,37.06624025139672,58.72027454905326,5,0.7333333333333334,206.75457530953653,58.72027454905326
config_C,train,3400000,0.7333333333333333,0.16891487779246486,232.62125908864428,52.455651964424916,51.4011537176274,10,0.7333333333333333,232.62125908864428,51.4011537176274
config_C,train,3410000,0.7422222222222221,0.20881795485926236,182.40045114466682,55.96778769568555,54.70885780885781,5,0.7422222222222221,182.40045114466682,54.70885780885781
config_C,train,3420000,0.76,0.17025761163891512,226.47823633466845,49.73145969694542,56.900191570881226,5,0.76,226.47823633466845,56.900191570881226
config_C,train,3430000,0.7333333333333333,0.17777777777777773,206.45026671941577,82.66970330851964,53.723987862495925,5,0.7333333333333333,206.45026671941577,53.723987862495925
config_C,train,3440000,0.7466666666666667,0.2064395406665527,209.05395392289165,90.11434684320106,63.32521872863979,5,0.7466666666666667,209.05395392289165,63.32521872863979
config_C,train,3450000,0.7511111111111111,0.20226427455853052,223.01748178548368,88.119426626838,53.786864079699384,10,0.7511111111111111,223.01748178548368,53.786864079699384
config_C,train,3460000,0.7466666666666667,0.25366450089112913,210.68422333825,90.2320536345664,50.45024052065648,5,0.7466666666666667,210.68422333825,50.45024052065648
config_C,train,3470000,0.7288888888888889,0.21221931353445905,229.0931221743022,28.838938507685246,49.96443335775668,5,0.7288888888888889,229.0931221743022,49.96443335775668
config_C,train,3480000,0.7644444444444444,0.2157959713121816,223.94117725738278,102.49723773629843,54.38386215053138,5,0.7644444444444444,223.94117725738278,54.38386215053138
config_C,train,3490000,0.7244444444444444,0.19219331831501912,189.4934417810643,61.95621882287684,59.20102477477477,5,0.7244444444444444,189.4934417810643,59.20102477477477
config_C,train,3500000,0.7066666666666667,0.22970130303187325,203.89290259901486,79.29780142446432,52.89997113997115,10,0.7066666666666667,203.89290259901486,52.89997113997115
config_C,train,3510000,0.6977777777777778,0.24675674031095668,227.17081487038553,67.55731042533746,64.12531266442177,5,0.6977777777777778,227.17081487038553,64.12531266442177
config_C,train,3520000,0.72,0.24525119397904702,229.5788638890943,60.894872966732756,55.16451599983979,5,0.72,229.5788638890943,55.16451599983979
config_C,train,3530000,0.7511111111111111,0.2185247958922581,218.07582011662626,45.59947021334824,55.822236392472334,5,0.7511111111111111,218.07582011662626,55.822236392472334
config_C,train,3540000,0.7066666666666667,0.19077489805630887,219.36855909791288,37.34499021861082,53.78060153354271,5,0.7066666666666667,219.36855909791288,53.78060153354271
config_C,train,3550000,0.7777777777777777,0.17149388004133664,188.68283846297626,27.705251783170066,53.37869587717785,10,0.7777777777777777,188.68283846297626,53.37869587717785
config_C,train,3560000,0.7466666666666667,0.15283332323599463,203.041948865783,44.683172545854006,51.47077197802198,5,0.7466666666666667,203.041948865783,51.47077197802198
config_C,train,3570000,0.7777777777777778,0.1756820922315766,221.93565253569477,71.23006824216014,57.510218893107115,5,0.7777777777777778,221.93565253569477,57.510218893107115
config_C,train,3580000,0.7777777777777778,0.1648044108243481,225.71610668782978,57.4955936744554,57.24856381192907,5,0.7777777777777778,225.71610668782978,57.24856381192907
config_C,train,3590000,0.7644444444444444,0.2040334032202316,231.7509943014069,55.657212665395406,55.833735838300754,5,0.7644444444444444,231.7509943014069,55.833735838300754
config_C,train,3600000,0.76,0.19053026863138103,230.64028096352922,36.3373278202654,52.37888575679274,10,0.76,230.64028096352922,52.37888575679274
config_C,train,3610000,0.768888888888889,0.1591644851508443,230.758069663564,25.032201540191988,50.88102258607471,5,0.768888888888889,230.758069663564,50.88102258607471
config_C,train,3620000,0.7688888888888888,0.17040257344605164,188.03247421914483,24.572618416874075,50.96361638361638,5,0.7688888888888888,188.03247421914483,50.96361638361638
config_C,train,3630000,0.7244444444444444,0.19913392726417647,208.87914280516816,49.597575827993815,51.70650754367633,5,0.7244444444444444,208.87914280516816,51.70650754367633
config_C,train,3640000,0.7511111111111111,0.219651800767139,230.41790541288333,45.957390710864466,53.71507547882642,5,0.7511111111111111,230.41790541288333,53.71507547882642
config_C,train,3650000,0.7288888888888889,0.16390301257409579,292.83057293028025,89.20556271298135,60.85814536540117,10,0.7288888888888889,292.83057293028025,60.85814536540117
config_C,train,3660000,0.711111111111111,0.22933074933944764,265.7330135854427,89.87295216667542,51.71256891256892,5,0.711111111111111,265.7330135854427,51.71256891256892
config_C,train,3670000,0.7466666666666666,0.15523777063620428,199.77916407000427,66.79963614774178,51.20326007326007,5,0.7466666666666666,199.77916407000427,51.20326007326007
config_C,train,3680000,0.7466666666666667,0.19154988390675512,234.4076906621611,72.40951503353433,52.95108281038514,5,0.7466666666666667,234.4076906621611,52.95108281038514
config_C,train,3690000,0.7688888888888888,0.1171682340130139,209.64658740275155,50.953802264678586,53.134242731575384,5,0.7688888888888888,209.64658740275155,53.134242731575384
config_C,train,3700000,0.6844444444444444,0.10825970907523025,189.82183077394924,43.952556587532186,55.462196251681554,10,0.6844444444444444,189.82183077394924,55.462196251681554
config_C,train,3710000,0.6933333333333334,0.15104573749303496,188.8410407283633,47.04239941243716,54.77932497473855,5,0.6933333333333334,188.8410407283633,54.77932497473855
config_C,train,3720000,0.6844444444444445,0.13913311859998695,208.70278785604955,67.99960355170641,56.88931750147962,5,0.6844444444444445,208.70278785604955,56.88931750147962
config_C,train,3730000,0.7066666666666667,0.17313378827362177,171.70528701455936,64.90137353285887,53.23878648233487,5,0.7066666666666667,171.70528701455936,53.23878648233487
config_C,train,3740000,0.6666666666666666,0.16555182695279264,186.43710253443422,43.51146398071104,52.89637946594469,5,0.6666666666666666,186.43710253443422,52.89637946594469
config_C,train,3750000,0.6711111111111111,0.12864173834721426,180.3850958079044,49.063203884918686,54.433698924731175,10,0.6711111111111111,180.3850958079044,54.433698924731175
config_C,train,3760000,0.6933333333333334,0.11695730992836235,199.1430587809092,63.3183677902341,58.524679574895096,5,0.6933333333333334,199.1430587809092,58.524679574895096
config_C,train,3770000,0.6488888888888888,0.09987646690775215,208.4482386351013,41.4470361068967,58.713890701890705,5,0.6488888888888888,208.4482386351013,58.713890701890705
config_C,train,3780000,0.64,0.12804320258567053,234.22165031927588,55.81878137968376,54.211277111067986,5,0.64,234.22165031927588,54.211277111067986
config_C,train,3790000,0.5822222222222222,0.18284446605088192,246.6777599508182,77.33881188103294,55.35015365210412,5,0.5822222222222222,246.6777599508182,55.35015365210412
config_C,train,3800000,0.6266666666666667,0.17238741579601607,272.47072947254304,124.6413883178493,57.10742799683976,10,0.6266666666666667,272.47072947254304,57.10742799683976
config_C,train,3810000,0.5911111111111111,0.17819395730426185,222.59493227923122,56.144525714949864,54.223616628705614,5,0.5911111111111111,222.59493227923122,54.223616628705614
config_C,train,3820000,0.6133333333333334,0.20703670575737101,202.66905125625607,68.64770444032145,54.433502370263604,5,0.6133333333333334,202.66905125625607,54.433502370263604
config_C,train,3830000,0.6755555555555556,0.19154988390675515,220.68848913613687,51.98260397235519,57.79351402471659,5,0.6755555555555556,220.68848913613687,57.79351402471659
config_C,train,3840000,0.64,0.15267168033171258,247.85260382451142,38.980028387345584,56.45567958333604,5,0.64,247.85260382451142,56.45567958333604
config_C,train,3850000,0.6222222222222222,0.15748364167014298,237.42994533674732,74.90583685995956,62.30093075826822,10,0.6222222222222222,237.42994533674732,62.30093075826822
config_C,train,3860000,0.5866666666666667,0.18162503770402266,255.06546894461508,56.35911260082729,60.6798589210354,5,0.5866666666666667,255.06546894461508,60.6798589210354
config_C,train,3870000,0.6222222222222222,0.21023208809360558,217.04413242199863,55.20855350187687,67.39839017351213,5,0.6222222222222222,217.04413242199863,67.39839017351213
config_C,train,3880000,0.6177777777777778,0.2284677895551089,267.6799434284755,60.14299141657461,69.23465437788018,5,0.6177777777777778,267.6799434284755,69.23465437788018
config_C,train,3890000,0.6,0.20061633428075326,236.431439993684,93.97208513311799,61.70329781704781,5,0.6,236.431439993684,61.70329781704781
config_C,train,3900000,0.5955555555555556,0.19053026863138106,272.57240409924776,122.27005954829202,56.648374363327676,10,0.5955555555555556,272.57240409924776,56.648374363327676
config_C,train,3910000,0.5777777777777777,0.27577052546646347,244.9722217687413,51.71342210093063,53.53313725490195,5,0.5777777777777777,244.9722217687413,53.53313725490195
config_C,train,3920000,0.6355555555555557,0.2522001948286419,274.05715607825647,36.52006046834047,54.28494788409423,5,0.6355555555555557,274.05715607825647,54.28494788409423
config_C,train,3930000,0.6622222222222222,0.24515049547593973,235.08658056230223,79.3052462094723,51.69167660530637,5,0.6622222222222222,235.08658056230223,51.69167660530637
config_C,train,3940000,0.6666666666666667,0.20061633428075323,221.51700567741688,66.92558604720277,60.376509528981934,5,0.6666666666666667,221.51700567741688,60.376509528981934
config_C,train,3950000,0.6844444444444444,0.16721719774248842,248.08753547936158,61.97717684239477,62.94871794871794,10,0.6844444444444444,248.08753547936158,62.94871794871794
config_C,train,3960000,0.6977777777777778,0.18026044258376217,220.68050937381108,48.9041153244604,61.767629072681714,5,0.6977777777777778,220.68050937381108,61.767629072681714
config_C,train,3970000,0.6666666666666666,0.2114033065604494,234.89171638330126,58.8933609133054,63.45351065351065,5,0.6666666666666666,234.89171638330126,63.45351065351065
config_C,train,3980000,0.6177777777777778,0.22299864363203736,273.8958117437266,75.40690531455405,66.89896074657051,5,0.6177777777777778,273.8958117437266,66.89896074657051
config_C,train,3990000,0.6666666666666666,0.25482988758177144,315.04704856616775,99.05053003189549,64.9715614973262,5,0.6666666666666666,315.04704856616775,64.9715614973262
config_C,train,4000000,0.6977777777777778,0.1929341700278484,271.5395451975925,58.01236630165855,61.12251479834996,10,0.6977777777777778,271.5395451975925,61.12251479834996
config_C,train,4010000,0.6844444444444445,0.21510835627253447,214.34403831734534,74.43281937791406,58.725703316556974,5,0.6844444444444445,214.34403831734534,58.725703316556974
config_C,train,4020000,0.6444444444444445,0.16703662642636566,227.92344363823258,61.055959715170225,57.09127832285727,5,0.6444444444444445,227.92344363823258,57.09127832285727
config_C,train,4030000,0.6355555555555557,0.1869838574930012,278.37699190829517,45.2697890255749,63.90908643570467,5,0.6355555555555557,278.37699190829517,63.90908643570467
config_C,train,4040000,0.6355555555555555,0.22585912795150068,277.3901517058292,55.516621644519155,64.42478298787509,5,0.6355555555555555,277.3901517058292,64.42478298787509
config_C,train,4050000,0.6222222222222222,0.2182358498171294,277.58701653132334,102.40356633800678,56.4525303030303,10,0.6222222222222222,277.58701653132334,56.4525303030303
config_C,train,4060000,0.64,0.21908902300206642,276.5422193475929,118.6973736015538,67.29629251035702,5,0.64,276.5422193475929,67.29629251035702
config_C,train,4070000,0.7022222222222222,0.19537870791407352,290.552318194081,116.21213264711207,63.74545584045584,5,0.7022222222222222,290.552318194081,63.74545584045584
config_C,train,4080000,0.7244444444444443,0.20403340322023159,258.89586245547116,126.43346549439954,61.60836274384801,5,0.7244444444444443,258.89586245547116,61.60836274384801
config_C,train,4090000,0.7333333333333333,0.22110831935702666,210.9411610309372,48.96914043250778,58.284376114082,5,0.7333333333333333,210.9411610309372,58.284376114082
config_C,train,4100000,0.7288888888888889,0.23302154359741345,216.3223486835555,42.550903304558986,51.23018633540373,10,0.7288888888888889,216.3223486835555,51.23018633540373
config_C,train,4110000,0.6844444444444444,0.31166617151871934,247.19103730154606,58.73915884570442,64.25743440388749,5,0.6844444444444444,247.19103730154606,64.25743440388749
config_C,train,4120000,0.7022222222222222,0.267867665872074,201.6376736784167,62.98277219111983,56.00113337642749,5,0.7022222222222222,201.6376736784167,56.00113337642749
config_C,train,4130000,0.7022222222222222,0.2526892396835525,205.89539240596005,62.349381484220956,63.42574074074074,5,0.7022222222222222,205.89539240596005,63.42574074074074
config_C,train,4140000,0.6844444444444444,0.2202131402993333,237.36201619480534,72.35674338114254,61.663695460166046,5,0.6844444444444444,237.36201619480534,61.663695460166046
config_C,train,4150000,0.6533333333333333,0.26691346604079286,230.28650538271444,71.02283504759535,65.57263269702294,10,0.6533333333333333,230.28650538271444,65.57263269702294
config_C,train,4160000,0.6444444444444445,0.24695678634325416,248.36095979848128,53.80097091213207,57.72901155327342,5,0.6444444444444445,248.36095979848128,57.72901155327342
config_C,train,4170000,0.6755555555555556,0.2247632499287162,187.09244064872527,54.74085560275158,58.32489215949043,5,0.6755555555555556,187.09244064872527,58.32489215949043
config_C,train,4180000,0.6444444444444445,0.2154524381073924,217.09470289900682,54.241809164612846,53.90165603402446,5,0.6444444444444445,217.09470289900682,53.90165603402446
config_C,train,4190000,0.6755555555555556,0.1696765259450762,173.6612934928829,44.740224538097905,52.21834912214223,5,0.6755555555555556,173.6612934928829,52.21834912214223
config_C,train,4200000,0.6266666666666667,0.2065591117977289,222.5908539417482,40.068077585497846,55.43180033416875,10,0.6266666666666667,222.5908539417482,55.43180033416875
config_C,train,4210000,0.6444444444444445,0.2367475083629169,219.66607092058956,69.13401760442855,54.93119843924192,5,0.6444444444444445,219.66607092058956,54.93119843924192
config_C,train,4220000,0.6488888888888888,0.2364344191692513,196.69409475491813,51.66209069529109,49.552116441779106,5,0.6488888888888888,196.69409475491813,49.552116441779106
config_C,train,4230000,0.6577777777777778,0.2546360268556661,234.4082310972518,58.22067934114798,58.32269859205835,5,0.6577777777777778,234.4082310972518,58.32269859205835
config_C,train,4240000,0.6888888888888889,0.22716720333623192,239.80793831517377,46.59610985483796,53.780671134599245,5,0.6888888888888889,239.80793831517377,53.780671134599245
config_C,train,4250000,0.6711111111111111,0.20602715337709596,196.36629132111761,57.92512794114149,60.89440300028535,10,0.6711111111111111,196.36629132111761,60.89440300028535
config_C,train,4260000,0.6622222222222222,0.22574977954133862,244.1126086812902,102.89669307752358,49.74172494172494,5,0.6622222222222222,244.1126086812902,49.74172494172494
config_C,train,4270000,0.6577777777777778,0.20221001184137471,224.98413854553587,57.152196266289636,55.63687494252404,5,0.6577777777777778,224.98413854553587,55.63687494252404
config_C,train,4280000,0.6133333333333333,0.22803508501982755,226.81077567274374,71.01021177290583,55.748302378624956,5,0.6133333333333333,226.81077567274374,55.748302378624956
config_C,train,4290000,0.6444444444444445,0.29144171219119996,222.6303999303057,60.94822096463402,55.37255709976298,5,0.6444444444444445,222.6303999303057,55.37255709976298
config_C,train,4300000,0.6577777777777778,0.24325186076176342,190.0488213070169,55.700834430406545,58.176623376623375,10,0.6577777777777778,190.0488213070169,58.176623376623375
config_C,train,4310000,0.6622222222222222,0.2579118425325183,203.20721125092388,31.7033076915534,52.34670459933618,5,0.6622222222222222,203.20721125092388,52.34670459933618
config_C,train,4320000,0.6844444444444444,0.24565357520774184,195.79647600058448,46.685228887042236,65.43145875441292,5,0.6844444444444444,195.79647600058448,65.43145875441292
config_C,train,4330000,0.6533333333333333,0.2517101998158955,201.50167541184487,34.690604660112626,58.53844611528822,5,0.6533333333333333,201.50167541184487,58.53844611528822
config_C,train,4340000,0.6222222222222221,0.2519063121945474,168.23957159729875,58.49064291734568,51.49765075504206,5,0.6222222222222221,168.23957159729875,51.49765075504206
config_C,train,4350000,0.6488888888888888,0.2164180276423721,173.70624312671524,45.27593207151046,68.88538611925709,10,0.6488888888888888,173.70624312671524,68.88538611925709
config_C,train,4360000,0.6844444444444444,0.24565357520774184,201.15375559255313,88.02430132713666,60.377517988519685,5,0.6844444444444444,201.15375559255313,60.377517988519685
config_C,train,4370000,0.6711111111111111,0.25210227201585383,193.78724589015687,64.71294922255122,55.33291005291005,5,0.6711111111111111,193.78724589015687,55.33291005291005
config_C,train,4380000,0.6711111111111111,0.26592489425158383,187.98301979332115,89.0471368407725,57.65851177437385,5,0.6711111111111111,187.98301979332115,57.65851177437385
config_C,train,4390000,0.6844444444444444,0.2598195004989159,159.76114828092582,66.70170784867264,54.29355065633291,5,0.6844444444444444,159.76114828092582,54.29355065633291
config_C,train,4400000,0.6622222222222222,0.24043855678421747,184.52968238758862,45.634600041171964,55.06727011292528,10,0.6622222222222222,184.52968238758862,55.06727011292528
config_C,train,4410000,0.6533333333333333,0.23179386329609414,189.90057386060795,105.01867621785117,54.50559205500382,5,0.6533333333333333,189.90057386060795,54.50559205500382
config_C,train,4420000,0.6355555555555555,0.2636870573189568,185.1973715864467,80.40954492823369,63.73860028860029,5,0.6355555555555555,185.1973715864467,63.73860028860029
config_C,train,4430000,0.6533333333333333,0.24575406757243112,156.45768396248292,66.86984975026483,56.27589225589226,5,0.6533333333333333,156.45768396248292,56.27589225589226
config_C,train,4440000,0.6622222222222222,0.1946189692961005,171.91109453803307,75.76689099678185,62.849373048184304,5,0.6622222222222222,171.91109453803307,62.849373048184304
config_C,train,4450000,0.6622222222222222,0.23396152943703322,169.1937966913583,67.05244236498464,51.9083170995671,10,0.6622222222222222,169.1937966913583,51.9083170995671
config_C,train,4460000,0.6355555555555555,0.2354926540753592,168.41330760863303,57.18850276970004,52.16801015076877,5,0.6355555555555555,168.41330760863303,52.16801015076877
config_C,train,4470000,0.6311111111111111,0.26038907261212485,155.13470649003426,63.195504192769945,48.572683982683984,5,0.6311111111111111,155.13470649003426,48.572683982683984
config_C,train,4480000,0.6533333333333333,0.2715297314507721,204.78061833330898,71.52790799457655,69.09985611598515,5,0.6533333333333333,204.78061833330898,69.09985611598515
config_C,train,4490000,0.6222222222222221,0.24545246704860582,183.92098012620963,98.19686224129283,61.84904761904761,5,0.6222222222222221,183.92098012620963,61.84904761904761
config_C,train,4500000,0.5688888888888888,0.19122018133644508,190.97668855243583,104.00144689419209,62.736886207474434,10,0.5688888888888888,190.97668855243583,62.736886207474434
config_C,train,4510000,0.5911111111111111,0.2507273370234371,148.5106581676636,51.7585157133436,67.18024340770792,5,0.5911111111111111,148.5106581676636,67.18024340770792
config_C,train,4520000,0.5911111111111111,0.2365388282797365,142.64356074929879,64.69906516086888,52.86330486726617,5,0.5911111111111111,142.64356074929879,52.86330486726617
config_C,train,4530000,0.6088888888888888,0.24874996122587945,178.1721912084832,78.05298537151468,61.90103720840564,5,0.6088888888888888,178.1721912084832,61.90103720840564
config_C,train,4540000,0.5777777777777777,0.24795459560468222,196.13535496659628,102.99609972718936,62.89017911010558,5,0.5777777777777777,196.13535496659628,62.89017911010558
config_C,train,4550000,0.5377777777777778,0.2485182425344827,194.37580445811966,81.78815065758346,56.44412024756853,10,0.5377777777777778,194.37580445811966,56.44412024756853
config_C,train,4560000,0.5688888888888888,0.28003527114708204,213.94951611238145,67.95607926036769,79.60667831982626,5,0.5688888888888888,213.94951611238145,79.60667831982626
config_C,train,4570000,0.6088888888888888,0.2778222186672355,220.3857233233858,128.17757709800392,58.76394241417497,5,0.6088888888888888,220.3857233233858,58.76394241417497
config_C,train,4580000,0.6133333333333333,0.26462178927296354,202.82670296644224,105.82956787554782,60.52969378708313,5,0.6133333333333333,202.82670296644224,60.52969378708313
config_C,train,4590000,0.6222222222222222,0.2383067843280802,204.34202684132478,115.77798709244753,64.07766341576686,5,0.6222222222222222,204.34202684132478,64.07766341576686
config_C,train,4600000,0.5866666666666667,0.25254805733167457,204.31907448186334,112.10035788752542,55.88387471432318,10,0.5866666666666667,204.31907448186334,55.88387471432318
config_C,train,4610000,0.5644444444444445,0.23338623738873107,174.02949086519183,77.06114588617514,66.24448189439116,5,0.5644444444444445,174.02949086519183,66.24448189439116
config_C,train,4620000,0.5599999999999999,0.2851899951494325,204.1275985602937,80.4278276600805,52.93446907498632,5,0.5599999999999999,204.1275985602937,52.93446907498632
config_C,train,4630000,0.5822222222222222,0.28301725288769725,170.33412630924565,81.56376227051028,68.9475,5,0.5822222222222222,170.33412630924565,68.9475
config_C,train,4640000,0.5422222222222223,0.2580075604213332,172.99860079308593,90.339621267231,55.71503329890754,5,0.5422222222222223,172.99860079308593,55.71503329890754
config_C,train,4650000,0.5288888888888889,0.2386059191145273,186.31823473764337,102.43340208943071,51.11892337681812,10,0.5288888888888889,186.31823473764337,51.11892337681812
config_C,train,4660000,0.5688888888888889,0.26086276605918557,180.84198845136584,83.62141676889864,51.79676054386844,5,0.5688888888888889,180.84198845136584,51.79676054386844
config_C,train,4670000,0.5377777777777777,0.20631990023884733,193.03350948336518,79.1144124466133,59.39261904761905,5,0.5377777777777777,193.03350948336518,59.39261904761905
config_C,train,4680000,0.5688888888888888,0.22088486470736318,148.7507715624731,56.321668402127294,60.284702380952375,5,0.5688888888888888,148.7507715624731,60.284702380952375
config_C,train,4690000,0.4844444444444444,0.18284446605088192,172.79528925752484,75.32461951862865,52.22952299102974,5,0.4844444444444444,172.79528925752484,52.22952299102974
config_C,train,4700000,0.49777777777777776,0.17123772772503576,152.6169306001736,63.33587573948332,50.388003663003666,10,0.49777777777777776,152.6169306001736,50.388003663003666
config_C,train,4710000,0.49777777777777776,0.19789010543016164,175.26518426204,68.23824609868998,48.0818144499179,5,0.49777777777777776,175.26518426204,48.0818144499179
config_C,train,4720000,0.5688888888888889,0.23444181146494109,151.27979068156955,61.17990400768248,50.79476600985222,5,0.5688888888888889,151.27979068156955,50.79476600985222
config_C,train,4730000,0.5688888888888889,0.24119046313271358,205.68228606504454,90.18801501885909,63.857374978665305,5,0.5688888888888889,205.68228606504454,63.857374978665305
config_C,train,4740000,0.5599999999999999,0.21852479589225823,189.74508835511534,80.78995495923037,66.23770801331285,5,0.5599999999999999,189.74508835511534,66.23770801331285
config_C,train,4750000,0.5822222222222222,0.20388544081586693,168.52968918685733,53.09474671668754,63.498655913978496,10,0.5822222222222222,168.52968918685733,63.498655913978496
config_C,train,4760000,0.5822222222222222,0.24515049547593978,177.79728649625412,65.11760804301603,54.40814212832468,5,0.5822222222222222,177.79728649625412,54.40814212832468
config_C,train,4770000,0.5777777777777777,0.23985592383247673,179.97856082983327,81.0315680716173,63.21389069264069,5,0.5777777777777777,179.97856082983327,63.21389069264069
config_C,train,4780000,0.47555555555555556,0.2437363481457114,228.7664283260505,149.59258325573256,59.85809593632174,5,0.47555555555555556,228.7664283260505,59.85809593632174
config_C,train,4790000,0.5022222222222222,0.2123356299660668,148.99719571943484,58.111697938520784,51.647860791826304,5,0.5022222222222222,148.99719571943484,51.647860791826304
config_C,train,4800000,0.5066666666666666,0.18408562449788526,177.06803576844646,64.29500049560582,63.83695138195138,10,0.5066666666666666,177.06803576844646,63.83695138195138
config_C,train,4810000,0.49333333333333335,0.16806818134390253,188.12295932204847,87.68601145280206,52.16249919484702,5,0.49333333333333335,188.12295932204847,52.16249919484702
config_C,train,4820000,0.5422222222222223,0.2052399980270012,205.36052842646131,124.52227163921036,55.679789272030646,5,0.5422222222222223,205.36052842646131,55.679789272030646
config_C,train,4830000,0.5066666666666666,0.20330600909302549,182.51666417656674,107.77687935163164,55.34080459770115,5,0.5066666666666666,182.51666417656674,55.34080459770115
config_C,train,4840000,0.4888888888888888,0.17984904506931831,229.95455755938093,153.57099269887476,74.19680134680135,5,0.4888888888888888,229.95455755938093,74.19680134680135
config_C,train,4850000,0.4844444444444444,0.1922504082667655,273.10996561969887,164.60887693237453,55.70614307261367,10,0.4844444444444444,273.10996561969887,55.70614307261367
config_C,train,4860000,0.4888888888888888,0.1706921277304135,244.99618513805973,186.12929230514817,58.31721611721612,5,0.4888888888888888,244.99618513805973,58.31721611721612
config_C,train,4870000,0.4844444444444444,0.18947621108704188,243.2019786429566,184.39548882976342,69.92325953773323,5,0.4844444444444444,243.2019786429566,69.92325953773323
config_C,train,4880000,0.49777777777777776,0.2733423666077326,187.49004535085433,81.15469794999164,90.0788253968254,5,0.49777777777777776,187.49004535085433,90.0788253968254
config_C,train,4890000,0.5066666666666666,0.24665665645353976,183.58454797483267,76.08386269036329,82.84666666666666,5,0.5066666666666666,183.58454797483267,82.84666666666666
config_C,train,4900000,0.4533333333333333,0.23638800031748972,210.89866257458607,119.91564025453259,64.19611440491875,10,0.4533333333333333,210.89866257458607,64.19611440491875
config_C,train,4910000,0.5111111111111111,0.25482988758177155,191.8845057083736,114.03698512660004,77.48637362637362,5,0.5111111111111111,191.8845057083736,77.48637362637362
config_C,train,4920000,0.4133333333333333,0.22032523658569667,259.23859978153513,242.19885112636416,58.70150103519669,5,0.4133333333333333,259.23859978153513,58.70150103519669
config_C,train,4930000,0.48,0.21863775779997943,218.83761570960291,156.89450698511126,85.98633431085042,5,0.48,218.83761570960291,85.98633431085042
config_C,train,4940000,0.5199999999999999,0.2769320458608779,214.42347496855194,155.27519224626477,83.55214637714637,5,0.5199999999999999,214.42347496855194,83.55214637714637
config_C,train,4950000,0.5288888888888889,0.29458766607601755,190.98344757631008,84.17170139513593,101.93757885168914,10,0.5288888888888889,190.98344757631008,101.93757885168914
config_C,train,4960000,0.4844444444444444,0.3060702735413536,210.55120360269694,145.94352179700863,51.30732118758435,5,0.4844444444444444,210.55120360269694,51.30732118758435
config_C,train,4970000,0.5155555555555555,0.28562256023217125,215.7830882056981,122.815444127682,52.370000000000005,5,0.5155555555555555,215.7830882056981,52.370000000000005
config_C,train,4980000,0.5066666666666666,0.298721555802782,236.71415646146056,150.19892214997037,52.4900766283525,5,0.5066666666666666,236.71415646146056,52.4900766283525
config_C,train,4990000,0.4888888888888888,0.2753224820747527,214.46221109284073,129.25279096154608,52.88942612942613,5,0.4888888888888888,214.46221109284073,52.88942612942613
config_C,train,5000000,0.5777777777777777,0.3111111111111111,209.6647456796499,129.97367999620676,59.302689212760015,5,0.5777777777777777,209.6647456796499,59.302689212760015
config_D,test,10000,0.04,0.0894427190999916,76.87846951247668,62.747659737113054,432.0,5,0.04,76.87846951247668,432.0
config_D,test,20000,0.04,0.0894427190999916,128.35859426353232,196.54076507519,481.0,5,0.04,128.35859426353232,481.0
config_D,test,30000,0.04,0.0894427190999916,172.44393575046445,233.24505665316408,117.0,5,0.04,172.44393575046445,117.0
config_D,test,40000,0.0,0.0,134.2956457902136,102.90725615642526,,5,0.0,134.2956457902136,
config_D,test,50000,0.0,0.0,311.8033109815766,282.03418516827116,,10,0.0,311.8033109815766,
config_D,test,60000,0.0,0.0,300.8455872252622,251.96904407993674,,5,0.0,300.8455872252622,
config_D,test,70000,0.04,0.0894427190999916,532.7165305709968,526.161794823613,180.0,5,0.04,532.7165305709968,180.0
config_D,test,80000,0.0,0.0,367.79354073420734,370.7304342650833,,5,0.0,367.79354073420734,
config_D,test,90000,0.04,0.0894427190999916,335.4243903371088,252.13922074513118,397.0,5,0.04,335.4243903371088,397.0
config_D,test,100000,0.0,0.0,408.84789896060477,267.1152401214099,,10,0.0,408.84789896060477,
config_D,test,110000,0.0,0.0,369.6217437707205,219.33861562276655,,5,0.0,369.6217437707205,
config_D,test,120000,0.04,0.0894427190999916,460.6895362474502,370.6511859053225,255.0,5,0.04,460.6895362474502,255.0
config_D,test,130000,0.04,0.0894427190999916,454.0586647829444,306.9736913517081,121.0,5,0.04,454.0586647829444,121.0
config_D,test,140000,0.04,0.0894427190999916,752.086732957209,493.7737527110526,43.0,5,0.04,752.086732957209,43.0
config_D,test,150000,0.0,0.0,636.5030240956478,445.7635708992872,,10,0.0,636.5030240956478,
config_D,test,160000,0.12000000000000002,0.10954451150103323,842.3964487514868,606.1519423316444,105.33333333333333,5,0.12000000000000002,842.3964487514868,105.33333333333333
config_D,test,170000,0.08,0.10954451150103323,1150.5096619115232,519.9525976373718,84.5,5,0.08,1150.5096619115232,84.5
config_D,test,180000,0.0,0.0,1479.7721785788833,651.429557737802,,5,0.0,1479.7721785788833,
config_D,test,190000,0.16,0.16733200530681513,1012.0224005121203,473.75631970166455,118.83333333333333,5,0.16,1012.0224005121203,118.83333333333333
config_D,test,200000,0.08,0.10327955589886445,1224.2245199600816,587.4806315635274,68.0,10,0.08,1224.2245199600816,68.0
config_D,test,210000,0.04,0.0894427190999916,1061.853132774887,854.8766300960647,292.0,5,0.04,1061.853132774887,292.0
config_D,test,220000,0.08,0.10954451150103323,1085.0456999858577,371.9314516505821,65.0,5,0.08,1085.0456999858577,65.0
config_D,test,230000,0.0,0.0,1173.9264845132443,755.2459248846085,,5,0.0,1173.9264845132443,
config_D,test,240000,0.04,0.0894427190999916,1104.9725151812058,809.6202254606789,107.0,5,0.04,1104.9725151812058,107.0
config_D,test,250000,0.0,0.0,1458.350363125869,633.5574067953461,,10,0.0,1458.350363125869,
config_D,test,260000,0.12000000000000002,0.1788854381999832,1347.7132367340168,519.062863878073,127.75,5,0.12000000000000002,1347.7132367340168,127.75
config_D,test,270000,0.08,0.1788854381999832,1631.9221589743916,571.9002225047059,113.5,5,0.08,1631.9221589743916,113.5
config_D,test,280000,0.12000000000000002,0.1788854381999832,1236.6245756384074,411.3124337865662,102.25,5,0.12000000000000002,1236.6245756384074,102.25
config_D,test,290000,0.04,0.08944271909999159,1541.6628175547226,377.98109788645775,78.0,5,0.04,1541.6628175547226,78.0
config_D,test,300000,0.04,0.08432740427115679,1383.4602003417642,554.007819481456,76.0,10,0.04,1383.4602003417642,76.0
config_D,test,310000,0.12000000000000002,0.10954451150103323,1258.122253518241,535.2354290735981,57.0,5,0.12000000000000002,1258.122253518241,57.0
config_D,test,320000,0.12000000000000002,0.1788854381999832,1479.4524095519164,892.4546314498496,48.0,5,0.12000000000000002,1479.4524095519164,48.0
config_D,test,330000,0.08,0.1788854381999832,1225.7259838283585,755.5927658772076,53.5,5,0.08,1225.7259838283585,53.5
config_D,test,340000,0.24000000000000005,0.21908902300206645,1596.942351824584,1031.027472399772,49.833333333333336,5,0.24000000000000005,1596.942351824584,49.833333333333336
config_D,test,350000,0.16,0.15776212754932312,1456.9972722387104,668.5945558312134,57.0,10,0.16,1456.9972722387104,57.0
config_D,test,360000,0.24000000000000005,0.16733200530681513,1396.1419454724592,440.6187501020133,54.5,5,0.24000000000000005,1396.1419454724592,54.5
config_D,test,370000,0.27999999999999997,0.22803508501982758,1046.556917639966,640.84626590925,61.04166666666667,5,0.27999999999999997,1046.556917639966,61.04166666666667
config_D,test,380000,0.2,0.2,1445.2732858538075,1027.915793899336,57.5,5,0.2,1445.2732858538075,57.5
config_D,test,390000,0.32,0.2683281572999748,1031.967864845907,363.39049900289115,89.66666666666667,5,0.32,1031.967864845907,89.66666666666667
config_D,test,400000,0.36,0.30983866769659335,1161.9115464240497,550.9049501800731,48.52083333333333,10,0.36,1161.9115464240497,48.52083333333333
config_D,test,410000,0.32,0.30331501776206204,1221.1953416062486,549.5304282667884,81.77777777777779,5,0.32,1221.1953416062486,81.77777777777779
config_D,test,420000,0.2,0.2,1456.677771187719,1078.8398240145593,110.16666666666667,5,0.2,1456.677771187719,110.16666666666667
config_D,test,430000,0.32,0.2280350850198276,1091.264099461148,894.0711608171216,51.791666666666664,5,0.32,1091.264099461148,51.791666666666664
config_D,test,440000,0.4,0.282842712474619,999.3788830930647,660.6141385023235,57.53333333333334,5,0.4,999.3788830930647,57.53333333333334
config_D,test,450000,0.4,0.29814239699997197,1303.417463592609,267.77310269291127,130.375,10,0.4,1303.417463592609,130.375
config_D,test,460000,0.44000000000000006,0.2966479394838265,1150.1480072989023,911.6935421198823,64.04166666666666,5,0.44000000000000006,1150.1480072989023,64.04166666666666
config_D,test,470000,0.44000000000000006,0.35777087639996635,1163.4933151860284,1283.5829438146861,62.3125,5,0.44000000000000006,1163.4933151860284,62.3125
config_D,test,480000,0.64,0.35777087639996635,1061.8225022292168,1064.2201913695367,60.973333333333336,5,0.64,1061.8225022292168,60.973333333333336
config_D,test,490000,0.52,0.30331501776206204,1440.647609592729,1135.5811244570177,65.85,5,0.52,1440.647609592729,65.85
config_D,test,500000,0.56,0.24585451886114368,1198.015886832394,755.2673253408185,48.35,10,0.56,1198.015886832394,48.35
config_D,test,510000,0.4,0.19999999999999998,1620.3225291965246,1067.696794287651,41.5,5,0.4,1620.3225291965246,41.5
config_D,test,520000,0.4,0.14142135623730948,1472.6644232051392,711.7934292212353,53.133333333333326,5,0.4,1472.6644232051392,53.133333333333326
config_D,test,530000,0.4,0.37416573867739417,1616.298624414547,690.9872707613392,79.33333333333333,5,0.4,1616.298624414547,79.33333333333333
config_D,test,540000,0.36,0.2966479394838265,1676.8906999944913,913.9119269379762,93.0,5,0.36,1676.8906999944913,93.0
config_D,test,550000,0.64,0.2065591117977289,1033.7421105647486,201.85517934318057,57.35,10,0.64,1033.7421105647486,57.35
config_D,test,560000,0.72,0.10954451150103327,1126.8441995632857,431.8300686053338,73.98333333333333,5,0.72,1126.8441995632857,73.98333333333333
config_D,test,570000,0.64,0.1673320053068151,1083.660359156869,426.60601866844746,66.85,5,0.64,1083.660359156869,66.85
config_D,test,580000,0.64,0.21908902300206642,1190.2640949707952,274.83084099083624,73.95,5,0.64,1190.2640949707952,73.95
config_D,test,590000,0.6,0.2,1324.0494683682057,470.38558803526007,73.31666666666668,5,0.6,1324.0494683682057,73.31666666666668
config_D,test,600000,0.56,0.2458545188611437,1358.1267919089144,427.34014922956396,84.93333333333334,10,0.56,1358.1267919089144,84.93333333333334
config_D,test,610000,0.4,0.37416573867739417,1416.2671597654328,884.3724853275955,61.575,5,0.4,1416.2671597654328,61.575
config_D,test,620000,0.36,0.3847076812334269,1452.0785045038047,927.9818590129134,55.1,5,0.36,1452.0785045038047,55.1
config_D,test,630000,0.44000000000000006,0.3847076812334269,1529.9779424502342,596.376138285591,93.79166666666666,5,0.44000000000000006,1529.9779424502342,93.79166666666666
config_D,test,640000,0.44000000000000006,0.260768096208106,1678.6519318082392,1067.3587370122075,114.38333333333333,5,0.44000000000000006,1678.6519318082392,114.38333333333333
config_D,test,650000,0.6799999999999999,0.3910100879630715,770.9767289537921,592.961308904569,56.891666666666666,10,0.6799999999999999,770.9767289537921,56.891666666666666
config_D,test,660000,0.5599999999999999,0.2607680962081059,1251.7152411442182,483.7430498085517,59.27333333333333,5,0.5599999999999999,1251.7152411442182,59.27333333333333
config_D,test,670000,0.5599999999999999,0.35777087639996635,1405.9384751026748,906.0946471378386,52.839999999999996,5,0.5599999999999999,1405.9384751026748,52.839999999999996
config_D,test,680000,0.6,0.31622776601683794,1254.658624192644,1049.4144734558154,67.93666666666667,5,0.6,1254.658624192644,67.93666666666667
config_D,test,690000,0.5599999999999999,0.4098780306383839,1284.3977859504314,1262.0312438191584,132.02,5,0.5599999999999999,1284.3977859504314,132.02
config_D,test,700000,0.6,0.4,1116.7579735979336,1114.4062741955572,52.28333333333333,10,0.6,1116.7579735979336,52.28333333333333
config_D,test,710000,0.6,0.3741657386773941,919.7472585885956,1003.5114204254528,56.0,5,0.6,919.7472585885956,56.0
config_D,test,720000,0.5599999999999999,0.45607017003965516,1631.7111856721453,1397.7247448499306,51.31666666666666,5,0.5599999999999999,1631.7111856721453,51.31666666666666
config_D,test,730000,0.5599999999999999,0.45607017003965516,1241.1461631273385,1177.6782477715817,55.36666666666667,5,0.5599999999999999,1241.1461631273385,55.36666666666667
config_D,test,740000,0.5599999999999999,0.433589667773576,1309.637213594208,1186.7511100995575,46.6375,5,0.5599999999999999,1309.637213594208,46.6375
config_D,test,750000,0.5599999999999999,0.36270588023294514,1351.49469258591,692.5399450638954,55.19166666666666,10,0.5599999999999999,1351.49469258591,55.19166666666666
config_D,test,760000,0.6,0.31622776601683794,1380.365801187898,850.1951383812517,49.13,5,0.6,1380.365801187898,49.13
config_D,test,770000,0.52,0.43817804600413285,1134.7596916901489,891.6497743121823,55.36,5,0.52,1134.7596916901489,55.36
config_D,test,780000,0.5599999999999999,0.3847076812334269,1368.4833947124514,1241.239002508985,54.22083333333333,5,0.5599999999999999,1368.4833947124514,54.22083333333333
config_D,test,790000,0.52,0.36331804249169897,1562.2142916002008,840.0422052491316,107.225,5,0.52,1562.2142916002008,107.225
config_D,test,800000,0.6799999999999999,0.2859681411936962,1257.2317457817558,1144.012455003318,137.88,10,0.6799999999999999,1257.2317457817558,137.88
config_D,test,810000,0.6,0.31622776601683794,1555.262895754585,1263.2933212500263,129.14333333333335,5,0.6,1555.262895754585,129.14333333333335
config_D,test,820000,0.52,0.41472882706655445,1344.4202649753106,1079.9283308274362,48.145833333333336,5,0.52,1344.4202649753106,48.145833333333336
config_D,test,830000,0.6,0.31622776601683794,1019.6107918100009,645.8695364068908,50.010000000000005,5,0.6,1019.6107918100009,50.010000000000005
config_D,test,840000,0.48,0.38987177379235854,1204.5125042811353,579.364973137207,52.699999999999996,5,0.48,1204.5125042811353,52.699999999999996
config_D,test,850000,0.64,0.36270588023294514,856.4997901926633,447.12543069177923,52.920833333333334,10,0.64,856.4997901926633,52.920833333333334
config_D,test,860000,0.52,0.33466401061363027,1152.407250335324,633.9260738881112,57.720000000000006,5,0.52,1152.407250335324,57.720000000000006
config_D,test,870000,0.6,0.39999999999999997,955.3527486966516,807.8855803478872,50.92,5,0.6,955.3527486966516,50.92
config_D,test,880000,0.52,0.5019960159204453,744.8520027055565,655.6873683059189,52.08888888888888,5,0.52,744.8520027055565,52.08888888888888
config_D,test,890000,0.6399999999999999,0.3577708763999663,584.7324429021307,673.8169434934513,47.64666666666667,5,0.6399999999999999,584.7324429021307,47.64666666666667
config_D,test,900000,0.72,0.3155242550986462,620.6529376426126,593.0208869946783,56.69666666666667,10,0.72,620.6529376426126,56.69666666666667
config_D,test,910000,0.76,0.21908902300206645,736.5279806992779,690.9238365065268,49.78666666666667,5,0.76,736.5279806992779,49.78666666666667
config_D,test,920000,0.72,0.10954451150103325,967.0826447681833,451.08962413099107,46.016666666666666,5,0.72,967.0826447681833,46.016666666666666
config_D,test,930000,0.72,0.33466401061363027,728.0489969432165,627.7325137073357,59.98333333333333,5,0.72,728.0489969432165,59.98333333333333
config_D,test,940000,0.8,0.2,823.5439160135905,735.0854653426121,51.71,5,0.8,823.5439160135905,51.71
config_D,test,950000,0.8,0.13333333333333333,731.7256268983416,640.2478664659166,46.306666666666665,10,0.8,731.7256268983416,46.306666666666665
config_D,test,960000,0.76,0.3286335345030997,256.6921983574609,77.9865071546113,57.42,5,0.76,256.6921983574609,57.42
config_D,test,970000,0.76,0.260768096208106,505.00566454296404,586.5983275102269,50.68,5,0.76,505.00566454296404,50.68
config_D,test,980000,0.72,0.33466401061363027,680.3125829950047,551.2143328707818,100.47999999999999,5,0.72,680.3125829950047,100.47999999999999
config_D,test,990000,0.68,0.30331501776206204,1005.2148394762335,393.2521082044559,49.84333333333333,5,0.68,1005.2148394762335,49.84333333333333
config_D,test,1000000,0.8400000000000001,0.20655911179772893,642.880056877931,455.3060522018893,53.50666666666666,10,0.8400000000000001,642.880056877931,53.50666666666666
config_D,test,1010000,0.9199999999999999,0.10954451150103317,369.9612622867597,437.59420391700047,50.28,5,0.9199999999999999,369.9612622867597,50.28
config_D,test,1020000,0.8,0.2,554.6571880219417,648.4206652061116,43.70333333333333,5,0.8,554.6571880219417,43.70333333333333
config_D,test,1030000,0.9199999999999999,0.1095445115010332,374.8585926810155,469.81349987152987,49.12,5,0.9199999999999999,374.8585926810155,49.12
config_D,test,1040000,0.96,0.08944271909999156,311.16104745406767,304.67728116680894,43.019999999999996,5,0.96,311.16104745406767,43.019999999999996
config_D,test,1050000,0.96,0.08432740427115674,291.92372148397516,244.19518031922772,43.6,10,0.96,291.92372148397516,43.6
config_D,test,1060000,0.9199999999999999,0.17888543819998315,427.26537719417604,534.5154800136696,44.06666666666666,5,0.9199999999999999,427.26537719417604,44.06666666666666
config_D,test,1070000,1.0,0.0,168.8829086928227,28.83624575597087,42.44,5,1.0,168.8829086928227,42.44
config_D,test,1080000,0.96,0.08944271909999157,300.11351758456806,289.58727763548785,42.4,5,0.96,300.11351758456806,42.4
config_D,test,1090000,0.96,0.08944271909999157,335.3667153158393,384.1875418094357,41.36,5,0.96,335.3667153158393,41.36
config_D,test,1100000,0.9199999999999999,0.10327955589886444,322.3122423278084,341.87620986657197,40.760000000000005,10,0.9199999999999999,322.3122423278084,40.760000000000005
config_D,test,1110000,0.9199999999999999,0.10954451150103317,327.29176589209703,383.28107538418806,40.88,5,0.9199999999999999,327.29176589209703,40.88
config_D,test,1120000,0.9199999999999999,0.10954451150103317,187.0041611959121,31.76017563123901,42.45,5,0.9199999999999999,187.0041611959121,42.45
config_D,test,1130000,0.9199999999999999,0.10954451150103317,303.0088802509384,336.3275153716526,42.63,5,0.9199999999999999,303.0088802509384,42.63
config_D,test,1140000,0.9199999999999999,0.10954451150103317,308.6076765648979,350.4244062483478,44.4,5,0.9199999999999999,308.6076765648979,44.4
config_D,test,1150000,0.96,0.08432740427115677,294.13570368728796,261.4315277444428,41.8,10,0.96,294.13570368728796,41.8
config_D,test,1160000,0.96,0.08944271909999156,328.46562339902204,335.6898879498876,44.39,5,0.96,328.46562339902204,44.39
config_D,test,1170000,0.96,0.08944271909999157,191.41979832196492,48.98334145308776,44.839999999999996,5,0.96,191.41979832196492,44.839999999999996
config_D,test,1180000,0.9199999999999999,0.10954451150103316,516.3586766050001,452.7257781312682,51.83,5,0.9199999999999999,516.3586766050001,51.83
config_D,test,1190000,1.0,0.0,213.86517730367572,66.29717200801322,49.760000000000005,5,1.0,213.86517730367572,49.760000000000005
config_D,test,1200000,1.0,0.0,195.26069292924132,66.35364667283385,44.92,10,1.0,195.26069292924132,44.92
config_D,test,1210000,1.0,0.0,198.62937411346928,71.00722832498685,45.959999999999994,5,1.0,198.62937411346928,45.959999999999994
config_D,test,1220000,0.96,0.08944271909999156,332.0420967532976,312.3889007833206,47.83,5,0.96,332.0420967532976,47.83
config_D,test,1230000,1.0,0.0,202.8387752342854,81.41789323922958,46.32,5,1.0,202.8387752342854,46.32
config_D,test,1240000,0.8800000000000001,0.17888543819998318,467.635741281263,629.981608219142,44.79333333333333,5,0.8800000000000001,467.635741281263,44.79333333333333
config_D,test,1250000,0.96,0.08432740427115677,210.54483412773033,41.60374614295469,46.46,10,0.96,210.54483412773033,46.46
config_D,test,1260000,0.9199999999999999,0.10954451150103317,405.5094465324654,348.20187402683956,54.45,5,0.9199999999999999,405.5094465324654,54.45
config_D,test,1270000,1.0,0.0,207.2873221803693,73.1238749985466,46.4,5,1.0,207.2873221803693,46.4
config_D,test,1280000,1.0,0.0,189.93687799660916,41.963122542459345,45.12,5,1.0,189.93687799660916,45.12
config_D,test,1290000,0.96,0.08944271909999156,199.03995406012703,50.21129568081074,45.519999999999996,5,0.96,199.03995406012703,45.519999999999996
config_D,test,1300000,0.96,0.08432740427115674,217.00327242245754,99.01589370396412,50.28,10,0.96,217.00327242245754,50.28
config_D,test,1310000,0.96,0.08944271909999157,205.2780889952938,78.03483160145342,45.25,5,0.96,205.2780889952938,45.25
config_D,test,1320000,0.96,0.08944271909999156,324.07111757107776,306.6176388359109,44.4,5,0.96,324.07111757107776,44.4
config_D,test,1330000,0.96,0.08944271909999156,182.43225619455657,48.99859410942754,43.989999999999995,5,0.96,182.43225619455657,43.989999999999995
config_D,test,1340000,0.8800000000000001,0.10954451150103316,189.43403286125255,60.84322928807897,41.239999999999995,5,0.8800000000000001,189.43403286125255,41.239999999999995
config_D,test,1350000,0.96,0.08432740427115674,201.48531473901403,57.00441360518708,47.88,10,0.96,201.48531473901403,47.88
config_D,test,1360000,0.96,0.08944271909999156,176.86289312820386,35.830897196599246,42.71,5,0.96,176.86289312820386,42.71
config_D,test,1370000,0.96,0.08944271909999156,175.57792423833388,50.00501858832723,44.67,5,0.96,175.57792423833388,44.67
config_D,test,1380000,1.0,0.0,171.62191197092199,54.57564034498835,42.64,5,1.0,171.62191197092199,42.64
config_D,test,1390000,1.0,0.0,182.55456705175445,53.05770182625764,43.08,5,1.0,182.55456705175445,43.08
config_D,test,1400000,1.0,0.0,172.58034521743986,34.78560813140431,42.4,10,1.0,172.58034521743986,42.4
config_D,test,1410000,1.0,0.0,182.90036621313567,61.11978650261265,42.92,5,1.0,182.90036621313567,42.92
config_D,test,1420000,0.96,0.08944271909999156,285.6866348525432,238.73480077610768,42.33,5,0.96,285.6866348525432,42.33
config_D,test,1430000,1.0,0.0,192.52768106619897,49.78944782250485,45.04,5,1.0,192.52768106619897,45.04
config_D,test,1440000,1.0,0.0,191.34516207819402,40.317330232963144,44.6,5,1.0,191.34516207819402,44.6
config_D,test,1450000,1.0,0.0,152.32630404675916,9.916754257701724,42.0,10,1.0,152.32630404675916,42.0
config_D,test,1460000,1.0,0.0,172.29033931465264,35.716521414539976,42.4,5,1.0,172.29033931465264,42.4
config_D,test,1470000,1.0,0.0,158.4796634528563,8.570029322737799,40.480000000000004,5,1.0,158.4796634528563,40.480000000000004
config_D,test,1480000,1.0,0.0,167.2282980788016,12.208393777724995,44.2,5,1.0,167.2282980788016,44.2
config_D,test,1490000,1.0,0.0,185.8041655943203,65.20672954238552,43.72,5,1.0,185.8041655943203,43.72
config_D,test,1500000,1.0,0.0,180.686697343889,49.936474843430595,43.32,10,1.0,180.686697343889,43.32
config_D,test,1510000,0.96,0.08944271909999156,350.96898505505726,387.7785204989851,47.21,5,0.96,350.96898505505726,47.21
config_D,test,1520000,0.9199999999999999,0.1095445115010332,299.5030344784984,131.48144667387152,49.489999999999995,5,0.9199999999999999,299.5030344784984,49.489999999999995
config_D,test,1530000,1.0,0.0,199.0863445534613,63.36958787511272,45.839999999999996,5,1.0,199.0863445534613,45.839999999999996
config_D,test,1540000,0.96,0.08944271909999157,239.31250879838848,104.75974452910874,48.120000000000005,5,0.96,239.31250879838848,48.120000000000005
config_D,test,1550000,1.0,0.0,172.28999155571685,43.04270724681259,44.4,10,1.0,172.28999155571685,44.4
config_D,test,1560000,0.96,0.08944271909999156,331.65452573240736,343.6478904404075,46.18,5,0.96,331.65452573240736,46.18
config_D,test,1570000,1.0,0.0,187.00924117725134,70.39705218978614,46.68,5,1.0,187.00924117725134,46.68
config_D,test,1580000,0.9199999999999999,0.10954451150103317,374.7466595723211,337.2582386728636,41.88,5,0.9199999999999999,374.7466595723211,41.88
config_D,test,1590000,0.8800000000000001,0.1095445115010332,410.0309171486956,373.82017434475347,42.95,5,0.8800000000000001,410.0309171486956,42.95
config_D,test,1600000,0.9199999999999999,0.16865480854231357,300.04108469631063,297.2502445925185,40.64,10,0.9199999999999999,300.04108469631063,40.64
config_D,test,1610000,0.8800000000000001,0.17888543819998318,234.58826884752975,183.51512117998473,39.50666666666667,5,0.8800000000000001,234.58826884752975,39.50666666666667
config_D,test,1620000,0.9199999999999999,0.1095445115010332,374.21410804690566,331.9666687055029,40.15,5,0.9199999999999999,374.21410804690566,40.15
config_D,test,1630000,0.96,0.08944271909999157,192.74979626401412,91.48179412884193,41.2,5,0.96,192.74979626401412,41.2
config_D,test,1640000,0.9199999999999999,0.10954451150103317,370.7182748357685,384.00283492571504,43.160000000000004,5,0.9199999999999999,370.7182748357685,43.160000000000004
config_D,test,1650000,0.8800000000000001,0.16865480854231354,177.7677891816185,37.57524028093118,42.266666666666666,10,0.8800000000000001,177.7677891816185,42.266666666666666
config_D,test,1660000,0.96,0.08944271909999157,287.68424703293164,263.12621964262553,53.15999999999999,5,0.96,287.68424703293164,53.15999999999999
config_D,test,1670000,0.96,0.08944271909999157,220.7330570858995,108.35989527364542,43.7,5,0.96,220.7330570858995,43.7
config_D,test,1680000,0.96,0.08944271909999157,156.37785485876165,16.558645094176363,42.0,5,0.96,156.37785485876165,42.0
config_D,test,1690000,0.96,0.08944271909999157,170.07281871976022,46.30478289492217,40.71,5,0.96,170.07281871976022,40.71
config_D,test,1700000,0.96,0.08432740427115676,202.61143708562054,39.72174997042686,44.37,10,0.96,202.61143708562054,44.37
config_D,test,1710000,0.96,0.08944271909999157,255.85224201490237,197.31725719782753,44.6,5,0.96,255.85224201490237,44.6
config_D,test,1720000,0.96,0.08944271909999156,193.23451608511033,85.45294317118852,46.44,5,0.96,193.23451608511033,46.44
config_D,test,1730000,0.96,0.08944271909999157,208.30645165705468,113.80817923611227,42.63,5,0.96,208.30645165705468,42.63
config_D,test,1740000,0.9199999999999999,0.17888543819998318,259.99592647098683,229.9229677148562,40.17333333333333,5,0.9199999999999999,259.99592647098683,40.17333333333333
config_D,test,1750000,1.0,0.0,159.50643464160777,20.88499106826788,41.239999999999995,10,1.0,159.50643464160777,41.239999999999995
config_D,test,1760000,1.0,0.0,163.90887952842917,15.89040338481124,41.56,5,1.0,163.90887952842917,41.56
config_D,test,1770000,0.96,0.08944271909999157,170.73200134025873,36.77614280345784,41.79,5,0.96,170.73200134025873,41.79
config_D,test,1780000,1.0,0.0,164.7339592773392,27.254068523943168,41.72,5,1.0,164.7339592773392,41.72
config_D,test,1790000,1.0,0.0,163.42840587036744,25.43846854714592,40.92,5,1.0,163.42840587036744,40.92
config_D,test,1800000,1.0,0.0,163.29575628905812,28.843590227715943,41.64,10,1.0,163.29575628905812,41.64
config_D,test,1810000,1.0,0.0,159.4431355561863,15.96400420486361,44.44,5,1.0,159.4431355561863,44.44
config_D,test,1820000,1.0,0.0,160.72240180343334,13.499743031094555,40.4,5,1.0,160.72240180343334,40.4
config_D,test,1830000,1.0,0.0,170.15408111609727,33.84301812240133,41.67999999999999,5,1.0,170.15408111609727,41.67999999999999
config_D,test,1840000,0.96,0.08944271909999157,157.72006581700165,17.77552977313267,40.6,5,0.96,157.72006581700165,40.6
config_D,test,1850000,1.0,0.0,164.77556026631913,27.29284808588145,40.44,10,1.0,164.77556026631913,40.44
config_D,test,1860000,1.0,0.0,160.27667541274127,21.239460952137666,40.160000000000004,5,1.0,160.27667541274127,40.160000000000004
config_D,test,1870000,1.0,0.0,163.85352606763513,22.504947987301442,40.56,5,1.0,163.85352606763513,40.56
config_D,test,1880000,1.0,0.0,166.43213773704733,22.75053089754965,40.96,5,1.0,166.43213773704733,40.96
config_D,test,1890000,1.0,0.0,159.104962567183,17.271054696727884,39.88,5,1.0,159.104962567183,39.88
config_D,test,1900000,1.0,0.0,167.67999223577317,28.09909985883461,40.68,10,1.0,167.67999223577317,40.68
config_D,test,1910000,1.0,0.0,153.8940380770045,20.139194511999786,39.36,5,1.0,153.8940380770045,39.36
config_D,test,1920000,1.0,0.0,165.39003342586176,9.487692085784802,40.8,5,1.0,165.39003342586176,40.8
config_D,test,1930000,1.0,0.0,170.1153397692696,20.462704344570188,41.36,5,1.0,170.1153397692696,41.36
config_D,test,1940000,1.0,0.0,169.4055999505885,24.391952188625666,41.2,5,1.0,169.4055999505885,41.2
config_D,test,1950000,0.9199999999999999,0.10327955589886444,167.95115076142662,18.109809762774645,41.64,10,0.9199999999999999,167.95115076142662,41.64
config_D,test,1960000,1.0,0.0,172.42844000760275,28.31952048478754,41.28,5,1.0,172.42844000760275,41.28
config_D,test,1970000,0.96,0.08944271909999157,342.8593655797791,402.200093600868,40.78,5,0.96,342.8593655797791,40.78
config_D,test,1980000,1.0,0.0,183.27122108046748,26.79678216437172,43.6,5,1.0,183.27122108046748,43.6
config_D,test,1990000,1.0,0.0,183.50869393677803,39.54335542084644,42.6,5,1.0,183.50869393677803,42.6
config_D,test,2000000,1.0,0.0,181.78693911151314,41.369334268920454,42.36,10,1.0,181.78693911151314,42.36
config_D,test,2010000,1.0,0.0,164.76410729531966,22.6145328382516,40.12,5,1.0,164.76410729531966,40.12
config_D,test,2020000,0.96,0.08944271909999156,310.2489327494021,335.4385695190403,39.6,5,0.96,310.2489327494021,39.6
config_D,test,2030000,1.0,0.0,175.32739365008894,32.64313833418158,41.160000000000004,5,1.0,175.32739365008894,41.160000000000004
config_D,test,2040000,1.0,0.0,171.01481089154996,18.10911643969945,40.44,5,1.0,171.01481089154996,40.44
config_D,test,2050000,1.0,0.0,185.19589439363003,30.80843073438546,42.76,10,1.0,185.19589439363003,42.76
config_D,test,2060000,1.0,0.0,195.8971276800884,17.817978160060417,44.2,5,1.0,195.8971276800884,44.2
config_D,test,2070000,0.96,0.08944271909999156,329.44094349456526,342.9742671927479,41.269999999999996,5,0.96,329.44094349456526,41.269999999999996
config_D,test,2080000,1.0,0.0,184.93093690280926,37.07716183936189,42.4,5,1.0,184.93093690280926,42.4
config_D,test,2090000,1.0,0.0,178.57246967460605,9.843487543483615,48.12,5,1.0,178.57246967460605,48.12
config_D,test,2100000,1.0,0.0,178.78857663475702,16.73607452091992,41.519999999999996,10,1.0,178.78857663475702,41.519999999999996
config_D,test,2110000,1.0,0.0,189.97675015918156,61.18917839802441,43.44,5,1.0,189.97675015918156,43.44
config_D,test,2120000,1.0,0.0,163.63604832965086,14.863325076571677,41.839999999999996,5,1.0,163.63604832965086,41.839999999999996
config_D,test,2130000,1.0,0.0,169.1836723099578,23.267661864067453,42.239999999999995,5,1.0,169.1836723099578,42.239999999999995
config_D,test,2140000,1.0,0.0,160.51268241551332,22.860540537464008,45.0,5,1.0,160.51268241551332,45.0
config_D,test,2150000,0.96,0.08432740427115674,158.11991944242595,19.977845668548625,40.35,10,0.96,158.11991944242595,40.35
config_D,test,2160000,1.0,0.0,173.73040790523507,39.539977071436326,42.6,5,1.0,173.73040790523507,42.6
config_D,test,2170000,0.96,0.08944271909999156,178.63940895496032,44.41840505540605,42.269999999999996,5,0.96,178.63940895496032,42.269999999999996
config_D,test,2180000,1.0,0.0,166.15339347393063,19.876862218303177,40.519999999999996,5,1.0,166.15339347393063,40.519999999999996
config_D,test,2190000,1.0,0.0,172.7645922989387,21.52533632483776,41.2,5,1.0,172.7645922989387,41.2
config_D,test,2200000,1.0,0.0,178.47170259241582,25.953079452835862,41.72,10,1.0,178.47170259241582,41.72
config_D,test,2210000,1.0,0.0,172.26114751439636,26.934784992855278,41.160000000000004,5,1.0,172.26114751439636,41.160000000000004
config_D,test,2220000,1.0,0.0,172.1895046642695,26.16693966172487,40.88,5,1.0,172.1895046642695,40.88
config_D,test,2230000,1.0,0.0,177.4520186763159,23.561991004301195,41.32000000000001,5,1.0,177.4520186763159,41.32000000000001
config_D,test,2240000,1.0,0.0,172.90545027384613,15.502397394575846,40.92,5,1.0,172.90545027384613,40.92
config_D,test,2250000,1.0,0.0,176.26574432287438,24.12543910989668,41.4,10,1.0,176.26574432287438,41.4
config_D,test,2260000,1.0,0.0,173.1004187169919,30.40320683811797,41.959999999999994,5,1.0,173.1004187169919,41.959999999999994
config_D,test,2270000,1.0,0.0,173.8775879160059,22.49521225748032,40.96,5,1.0,173.8775879160059,40.96
config_D,test,2280000,1.0,0.0,180.06401732641046,22.6670017568547,41.92,5,1.0,180.06401732641046,41.92
config_D,test,2290000,1.0,0.0,178.31719548592994,27.760205411009203,41.8,5,1.0,178.31719548592994,41.8
config_D,test,2300000,0.96,0.08432740427115674,174.11357249558677,30.233983844438452,41.33,10,0.96,174.11357249558677,41.33
config_D,test,2310000,1.0,0.0,184.81325059313855,33.79445030267896,43.44,5,1.0,184.81325059313855,43.44
config_D,test,2320000,1.0,0.0,170.59347888238563,21.675169223335597,40.64,5,1.0,170.59347888238563,40.64
config_D,test,2330000,1.0,0.0,178.10896595950345,31.28985569455617,41.56,5,1.0,178.10896595950345,41.56
config_D,test,2340000,1.0,0.0,280.50502165036517,224.9735236631081,51.75999999999999,5,1.0,280.50502165036517,51.75999999999999
config_D,test,2350000,1.0,0.0,190.2175736268644,41.1051129137483,42.96,10,1.0,190.2175736268644,42.96
config_D,test,2360000,1.0,0.0,191.4695818461544,25.21139929295281,42.96,5,1.0,191.4695818461544,42.96
config_D,test,2370000,1.0,0.0,184.85747787604808,19.84512118919047,42.08,5,1.0,184.85747787604808,42.08
config_D,test,2380000,1.0,0.0,180.43124569022692,14.207233466660782,42.279999999999994,5,1.0,180.43124569022692,42.279999999999994
config_D,test,2390000,1.0,0.0,191.64422815810272,27.205342204704078,42.8,5,1.0,191.64422815810272,42.8
config_D,test,2400000,1.0,0.0,192.40099271607374,41.85681576645913,43.12,10,1.0,192.40099271607374,43.12
config_D,test,2410000,0.96,0.08944271909999156,443.6355183868827,551.8716803451708,56.32000000000001,5,0.96,443.6355183868827,56.32000000000001
config_D,test,2420000,0.96,0.08944271909999156,314.223448726872,305.9277591600329,55.739999999999995,5,0.96,314.223448726872,55.739999999999995
config_D,test,2430000,0.96,0.08944271909999156,405.36045736034964,501.44462545756284,47.36,5,0.96,405.36045736034964,47.36
config_D,test,2440000,0.9199999999999999,0.1788854381999832,313.08687966784703,240.10618369770887,44.04,5,0.9199999999999999,313.08687966784703,44.04
config_D,test,2450000,0.96,0.08432740427115674,203.78718803335602,39.67336223232456,44.17,10,0.96,203.78718803335602,44.17
config_D,test,2460000,1.0,0.0,184.18539541182207,33.24821129338336,42.6,5,1.0,184.18539541182207,42.6
config_D,test,2470000,0.96,0.08944271909999156,188.3870685651896,35.38924561862633,42.28,5,0.96,188.3870685651896,42.28
config_D,test,2480000,0.96,0.08944271909999156,160.26539688705216,9.677865042585076,47.47,5,0.96,160.26539688705216,47.47
config_D,test,2490000,0.96,0.08944271909999156,160.9453127902387,12.720855826761778,45.58,5,0.96,160.9453127902387,45.58
config_D,test,2500000,0.96,0.08432740427115676,202.55939327907805,44.31886848607654,44.8,10,0.96,202.55939327907805,44.8
config_D,test,2510000,0.96,0.08944271909999157,175.00121965810726,21.819913871585026,44.71,5,0.96,175.00121965810726,44.71
config_D,test,2520000,0.8400000000000001,0.1673320053068151,165.3294830745569,37.21388401275252,41.406666666666666,5,0.8400000000000001,165.3294830745569,41.406666666666666
config_D,test,2530000,0.9199999999999999,0.10954451150103317,195.30260359362762,58.03748298540491,48.31,5,0.9199999999999999,195.30260359362762,48.31
config_D,test,2540000,1.0,0.0,166.823984839209,20.868629157720402,43.08,5,1.0,166.823984839209,43.08
config_D,test,2550000,0.96,0.08432740427115677,170.99102514955888,28.493925862516967,42.32,10,0.96,170.99102514955888,42.32
config_D,test,2560000,1.0,0.0,174.4889958154837,18.279772940293782,41.88,5,1.0,174.4889958154837,41.88
config_D,test,2570000,0.96,0.08944271909999156,185.05464488867017,22.934469946116376,41.17,5,0.96,185.05464488867017,41.17
config_D,test,2580000,1.0,0.0,172.56396141291262,11.241959476518488,40.4,5,1.0,172.56396141291262,40.4
config_D,test,2590000,1.0,0.0,171.89131130651919,9.585066913495263,40.4,5,1.0,171.89131130651919,40.4
config_D,test,2600000,1.0,0.0,178.44903852145166,7.648415742416681,40.92,10,1.0,178.44903852145166,40.92
config_D,test,2610000,1.0,0.0,180.99498785459312,8.23559253271753,41.160000000000004,5,1.0,180.99498785459312,41.160000000000004
config_D,test,2620000,1.0,0.0,185.25189286838034,16.07602125452557,41.48,5,1.0,185.25189286838034,41.48
config_D,test,2630000,1.0,0.0,184.84293875044605,7.816859570610416,41.36,5,1.0,184.84293875044605,41.36
config_D,test,2640000,1.0,0.0,184.85093744446232,8.75417214955536,41.32,5,1.0,184.85093744446232,41.32
config_D,test,2650000,1.0,0.0,177.46964876251474,13.008994582081495,42.2,10,1.0,177.46964876251474,42.2
config_D,test,2660000,0.9199999999999999,0.1788854381999832,206.60645882503422,77.18916768310842,41.78666666666667,5,0.9199999999999999,206.60645882503422,41.78666666666667
config_D,test,2670000,0.96,0.08944271909999156,168.5614714770008,7.293009444776894,41.6,5,0.96,168.5614714770008,41.6
config_D,test,2680000,0.96,0.08944271909999156,173.18941282418035,13.781175721167292,43.65,5,0.96,173.18941282418035,43.65
config_D,test,2690000,1.0,0.0,172.22010862759163,7.405948949167386,41.4,5,1.0,172.22010862759163,41.4
config_D,test,2700000,0.96,0.08432740427115674,162.70969609866137,14.641315556552486,39.75,10,0.96,162.70969609866137,39.75
config_D,test,2710000,0.96,0.08944271909999156,165.73104518457816,7.801231981038011,39.410000000000004,5,0.96,165.73104518457816,39.410000000000004
config_D,test,2720000,1.0,0.0,173.293061105929,14.165026193002644,41.480000000000004,5,1.0,173.293061105929,41.480000000000004
config_D,test,2730000,1.0,0.0,165.19605941311505,23.77531872019179,40.760000000000005,5,1.0,165.19605941311505,40.760000000000005
config_D,test,2740000,1.0,0.0,171.90201736029897,15.364578318497196,41.0,5,1.0,171.90201736029897,41.0
config_D,test,2750000,1.0,0.0,181.64985100613413,16.931945949794297,41.480000000000004,10,1.0,181.64985100613413,41.480000000000004
config_D,test,2760000,1.0,0.0,183.95395264197617,25.308250819611413,41.480000000000004,5,1.0,183.95395264197617,41.480000000000004
config_D,test,2770000,0.96,0.08944271909999156,184.6546983584794,21.566338303928667,40.96,5,0.96,184.6546983584794,40.96
config_D,test,2780000,1.0,0.0,180.55674815572752,22.773712177047795,41.04,5,1.0,180.55674815572752,41.04
config_D,test,2790000,1.0,0.0,177.82286144657104,24.948576849132575,41.12,5,1.0,177.82286144657104,41.12
config_D,test,2800000,1.0,0.0,180.09632737691257,21.085418745236627,40.8,10,1.0,180.09632737691257,40.8
config_D,test,2810000,1.0,0.0,179.79637311230593,24.311694048491916,41.0,5,1.0,179.79637311230593,41.0
config_D,test,2820000,1.0,0.0,178.18747714864801,17.09572078018471,40.64,5,1.0,178.18747714864801,40.64
config_D,test,2830000,1.0,0.0,183.7448898142305,29.039434934791235,41.160000000000004,5,1.0,183.7448898142305,41.160000000000004
config_D,test,2840000,1.0,0.0,182.30782980575668,26.952586007643767,41.32,5,1.0,182.30782980575668,41.32
config_D,test,2850000,1.0,0.0,176.67269989565534,15.731183611887689,40.760000000000005,10,1.0,176.67269989565534,40.760000000000005
config_D,test,2860000,0.96,0.08944271909999157,238.59763440332935,133.97988433687348,40.78,5,0.96,238.59763440332935,40.78
config_D,test,2870000,0.96,0.08944271909999157,177.73279042747373,25.471389949632698,41.269999999999996,5,0.96,177.73279042747373,41.269999999999996
config_D,test,2880000,1.0,0.0,177.06277410625557,26.729364988483177,41.6,5,1.0,177.06277410625557,41.6
config_D,test,2890000,1.0,0.0,183.49617246864835,24.675733045288165,41.96,5,1.0,183.49617246864835,41.96
config_D,test,2900000,1.0,0.0,174.95713264354305,22.261872026697677,41.160000000000004,10,1.0,174.95713264354305,41.160000000000004
config_D,test,2910000,1.0,0.0,170.80018069119149,26.672114675242256,40.88,5,1.0,170.80018069119149,40.88
config_D,test,2920000,1.0,0.0,175.5420267452981,17.157839587222472,40.72,5,1.0,175.5420267452981,40.72
config_D,test,2930000,1.0,0.0,169.2401787750935,21.255091178296507,40.4,5,1.0,169.2401787750935,40.4
config_D,test,2940000,1.0,0.0,174.62258354583636,19.838394512157087,40.64,5,1.0,174.62258354583636,40.64
config_D,test,2950000,1.0,0.0,172.31690192763034,8.138736506141166,40.36,10,1.0,172.31690192763034,40.36
config_D,test,2960000,1.0,0.0,171.56746375043537,10.233531373406947,40.36,5,1.0,171.56746375043537,40.36
config_D,test,2970000,1.0,0.0,153.25442524793928,29.427804708770484,39.28,5,1.0,153.25442524793928,39.28
config_D,test,2980000,1.0,0.0,157.0052775880219,26.6587572041792,39.6,5,1.0,157.0052775880219,39.6
config_D,test,2990000,1.0,0.0,170.23006269102575,8.019151554033074,40.04,5,1.0,170.23006269102575,40.04
config_D,test,3000000,1.0,0.0,167.2580708876492,8.708132552776046,39.76,10,1.0,167.2580708876492,39.76
config_D,test,3010000,1.0,0.0,162.00998023476376,11.894344671039006,39.44,5,1.0,162.00998023476376,39.44
config_D,test,3020000,1.0,0.0,157.4702529185723,9.665618055238378,39.44,5,1.0,157.4702529185723,39.44
config_D,test,3030000,0.96,0.08944271909999157,159.54695426065828,14.388469381983832,39.82,5,0.96,159.54695426065828,39.82
config_D,test,3040000,0.96,0.08944271909999157,159.87317461393008,13.833242377806084,39.71,5,0.96,159.87317461393008,39.71
config_D,test,3050000,0.9199999999999999,0.10327955589886444,155.72569874081609,20.64314379248999,40.089999999999996,10,0.9199999999999999,155.72569874081609,40.089999999999996
config_D,test,3060000,0.96,0.08944271909999157,152.16155614612833,7.666589425234888,42.39,5,0.96,152.16155614612833,42.39
config_D,test,3070000,1.0,0.0,162.07110373715508,19.264062637273206,39.68,5,1.0,162.07110373715508,39.68
config_D,test,3080000,1.0,0.0,163.25497160264752,12.31226278022023,39.36,5,1.0,163.25497160264752,39.36
config_D,test,3090000,1.0,0.0,158.56866590649233,22.78756185165953,39.2,5,1.0,158.56866590649233,39.2
config_D,test,3100000,1.0,0.0,164.61110195056008,13.268009151735583,39.2,10,1.0,164.61110195056008,39.2
config_D,test,3110000,0.96,0.08944271909999156,194.0059215933963,84.84070841300453,39.04,5,0.96,194.0059215933963,39.04
config_D,test,3120000,1.0,0.0,163.6573872393785,23.20062216973539,39.519999999999996,5,1.0,163.6573872393785,39.519999999999996
config_D,test,3130000,1.0,0.0,156.66483531836997,16.86096240600468,38.44,5,1.0,156.66483531836997,38.44
config_D,test,3140000,1.0,0.0,161.7118901751399,15.483882248655215,38.96,5,1.0,161.7118901751399,38.96
config_D,test,3150000,1.0,0.0,156.64109031307643,17.38273813229975,38.56,10,1.0,156.64109031307643,38.56
config_D,test,3160000,1.0,0.0,155.81292028514792,21.13403559506971,38.4,5,1.0,155.81292028514792,38.4
config_D,test,3170000,1.0,0.0,156.3317517782729,23.57164294469229,38.4,5,1.0,156.3317517782729,38.4
config_D,test,3180000,1.0,0.0,154.20136468720585,14.395887443918426,38.36,5,1.0,154.20136468720585,38.36
config_D,test,3190000,1.0,0.0,154.0708065827749,14.073899970416367,38.4,5,1.0,154.0708065827749,38.4
config_D,test,3200000,0.96,0.08432740427115677,153.1821575325341,19.04720653826432,38.53,10,0.96,153.1821575325341,38.53
config_D,test,3210000,1.0,0.0,164.83550307526994,17.974739018537765,40.92,5,1.0,164.83550307526994,40.92
config_D,test,3220000,1.0,0.0,161.6952872688969,8.265694041458831,38.96,5,1.0,161.6952872688969,38.96
config_D,test,3230000,1.0,0.0,159.9615953640559,12.300606245437118,38.68,5,1.0,159.9615953640559,38.68
config_D,test,3240000,1.0,0.0,160.8397688276687,13.902828745269076,38.760000000000005,5,1.0,160.8397688276687,38.760000000000005
config_D,test,3250000,1.0,0.0,159.7235703611605,16.332255852578086,38.64,10,1.0,159.7235703611605,38.64
config_D,test,3260000,1.0,0.0,162.1488261035393,16.04854100878459,39.160000000000004,5,1.0,162.1488261035393,39.160000000000004
config_D,test,3270000,1.0,0.0,158.35835031314576,16.71323881786229,39.04,5,1.0,158.35835031314576,39.04
config_D,test,3280000,1.0,0.0,158.93476420541572,16.856783546406476,38.760000000000005,5,1.0,158.93476420541572,38.760000000000005
config_D,test,3290000,1.0,0.0,157.87501003790996,14.86084305380042,38.8,5,1.0,157.87501003790996,38.8
config_D,test,3300000,1.0,0.0,156.01773646409964,8.299091432607915,39.12,10,1.0,156.01773646409964,39.12
config_D,test,3310000,1.0,0.0,154.7393090749473,7.976593617565401,38.96,5,1.0,154.7393090749473,38.96
config_D,test,3320000,0.96,0.08944271909999156,148.09031128936778,19.968581432039727,39.220000000000006,5,0.96,148.09031128936778,39.220000000000006
config_D,test,3330000,1.0,0.0,137.51974007018845,35.21953275543389,39.08,5,1.0,137.51974007018845,39.08
config_D,test,3340000,1.0,0.0,158.65832690851713,16.70370690369088,39.64,5,1.0,158.65832690851713,39.64
config_D,test,3350000,1.0,0.0,164.0725855220945,12.006605062909612,39.2,10,1.0,164.0725855220945,39.2
config_D,test,3360000,1.0,0.0,157.29052444415203,2.3825472220812327,38.96,5,1.0,157.29052444415203,38.96
config_D,test,3370000,1.0,0.0,155.73130004831214,4.643228186229095,38.72,5,1.0,155.73130004831214,38.72
config_D,test,3380000,1.0,0.0,164.3000822276772,14.797428338487403,39.480000000000004,5,1.0,164.3000822276772,39.480000000000004
config_D,test,3390000,0.96,0.08944271909999156,154.21051378299256,12.334769329995233,38.489999999999995,5,0.96,154.21051378299256,38.489999999999995
config_D,test,3400000,0.96,0.08432740427115677,167.4363453503147,3.8517412452330335,39.029999999999994,10,0.96,167.4363453503147,39.029999999999994
config_D,test,3410000,1.0,0.0,155.18771852578033,10.59575437499871,39.36,5,1.0,155.18771852578033,39.36
config_D,test,3420000,0.96,0.08944271909999156,161.27308032944947,20.519629740563037,41.11,5,0.96,161.27308032944947,41.11
config_D,test,3430000,1.0,0.0,153.66840745865866,14.815610828457881,41.2,5,1.0,153.66840745865866,41.2
config_D,test,3440000,1.0,0.0,146.56543921826048,14.056142832652556,39.519999999999996,5,1.0,146.56543921826048,39.519999999999996
config_D,test,3450000,0.96,0.08432740427115674,147.75662631022746,12.711766838498523,39.25,10,0.96,147.75662631022746,39.25
config_D,test,3460000,0.96,0.08944271909999156,154.46648286894154,16.608587237858064,39.47,5,0.96,154.46648286894154,39.47
config_D,test,3470000,0.96,0.08944271909999157,149.61359826582347,21.477664797718766,40.510000000000005,5,0.96,149.61359826582347,40.510000000000005
config_D,test,3480000,1.0,0.0,147.64312810169898,12.407156180338601,39.36,5,1.0,147.64312810169898,39.36
config_D,test,3490000,1.0,0.0,153.77451810751316,17.077635605255086,39.480000000000004,5,1.0,153.77451810751316,39.480000000000004
config_D,test,3500000,0.96,0.08432740427115677,166.46140673221402,23.1733651913466,39.56,10,0.96,166.46140673221402,39.56
config_D,test,3510000,1.0,0.0,158.74138340733833,15.979229547337887,41.64,5,1.0,158.74138340733833,41.64
config_D,test,3520000,0.9199999999999999,0.17888543819998318,194.12217648320345,81.18745186076256,40.026666666666664,5,0.9199999999999999,194.12217648320345,40.026666666666664
config_D,test,3530000,0.9199999999999999,0.17888543819998318,151.35137654570389,28.128181973221363,39.66666666666667,5,0.9199999999999999,151.35137654570389,39.66666666666667
config_D,test,3540000,0.9199999999999999,0.17888543819998318,153.13043754564745,30.378258503107606,39.82666666666667,5,0.9199999999999999,153.13043754564745,39.82666666666667
config_D,test,3550000,1.0,0.0,167.24319748722957,11.452200668693093,41.92,10,1.0,167.24319748722957,41.92
config_D,test,3560000,1.0,0.0,160.88915671938815,9.434645498785818,41.67999999999999,5,1.0,160.88915671938815,41.67999999999999
config_D,test,3570000,0.9199999999999999,0.17888543819998318,146.98238743323267,16.335409399054832,39.05333333333333,5,0.9199999999999999,146.98238743323267,39.05333333333333
config_D,test,3580000,0.9199999999999999,0.17888543819998318,149.27318162934097,32.553001954098626,39.05333333333333,5,0.9199999999999999,149.27318162934097,39.05333333333333
config_D,test,3590000,0.9199999999999999,0.17888543819998318,159.09472473507566,12.453185929436874,39.29333333333333,5,0.9199999999999999,159.09472473507566,39.29333333333333
config_D,test,3600000,0.9199999999999999,0.10327955589886444,151.23682998443485,27.169773249662097,40.38,10,0.9199999999999999,151.23682998443485,40.38
config_D,test,3610000,0.96,0.08944271909999157,154.63203403662902,23.439060446180523,39.57,5,0.96,154.63203403662902,39.57
config_D,test,3620000,0.96,0.08944271909999157,155.51768048404128,17.931285727552208,39.22,5,0.96,155.51768048404128,39.22
config_D,test,3630000,0.96,0.08944271909999157,154.83773967135454,18.003270701537406,39.37,5,0.96,154.83773967135454,39.37
config_D,test,3640000,1.0,0.0,184.0748572810716,98.73797590329774,59.08,5,1.0,184.0748572810716,59.08
config_D,test,3650000,0.96,0.08432740427115677,171.357710323546,58.332915422838575,41.87,10,0.96,171.357710323546,41.87
config_D,test,3660000,1.0,0.0,138.97652413930714,23.857201445324087,45.6,5,1.0,138.97652413930714,45.6
config_D,test,3670000,1.0,0.0,152.47702268320944,33.846939918738066,40.160000000000004,5,1.0,152.47702268320944,40.160000000000004
config_D,test,3680000,1.0,0.0,147.5427395164084,14.182063493158187,39.160000000000004,5,1.0,147.5427395164084,39.160000000000004
config_D,test,3690000,0.96,0.08944271909999157,148.4515117239558,12.683395688447929,45.68,5,0.96,148.4515117239558,45.68
config_D,test,3700000,1.0,0.0,141.9450347023799,18.748263319145092,50.760000000000005,10,1.0,141.9450347023799,50.760000000000005
config_D,test,3710000,1.0,0.0,134.49408125075396,25.854347070590936,40.56,5,1.0,134.49408125075396,40.56
config_D,test,3720000,1.0,0.0,158.62955289189426,10.419473025398062,39.2,5,1.0,158.62955289189426,39.2
config_D,test,3730000,1.0,0.0,158.28904855636395,11.549255879724337,39.239999999999995,5,1.0,158.28904855636395,39.239999999999995
config_D,test,3740000,1.0,0.0,165.85282622227695,8.763315211239522,39.48,5,1.0,165.85282622227695,39.48
config_D,test,3750000,1.0,0.0,159.0449781362226,10.950503680399839,39.4,10,1.0,159.0449781362226,39.4
config_D,test,3760000,1.0,0.0,155.45616977963476,18.245876468316826,39.36,5,1.0,155.45616977963476,39.36
config_D,test,3770000,1.0,0.0,162.33353777852798,16.46382318841158,39.480000000000004,5,1.0,162.33353777852798,39.480000000000004
config_D,test,3780000,1.0,0.0,164.09165463846017,8.339123137573816,39.08,5,1.0,164.09165463846017,39.08
config_D,test,3790000,1.0,0.0,163.83560155957235,9.930183820812495,39.0,5,1.0,163.83560155957235,39.0
config_D,test,3800000,1.0,0.0,160.43493420585344,7.820117855677667,39.04,10,1.0,160.43493420585344,39.04
config_D,test,3810000,1.0,0.0,160.05981763818522,12.391594698682809,39.32,5,1.0,160.05981763818522,39.32
config_D,test,3820000,1.0,0.0,150.77413183395205,11.928233269230011,39.6,5,1.0,150.77413183395205,39.6
config_D,test,3830000,1.0,0.0,157.52152840393742,19.698934176422352,39.56,5,1.0,157.52152840393742,39.56
config_D,test,3840000,1.0,0.0,159.66295666750972,11.95657742379501,39.32,5,1.0,159.66295666750972,39.32
config_D,test,3850000,1.0,0.0,159.6642871036765,7.020836589696691,40.92,10,1.0,159.6642871036765,40.92
config_D,test,3860000,1.0,0.0,153.8084211827019,11.284258251680642,39.480000000000004,5,1.0,153.8084211827019,39.480000000000004
config_D,test,3870000,1.0,0.0,156.41074782507013,11.131154837077247,42.68,5,1.0,156.41074782507013,42.68
config_D,test,3880000,0.96,0.08944271909999156,155.97672663063634,15.378813813151373,38.79,5,0.96,155.97672663063634,38.79
config_D,test,3890000,1.0,0.0,153.58646131278954,13.828116210384293,39.28,5,1.0,153.58646131278954,39.28
config_D,test,3900000,1.0,0.0,144.01904795041224,24.28300338189463,38.68,10,1.0,144.01904795041224,38.68
config_D,test,3910000,0.96,0.08944271909999157,150.92148745674803,27.7869498336014,38.92,5,0.96,150.92148745674803,38.92
config_D,test,3920000,0.9199999999999999,0.1095445115010332,154.5570850012753,30.674169678306637,38.910000000000004,5,0.9199999999999999,154.5570850012753,38.910000000000004
config_D,test,3930000,0.96,0.08944271909999157,144.26858972207953,25.057204587120893,38.87,5,0.96,144.26858972207953,38.87
config_D,test,3940000,1.0,0.0,148.933420214804,18.482930104396388,42.839999999999996,5,1.0,148.933420214804,42.839999999999996
config_D,test,3950000,1.0,0.0,146.71300537700537,31.39750755183314,51.44,10,1.0,146.71300537700537,51.44
config_D,test,3960000,0.8800000000000001,0.1788854381999832,156.5726744640879,27.570291769242125,39.13666666666667,5,0.8800000000000001,156.5726744640879,39.13666666666667
config_D,test,3970000,0.9199999999999999,0.17888543819998318,147.09873565639208,34.53770134693375,39.08,5,0.9199999999999999,147.09873565639208,39.08
config_D,test,3980000,0.8800000000000001,0.17888543819998318,156.12024135288408,42.62773465238558,38.64666666666667,5,0.8800000000000001,156.12024135288408,38.64666666666667
config_D,test,3990000,0.96,0.08944271909999157,145.3181329409112,46.83077949715555,49.57,5,0.96,145.3181329409112,49.57
config_D,test,4000000,0.8800000000000001,0.16865480854231357,165.17635046136806,30.23233714569781,38.9,10,0.8800000000000001,165.17635046136806,38.9
config_D,test,4010000,0.96,0.08944271909999157,161.8025264466775,36.12154006078246,39.11,5,0.96,161.8025264466775,39.11
config_D,test,4020000,1.0,0.0,177.34757223737478,38.96286164752293,40.8,5,1.0,177.34757223737478,40.8
config_D,test,4030000,1.0,0.0,173.35170040715406,36.50136680049705,40.4,5,1.0,173.35170040715406,40.4
config_D,test,4040000,1.0,0.0,165.176218997111,28.149423170381844,39.32,5,1.0,165.176218997111,39.32
config_D,test,4050000,1.0,0.0,161.3829927040195,28.50339114981811,39.28,10,1.0,161.3829927040195,39.28
config_D,test,4060000,1.0,0.0,161.81320379038047,32.20537041873437,39.0,5,1.0,161.81320379038047,39.0
config_D,test,4070000,1.0,0.0,161.93336744937363,27.481800846233597,39.04,5,1.0,161.93336744937363,39.04
config_D,test,4080000,1.0,0.0,182.34573990040025,37.41228386208039,40.68,5,1.0,182.34573990040025,40.68
config_D,test,4090000,1.0,0.0,174.90385405216784,34.46474694712015,40.04,5,1.0,174.90385405216784,40.04
config_D,test,4100000,1.0,0.0,162.5521513484184,26.527680465271224,39.28,10,1.0,162.5521513484184,39.28
config_D,test,4110000,1.0,0.0,168.16091142087217,31.66110749110687,40.2,5,1.0,168.16091142087217,40.2
config_D,test,4120000,1.0,0.0,172.99094071122443,28.162100626633404,39.92,5,1.0,172.99094071122443,39.92
config_D,test,4130000,1.0,0.0,166.76112391554565,20.171105544819966,40.0,5,1.0,166.76112391554565,40.0
config_D,test,4140000,1.0,0.0,168.77463590913345,19.572340668061116,39.92,5,1.0,168.77463590913345,39.92
config_D,test,4150000,0.96,0.08432740427115674,174.44047582161576,19.579715495659375,40.7,10,0.96,174.44047582161576,40.7
config_D,test,4160000,0.96,0.08944271909999156,177.97479611840456,24.652677533894735,41.470000000000006,5,0.96,177.97479611840456,41.470000000000006
config_D,test,4170000,1.0,0.0,169.13271326200177,24.561222382308813,40.96,5,1.0,169.13271326200177,40.96
config_D,test,4180000,0.96,0.08944271909999157,178.37308402438268,25.20345021952848,41.73,5,0.96,178.37308402438268,41.73
config_D,test,4190000,0.96,0.08944271909999157,176.0052239976685,24.177023489399332,41.55,5,0.96,176.0052239976685,41.55
config_D,test,4200000,0.96,0.08432740427115674,171.2436455817497,5.8856581747646946,41.06,10,0.96,171.2436455817497,41.06
config_D,test,4210000,1.0,0.0,176.3555292587225,15.336128523968407,40.64,5,1.0,176.3555292587225,40.64
config_D,test,4220000,1.0,0.0,178.6418591417803,19.477944240835402,40.839999999999996,5,1.0,178.6418591417803,40.839999999999996
config_D,test,4230000,1.0,0.0,171.37443241431941,16.553168692157413,40.4,5,1.0,171.37443241431941,40.4
config_D,test,4240000,1.0,0.0,178.76449793938747,12.798789507193916,40.839999999999996,5,1.0,178.76449793938747,40.839999999999996
config_D,test,4250000,1.0,0.0,175.43153654942904,16.507187296117664,40.4,10,1.0,175.43153654942904,40.4
config_D,test,4260000,1.0,0.0,174.94496106864065,15.996013566737396,40.28,5,1.0,174.94496106864065,40.28
config_D,test,4270000,1.0,0.0,176.27512520970646,18.835353019751565,40.480000000000004,5,1.0,176.27512520970646,40.480000000000004
config_D,test,4280000,1.0,0.0,174.55577327261213,21.11126279454581,40.4,5,1.0,174.55577327261213,40.4
config_D,test,4290000,1.0,0.0,161.2889078150832,16.312137242736494,39.28,5,1.0,161.2889078150832,39.28
config_D,test,4300000,1.0,0.0,154.04496203145283,19.67462640339705,39.28,10,1.0,154.04496203145283,39.28
config_D,test,4310000,1.0,0.0,148.05158321013892,28.35639723423988,39.6,5,1.0,148.05158321013892,39.6
config_D,test,4320000,1.0,0.0,158.70447168182733,27.21607374672842,39.519999999999996,5,1.0,158.70447168182733,39.519999999999996
config_D,test,4330000,1.0,0.0,160.35210602022602,26.679032194219204,39.760000000000005,5,1.0,160.35210602022602,39.760000000000005
config_D,test,4340000,1.0,0.0,158.8607265895361,35.07734187565985,39.32000000000001,5,1.0,158.8607265895361,39.32000000000001
config_D,test,4350000,1.0,0.0,164.51460475126274,25.445569347300967,41.0,10,1.0,164.51460475126274,41.0
config_D,test,4360000,0.96,0.08944271909999157,165.30140163960476,19.73708433450313,39.64,5,0.96,165.30140163960476,39.64
config_D,test,4370000,1.0,0.0,161.94271452574176,17.004788826666196,40.64,5,1.0,161.94271452574176,40.64
config_D,test,4380000,1.0,0.0,157.6128063828966,24.984819700811304,39.92,5,1.0,157.6128063828966,39.92
config_D,test,4390000,1.0,0.0,156.91446839650268,19.127056757129157,41.959999999999994,5,1.0,156.91446839650268,41.959999999999994
config_D,test,4400000,1.0,0.0,157.6109790455485,22.018131435638555,39.96,10,1.0,157.6109790455485,39.96
config_D,test,4410000,1.0,0.0,160.97867703211426,16.19921078487129,40.04,5,1.0,160.97867703211426,40.04
config_D,test,4420000,1.0,0.0,160.47797337788808,18.026736398610556,43.36,5,1.0,160.47797337788808,43.36
config_D,test,4430000,1.0,0.0,146.41243823814813,27.266552591087507,42.0,5,1.0,146.41243823814813,42.0
config_D,test,4440000,0.96,0.08944271909999156,142.15549620562908,32.585115537115236,44.010000000000005,5,0.96,142.15549620562908,44.010000000000005
config_D,test,4450000,0.8800000000000001,0.10327955589886444,152.96603881853648,17.448775986361223,38.25,10,0.8800000000000001,152.96603881853648,38.25
config_D,test,4460000,0.8800000000000001,0.17888543819998315,141.56100542405434,13.306683953590555,38.44666666666667,5,0.8800000000000001,141.56100542405434,38.44666666666667
config_D,test,4470000,1.0,0.0,156.51434176767776,22.35382056918402,41.04,5,1.0,156.51434176767776,41.04
config_D,test,4480000,0.96,0.08944271909999157,159.3973571992951,19.77293770507622,39.57,5,0.96,159.3973571992951,39.57
config_D,test,4490000,0.9199999999999999,0.17888543819998318,154.06630094396448,27.045998659471127,39.82666666666667,5,0.9199999999999999,154.06630094396448,39.82666666666667
config_D,test,4500000,0.9199999999999999,0.16865480854231357,157.00862136333313,23.929181813227824,39.54666666666667,10,0.9199999999999999,157.00862136333313,39.54666666666667
config_D,test,4510000,1.0,0.0,156.86627888553306,27.05610118337256,41.4,5,1.0,156.86627888553306,41.4
config_D,test,4520000,1.0,0.0,157.4009056477792,24.91799559868389,40.519999999999996,5,1.0,157.4009056477792,40.519999999999996
config_D,test,4530000,0.96,0.08944271909999157,158.87022673208847,21.66555570236243,52.720000000000006,5,0.96,158.87022673208847,52.720000000000006
config_D,test,4540000,0.9199999999999999,0.17888543819998318,161.76282221769742,12.608437633671517,39.50666666666667,5,0.9199999999999999,161.76282221769742,39.50666666666667
config_D,test,4550000,0.8800000000000001,0.16865480854231354,141.80934667598325,21.772656322406313,38.87,10,0.8800000000000001,141.80934667598325,38.87
config_D,test,4560000,0.9199999999999999,0.17888543819998318,162.02949531199906,20.35853009584575,38.906666666666666,5,0.9199999999999999,162.02949531199906,38.906666666666666
config_D,test,4570000,0.96,0.08944271909999157,151.81564213706457,14.860776400230266,38.910000000000004,5,0.96,151.81564213706457,38.910000000000004
config_D,test,4580000,0.9199999999999999,0.10954451150103317,323.5769362366599,374.343973834745,40.05,5,0.9199999999999999,323.5769362366599,40.05
config_D,test,4590000,0.9199999999999999,0.10954451150103317,148.18275925237796,36.64691680851324,40.339999999999996,5,0.9199999999999999,148.18275925237796,40.339999999999996
config_D,test,4600000,0.8800000000000001,0.10327955589886444,155.9941180067587,24.915232512622797,40.38,10,0.8800000000000001,155.9941180067587,40.38
config_D,test,4610000,1.0,0.0,148.53216684044833,19.080052822400003,39.68,5,1.0,148.53216684044833,39.68
config_D,test,4620000,1.0,0.0,143.4956423200238,15.862384774843848,41.6,5,1.0,143.4956423200238,41.6
config_D,test,4630000,0.9199999999999999,0.10954451150103317,151.82338966982886,12.05090004883085,38.78,5,0.9199999999999999,151.82338966982886,38.78
config_D,test,4640000,0.8800000000000001,0.17888543819998318,300.64429988370483,331.11105349834713,39.733333333333334,5,0.8800000000000001,300.64429988370483,39.733333333333334
config_D,test,4650000,0.96,0.08432740427115677,157.48197638317137,12.07684438957803,39.089999999999996,10,0.96,157.48197638317137,39.089999999999996
config_D,test,4660000,1.0,0.0,153.3452998956089,24.077722248505623,39.44,5,1.0,153.3452998956089,39.44
config_D,test,4670000,0.96,0.08944271909999156,163.97616954975652,15.7015902830875,39.480000000000004,5,0.96,163.97616954975652,39.480000000000004
config_D,test,4680000,1.0,0.0,158.53122651172825,9.92038696902098,39.28,5,1.0,158.53122651172825,39.28
config_D,test,4690000,0.96,0.08944271909999156,163.48842749770688,15.279107472244837,39.21,5,0.96,163.48842749770688,39.21
config_D,test,4700000,0.96,0.08432740427115674,166.01574375033192,15.79227904001663,39.510000000000005,10,0.96,166.01574375033192,39.510000000000005
config_D,test,4710000,0.96,0.08944271909999156,161.7381287510088,19.54585733018576,39.010000000000005,5,0.96,161.7381287510088,39.010000000000005
config_D,test,4720000,1.0,0.0,153.04667597214143,28.25088731982248,38.92,5,1.0,153.04667597214143,38.92
config_D,test,4730000,1.0,0.0,168.9827875331442,22.321106496144438,39.6,5,1.0,168.9827875331442,39.6
config_D,test,4740000,0.96,0.08944271909999157,155.8690602582073,17.01618883173953,38.9,5,0.96,155.8690602582073,38.9
config_D,test,4750000,1.0,0.0,160.28883247536422,19.153426914347346,40.44,10,1.0,160.28883247536422,40.44
config_D,test,4760000,1.0,0.0,162.38120540110293,21.37957262022524,39.6,5,1.0,162.38120540110293,39.6
config_D,test,4770000,0.96,0.08944271909999157,191.9092645053522,61.3236409014958,39.17,5,0.96,191.9092645053522,39.17
config_D,test,4780000,1.0,0.0,164.97802255386165,12.766738370881356,39.4,5,1.0,164.97802255386165,39.4
config_D,test,4790000,1.0,0.0,170.76776300794367,11.3355450575408,39.440000000000005,5,1.0,170.76776300794367,39.440000000000005
config_D,test,4800000,1.0,0.0,160.0314638832612,11.314018728454597,38.760000000000005,10,1.0,160.0314638832612,38.760000000000005
config_D,test,4810000,1.0,0.0,148.31764586446553,16.38198177396046,38.519999999999996,5,1.0,148.31764586446553,38.519999999999996
config_D,test,4820000,1.0,0.0,165.4561744850173,12.805500337490216,38.92,5,1.0,165.4561744850173,38.92
config_D,test,4830000,1.0,0.0,165.47863117460193,17.687449776007167,38.760000000000005,5,1.0,165.47863117460193,38.760000000000005
config_D,test,4840000,1.0,0.0,164.8274188197427,18.210586690806323,39.04,5,1.0,164.8274188197427,39.04
config_D,test,4850000,0.96,0.08432740427115677,162.25829523198155,17.777583706759717,38.8,10,0.96,162.25829523198155,38.8
config_D,test,4860000,1.0,0.0,163.82661627161679,13.037748996980488,38.480000000000004,5,1.0,163.82661627161679,38.480000000000004
config_D,test,4870000,1.0,0.0,163.24234236342505,5.8347627746157,38.72,5,1.0,163.24234236342505,38.72
config_D,test,4880000,1.0,0.0,162.3569766579453,8.29747177129848,38.56,5,1.0,162.3569766579453,38.56
config_D,test,4890000,1.0,0.0,162.63344335601218,10.893957056336449,38.4,5,1.0,162.63344335601218,38.4
config_D,test,4900000,1.0,0.0,153.9883574405138,16.484054236056373,38.8,10,1.0,153.9883574405138,38.8
config_D,test,4910000,1.0,0.0,153.66005244988267,16.24533216164746,38.760000000000005,5,1.0,153.66005244988267,38.760000000000005
config_D,test,4920000,0.9199999999999999,0.1788854381999832,157.52778219693568,17.197085851779338,38.733333333333334,5,0.9199999999999999,157.52778219693568,38.733333333333334
config_D,test,4930000,0.96,0.08944271909999156,151.87468050016966,25.291444570187537,38.519999999999996,5,0.96,151.87468050016966,38.519999999999996
config_D,test,4940000,0.96,0.08944271909999156,156.4574491368766,19.384624343072783,39.04,5,0.96,156.4574491368766,39.04
config_D,test,4950000,1.0,0.0,164.67816180843616,4.437292866706433,39.2,10,1.0,164.67816180843616,39.2
config_D,test,4960000,1.0,0.0,163.13459811426523,7.243895962089042,39.12,5,1.0,163.13459811426523,39.12
config_D,test,4970000,0.96,0.08944271909999156,161.58170952228656,8.321099703442762,38.75,5,0.96,161.58170952228656,38.75
config_D,test,4980000,1.0,0.0,160.35530263369944,12.917888994874152,38.760000000000005,5,1.0,160.35530263369944,38.760000000000005
config_D,test,4990000,1.0,0.0,159.13176152854294,12.282794143238322,39.120000000000005,5,1.0,159.13176152854294,39.120000000000005
config_D,test,5000000,1.0,0.0,155.07454154814354,6.510893108089917,39.239999999999995,5,1.0,155.07454154814354,39.239999999999995
config_D,train,10000,0.0222222222222222,0.031426968052735406,92.21174351368248,84.07994632097878,223.16666666666663,5,0.0222222222222222,92.21174351368248,223.16666666666663
config_D,train,20000,0.00888888888888888,0.012171612389003678,83.8680200343593,35.150507981629964,135.0,5,0.00888888888888888,83.8680200343593,135.0
config_D,train,30000,0.01777777777777776,0.024343224778007357,136.5808428289326,37.35403394120567,285.25,5,0.01777777777777776,136.5808428289326,285.25
config_D,train,40000,0.04444444444444442,0.07698003589195007,261.96527030346687,59.19122570213538,247.5,5,0.04444444444444442,261.96527030346687,247.5
config_D,train,50000,0.026666666666666637,0.017529125283258104,289.4092257296085,179.9984250099216,188.5,10,0.026666666666666637,289.4092257296085,188.5
config_D,train,60000,0.00444444444444444,0.009938079899999055,252.00068158509862,194.87959267524334,361.0,5,0.00444444444444444,252.00068158509862,361.0
config_D,train,70000,0.00444444444444444,0.009938079899999055,237.77270991176573,189.43043281690203,299.0,5,0.00444444444444444,237.77270991176573,299.0
config_D,train,80000,0.0,0.0,301.635911051736,197.97335753898943,,5,0.0,301.635911051736,
config_D,train,90000,0.00888888888888888,0.012171612389003678,329.1743657877586,160.70087801582778,117.5,5,0.00888888888888888,329.1743657877586,117.5
config_D,train,100000,0.0,0.0,351.5696853352424,218.4241348384833,,10,0.0,351.5696853352424,
config_D,train,110000,0.00444444444444444,0.009938079899999053,352.48416770292874,223.89051934037698,52.0,5,0.00444444444444444,352.48416770292874,52.0
config_D,train,120000,0.01777777777777776,0.009938079899999053,465.6573588366279,365.8072006247376,220.75,5,0.01777777777777776,465.6573588366279,220.75
config_D,train,130000,0.0222222222222222,0.03142696805273541,484.28603590249804,286.9346189841292,92.83333333333334,5,0.0222222222222222,484.28603590249804,92.83333333333334
config_D,train,140000,0.0222222222222222,0.0222222222222222,528.6058521863272,273.47495641708554,121.5,5,0.0222222222222222,528.6058521863272,121.5
config_D,train,150000,0.03111111111111108,0.03177423791041066,711.5588423697989,308.822034036927,152.375,10,0.03111111111111108,711.5588423697989,152.375
config_D,train,160000,0.048888888888888836,0.02897423291201174,900.8565575856935,574.4354225925015,110.21666666666667,5,0.048888888888888836,900.8565575856935,110.21666666666667
config_D,train,170000,0.04444444444444442,0.041573970964154904,961.2033179695121,548.9818759312732,103.325,5,0.04444444444444442,961.2033179695121,103.325
config_D,train,180000,0.07111111111111108,0.053054828383614756,1122.7093664644,547.9568321884132,77.08333333333333,5,0.07111111111111108,1122.7093664644,77.08333333333333
config_D,train,190000,0.04888888888888886,0.053054828383614756,972.8960297708211,497.5155720725007,155.91666666666669,5,0.04888888888888886,972.8960297708211,155.91666666666669
config_D,train,200000,0.05777777777777774,0.06558798109978858,993.6000527499431,556.8166026425368,98.78125,10,0.05777777777777774,993.6000527499431,98.78125
config_D,train,210000,0.026666666666666637,0.03975231959999622,803.3953602329302,441.24844142524165,114.625,5,0.026666666666666637,803.3953602329302,114.625
config_D,train,220000,0.0311111111111111,0.046080980785172705,1102.027135462606,237.75905350724415,208.4,5,0.0311111111111111,1102.027135462606,208.4
config_D,train,230000,0.03555555555555554,0.055777335102271695,1147.7858774783426,523.1057340064104,216.88888888888889,5,0.03555555555555554,1147.7858774783426,216.88888888888889
config_D,train,240000,0.08888888888888888,0.13240416986458875,1247.0509572013386,607.1986928378531,138.32380952380953,5,0.08888888888888888,1247.0509572013386,138.32380952380953
config_D,train,250000,0.16444444444444445,0.14101338114715015,1311.7340286602243,519.1874805616208,89.26428571428572,10,0.16444444444444445,1311.7340286602243,89.26428571428572
config_D,train,260000,0.07999999999999996,0.08403409067195125,1438.4252379183843,397.67118820298333,161.03174603174605,5,0.07999999999999996,1438.4252379183843,161.03174603174605
config_D,train,270000,0.12888888888888883,0.08944271909999157,1302.6357380181057,511.42215084263063,102.91666666666667,5,0.12888888888888883,1302.6357380181057,102.91666666666667
config_D,train,280000,0.10666666666666665,0.06554613868334498,1436.7440878573402,355.7730847728986,121.32083333333333,5,0.10666666666666665,1436.7440878573402,121.32083333333333
config_D,train,290000,0.11111111111111108,0.10772621905369618,1522.0183922395443,354.61608312817935,56.241666666666674,5,0.11111111111111108,1522.0183922395443,56.241666666666674
config_D,train,300000,0.10666666666666662,0.09759803906370727,1397.7889968756383,534.7217530146696,65.61647727272728,10,0.10666666666666662,1397.7889968756383,65.61647727272728
config_D,train,310000,0.15555555555555553,0.08461970117626566,1259.2921279296872,529.038922738871,99.69419191919192,5,0.15555555555555553,1259.2921279296872,99.69419191919192
config_D,train,320000,0.20888888888888885,0.14194417264596726,1368.79693755177,637.9459144277671,68.3,5,0.20888888888888885,1368.79693755177,68.3
config_D,train,330000,0.17333333333333328,0.12511722898008218,1223.5763340589551,634.7901772815728,80.63035714285715,5,0.17333333333333328,1223.5763340589551,80.63035714285715
config_D,train,340000,0.2977777777777778,0.18895423706205614,1306.5589629983315,381.2627952315965,101.3565873015873,5,0.2977777777777778,1306.5589629983315,101.3565873015873
config_D,train,350000,0.30222222222222217,0.19463306548047402,1283.9061915640125,283.27659592924,95.54765010351966,10,0.30222222222222217,1283.9061915640125,95.54765010351966
config_D,train,360000,0.271111111111111,0.20511965794158804,1155.0074557163523,473.98603792417293,85.88425925925927,5,0.271111111111111,1155.0074557163523,85.88425925925927
config_D,train,370000,0.27999999999999997,0.1991339272641765,1241.7014423048943,444.49149427589134,63.87866666666666,5,0.27999999999999997,1241.7014423048943,63.87866666666666
config_D,train,380000,0.3333333333333333,0.17284832429004493,1266.0228231074975,459.06141108109216,90.7935064935065,5,0.3333333333333333,1266.0228231074975,90.7935064935065
config_D,train,390000,0.3288888888888889,0.15744879630149647,1276.8945453809652,284.66904989321887,100.77757575757576,5,0.3288888888888889,1276.8945453809652,100.77757575757576
config_D,train,400000,0.37333333333333335,0.1549547480295453,1342.186659589221,135.09057424693728,90.7137619047619,10,0.37333333333333335,1342.186659589221,90.7137619047619
config_D,train,410000,0.3866666666666666,0.16223744220839095,1276.6188764414842,329.79980713543677,78.33209523809523,5,0.3866666666666666,1276.6188764414842,78.33209523809523
config_D,train,420000,0.33777777777777773,0.1364451682934111,1194.0753085420727,373.32228904313547,108.31166666666665,5,0.33777777777777773,1194.0753085420727,108.31166666666665
config_D,train,430000,0.39555555555555555,0.12312795713062283,1249.7652269400364,586.1668158096913,74.26960096319229,5,0.39555555555555555,1249.7652269400364,74.26960096319229
config_D,train,440000,0.36444444444444446,0.11177578968852704,1310.2780339596322,523.6159586829613,62.33604010025063,5,0.36444444444444446,1310.2780339596322,62.33604010025063
config_D,train,450000,0.30666666666666664,0.166559636415469,1315.1136813452144,591.4849657645061,106.88838383838383,10,0.30666666666666664,1315.1136813452144,106.88838383838383
config_D,train,460000,0.37777777777777777,0.2293307493394477,1104.549860916751,639.8890012853279,78.14670727822902,5,0.37777777777777777,1104.549860916751,78.14670727822902
config_D,train,470000,0.4311111111111111,0.14107173553870117,1119.3978714588218,595.7328213528701,79.55582563030839,5,0.4311111111111111,1119.3978714588218,79.55582563030839
config_D,train,480000,0.5111111111111111,0.10540925533894602,1084.8650227034263,637.0075331177777,79.47001017590752,5,0.5111111111111111,1084.8650227034263,79.47001017590752
config_D,train,490000,0.5377777777777778,0.10110500592068736,1015.8672387586546,600.0974339735566,80.44934032983508,5,0.5377777777777778,1015.8672387586546,80.44934032983508
config_D,train,500000,0.5022222222222222,0.14409263900192984,1190.092482603526,735.0986038920721,70.94156360801671,10,0.5022222222222222,1190.092482603526,70.94156360801671
config_D,train,510000,0.48888888888888893,0.1237280969517783,1240.0206001764977,772.4886769769907,82.33706273798086,5,0.48888888888888893,1240.0206001764977,82.33706273798086
config_D,train,520000,0.4488888888888889,0.23903096550266412,1237.88914509074,517.3065596650061,61.939868399133765,5,0.4488888888888889,1237.88914509074,61.939868399133765
config_D,train,530000,0.47555555555555545,0.26038907261212496,1263.42073991971,349.91790644297225,93.07516087516088,5,0.47555555555555545,1263.42073991971,93.07516087516088
config_D,train,540000,0.4844444444444445,0.24715667046043172,1397.9039546665504,351.0170851165131,76.81345743145744,5,0.4844444444444445,1397.9039546665504,76.81345743145744
config_D,train,550000,0.5244444444444445,0.1847995985720021,1274.1993832283229,388.7833310378252,64.35688789371548,10,0.5244444444444445,1274.1993832283229,64.35688789371548
config_D,train,560000,0.5377777777777777,0.17736062168208816,1291.9330188941105,363.85020830124694,68.9745115995116,5,0.5377777777777777,1291.9330188941105,68.9745115995116
config_D,train,570000,0.5422222222222223,0.2983907455619847,1201.6235091266262,506.6653830668093,62.89950581395349,5,0.5422222222222223,1201.6235091266262,62.89950581395349
config_D,train,580000,0.5866666666666667,0.2437363481457114,1044.2452097032808,343.19233031248933,68.77070640087882,5,0.5866666666666667,1044.2452097032808,68.77070640087882
config_D,train,590000,0.5466666666666666,0.23391461985672474,1218.850940011814,419.5954960137227,70.59487719298245,5,0.5466666666666666,1218.850940011814,70.59487719298245
config_D,train,600000,0.5644444444444444,0.24727874232540828,1046.0222410720683,349.8080089145695,66.83863499658237,10,0.5644444444444444,1046.0222410720683,66.83863499658237
config_D,train,610000,0.4488888888888889,0.34044270379595637,1071.2845684656763,698.6564687190462,64.75473286875726,5,0.4488888888888889,1071.2845684656763,64.75473286875726
config_D,train,620000,0.4888888888888888,0.35451235852319596,1199.3236134396655,646.0543530487968,67.89985569985569,5,0.4888888888888888,1199.3236134396655,67.89985569985569
config_D,train,630000,0.47111111111111104,0.34440860028549997,1232.4684798366043,674.2632734849955,82.8395173453997,5,0.47111111111111104,1232.4684798366043,82.8395173453997
config_D,train,640000,0.5466666666666666,0.31724119421765196,1159.582742773127,391.03567596677294,85.14688852813853,5,0.5466666666666666,1159.582742773127,85.14688852813853
config_D,train,650000,0.5111111111111111,0.2687164021809934,1287.5382066420605,513.5266388766926,82.21530026990554,10,0.5111111111111111,1287.5382066420605,82.21530026990554
config_D,train,660000,0.5644444444444444,0.2874322249689782,1219.0000583079443,483.296703928565,77.7526559714795,5,0.5644444444444444,1219.0000583079443,77.7526559714795
config_D,train,670000,0.6,0.31229931827900437,1065.3461333797386,445.86213691973364,75.3200412823891,5,0.6,1065.3461333797386,75.3200412823891
config_D,train,680000,0.5511111111111111,0.3479747401077935,1046.9875736809154,666.244486085801,64.05630107526882,5,0.5511111111111111,1046.9875736809154,64.05630107526882
config_D,train,690000,0.5644444444444444,0.2996294007232564,1024.1553157207802,529.6790253222822,63.94713804713805,5,0.5644444444444444,1024.1553157207802,63.94713804713805
config_D,train,700000,0.5866666666666667,0.27260869517656816,1095.306849879636,572.112467986326,63.58236056214317,10,0.5866666666666667,1095.306849879636,63.58236056214317
config_D,train,710000,0.5955555555555556,0.2466566564535397,1185.7660279925062,553.7094045100756,65.6081964573269,5,0.5955555555555556,1185.7660279925062,65.6081964573269
config_D,train,720000,0.6577777777777778,0.23444181146494106,1053.7569701067755,520.5767149149874,57.54661782661783,5,0.6577777777777778,1053.7569701067755,57.54661782661783
config_D,train,730000,0.6311111111111112,0.2517101998158955,1059.545338301366,502.07286487253236,59.85629679144385,5,0.6311111111111112,1059.545338301366,59.85629679144385
config_D,train,740000,0.6666666666666666,0.27261875880856223,892.6458007274475,308.13602934694757,56.08657843948166,5,0.6666666666666666,892.6458007274475,56.08657843948166
config_D,train,750000,0.6711111111111111,0.25246113664166864,954.0352024234444,343.18380019168404,57.4207477025898,10,0.6711111111111111,954.0352024234444,57.4207477025898
config_D,train,760000,0.5777777777777777,0.3265986323710904,1036.9471602850426,429.73369888149034,58.3991985068072,5,0.5777777777777777,1036.9471602850426,58.3991985068072
config_D,train,770000,0.5733333333333334,0.31481917208313587,1038.095067911429,475.12117082357577,64.1345299145299,5,0.5733333333333334,1038.095067911429,64.1345299145299
config_D,train,780000,0.5466666666666666,0.3133254530135923,1151.9742050575617,553.2484764179253,56.06472222222222,5,0.5466666666666666,1151.9742050575617,56.06472222222222
config_D,train,790000,0.5733333333333333,0.32447488441678185,1000.7492561001454,430.468781136276,79.38253437738732,5,0.5733333333333333,1000.7492561001454,79.38253437738732
config_D,train,800000,0.6266666666666667,0.3048397901653234,948.5081076530234,417.56900129716223,55.85509578544061,10,0.6266666666666667,948.5081076530234,55.85509578544061
config_D,train,810000,0.7155555555555555,0.2569527025699957,924.7369032761974,430.061376337268,63.360614213372834,5,0.7155555555555555,924.7369032761974,63.360614213372834
config_D,train,820000,0.72,0.2203252365856966,782.2503986681213,404.8197066508835,55.43756613756614,5,0.72,782.2503986681213,55.43756613756614
config_D,train,830000,0.6799999999999999,0.21233562996606672,867.2642037575564,281.9997971489897,52.62078620304427,5,0.6799999999999999,867.2642037575564,52.62078620304427
config_D,train,840000,0.6933333333333334,0.19206480387850575,897.3278370087683,240.77321185689593,65.19780818092978,5,0.6933333333333334,897.3278370087683,65.19780818092978
config_D,train,850000,0.6844444444444445,0.23629513525780013,811.4205441376502,288.43586756356285,55.52201331460967,10,0.6844444444444445,811.4205441376502,55.52201331460967
config_D,train,860000,0.6177777777777778,0.2843228906944347,892.1149560848335,397.1484504241749,59.90686868686869,5,0.6177777777777778,892.1149560848335,59.90686868686869
config_D,train,870000,0.6755555555555556,0.2878614207059782,725.0954176696007,202.07082357718667,57.822127565920674,5,0.6755555555555556,725.0954176696007,57.822127565920674
config_D,train,880000,0.6399999999999999,0.32141661745359185,633.0398314271328,298.5952005811918,73.99122807017544,5,0.6399999999999999,633.0398314271328,73.99122807017544
config_D,train,890000,0.6977777777777778,0.3522765468096036,548.352142029697,210.438025480625,78.17057644110275,5,0.6977777777777778,548.352142029697,78.17057644110275
config_D,train,900000,0.6933333333333332,0.28627497405148,578.076286678974,242.98237383596538,59.39800669653611,10,0.6933333333333332,578.076286678974,59.39800669653611
config_D,train,910000,0.6977777777777778,0.18632243392226294,708.7952107952163,249.93021098350206,49.64280566280566,5,0.6977777777777778,708.7952107952163,49.64280566280566
config_D,train,920000,0.7333333333333334,0.13698697784375508,695.408289461832,222.71875870761724,58.309630977948835,5,0.7333333333333334,695.408289461832,58.309630977948835
config_D,train,930000,0.7466666666666667,0.15682025568335423,640.396226598712,367.8171673079647,49.6019478917641,5,0.7466666666666667,640.396226598712,49.6019478917641
config_D,train,940000,0.768888888888889,0.15283332323599466,643.0506946926927,294.80817531611535,49.652116402116405,5,0.768888888888889,643.0506946926927,49.652116402116405
config_D,train,950000,0.768888888888889,0.17123772772503573,506.36695414777034,182.5905831312145,51.502785160575854,10,0.768888888888889,506.36695414777034,51.502785160575854
config_D,train,960000,0.711111111111111,0.3239417719358501,440.428054165113,152.5710826933866,59.092238439235345,5,0.711111111111111,440.428054165113,59.092238439235345
config_D,train,970000,0.7822222222222223,0.14774017900973038,522.2642047724361,232.23704991205338,47.74880979152463,5,0.7822222222222223,522.2642047724361,47.74880979152463
config_D,train,980000,0.8222222222222222,0.1563471919941144,458.7536266806331,213.62409636572727,48.490250043713935,5,0.8222222222222222,458.7536266806331,48.490250043713935
config_D,train,990000,0.8044444444444444,0.14521163780181812,528.782116323937,165.94538936683128,48.04787332787333,5,0.8044444444444444,528.782116323937,48.04787332787333
config_D,train,1000000,0.9244444444444444,0.06389291452695647,278.33451561822557,111.36057818490741,45.352172161590765,10,0.9244444444444444,278.33451561822557,45.352172161590765
config_D,train,1010000,0.9199999999999999,0.07793634629666747,316.532647041707,86.99107560620709,43.94891472868217,5,0.9199999999999999,316.532647041707,43.94891472868217
config_D,train,1020000,0.9377777777777776,0.06921071778843309,266.4042605942187,40.38622505347291,44.50515023631303,5,0.9377777777777776,266.4042605942187,44.50515023631303
config_D,train,1030000,0.9377777777777778,0.05067446333773945,294.96587037988195,72.01953186442215,44.517975866699636,5,0.9377777777777778,294.96587037988195,44.517975866699636
config_D,train,1040000,0.9422222222222223,0.040368671387966584,311.6713482161038,60.91917234179872,44.083211517165005,5,0.9422222222222223,311.6713482161038,44.083211517165005
config_D,train,1050000,0.9511111111111111,0.04542136212372111,309.5500263957035,95.41542790121851,45.42620719389012,10,0.9511111111111111,309.5500263957035,45.42620719389012
config_D,train,1060000,0.968888888888889,0.03718489006818109,268.56982453247326,111.82234321171727,45.718059838315085,5,0.968888888888889,268.56982453247326,45.718059838315085
config_D,train,1070000,0.9555555555555555,0.03849001794597503,302.22330257756,121.23545733669319,43.443900634249474,5,0.9555555555555555,302.22330257756,43.443900634249474
config_D,train,1080000,0.96,0.028974232912011805,299.5270909629834,47.682401614823384,44.81680660424847,5,0.96,299.5270909629834,44.81680660424847
config_D,train,1090000,0.9688888888888888,0.03370166864022903,237.98853530198625,61.04335086049376,43.221133284060116,5,0.9688888888888888,237.98853530198625,43.221133284060116
config_D,train,1100000,0.96,0.040300653359216176,271.5966457179279,55.88324302982379,43.36036762978623,10,0.96,271.5966457179279,43.36036762978623
config_D,train,1110000,0.9466666666666665,0.0747010502843183,305.2555892538652,162.624146999091,41.522341562341566,5,0.9466666666666665,305.2555892538652,41.522341562341566
config_D,train,1120000,0.9333333333333332,0.0471404520791031,296.48624598295885,69.39107946059772,44.32670946939239,5,0.9333333333333332,296.48624598295885,44.32670946939239
config_D,train,1130000,0.9555555555555555,0.044444444444444446,265.7853956162999,86.51739521259906,42.78673881673882,5,0.9555555555555555,265.7853956162999,42.78673881673882
config_D,train,1140000,0.9422222222222221,0.06004113816047239,293.9763470080232,115.04277203621037,43.15517871017871,5,0.9422222222222221,293.9763470080232,43.15517871017871
config_D,train,1150000,0.9199999999999999,0.0792281004866426,253.48493961273522,104.06659033161928,46.767337713653504,10,0.9199999999999999,253.48493961273522,46.767337713653504
config_D,train,1160000,0.9466666666666667,0.060041138160472414,271.0661008755933,55.19459895993917,45.68543006565038,5,0.9466666666666667,271.0661008755933,45.68543006565038
config_D,train,1170000,0.9511111111111111,0.0397523195999963,245.90490735129433,86.51738778665599,46.47160206718346,5,0.9511111111111111,245.90490735129433,46.47160206718346
config_D,train,1180000,0.9688888888888888,0.025337231668869743,245.69261980915044,64.19034230182936,47.136455921339646,5,0.9688888888888888,245.69261980915044,47.136455921339646
config_D,train,1190000,0.9244444444444444,0.04608098078517268,283.81810191454093,182.22023272335542,41.56420931781397,5,0.9244444444444444,283.81810191454093,41.56420931781397
config_D,train,1200000,0.96,0.052168346256767396,211.01320371518523,70.22086324738973,43.98411756202454,10,0.96,211.01320371518523,43.98411756202454
config_D,train,1210000,0.9777777777777779,0.02222222222222218,230.92251451498768,77.18890421880081,45.701611463471934,5,0.9777777777777779,230.92251451498768,45.701611463471934
config_D,train,1220000,0.9644444444444444,0.04608098078517272,279.3642830302505,166.43855873051157,48.030137420718816,5,0.9644444444444444,279.3642830302505,48.030137420718816
config_D,train,1230000,0.9644444444444444,0.029814239699997216,244.7796450449946,108.29319190165836,45.025310245310244,5,0.9644444444444444,244.7796450449946,45.025310245310244
config_D,train,1240000,0.9733333333333333,0.02897423291201181,202.44066262858846,33.89891157926058,44.650553709856034,5,0.9733333333333333,202.44066262858846,44.650553709856034
config_D,train,1250000,0.9555555555555555,0.02566001196398329,242.21080925680417,49.93242346523141,44.30193368741298,10,0.9555555555555555,242.21080925680417,44.30193368741298
config_D,train,1260000,0.9288888888888888,0.0760116950066092,259.61554432685136,107.49399607776427,48.15133848133848,5,0.9288888888888888,259.61554432685136,48.15133848133848
config_D,train,1270000,0.9644444444444444,0.02533723166886972,261.0630629119803,96.21016239935672,47.756364643108824,5,0.9644444444444444,261.0630629119803,47.756364643108824
config_D,train,1280000,0.9555555555555555,0.035136418446315335,248.5860338170888,91.1773111070655,46.867898137030295,5,0.9555555555555555,248.5860338170888,46.867898137030295
config_D,train,1290000,0.9511111111111111,0.0427452979148252,266.5185964271546,109.65107734241444,43.01718564381355,5,0.9511111111111111,266.5185964271546,43.01718564381355
config_D,train,1300000,0.9822222222222221,0.009369711585684132,216.5718600368209,55.59554951545225,45.98464646464647,10,0.9822222222222221,216.5718600368209,45.98464646464647
config_D,train,1310000,0.9777777777777776,0.015713484026367706,218.9098100728965,89.50123108279395,46.24686163965234,5,0.9777777777777776,218.9098100728965,46.24686163965234
config_D,train,1320000,0.9733333333333333,0.018592445034090556,186.4206761480261,44.96869905843147,45.29091143998121,5,0.9733333333333333,186.4206761480261,45.29091143998121
config_D,train,1330000,0.9644444444444444,0.03718489006818111,208.13917344277115,52.61906826151892,42.65925253671141,5,0.9644444444444444,208.13917344277115,42.65925253671141
config_D,train,1340000,0.9555555555555555,0.038490017945975015,227.96217273836137,65.78357334388991,41.26705073995772,5,0.9555555555555555,227.96217273836137,41.26705073995772
config_D,train,1350000,0.9644444444444444,0.018739423171368102,184.30805742340334,44.28322798165158,41.823311184939094,10,0.9644444444444444,184.30805742340334,41.823311184939094
config_D,train,1360000,0.9644444444444444,0.04036867138796651,212.83130305371546,60.9128282794764,43.34838876570584,5,0.9644444444444444,212.83130305371546,43.34838876570584
config_D,train,1370000,0.9733333333333333,0.018592445034090528,195.75471414189693,57.0157632866915,43.26616161616162,5,0.9733333333333333,195.75471414189693,43.26616161616162
config_D,train,1380000,0.9733333333333333,0.0289742329120118,208.92824572292676,80.9268688953297,40.96360616128058,5,0.9733333333333333,208.92824572292676,40.96360616128058
config_D,train,1390000,0.9688888888888888,0.0371848900681811,244.87972755320175,121.23524692802778,40.649853841878794,5,0.9688888888888888,244.87972755320175,40.649853841878794
config_D,train,1400000,0.9822222222222221,0.017529125283258135,211.992865917852,35.99839644819294,43.28127554615927,10,0.9822222222222221,211.992865917852,43.28127554615927
config_D,train,1410000,0.9822222222222221,0.018592445034090577,193.8589315319274,47.860018040362206,41.17500117453606,5,0.9822222222222221,193.8589315319274,41.17500117453606
config_D,train,1420000,0.9866666666666666,0.012171612389003782,193.6915670474581,51.881281434046514,40.41232323232323,5,0.9866666666666666,193.6915670474581,40.41232323232323
config_D,train,1430000,0.9777777777777779,0.03849001794597501,188.62205259874287,47.435959120227714,43.37133776792313,5,0.9777777777777779,188.62205259874287,43.37133776792313
config_D,train,1440000,0.9733333333333333,0.024343224778007388,224.84299549394237,32.918220826151305,43.796334776334774,5,0.9733333333333333,224.84299549394237,43.796334776334774
config_D,train,1450000,0.9866666666666667,0.018739423171368185,194.86480361902773,51.97801448082954,43.6895301855767,10,0.9866666666666667,194.86480361902773,43.6895301855767
config_D,train,1460000,0.9866666666666667,0.029814239699997237,172.74678897694042,27.843253553333806,42.990476190476194,5,0.9866666666666667,172.74678897694042,42.990476190476194
config_D,train,1470000,0.9911111111111112,0.01217161238900377,202.05756342627296,54.47621378210676,42.26232323232323,5,0.9911111111111112,202.05756342627296,42.26232323232323
config_D,train,1480000,0.9866666666666667,0.01987615979999816,178.53432074023354,24.08215771011142,41.72917312661499,5,0.9866666666666667,178.53432074023354,41.72917312661499
config_D,train,1490000,0.9911111111111112,0.012171612389003767,190.57392391810674,51.103583694002694,41.96666666666666,5,0.9911111111111112,190.57392391810674,41.96666666666666
config_D,train,1500000,0.9822222222222221,0.027317168762349346,209.10750267295967,56.77833097537462,42.8176911976912,10,0.9822222222222221,209.10750267295967,42.8176911976912
config_D,train,1510000,0.9822222222222221,0.028974232912011844,221.79518771023763,111.74266969259534,42.90601731601732,5,0.9822222222222221,221.79518771023763,42.90601731601732
config_D,train,1520000,0.96,0.045542003404264814,254.24395183460555,127.56577334164174,43.03148558758315,5,0.96,254.24395183460555,43.03148558758315
config_D,train,1530000,0.9688888888888888,0.04868644955601479,246.197247219233,137.46539850229738,43.46885012919897,5,0.9688888888888888,246.197247219233,43.46885012919897
config_D,train,1540000,0.9777777777777776,0.02721655269759091,200.82461692135786,78.8593324322975,44.358917748917754,5,0.9777777777777776,200.82461692135786,44.358917748917754
config_D,train,1550000,0.9733333333333333,0.04542136212372121,217.98710189223442,105.94067614571111,42.22055555555555,10,0.9733333333333333,217.98710189223442,42.22055555555555
config_D,train,1560000,0.9822222222222221,0.028974232912011844,212.83032494838753,79.90841314642273,44.090375180375176,5,0.9822222222222221,212.83032494838753,44.090375180375176
config_D,train,1570000,0.9688888888888888,0.04868644955601478,196.91177019313142,70.14229119370621,42.24432816537468,5,0.9688888888888888,196.91177019313142,42.24432816537468
config_D,train,1580000,0.9777777777777779,0.03849001794597504,235.4765697605141,106.05918288385095,42.05064794284307,5,0.9777777777777779,235.4765697605141,42.05064794284307
config_D,train,1590000,0.9911111111111112,0.01987615979999812,190.91847530189028,45.384429413303685,42.33974160206718,5,0.9911111111111112,190.91847530189028,42.33974160206718
config_D,train,1600000,0.9866666666666666,0.01147550621098502,207.50145860362437,28.594014183176295,43.1769696969697,10,0.9866666666666666,207.50145860362437,43.1769696969697
config_D,train,1610000,0.9822222222222223,0.039752319599996214,184.82570016900323,23.64014405606375,45.01376693766938,5,0.9822222222222223,184.82570016900323,45.01376693766938
config_D,train,1620000,0.9866666666666667,0.019876159799998145,177.70799178274413,19.980145168334737,43.06840967817712,5,0.9866666666666667,177.70799178274413,43.06840967817712
config_D,train,1630000,0.9866666666666667,0.01987615979999814,198.20005768464927,26.393352826270664,43.666370683579984,5,0.9866666666666667,198.20005768464927,43.666370683579984
config_D,train,1640000,0.9777777777777776,0.015713484026367706,212.15257237007214,54.03078723527485,42.89702842377261,5,0.9777777777777776,212.15257237007214,42.89702842377261
config_D,train,1650000,0.8888888888888887,0.19931294884553646,181.80714855762935,49.29889061347268,45.61902064119455,10,0.8888888888888887,181.80714855762935,45.61902064119455
config_D,train,1660000,0.9822222222222221,0.02897423291201183,188.55935830746733,37.02241628893105,42.96349206349206,5,0.9822222222222221,188.55935830746733,42.96349206349206
config_D,train,1670000,0.9777777777777779,0.02222222222222218,187.6667036135364,52.25327649806851,43.140690627202254,5,0.9777777777777779,187.6667036135364,43.140690627202254
config_D,train,1680000,0.9866666666666666,0.01217161238900377,207.3216009130132,69.13440599731248,43.220404040404034,5,0.9866666666666666,207.3216009130132,43.220404040404034
config_D,train,1690000,0.9955555555555555,0.009938079899999114,165.65023343534313,17.521647244368182,41.904141414141414,5,0.9955555555555555,165.65023343534313,41.904141414141414
config_D,train,1700000,0.9822222222222221,0.02731716876234936,195.62975081095843,39.177379989110776,42.963766233766236,10,0.9822222222222221,195.62975081095843,42.963766233766236
config_D,train,1710000,0.9733333333333333,0.009938079899998979,220.1141628255216,68.05037649784666,43.90644820295983,5,0.9733333333333333,220.1141628255216,43.90644820295983
config_D,train,1720000,0.9644444444444444,0.06776866969767514,198.29995941841065,45.13673531508838,43.74507708665603,5,0.9644444444444444,198.29995941841065,43.74507708665603
config_D,train,1730000,0.9777777777777776,0.027216552697590903,188.5725043186718,34.80245102347725,44.671919191919194,5,0.9777777777777776,188.5725043186718,44.671919191919194
config_D,train,1740000,0.9688888888888888,0.046080980785172726,175.45233858642487,23.227907080441557,43.06909090909091,5,0.9688888888888888,175.45233858642487,43.06909090909091
config_D,train,1750000,0.9866666666666666,0.01147550621098502,182.2967121240242,42.31911590561337,42.78808080808081,10,0.9866666666666666,182.2967121240242,42.78808080808081
config_D,train,1760000,0.9822222222222221,0.018592445034090563,182.74975131772757,20.040213664188222,44.1345806906272,5,0.9822222222222221,182.74975131772757,44.1345806906272
config_D,train,1770000,0.9955555555555555,0.009938079899999114,175.62302023452185,24.254905832884774,43.19777777777777,5,0.9955555555555555,175.62302023452185,43.19777777777777
config_D,train,1780000,0.9733333333333333,0.009938079899998993,189.25016095364384,45.08808556106054,42.724207188160676,5,0.9733333333333333,189.25016095364384,42.724207188160676
config_D,train,1790000,0.9866666666666666,0.012171612389003779,171.90475631268123,19.490932281876432,42.43212121212121,5,0.9866666666666666,171.90475631268123,42.43212121212121
config_D,train,1800000,0.9822222222222221,0.009369711585684132,206.3811762534568,57.39650165598282,44.59292929292929,10,0.9822222222222221,206.3811762534568,44.59292929292929
config_D,train,1810000,0.9911111111111112,0.012171612389003782,172.3018432861407,15.309725604359025,42.57494949494949,5,0.9911111111111112,172.3018432861407,42.57494949494949
config_D,train,1820000,0.9822222222222221,0.01859244503409057,166.8372435559962,13.033045403948393,40.9546511627907,5,0.9822222222222221,166.8372435559962,40.9546511627907
config_D,train,1830000,0.9822222222222221,0.018592445034090556,180.4296993323162,20.09767683133863,41.49316889828518,5,0.9822222222222221,180.4296993323162,41.49316889828518
config_D,train,1840000,0.9866666666666666,0.012171612389003791,197.4139824823752,52.14663455870294,42.92262626262626,5,0.9866666666666666,197.4139824823752,42.92262626262626
config_D,train,1850000,0.9911111111111112,0.01147550621098502,177.17400992386564,8.038871305612949,42.85383838383839,10,0.9911111111111112,177.17400992386564,42.85383838383839
config_D,train,1860000,0.9911111111111112,0.012171612389003782,174.59570251626346,9.59656861919712,42.134040404040405,5,0.9911111111111112,174.59570251626346,42.134040404040405
config_D,train,1870000,0.9955555555555555,0.009938079899999114,170.52773144602256,9.15061532589703,42.56171717171717,5,0.9955555555555555,170.52773144602256,42.56171717171717
config_D,train,1880000,0.9911111111111112,0.01217161238900377,186.36080774958418,26.593600436743337,42.58555555555556,5,0.9911111111111112,186.36080774958418,42.58555555555556
config_D,train,1890000,0.9955555555555555,0.009938079899999128,170.9616020854573,10.842641858113021,41.63050505050505,5,0.9955555555555555,170.9616020854573,41.63050505050505
config_D,train,1900000,0.9911111111111112,0.01147550621098502,193.3513741634826,36.40979887227262,42.085757575757576,10,0.9911111111111112,193.3513741634826,42.085757575757576
config_D,train,1910000,0.9866666666666667,0.01987615979999815,219.36113929399139,81.11236856540735,41.17396523373267,5,0.9866666666666667,219.36113929399139,41.17396523373267
config_D,train,1920000,0.9866666666666667,0.01987615979999816,168.88477390202803,5.1340595807808045,41.27746535118628,5,0.9866666666666667,168.88477390202803,41.27746535118628
config_D,train,1930000,0.9911111111111112,0.01217161238900377,187.04598925279407,24.961062884068195,41.5220202020202,5,0.9911111111111112,187.04598925279407,41.5220202020202
config_D,train,1940000,0.9866666666666667,0.029814239699997268,267.18042739096245,205.8931735656624,45.33555555555556,5,0.9866666666666667,267.18042739096245,45.33555555555556
config_D,train,1950000,0.9688888888888888,0.031774237910410646,268.9174267566151,160.8448980939999,43.32908844542991,10,0.9688888888888888,268.9174267566151,43.32908844542991
config_D,train,1960000,1.0,0.0,175.1689445511388,12.512811025208023,41.69777777777777,5,1.0,175.1689445511388,41.69777777777777
config_D,train,1970000,0.9866666666666667,0.029814239699997237,184.5669711082477,30.69139024115508,41.2031746031746,5,0.9866666666666667,184.5669711082477,41.2031746031746
config_D,train,1980000,0.9866666666666667,0.01987615979999814,170.5783194585441,10.505192382432222,42.11887714352831,5,0.9866666666666667,170.5783194585441,42.11887714352831
config_D,train,1990000,0.9866666666666666,0.012171612389003767,182.97967725654266,28.063086744142712,41.86393939393939,5,0.9866666666666666,182.97967725654266,41.86393939393939
config_D,train,2000000,0.9866666666666666,0.01147550621098502,195.9829166423943,38.617454525581174,40.87949494949495,10,0.9866666666666666,195.9829166423943,40.87949494949495
config_D,train,2010000,1.0,0.0,167.66562232198075,10.627345498869731,41.31111111111112,5,1.0,167.66562232198075,41.31111111111112
config_D,train,2020000,0.9955555555555555,0.00993807989999913,187.77923529728866,37.21533166904794,41.29373737373738,5,0.9955555555555555,187.77923529728866,41.29373737373738
config_D,train,2030000,1.0,0.0,169.81596466901047,10.598069528164872,40.88888888888889,5,1.0,169.81596466901047,40.88888888888889
config_D,train,2040000,0.9866666666666667,0.029814239699997268,170.74240615933635,22.049489660120894,40.897777777777776,5,0.9866666666666667,170.74240615933635,40.897777777777776
config_D,train,2050000,0.9911111111111112,0.018739423171368157,174.82420662424062,16.759561321694438,40.09198966408269,10,0.9911111111111112,174.82420662424062,40.09198966408269
config_D,train,2060000,0.9866666666666667,0.019876159799998124,181.21121271975056,26.233714853699237,40.79704486727742,5,0.9866666666666667,181.21121271975056,40.79704486727742
config_D,train,2070000,0.9866666666666667,0.019876159799998124,191.15771391271292,33.78217118234344,40.156932111815834,5,0.9866666666666667,191.15771391271292,40.156932111815834
config_D,train,2080000,0.9955555555555555,0.009938079899999114,173.07065278921274,12.47447707104833,40.58353535353535,5,0.9955555555555555,173.07065278921274,40.58353535353535
config_D,train,2090000,0.9911111111111112,0.01987615979999812,166.9862333266869,16.324975483177518,40.35679586563307,5,0.9911111111111112,166.9862333266869,40.35679586563307
config_D,train,2100000,1.0,0.0,176.61202761583394,12.370784700538039,41.36,10,1.0,176.61202761583394,41.36
config_D,train,2110000,0.9955555555555555,0.009938079899999114,167.4934949478826,10.912531869987735,41.0369696969697,5,0.9955555555555555,167.4934949478826,41.0369696969697
config_D,train,2120000,0.9866666666666667,0.029814239699997268,162.51001747079573,13.4581601515234,40.24095238095238,5,0.9866666666666667,162.51001747079573,40.24095238095238
config_D,train,2130000,1.0,0.0,162.61563153831167,5.320333350113567,40.44,5,1.0,162.61563153831167,40.44
config_D,train,2140000,0.9866666666666666,0.012171612389003782,168.86533585078075,16.853522696099095,40.85929292929293,5,0.9866666666666666,168.86533585078075,40.85929292929293
config_D,train,2150000,0.9955555555555555,0.009369711585684132,160.88442587554334,7.4073859193816665,40.31636363636364,10,0.9955555555555555,160.88442587554334,40.31636363636364
config_D,train,2160000,0.9955555555555555,0.009938079899999114,160.65498604728316,12.660029453497996,39.7579797979798,5,0.9955555555555555,160.65498604728316,39.7579797979798
config_D,train,2170000,0.9777777777777776,0.027216552697590872,160.71846948515957,6.1729401350106095,40.25012987012987,5,0.9777777777777776,160.71846948515957,40.25012987012987
config_D,train,2180000,0.9911111111111112,0.01217161238900377,168.01402655502153,5.569340069620372,40.43636363636364,5,0.9911111111111112,168.01402655502153,40.43636363636364
config_D,train,2190000,0.9955555555555555,0.009938079899999114,169.92319941650877,9.041007737704302,40.56848484848485,5,0.9955555555555555,169.92319941650877,40.56848484848485
config_D,train,2200000,0.9911111111111112,0.018739423171368116,167.50656459150972,9.155956222076174,40.516692506459954,10,0.9911111111111112,167.50656459150972,40.516692506459954
config_D,train,2210000,0.9822222222222223,0.0397523195999962,168.86312775968534,14.226425827372964,40.45430894308943,5,0.9822222222222223,168.86312775968534,40.45430894308943
config_D,train,2220000,0.9822222222222223,0.024343224778007332,169.7298009035851,18.38753751935437,40.41291989664082,5,0.9822222222222223,169.7298009035851,40.41291989664082
config_D,train,2230000,0.9822222222222221,0.028974232912011868,222.39495132616335,137.38801739711425,40.49888888888889,5,0.9822222222222221,222.39495132616335,40.49888888888889
config_D,train,2240000,0.9822222222222221,0.02897423291201183,170.65913931384767,13.807127176594644,41.30125541125541,5,0.9822222222222221,170.65913931384767,41.30125541125541
config_D,train,2250000,0.9733333333333334,0.037478846342736336,186.82467705238764,22.120864596281002,43.157761391567405,10,0.9733333333333334,186.82467705238764,43.157761391567405
config_D,train,2260000,0.9644444444444444,0.055777335102271675,187.72954410153397,54.402062705257336,44.095765345765344,5,0.9644444444444444,187.72954410153397,44.095765345765344
config_D,train,2270000,0.9822222222222223,0.018592445034090542,199.3107721752794,40.096996245786386,41.43268029128494,5,0.9822222222222223,199.3107721752794,41.43268029128494
config_D,train,2280000,0.9822222222222221,0.028974232912011816,176.9981208921718,14.498982751475914,41.8107215007215,5,0.9822222222222221,176.9981208921718,41.8107215007215
config_D,train,2290000,0.9955555555555555,0.009938079899999128,197.15811799125657,65.47372323014271,45.13808080808081,5,0.9955555555555555,197.15811799125657,45.13808080808081
config_D,train,2300000,0.9777777777777779,0.020951312035156947,175.39216330800815,22.23802554669455,41.667317359642944,10,0.9777777777777779,175.39216330800815,41.667317359642944
config_D,train,2310000,0.9866666666666667,0.019876159799998128,185.14979171660573,26.224351745922185,42.033840732910505,5,0.9866666666666667,185.14979171660573,42.033840732910505
config_D,train,2320000,0.9955555555555555,0.009938079899999114,173.48964424122454,18.072605806260366,41.522828282828286,5,0.9955555555555555,173.48964424122454,41.522828282828286
config_D,train,2330000,0.9955555555555555,0.009938079899999114,174.9555026162202,25.037436742425857,41.13151515151515,5,0.9955555555555555,174.9555026162202,41.13151515151515
config_D,train,2340000,1.0,0.0,179.13734719271173,25.70364701862607,41.71111111111111,5,1.0,179.13734719271173,41.71111111111111
config_D,train,2350000,0.9955555555555555,0.009369711585684132,188.8710602524284,41.193579090048026,43.07767676767677,10,0.9955555555555555,188.8710602524284,43.07767676767677
config_D,train,2360000,0.96,0.07761888531810215,228.76860400629934,117.66768581278752,45.74436527436528,5,0.96,228.76860400629934,45.74436527436528
config_D,train,2370000,0.9911111111111112,0.012171612389003782,182.5264698584225,19.58038182332577,42.55383838383838,5,0.9911111111111112,182.5264698584225,42.55383838383838
config_D,train,2380000,0.9955555555555555,0.009938079899999128,172.80392203245918,13.381067514297843,41.74878787878788,5,0.9955555555555555,172.80392203245918,41.74878787878788
config_D,train,2390000,0.9911111111111112,0.012171612389003782,176.83497069297746,11.015573485197704,41.757575757575765,5,0.9911111111111112,176.83497069297746,41.757575757575765
config_D,train,2400000,0.9955555555555555,0.009369711585684132,186.0717992745639,33.41308326168557,43.600707070707074,10,0.9955555555555555,186.0717992745639,43.600707070707074
config_D,train,2410000,0.9911111111111112,0.012171612389003779,188.83277153956385,52.66519746342861,44.87737373737374,5,0.9911111111111112,188.83277153956385,44.87737373737374
config_D,train,2420000,0.9777777777777779,0.03142696805273546,269.42288524413783,219.11303838655112,47.24276854928018,5,0.9777777777777779,269.42288524413783,47.24276854928018
config_D,train,2430000,0.9911111111111112,0.019876159799998114,203.69867101333222,65.37895108725672,41.995555555555555,5,0.9911111111111112,203.69867101333222,41.995555555555555
config_D,train,2440000,0.9955555555555555,0.00993807989999913,181.38707080176482,9.958084466290908,43.339999999999996,5,0.9955555555555555,181.38707080176482,43.339999999999996
config_D,train,2450000,0.9955555555555555,0.009369711585684132,179.11122232521024,8.134278043895227,41.836868686868684,10,0.9955555555555555,179.11122232521024,41.836868686868684
config_D,train,2460000,0.9911111111111112,0.012171612389003767,175.34685859582743,11.50416725387262,40.94868686868686,5,0.9911111111111112,175.34685859582743,40.94868686868686
config_D,train,2470000,0.9911111111111112,0.019876159799998065,174.2552061463901,18.039311017908872,41.494677002583984,5,0.9911111111111112,174.2552061463901,41.494677002583984
config_D,train,2480000,0.9777777777777776,0.02721655269759092,167.42116471637797,19.251368739624542,40.698701298701295,5,0.9777777777777776,167.42116471637797,40.698701298701295
config_D,train,2490000,0.9511111111111111,0.036514837167010934,199.9101034969808,44.31406768464517,42.40764966740577,5,0.9511111111111111,199.9101034969808,42.40764966740577
config_D,train,2500000,0.9822222222222221,0.027317168762349346,182.048508144359,23.380249058231087,42.40988455988456,10,0.9822222222222221,182.048508144359,42.40988455988456
config_D,train,2510000,0.9511111111111111,0.05067446333773946,173.7520328858338,12.809059976969255,41.897128631751436,5,0.9511111111111111,173.7520328858338,41.897128631751436
config_D,train,2520000,0.9377777777777778,0.06921071778843306,164.70379390215058,12.624591758286128,41.336699986400106,5,0.9377777777777778,164.70379390215058,41.336699986400106
config_D,train,2530000,0.9511111111111111,0.042745297914825224,196.16300748235153,44.675984048262144,40.65127034464244,5,0.9511111111111111,196.16300748235153,40.65127034464244
config_D,train,2540000,0.9733333333333333,0.04817662975261958,200.45945104000057,44.7812846404942,40.3740404040404,5,0.9733333333333333,200.45945104000057,40.3740404040404
config_D,train,2550000,0.9422222222222223,0.06558798109978863,218.8572653208464,83.79002024768475,42.145012919896644,10,0.9422222222222223,218.8572653208464,42.145012919896644
config_D,train,2560000,0.9733333333333334,0.039752319599996214,194.4513212340813,45.99660630683528,41.50226003655386,5,0.9733333333333334,194.4513212340813,41.50226003655386
config_D,train,2570000,0.9777777777777779,0.03849001794597502,174.069623263353,20.45564875147202,40.946986942596695,5,0.9777777777777779,174.069623263353,40.946986942596695
config_D,train,2580000,0.9866666666666667,0.029814239699997268,197.73684426871392,57.73656448224555,41.31301587301587,5,0.9866666666666667,197.73684426871392,41.31301587301587
config_D,train,2590000,0.9911111111111112,0.019876159799998065,176.706862886,23.664123056733374,41.84723514211886,5,0.9911111111111112,176.706862886,41.84723514211886
config_D,train,2600000,0.9911111111111112,0.018739423171368116,180.05814507941582,25.511195781603327,41.711007751937984,10,0.9911111111111112,180.05814507941582,41.711007751937984
config_D,train,2610000,0.9822222222222221,0.02897423291201184,179.7696064626621,17.283005590433046,41.014848484848486,5,0.9822222222222221,179.7696064626621,41.014848484848486
config_D,train,2620000,0.9733333333333333,0.04817662975261958,186.28848465178322,22.419689535755396,41.40161616161616,5,0.9733333333333333,186.28848465178322,41.40161616161616
config_D,train,2630000,0.9733333333333333,0.024343224778007433,217.29284071417266,59.37468503630406,41.7705772005772,5,0.9733333333333333,217.29284071417266,41.7705772005772
config_D,train,2640000,0.9911111111111112,0.01217161238900377,202.5784334738969,53.653211290598996,41.57525252525253,5,0.9911111111111112,202.5784334738969,41.57525252525253
config_D,train,2650000,0.9866666666666667,0.028109134757052307,192.96737408306507,23.700429649203567,43.63587301587301,10,0.9866666666666667,192.96737408306507,43.63587301587301
config_D,train,2660000,0.9777777777777779,0.04969039949999535,178.71176462678898,17.057657998261618,42.945,5,0.9777777777777779,178.71176462678898,42.945
config_D,train,2670000,0.9777777777777779,0.04969039949999535,181.7060907164046,24.940811089237577,43.22944444444445,5,0.9777777777777779,181.7060907164046,43.22944444444445
config_D,train,2680000,0.9822222222222223,0.039752319599996214,186.5345212724345,23.518742825090207,41.82308943089431,5,0.9822222222222223,186.5345212724345,41.82308943089431
config_D,train,2690000,0.9777777777777779,0.03142696805273546,174.85679190079344,15.82607111062686,40.883189368770765,5,0.9777777777777779,174.85679190079344,40.883189368770765
config_D,train,2700000,0.9822222222222221,0.017529125283258135,174.76149222588052,18.178175563350198,41.97928118393234,10,0.9822222222222221,174.76149222588052,41.97928118393234
config_D,train,2710000,0.9777777777777776,0.02721655269759091,172.84684846808096,10.37100783451657,40.50818181818182,5,0.9777777777777776,172.84684846808096,40.50818181818182
config_D,train,2720000,0.9822222222222223,0.018592445034090552,200.75825880337584,57.22688157694116,41.51400986610289,5,0.9822222222222223,200.75825880337584,41.51400986610289
config_D,train,2730000,0.9777777777777779,0.03142696805273549,204.23549360607694,70.4554947122907,41.43948320413436,5,0.9777777777777779,204.23549360607694,41.43948320413436
config_D,train,2740000,0.9777777777777776,0.02721655269759095,184.58570720348686,14.485964703907712,41.85808080808081,5,0.9777777777777776,184.58570720348686,41.85808080808081
config_D,train,2750000,0.9777777777777779,0.036288736930121135,207.00492762954724,47.58838369774821,41.78561221975856,10,0.9777777777777779,207.00492762954724,41.78561221975856
config_D,train,2760000,0.9822222222222223,0.0397523195999962,187.9961368318697,23.636303759341875,43.59804878048781,5,0.9822222222222223,187.9961368318697,43.59804878048781
config_D,train,2770000,0.9733333333333333,0.028974232912011823,197.2618711502477,49.45334165179481,41.42797845565288,5,0.9733333333333333,197.2618711502477,41.42797845565288
config_D,train,2780000,0.9911111111111112,0.012171612389003791,183.05576186067012,15.989191540303436,41.32222222222222,5,0.9911111111111112,183.05576186067012,41.32222222222222
config_D,train,2790000,0.9955555555555555,0.009938079899999114,193.45163330321378,26.86020376529832,41.32050505050505,5,0.9955555555555555,193.45163330321378,41.32050505050505
config_D,train,2800000,0.9955555555555555,0.00936971158568415,181.89687762537218,24.278004833200114,41.6440404040404,10,0.9955555555555555,181.89687762537218,41.6440404040404
config_D,train,2810000,0.9911111111111112,0.019876159799998114,186.9729709929597,30.875484122640717,41.48217054263566,5,0.9911111111111112,186.9729709929597,41.48217054263566
config_D,train,2820000,0.9644444444444444,0.046080980785172726,281.2581748777173,226.31431864959816,41.251664317594546,5,0.9644444444444444,281.2581748777173,41.251664317594546
config_D,train,2830000,0.9688888888888888,0.029814239699997247,254.3022816962185,127.41406997497774,42.10613510520487,5,0.9688888888888888,254.3022816962185,42.10613510520487
config_D,train,2840000,0.96,0.06740333728045819,230.8505977968879,94.97048513526565,41.710515435876516,5,0.96,230.8505977968879,41.710515435876516
config_D,train,2850000,0.96,0.06179749219144954,204.83509089161288,77.15071490177259,41.71086124401914,10,0.96,204.83509089161288,41.71086124401914
config_D,train,2860000,0.96,0.06740333728045822,189.62561273524187,32.09559104865744,43.453716850265195,5,0.96,189.62561273524187,43.453716850265195
config_D,train,2870000,0.9911111111111112,0.019876159799998065,184.58491665383707,30.974515891517584,44.28475452196382,5,0.9911111111111112,184.58491665383707,44.28475452196382
config_D,train,2880000,1.0,0.0,192.8070858261936,30.181602100360028,43.284444444444446,5,1.0,192.8070858261936,43.284444444444446
config_D,train,2890000,0.9822222222222221,0.018592445034090563,207.3713906080912,59.01575228452976,40.99366455250176,5,0.9822222222222221,207.3713906080912,40.99366455250176
config_D,train,2900000,0.9911111111111112,0.01147550621098502,175.28718106645906,20.360135347646047,41.15151515151515,10,0.9911111111111112,175.28718106645906,41.15151515151515
config_D,train,2910000,0.9911111111111112,0.01217161238900377,175.8536392316563,20.955998814999656,41.08979797979798,5,0.9911111111111112,175.8536392316563,41.08979797979798
config_D,train,2920000,0.9911111111111112,0.012171612389003782,177.64045096140129,18.430698616977402,41.36090909090909,5,0.9911111111111112,177.64045096140129,41.36090909090909
config_D,train,2930000,0.9955555555555555,0.009938079899999128,173.8587047395868,21.32104829413518,41.44757575757576,5,0.9955555555555555,173.8587047395868,41.44757575757576
config_D,train,2940000,0.9866666666666667,0.01987615979999814,178.02996220468344,18.94507935242455,41.039262391355415,5,0.9866666666666667,178.02996220468344,41.039262391355415
config_D,train,2950000,0.9911111111111112,0.018739423171368157,174.1470829867421,18.19854289169308,40.622325581395344,10,0.9911111111111112,174.1470829867421,40.622325581395344
config_D,train,2960000,0.9866666666666667,0.029814239699997237,169.33643376935888,17.498141781773416,40.38444444444444,5,0.9866666666666667,169.33643376935888,40.38444444444444
config_D,train,2970000,0.9866666666666667,0.029814239699997237,162.4818301122338,26.79991920840722,39.70412698412699,5,0.9866666666666667,162.4818301122338,39.70412698412699
config_D,train,2980000,0.9822222222222221,0.018592445034090598,163.23553465521212,26.02536396749145,39.4233145407564,5,0.9822222222222221,163.23553465521212,39.4233145407564
config_D,train,2990000,0.9955555555555555,0.00993807989999913,170.8666456918087,19.715575494648935,40.487272727272725,5,0.9955555555555555,170.8666456918087,40.487272727272725
config_D,train,3000000,0.9911111111111112,0.01873942317136816,170.76026821832937,13.60044917217278,40.960310077519374,10,0.9911111111111112,170.76026821832937,40.960310077519374
config_D,train,3010000,0.9911111111111112,0.019876159799998114,167.33259455513144,14.196772147715876,39.72640826873385,5,0.9911111111111112,167.33259455513144,39.72640826873385
config_D,train,3020000,0.9911111111111112,0.019876159799998114,170.04121520848398,19.644514217666448,41.25147286821705,5,0.9911111111111112,170.04121520848398,41.25147286821705
config_D,train,3030000,1.0,0.0,164.76335178880197,16.888980600979327,39.62222222222222,5,1.0,164.76335178880197,39.62222222222222
config_D,train,3040000,0.9955555555555555,0.009938079899999114,165.24936635424194,16.175955189342524,39.63626262626262,5,0.9955555555555555,165.24936635424194,39.63626262626262
config_D,train,3050000,0.9911111111111112,0.01147550621098502,169.62644994028219,29.7807833190891,41.239797979797984,10,0.9911111111111112,169.62644994028219,41.239797979797984
config_D,train,3060000,0.9955555555555555,0.009938079899999142,170.82993460135216,28.65136541944544,40.60858585858586,5,0.9955555555555555,170.82993460135216,40.60858585858586
config_D,train,3070000,0.9911111111111112,0.012171612389003782,165.76406318197223,23.39545606289298,40.34010101010101,5,0.9911111111111112,165.76406318197223,40.34010101010101
config_D,train,3080000,1.0,0.0,166.47995274532008,18.405436190635076,39.93777777777778,5,1.0,166.47995274532008,39.93777777777778
config_D,train,3090000,1.0,0.0,161.38653451374313,15.88209166822658,39.480000000000004,5,1.0,161.38653451374313,39.480000000000004
config_D,train,3100000,1.0,0.0,163.37675054014036,14.510187474718363,39.32888888888889,10,1.0,163.37675054014036,39.32888888888889
config_D,train,3110000,0.9955555555555555,0.009938079899999142,165.40386959771507,11.230447920917205,39.840909090909086,5,0.9955555555555555,165.40386959771507,39.840909090909086
config_D,train,3120000,0.9955555555555555,0.009938079899999128,162.4852507385492,7.616439651741572,39.40949494949495,5,0.9955555555555555,162.4852507385492,39.40949494949495
config_D,train,3130000,1.0,0.0,161.3304469383947,12.607312629790869,39.08,5,1.0,161.3304469383947,39.08
config_D,train,3140000,0.9866666666666667,0.01987615979999815,163.469150002973,8.707751357448663,39.17933521259103,5,0.9866666666666667,163.469150002973,39.17933521259103
config_D,train,3150000,0.9777777777777779,0.029629629629629662,186.92298821629976,59.41690269355346,38.767331118493914,10,0.9777777777777779,186.92298821629976,38.767331118493914
config_D,train,3160000,0.9866666666666667,0.029814239699997247,155.4981720604526,9.079743630547922,41.62,5,0.9866666666666667,155.4981720604526,41.62
config_D,train,3170000,0.9866666666666667,0.01987615979999815,158.47002015473421,11.637590048912537,38.958912379610055,5,0.9866666666666667,158.47002015473421,38.958912379610055
config_D,train,3180000,0.9733333333333333,0.028974232912011774,181.22975450156497,59.19848375203494,38.50079767777442,5,0.9733333333333333,181.22975450156497,38.50079767777442
config_D,train,3190000,0.9688888888888888,0.05794846582402352,157.47228525549795,17.205666755395704,38.45678321678322,5,0.9688888888888888,157.47228525549795,38.45678321678322
config_D,train,3200000,0.9244444444444444,0.1478515549614773,160.76032505620424,15.053460818762968,48.032880529432255,10,0.9244444444444444,160.76032505620424,48.032880529432255
config_D,train,3210000,0.9466666666666667,0.10726683009908596,168.83909217088288,30.5508922964408,42.53316696375519,5,0.9466666666666667,168.83909217088288,42.53316696375519
config_D,train,3220000,0.9955555555555555,0.009938079899999128,176.23029107404184,33.548881742755235,41.46060606060606,5,0.9955555555555555,176.23029107404184,41.46060606060606
config_D,train,3230000,0.9866666666666667,0.01987615979999815,173.77851255020016,37.151512172918196,39.91982381959126,5,0.9866666666666667,173.77851255020016,39.91982381959126
config_D,train,3240000,0.9955555555555555,0.009938079899999128,158.9789889430772,20.014379487293592,40.56747474747475,5,0.9955555555555555,158.9789889430772,40.56747474747475
config_D,train,3250000,0.9866666666666667,0.02810913475705231,177.81809324124472,52.58767801420281,38.86888888888889,10,0.9866666666666667,177.81809324124472,38.86888888888889
config_D,train,3260000,0.9911111111111112,0.019876159799998093,160.721614667495,14.556208252896797,39.112971576227395,5,0.9911111111111112,160.721614667495,39.112971576227395
config_D,train,3270000,0.9822222222222223,0.024343224778007346,156.92437152831218,11.2928169283792,39.99483204134367,5,0.9822222222222223,156.92437152831218,39.99483204134367
config_D,train,3280000,1.0,0.0,156.8872880786983,15.378501520701699,38.91111111111111,5,1.0,156.8872880786983,38.91111111111111
config_D,train,3290000,1.0,0.0,160.42205977512418,20.592902156678015,39.053333333333335,5,1.0,160.42205977512418,39.053333333333335
config_D,train,3300000,0.9822222222222221,0.027317168762349346,157.71559376756815,13.936332743826707,39.88626262626262,10,0.9822222222222221,157.71559376756815,39.88626262626262
config_D,train,3310000,0.9911111111111112,0.01217161238900377,154.65005716866855,20.60307959359599,39.03424242424243,5,0.9911111111111112,154.65005716866855,39.03424242424243
config_D,train,3320000,0.9911111111111112,0.012171612389003782,154.06230276154622,21.723235257478724,39.99727272727273,5,0.9911111111111112,154.06230276154622,39.99727272727273
config_D,train,3330000,0.9644444444444444,0.04331908597692871,154.39951213745306,20.303591924577592,38.913636363636364,5,0.9644444444444444,154.39951213745306,38.913636363636364
config_D,train,3340000,0.9511111111111111,0.065546138683345,157.5509969798698,20.061467523329963,40.25209311156679,5,0.9511111111111111,157.5509969798698,40.25209311156679
config_D,train,3350000,0.9822222222222221,0.017529125283258135,155.49961394437588,10.368676754514517,39.469898989898994,10,0.9822222222222221,155.49961394437588,39.469898989898994
config_D,train,3360000,0.9644444444444444,0.057948465824023535,157.06490227972776,8.410265574933142,40.35934009143311,5,0.9644444444444444,157.06490227972776,40.35934009143311
config_D,train,3370000,0.9511111111111111,0.06363476028122826,197.14388358020636,62.3117758690381,40.69448116415069,5,0.9511111111111111,197.14388358020636,40.69448116415069
config_D,train,3380000,0.9733333333333334,0.03975231959999622,155.64104942751095,15.959802235660018,39.6371387155732,5,0.9733333333333334,155.64104942751095,39.6371387155732
config_D,train,3390000,0.928888888888889,0.04817662975261957,183.93398879470777,57.21170146881624,39.04342534820697,5,0.928888888888889,183.93398879470777,39.04342534820697
config_D,train,3400000,0.9511111111111111,0.052168346256767445,189.41858498196066,43.34519907659575,39.25434250504018,10,0.9511111111111111,189.41858498196066,39.25434250504018
config_D,train,3410000,0.9422222222222223,0.019876159799998128,169.86643830745064,26.330265971496658,42.30101288388299,5,0.9422222222222223,169.86643830745064,42.30101288388299
config_D,train,3420000,0.9422222222222223,0.0337016686402291,180.59890297466805,67.19994392872908,39.54961340984597,5,0.9422222222222223,180.59890297466805,39.54961340984597
config_D,train,3430000,0.9599999999999997,0.024343224778007346,156.35677924297525,23.41817454559772,41.17857142857143,5,0.9599999999999997,156.35677924297525,41.17857142857143
config_D,train,3440000,0.9644444444444444,0.025337231668869743,156.2118359980463,20.938596354816966,42.57268364710225,5,0.9644444444444444,156.2118359980463,42.57268364710225
config_D,train,3450000,0.9555555555555555,0.04190262407031392,164.0985206459028,44.148403911716485,41.038564213564214,10,0.9555555555555555,164.0985206459028,41.038564213564214
config_D,train,3460000,0.9688888888888888,0.03370166864022916,161.87059805713005,22.063715822470712,41.832554112554114,5,0.9688888888888888,161.87059805713005,41.832554112554114
config_D,train,3470000,0.9777777777777779,0.03849001794597501,158.80647474143683,29.54963410880764,40.16441241685144,5,0.9777777777777779,158.80647474143683,40.16441241685144
config_D,train,3480000,0.9777777777777776,0.0157134840263677,160.7316563596661,21.296221486998856,38.8105261921541,5,0.9777777777777776,160.7316563596661,38.8105261921541
config_D,train,3490000,0.9866666666666667,0.01987615979999814,157.76463347204918,18.200391401905858,39.332623913554144,5,0.9866666666666667,157.76463347204918,39.332623913554144
config_D,train,3500000,0.9955555555555555,0.009369711585684132,153.98176759241747,15.477804764962507,39.500808080808085,10,0.9955555555555555,153.98176759241747,39.500808080808085
config_D,train,3510000,1.0,0.0,160.88995209050702,18.086730620873585,41.92,5,1.0,160.88995209050702,41.92
config_D,train,3520000,0.9955555555555555,0.009938079899999114,158.78919846827753,18.437486369064978,39.89484848484848,5,0.9955555555555555,158.78919846827753,39.89484848484848
config_D,train,3530000,0.9911111111111112,0.012171612389003767,157.07680444558474,17.73797785524626,40.30979797979798,5,0.9911111111111112,157.07680444558474,40.30979797979798
config_D,train,3540000,0.9911111111111112,0.0198761597999981,157.1748891100317,16.61907124671143,40.81478036175711,5,0.9911111111111112,157.1748891100317,40.81478036175711
config_D,train,3550000,0.9866666666666667,0.018739423171368126,180.06707889446173,49.14268519302669,40.064369274136716,10,0.9866666666666667,180.06707889446173,40.064369274136716
config_D,train,3560000,0.9955555555555555,0.009938079899999114,158.75761078855595,15.319553858436851,39.496464646464645,5,0.9955555555555555,158.75761078855595,39.496464646464645
config_D,train,3570000,0.9911111111111112,0.01217161238900377,178.4307834256212,60.6889314129875,40.534141414141416,5,0.9911111111111112,178.4307834256212,40.534141414141416
config_D,train,3580000,0.9822222222222221,0.028974232912011837,185.48489987800232,36.64459935183662,41.58616161616162,5,0.9822222222222221,185.48489987800232,41.58616161616162
config_D,train,3590000,0.9822222222222221,0.028974232912011844,173.81350699605105,41.364493042758816,41.29854256854257,5,0.9822222222222221,173.81350699605105,41.29854256854257
config_D,train,3600000,0.9777777777777779,0.03628873693012112,160.61080617002918,9.804390635222052,39.46510716925351,10,0.9777777777777779,160.61080617002918,39.46510716925351
config_D,train,3610000,0.9911111111111112,0.012171612389003782,156.11771957712944,12.592231028033238,40.6870707070707,5,0.9911111111111112,156.11771957712944,40.6870707070707
config_D,train,3620000,0.9955555555555555,0.009938079899999114,158.46803367766816,11.404142194897377,39.84131313131313,5,0.9955555555555555,158.46803367766816,39.84131313131313
config_D,train,3630000,0.9955555555555555,0.009938079899999114,153.9746697262746,12.176516218351999,39.15222222222222,5,0.9955555555555555,153.9746697262746,39.15222222222222
config_D,train,3640000,0.9777777777777776,0.027216552697590924,169.93853062669496,44.437772266388315,40.997287157287154,5,0.9777777777777776,169.93853062669496,40.997287157287154
config_D,train,3650000,0.9777777777777779,0.020951312035156926,173.4198174488981,54.562682138256356,41.08553911205074,10,0.9777777777777779,173.4198174488981,41.08553911205074
config_D,train,3660000,0.9777777777777776,0.03142696805273549,149.63491330168372,21.278756223258455,40.67858250276855,5,0.9777777777777776,149.63491330168372,40.67858250276855
config_D,train,3670000,0.9866666666666667,0.019876159799998145,161.1928992243272,34.4395417460778,41.68405214940099,5,0.9866666666666667,161.1928992243272,41.68405214940099
config_D,train,3680000,0.9822222222222221,0.018592445034090577,147.07316374207738,19.835324712310243,40.36239605355885,5,0.9822222222222221,147.07316374207738,40.36239605355885
config_D,train,3690000,0.9911111111111112,0.012171612389003779,149.4447263928434,15.254170444052315,40.225050505050504,5,0.9911111111111112,149.4447263928434,40.225050505050504
config_D,train,3700000,0.9866666666666667,0.01873942317136819,150.93018509668556,19.221080636397023,39.05616866337797,10,0.9866666666666667,150.93018509668556,39.05616866337797
config_D,train,3710000,0.9733333333333333,0.02897423291201178,147.92651695237194,18.212913927218732,38.599804691432595,5,0.9733333333333333,147.92651695237194,38.599804691432595
config_D,train,3720000,0.9777777777777776,0.01571348402636767,159.5815651881687,18.38186801328583,39.3997298567066,5,0.9777777777777776,159.5815651881687,39.3997298567066
config_D,train,3730000,0.9911111111111112,0.01217161238900377,164.5147235044048,22.29228765646908,40.73353535353535,5,0.9911111111111112,164.5147235044048,40.73353535353535
config_D,train,3740000,0.9866666666666666,0.012171612389003779,162.6149921942148,16.75507319631114,39.1020202020202,5,0.9866666666666666,162.6149921942148,39.1020202020202
config_D,train,3750000,0.9822222222222221,0.017529125283258156,166.93921313442496,17.43972467965101,39.204639417430116,10,0.9822222222222221,166.93921313442496,39.204639417430116
config_D,train,3760000,0.9866666666666666,0.01217161238900377,162.41577806801388,14.212776296292468,39.062525252525255,5,0.9866666666666666,162.41577806801388,39.062525252525255
config_D,train,3770000,0.9866666666666667,0.01987615979999815,171.881232095234,32.1724182471767,39.276687808315714,5,0.9866666666666667,171.881232095234,39.276687808315714
config_D,train,3780000,0.9866666666666666,0.012171612389003782,181.84612667930224,44.67511690365277,41.11282828282828,5,0.9866666666666666,181.84612667930224,41.11282828282828
config_D,train,3790000,0.9911111111111112,0.019876159799998093,157.48027877304247,20.737537633464317,40.01571059431525,5,0.9911111111111112,157.48027877304247,40.01571059431525
config_D,train,3800000,0.9777777777777776,0.014814814814814814,155.245210091805,20.19235477958285,39.121834625323,10,0.9777777777777776,155.245210091805,39.121834625323
config_D,train,3810000,0.9911111111111112,0.01217161238900377,158.83620521225254,14.775049777308315,41.09616161616161,5,0.9911111111111112,158.83620521225254,41.09616161616161
config_D,train,3820000,0.9688888888888888,0.03718489006818107,178.41570343749558,46.84863994027186,41.53650452339618,5,0.9688888888888888,178.41570343749558,41.53650452339618
config_D,train,3830000,0.9866666666666667,0.01987615979999814,175.8922486471657,43.078003448831524,40.09068357998591,5,0.9866666666666667,175.8922486471657,40.09068357998591
config_D,train,3840000,0.9777777777777776,0.01571348402636776,196.774615416038,88.65028711450739,39.59138360347662,5,0.9777777777777776,196.774615416038,39.59138360347662
config_D,train,3850000,0.9733333333333333,0.02731716876234931,173.52264582106068,44.5191004448559,39.10929561394678,10,0.9733333333333333,173.52264582106068,39.10929561394678
config_D,train,3860000,0.9822222222222221,0.01859244503409057,181.5664507649094,48.15618250167999,39.44636363636364,5,0.9822222222222221,181.5664507649094,39.44636363636364
config_D,train,3870000,0.9911111111111112,0.01217161238900377,190.8451267670484,50.649079227234736,39.94212121212121,5,0.9911111111111112,190.8451267670484,39.94212121212121
config_D,train,3880000,0.9777777777777779,0.022222222222222174,197.8909341120355,86.03312027410747,39.557578106647874,5,0.9777777777777779,197.8909341120355,39.557578106647874
config_D,train,3890000,0.9822222222222221,0.018592445034090584,182.4485695292478,47.91288179289681,39.37596664317594,5,0.9822222222222221,182.4485695292478,39.37596664317594
config_D,train,3900000,0.9866666666666667,0.02810913475705231,175.38084260139317,23.65720663682318,38.683174603174606,10,0.9866666666666667,175.38084260139317,38.683174603174606
config_D,train,3910000,0.9866666666666667,0.019876159799998093,157.31913022270058,15.243182516108346,38.75861404745126,5,0.9866666666666667,157.31913022270058,38.75861404745126
config_D,train,3920000,1.0,0.0,159.3290278238105,10.70074012658377,39.27111111111111,5,1.0,159.3290278238105,39.27111111111111
config_D,train,3930000,0.9955555555555555,0.00993807989999913,158.08169876124256,8.378982616557945,38.80464646464647,5,0.9955555555555555,158.08169876124256,38.80464646464647
config_D,train,3940000,0.9866666666666667,0.019876159799998152,171.73044745931776,12.001931444409335,39.41777073056143,5,0.9866666666666667,171.73044745931776,39.41777073056143
config_D,train,3950000,0.9777777777777779,0.03628873693012113,159.59562107431375,18.63319791591102,39.291199802907116,10,0.9777777777777779,159.59562107431375,39.291199802907116
config_D,train,3960000,0.9733333333333334,0.03975231959999624,156.85944161098763,12.630044217052687,38.77166950274154,5,0.9733333333333334,156.85944161098763,38.77166950274154
config_D,train,3970000,0.9377777777777778,0.057520796024643536,162.21590392251863,28.073525798138565,40.5720189701897,5,0.9377777777777778,162.21590392251863,40.5720189701897
config_D,train,3980000,0.9511111111111111,0.05067446333773948,155.1523267304484,15.336044343681554,39.18806107014559,5,0.9511111111111111,155.1523267304484,39.18806107014559
config_D,train,3990000,0.9866666666666667,0.029814239699997247,167.04185898324837,24.846856794924683,41.21174603174603,5,0.9866666666666667,167.04185898324837,41.21174603174603
config_D,train,4000000,0.9644444444444444,0.04823354250696212,166.83391864633845,22.655127463179006,39.54380952380952,10,0.9644444444444444,166.83391864633845,39.54380952380952
config_D,train,4010000,0.9866666666666667,0.029814239699997268,160.03329608407833,17.477826679007524,40.02063492063492,5,0.9866666666666667,160.03329608407833,40.02063492063492
config_D,train,4020000,0.9911111111111112,0.019876159799998065,165.82138777151502,21.608657067166682,40.646201550387595,5,0.9911111111111112,165.82138777151502,40.646201550387595
config_D,train,4030000,0.9911111111111112,0.012171612389003767,182.46373269703557,48.74289797085254,39.69646464646465,5,0.9911111111111112,182.46373269703557,39.69646464646465
config_D,train,4040000,0.9822222222222221,0.01859244503409057,161.04488128869406,21.618276623022037,38.70305144467935,5,0.9822222222222221,161.04488128869406,38.70305144467935
config_D,train,4050000,0.9555555555555555,0.03312693299999679,160.6985405514966,19.74738189390069,39.300611814605006,10,0.9555555555555555,160.6985405514966,39.300611814605006
config_D,train,4060000,0.9733333333333333,0.03651483716701103,160.47834820532836,18.560399291379202,40.74783690564178,5,0.9733333333333333,160.47834820532836,40.74783690564178
config_D,train,4070000,0.9777777777777776,0.02721655269759087,160.51767854584455,17.084779322086035,38.75489177489178,5,0.9777777777777776,160.51767854584455,38.75489177489178
config_D,train,4080000,0.9777777777777776,0.02721655269759091,159.42533091429223,19.459693290817576,40.384632034632034,5,0.9777777777777776,159.42533091429223,40.384632034632034
config_D,train,4090000,0.9911111111111112,0.019876159799998093,157.7389674418249,16.875013036830804,38.983049095607235,5,0.9911111111111112,157.7389674418249,38.983049095607235
config_D,train,4100000,0.9866666666666667,0.018739423171368185,162.4785972025767,18.433655964224517,38.77009161381254,10,0.9866666666666667,162.4785972025767,38.77009161381254
config_D,train,4110000,0.9911111111111112,0.019876159799998093,164.5279866617872,22.229636734632074,39.81705426356589,5,0.9911111111111112,164.5279866617872,39.81705426356589
config_D,train,4120000,0.9733333333333333,0.02897423291201179,160.47938820355236,18.256531270808015,39.528483170576195,5,0.9733333333333333,160.47938820355236,39.528483170576195
config_D,train,4130000,0.9866666666666667,0.019876159799998124,165.64878228896828,15.589211959295431,39.10247827108292,5,0.9866666666666667,165.64878228896828,39.10247827108292
config_D,train,4140000,0.9911111111111112,0.019876159799998093,165.7892814186198,13.317496292785076,39.192144702842384,5,0.9911111111111112,165.7892814186198,39.192144702842384
config_D,train,4150000,0.9955555555555555,0.009369711585684132,167.0383982584552,20.635955506627674,39.96121212121212,10,0.9955555555555555,167.0383982584552,39.96121212121212
config_D,train,4160000,0.9911111111111112,0.019876159799998093,168.02717754850914,22.25806353033951,40.393178294573644,5,0.9911111111111112,168.02717754850914,40.393178294573644
config_D,train,4170000,0.9955555555555555,0.009938079899999128,166.8493700341711,18.889457608840043,39.757171717171715,5,0.9955555555555555,166.8493700341711,39.757171717171715
config_D,train,4180000,0.9955555555555555,0.009938079899999128,169.41423218304453,21.229135909091752,39.82474747474747,5,0.9955555555555555,169.41423218304453,39.82474747474747
config_D,train,4190000,0.9911111111111112,0.012171612389003779,167.43772044516672,21.75603655960838,39.774949494949496,5,0.9911111111111112,167.43772044516672,39.774949494949496
config_D,train,4200000,0.9644444444444444,0.06389291452695652,158.50716574136317,23.62095326016217,40.16716640085061,10,0.9644444444444444,158.50716574136317,40.16716640085061
config_D,train,4210000,0.9955555555555555,0.00993807989999913,170.2124027135349,7.06265041833887,39.978989898989894,5,0.9955555555555555,170.2124027135349,39.978989898989894
config_D,train,4220000,0.9911111111111112,0.01217161238900377,166.04998232728983,15.353679409038806,39.76767676767677,5,0.9911111111111112,166.04998232728983,39.76767676767677
config_D,train,4230000,0.9911111111111112,0.01217161238900377,164.51456131303163,10.555766418661078,39.36919191919192,5,0.9911111111111112,164.51456131303163,39.36919191919192
config_D,train,4240000,0.9955555555555555,0.009938079899999128,168.90641208498468,13.807484488003917,39.863838383838385,5,0.9955555555555555,168.90641208498468,39.863838383838385
config_D,train,4250000,0.9911111111111112,0.01873942317136816,166.56121818751578,12.291390291962584,39.54780361757106,10,0.9911111111111112,166.56121818751578,39.54780361757106
config_D,train,4260000,0.9644444444444444,0.057948465824023535,165.39346053624772,14.080118640433886,39.42196779964222,5,0.9644444444444444,165.39346053624772,39.42196779964222
config_D,train,4270000,0.9511111111111111,0.08663817195385744,159.10740706395518,12.062309519044888,39.7706976744186,5,0.9511111111111111,159.10740706395518,39.7706976744186
config_D,train,4280000,0.9822222222222223,0.039752319599996214,160.85351133720692,13.741764823865786,39.226883468834686,5,0.9822222222222223,160.85351133720692,39.226883468834686
config_D,train,4290000,0.9911111111111112,0.019876159799998093,162.49807505727577,12.323629946859233,40.88713178294573,5,0.9911111111111112,162.49807505727577,40.88713178294573
config_D,train,4300000,0.9822222222222223,0.022951012421969858,157.76529670283233,13.820021809772363,40.035555555555554,10,0.9822222222222223,157.76529670283233,40.035555555555554
config_D,train,4310000,0.9777777777777779,0.02222222222222221,156.74308661659205,16.035628015209358,39.19037585153864,5,0.9777777777777779,156.74308661659205,39.19037585153864
config_D,train,4320000,0.9777777777777779,0.03849001794597501,157.85176912559015,14.764809254823975,39.48248583394925,5,0.9777777777777779,157.85176912559015,39.48248583394925
config_D,train,4330000,0.9733333333333333,0.04817662975261958,159.706948240729,13.733235538258935,39.285656565656566,5,0.9733333333333333,159.706948240729,39.285656565656566
config_D,train,4340000,0.9822222222222221,0.028974232912011816,160.66949130914549,20.94899776793109,39.47554112554113,5,0.9822222222222221,160.66949130914549,39.47554112554113
config_D,train,4350000,0.9644444444444444,0.05258737584977433,164.22037680341796,15.047921184127267,40.334840714840716,10,0.9644444444444444,164.22037680341796,40.334840714840716
config_D,train,4360000,0.96,0.04274529791482521,164.06621930985153,18.53049131308635,40.23121094667606,5,0.96,164.06621930985153,40.23121094667606
config_D,train,4370000,0.9733333333333334,0.02434322477800735,164.00013420961736,18.690490927944445,40.49581395348837,5,0.9733333333333334,164.00013420961736,40.49581395348837
config_D,train,4380000,0.9822222222222221,0.018592445034090632,165.66962369292756,26.63697444229614,39.72765327695561,5,0.9822222222222221,165.66962369292756,39.72765327695561
config_D,train,4390000,0.9733333333333333,0.018592445034090528,161.04758476960797,20.307947201519294,39.86600892647404,5,0.9733333333333333,161.04758476960797,39.86600892647404
config_D,train,4400000,0.9911111111111112,0.01147550621098502,165.5542414853197,14.950840503050062,39.56151515151515,10,0.9911111111111112,165.5542414853197,39.56151515151515
config_D,train,4410000,0.9955555555555555,0.009938079899999114,172.99914323559167,27.326611673371485,40.40959595959596,5,0.9955555555555555,172.99914323559167,40.40959595959596
config_D,train,4420000,0.9866666666666667,0.019876159799998145,162.55616734639904,18.96051956436005,39.32771435283063,5,0.9866666666666667,162.55616734639904,39.32771435283063
config_D,train,4430000,0.9733333333333333,0.03651483716701104,159.39449127509445,23.846745129505997,39.12129342202513,5,0.9733333333333333,159.39449127509445,39.12129342202513
config_D,train,4440000,0.9822222222222221,0.028974232912011837,161.29224453779022,21.576835517836052,40.441500721500724,5,0.9822222222222221,161.29224453779022,40.441500721500724
config_D,train,4450000,0.96,0.045421362123721186,159.24465589810129,16.73433785777682,39.046443001443,10,0.96,159.24465589810129,39.046443001443
config_D,train,4460000,0.9777777777777776,0.027216552697590924,154.9609284831938,18.987206754653776,38.6212987012987,5,0.9777777777777776,154.9609284831938,38.6212987012987
config_D,train,4470000,0.9733333333333333,0.028974232912011785,186.17797467724077,49.865750848498045,40.9903396087117,5,0.9733333333333333,186.17797467724077,40.9903396087117
config_D,train,4480000,0.9777777777777776,0.015713484026367738,168.45218128294434,14.467770487186941,41.53556495184402,5,0.9777777777777776,168.45218128294434,41.53556495184402
config_D,train,4490000,0.9466666666666667,0.07470105028431827,159.14275843361688,24.717945844097944,42.94225342225342,5,0.9466666666666667,159.14275843361688,42.94225342225342
config_D,train,4500000,0.9688888888888888,0.018739423171368102,158.0991438076805,15.655595179434773,40.20501291989664,10,0.9688888888888888,158.0991438076805,40.20501291989664
config_D,train,4510000,0.9822222222222223,0.024343224778007364,179.78957921407408,31.356767501592913,42.17188630490956,5,0.9822222222222223,179.78957921407408,42.17188630490956
config_D,train,4520000,0.9688888888888888,0.03718489006818109,185.1646374004604,21.030475634507212,40.24249591777102,5,0.9688888888888888,185.1646374004604,40.24249591777102
config_D,train,4530000,0.9688888888888888,0.025337231668869746,168.49240720020816,26.47804323683558,40.00508372764186,5,0.9688888888888888,168.49240720020816,40.00508372764186
config_D,train,4540000,0.9688888888888888,0.04868644955601475,184.23331420233026,50.62440159108976,39.56351421188631,5,0.9688888888888888,184.23331420233026,39.56351421188631
config_D,train,4550000,0.9422222222222223,0.0350582505665162,160.87305855815393,14.163527379296662,39.34865407989628,10,0.9422222222222223,160.87305855815393,39.34865407989628
config_D,train,4560000,0.9688888888888888,0.019876159799998083,176.91541394587983,35.87279670363068,40.81196382428941,5,0.9688888888888888,176.91541394587983,40.81196382428941
config_D,train,4570000,0.9822222222222221,0.028974232912011805,163.47760202386445,12.325925252214756,40.8737518037518,5,0.9822222222222221,163.47760202386445,40.8737518037518
config_D,train,4580000,0.9822222222222223,0.024343224778007357,165.60189747103087,15.20890842938281,39.9615503875969,5,0.9822222222222223,165.60189747103087,39.9615503875969
config_D,train,4590000,0.9911111111111112,0.012171612389003767,166.63372611139548,11.504006343724031,39.888989898989905,5,0.9911111111111112,166.63372611139548,39.888989898989905
config_D,train,4600000,0.9777777777777779,0.03628873693012114,170.09307092599005,12.747329365089978,39.41544222714954,10,0.9777777777777779,170.09307092599005,39.41544222714954
config_D,train,4610000,0.9822222222222223,0.0397523195999962,165.7328190535402,11.320258273972929,39.74449864498645,5,0.9822222222222223,165.7328190535402,39.74449864498645
config_D,train,4620000,0.9866666666666667,0.019876159799998093,163.14553830930976,10.987088563233076,39.497319708715054,5,0.9866666666666667,163.14553830930976,39.497319708715054
config_D,train,4630000,0.9911111111111112,0.012171612389003779,170.84015270706757,14.24304986379055,40.44414141414141,5,0.9911111111111112,170.84015270706757,40.44414141414141
config_D,train,4640000,0.9866666666666667,0.019876159799998093,171.5962912565067,26.72308887769828,41.29907211651398,5,0.9866666666666667,171.5962912565067,41.29907211651398
config_D,train,4650000,1.0,0.0,166.6889527230773,12.91976026971352,39.91111111111111,10,1.0,166.6889527230773,39.91111111111111
config_D,train,4660000,0.9911111111111112,0.01217161238900377,163.85582153859644,16.83084778496656,39.33989898989899,5,0.9911111111111112,163.85582153859644,39.33989898989899
config_D,train,4670000,0.9866666666666667,0.01987615979999814,170.0654023399572,19.723352897893765,40.020258397932814,5,0.9866666666666667,170.0654023399572,40.020258397932814
config_D,train,4680000,0.9955555555555555,0.009938079899999142,166.9967482454184,17.135283149388123,39.567070707070705,5,0.9955555555555555,166.9967482454184,39.567070707070705
config_D,train,4690000,0.9955555555555555,0.009938079899999142,164.6603434718914,16.940642424273296,39.163333333333334,5,0.9955555555555555,164.6603434718914,39.163333333333334
config_D,train,4700000,0.9911111111111112,0.011475506210985018,168.63170642404535,19.630326662284602,39.57979797979798,10,0.9911111111111112,168.63170642404535,39.57979797979798
config_D,train,4710000,0.9911111111111112,0.012171612389003767,164.5044593258117,19.7910632832343,39.12757575757576,5,0.9911111111111112,164.5044593258117,39.12757575757576
config_D,train,4720000,0.9955555555555555,0.009938079899999114,166.60137634623,24.424694809865162,39.530101010101006,5,0.9955555555555555,166.60137634623,39.530101010101006
config_D,train,4730000,0.9688888888888888,0.033701668640229165,170.71617919630313,22.358602959663735,41.66191919191919,5,0.9688888888888888,170.71617919630313,41.66191919191919
config_D,train,4740000,0.9777777777777779,0.03849001794597502,184.3776402172547,30.504298735233316,39.377864005912784,5,0.9777777777777779,184.3776402172547,39.377864005912784
config_D,train,4750000,0.9911111111111112,0.01147550621098502,186.92018365346908,56.18495762073327,41.345151515151514,10,0.9911111111111112,186.92018365346908,41.345151515151514
config_D,train,4760000,0.9777777777777776,0.027216552697590848,180.56230576837515,37.87171833010215,41.098340548340545,5,0.9777777777777776,180.56230576837515,41.098340548340545
config_D,train,4770000,1.0,0.0,172.1589340550291,23.682124071502837,40.17333333333333,5,1.0,172.1589340550291,40.17333333333333
config_D,train,4780000,1.0,0.0,169.82806221825876,11.798093741367545,39.23555555555556,5,1.0,169.82806221825876,39.23555555555556
config_D,train,4790000,0.9911111111111112,0.019876159799998065,171.28071634222343,17.25771664003913,39.365994832041345,5,0.9911111111111112,171.28071634222343,39.365994832041345
config_D,train,4800000,0.9955555555555555,0.009369711585684132,169.9208836905728,13.338949348182773,39.025757575757574,10,0.9955555555555555,169.9208836905728,39.025757575757574
config_D,train,4810000,0.9955555555555555,0.00993807989999913,161.18819947539708,17.59274764466527,38.49808080808081,5,0.9955555555555555,161.18819947539708,38.49808080808081
config_D,train,4820000,0.9955555555555555,0.009938079899999142,164.5140884276313,19.630216808196078,38.76555555555556,5,0.9955555555555555,164.5140884276313,38.76555555555556
config_D,train,4830000,0.9911111111111112,0.012171612389003782,163.53919386279722,16.489815004919663,41.36676767676768,5,0.9911111111111112,163.53919386279722,41.36676767676768
config_D,train,4840000,0.9777777777777779,0.04969039949999534,161.99143219103397,15.20625228483639,41.233333333333334,5,0.9777777777777779,161.99143219103397,41.233333333333334
config_D,train,4850000,0.9911111111111112,0.01147550621098502,167.46079551187086,11.981015794891592,41.05454545454545,10,0.9911111111111112,167.46079551187086,41.05454545454545
config_D,train,4860000,0.9955555555555555,0.009938079899999128,168.19792178544296,12.459003363345436,39.4689898989899,5,0.9955555555555555,168.19792178544296,39.4689898989899
config_D,train,4870000,0.9955555555555555,0.009938079899999114,166.26310612844938,17.64899620266037,39.264848484848486,5,0.9955555555555555,166.26310612844938,39.264848484848486
config_D,train,4880000,0.9911111111111112,0.012171612389003791,167.70256855406691,17.265014370613663,39.066767676767675,5,0.9911111111111112,167.70256855406691,39.066767676767675
config_D,train,4890000,0.9911111111111112,0.01217161238900377,167.2926176144661,19.63919513582119,39.17393939393939,5,0.9911111111111112,167.2926176144661,39.17393939393939
config_D,train,4900000,0.9866666666666666,0.01147550621098502,162.26615149864503,18.95316740721969,38.76141414141414,10,0.9866666666666666,162.26615149864503,38.76141414141414
config_D,train,4910000,0.9866666666666667,0.019876159799998152,166.15960406747183,18.491332333646213,39.02657740192624,5,0.9866666666666667,166.15960406747183,39.02657740192624
config_D,train,4920000,0.9777777777777779,0.02222222222222218,168.18265358183058,26.94842220270261,42.09505050505051,5,0.9777777777777779,168.18265358183058,42.09505050505051
config_D,train,4930000,0.9644444444444445,0.03718489006818112,164.4309473317851,18.742523812957007,39.114342975987896,5,0.9644444444444445,164.4309473317851,39.114342975987896
config_D,train,4940000,1.0,0.0,167.47984381029488,15.365667128185724,39.07111111111111,5,1.0,167.47984381029488,39.07111111111111
config_D,train,4950000,0.9911111111111112,0.01147550621098502,166.26480473637213,14.985339713741087,39.114141414141415,10,0.9911111111111112,166.26480473637213,39.114141414141415
config_D,train,4960000,0.9955555555555555,0.009938079899999142,167.91330419553077,13.52577802167955,38.91626262626262,5,0.9955555555555555,167.91330419553077,38.91626262626262
config_D,train,4970000,0.9955555555555555,0.009938079899999142,165.19370983958007,18.238476549698532,38.928989898989904,5,0.9955555555555555,165.19370983958007,38.928989898989904
config_D,train,4980000,1.0,0.0,164.1148934399945,19.270784236424618,38.86222222222222,5,1.0,164.1148934399945,38.86222222222222
config_D,train,4990000,0.9777777777777779,0.04969039949999534,161.64022043628012,16.818093418828045,39.04222222222222,5,0.9777777777777779,161.64022043628012,39.04222222222222
config_D,train,5000000,0.9866666666666667,0.029814239699997247,159.91035789474623,13.783213741363072,40.05428571428572,5,0.9866666666666667,159.91035789474623,40.05428571428572
config_E,test,50000,0.0,0.0,292.4705585234392,237.2692126777497,,5,0.0,292.4705585234392,
config_E,test,100000,0.0,0.0,426.927125238895,353.94845505680286,,10,0.0,426.927125238895,
config_E,test,150000,0.12000000000000002,0.1788854381999832,633.8355869709776,965.1423705396548,64.5,5,0.12000000000000002,633.8355869709776,64.5
config_E,test,200000,0.24,0.2458545188611437,701.6276093118547,1024.5543892835042,42.0,10,0.24,701.6276093118547,42.0
config_E,test,250000,0.12,0.2683281572999748,908.6128640382465,1108.286432155001,41.333333333333336,5,0.12,908.6128640382465,41.333333333333336
config_E,test,300000,0.04,0.0843274042711568,1332.0121639933755,1095.627017331154,37.0,10,0.04,1332.0121639933755,37.0
config_E,test,350000,0.16,0.260768096208106,1606.56905992497,1408.4353311429436,55.0,5,0.16,1606.56905992497,55.0
config_E,test,400000,0.28,0.3155242550986462,930.5007550425811,914.2639527847504,43.416666666666664,10,0.28,930.5007550425811,43.416666666666664
config_E,test,450000,0.28,0.33466401061363027,1142.5291256737887,1040.6600495694736,66.41666666666667,5,0.28,1142.5291256737887,66.41666666666667
config_E,test,500000,0.27999999999999997,0.25298221281347033,1039.90405024518,443.6515508845471,50.388888888888886,10,0.27999999999999997,1039.90405024518,50.388888888888886
config_E,test,550000,0.64,0.3847076812334269,913.9265583312302,361.9325812726569,122.55833333333334,5,0.64,913.9265583312302,122.55833333333334
config_E,test,600000,0.5599999999999999,0.36270588023294514,552.7105043336512,232.30898341162785,73.36666666666667,10,0.5599999999999999,552.7105043336512,73.36666666666667
config_E,test,650000,0.52,0.17888543819998318,566.6333498647742,395.32805611796954,51.2,5,0.52,566.6333498647742,51.2
config_E,test,700000,0.56,0.33730961708462714,745.1924507192344,355.9351727853538,63.5,10,0.56,745.1924507192344,63.5
config_E,test,750000,0.6,0.4,441.23637314821747,316.8364941976174,59.65,5,0.6,441.23637314821747,59.65
config_E,test,800000,0.52,0.28596814119369623,392.2618363129153,293.19629607332786,81.16666666666666,10,0.52,392.2618363129153,81.16666666666666
config_E,test,850000,0.6,0.3741657386773941,820.4656376963976,828.8143753442084,65.20416666666667,5,0.6,820.4656376963976,65.20416666666667
config_E,test,900000,0.52,0.3675746333890726,1011.7158376460693,994.3772285273589,47.0125,10,0.52,1011.7158376460693,47.0125
config_E,test,950000,0.6,0.39999999999999997,498.13250247865665,375.2984021008851,50.1,5,0.6,498.13250247865665,50.1
config_E,test,1000000,0.8,0.3265986323710904,200.091981359172,36.378925862109966,123.42999999999999,10,0.8,200.091981359172,123.42999999999999
config_E,test,1050000,0.8,0.3464101615137754,419.6969450407729,296.08530444484234,48.05,5,0.8,419.6969450407729,48.05
config_E,test,1100000,0.8,0.2309401076758503,214.20517713680812,37.30260005855096,55.17,10,0.8,214.20517713680812,55.17
config_E,test,1150000,0.9199999999999999,0.10954451150103317,300.2321432191017,299.43673082681846,60.629999999999995,5,0.9199999999999999,300.2321432191017,60.629999999999995
config_E,test,1200000,0.96,0.08432740427115674,158.16814055844964,76.72579525220371,47.05,10,0.96,158.16814055844964,47.05
config_E,test,1250000,0.8800000000000001,0.2683281572999748,172.96271924297713,18.71856511683931,41.760000000000005,5,0.8800000000000001,172.96271924297713,41.760000000000005
config_E,test,1300000,0.8800000000000001,0.25298221281347033,184.7208595995927,34.34609599113857,43.86,10,0.8800000000000001,184.7208595995927,43.86
config_E,test,1350000,0.8800000000000001,0.17888543819998318,170.40279565070887,51.44199962832497,63.05,5,0.8800000000000001,170.40279565070887,63.05
config_E,test,1400000,0.8800000000000001,0.10327955589886444,161.65591319890746,33.65948476100354,44.519999999999996,10,0.8800000000000001,161.65591319890746,44.519999999999996
config_E,test,1450000,0.8800000000000001,0.17888543819998318,155.6882233903365,53.10161542496597,42.17,5,0.8800000000000001,155.6882233903365,42.17
config_E,test,1500000,0.9199999999999999,0.1686548085423136,163.40809790333205,74.89872177349199,43.10666666666667,10,0.9199999999999999,163.40809790333205,43.10666666666667
config_E,test,1550000,0.8400000000000001,0.3577708763999663,178.78452600976564,60.262019921406406,47.44,5,0.8400000000000001,178.78452600976564,47.44
config_E,test,1600000,0.8,0.4216370213557839,186.50784959296533,50.90464879364404,42.9,10,0.8,186.50784959296533,42.9
config_E,test,1650000,0.8800000000000001,0.2683281572999748,167.42359312156174,58.63791850696053,45.519999999999996,5,0.8800000000000001,167.42359312156174,45.519999999999996
config_E,test,1700000,0.96,0.08432740427115674,164.07666762090645,52.73028409817195,53.510000000000005,10,0.96,164.07666762090645,53.510000000000005
config_E,test,1750000,0.8400000000000001,0.21908902300206642,176.3057196583398,41.99083157269707,43.986666666666665,5,0.8400000000000001,176.3057196583398,43.986666666666665
config_E,test,1800000,0.8400000000000001,0.24585451886114365,193.4528820435068,60.79056977662563,50.43,10,0.8400000000000001,193.4528820435068,50.43
config_E,test,1850000,0.8800000000000001,0.2683281572999748,236.75602699372183,161.54603961569913,50.54,5,0.8800000000000001,236.75602699372183,50.54
config_E,test,1900000,0.8,0.3265986323710904,322.8355664797238,313.3759959187649,40.269999999999996,10,0.8,322.8355664797238,40.269999999999996
config_E,test,1950000,0.8400000000000001,0.3577708763999663,222.01678707072696,51.96230832281438,45.239999999999995,5,0.8400000000000001,222.01678707072696,45.239999999999995
config_E,test,2000000,0.76,0.33730961708462714,137.04958527827853,39.87215310639776,40.08,10,0.76,137.04958527827853,40.08
config_E,test,2050000,0.8400000000000001,0.1673320053068151,136.0522431074936,54.41306122009486,53.0,5,0.8400000000000001,136.0522431074936,53.0
config_E,test,2100000,0.8800000000000001,0.16865480854231357,140.23875100991867,66.1170388281951,43.38666666666667,10,0.8800000000000001,140.23875100991867,43.38666666666667
config_E,test,2150000,0.8800000000000001,0.2683281572999748,163.81331756778292,31.52573252150973,46.480000000000004,5,0.8800000000000001,163.81331756778292,46.480000000000004
config_E,test,2200000,0.8400000000000001,0.24585451886114362,159.541343972623,53.074275627836094,43.93,10,0.8400000000000001,159.541343972623,43.93
config_E,test,2250000,0.72,0.2280350850198276,123.04589418785444,33.55024281398114,42.43,5,0.72,123.04589418785444,42.43
config_E,test,2300000,0.8,0.3265986323710904,181.89937837833457,58.883320923582296,50.3,10,0.8,181.89937837833457,50.3
config_E,test,2350000,0.8,0.2,161.44668503984582,78.91325447073133,45.736666666666665,5,0.8,161.44668503984582,45.736666666666665
config_E,test,2400000,0.9199999999999999,0.1686548085423136,152.46384191970134,75.59031047613422,45.13333333333333,10,0.9199999999999999,152.46384191970134,45.13333333333333
config_E,test,2450000,0.8400000000000001,0.2607680962081059,184.85164321774153,36.08303738749354,44.489999999999995,5,0.8400000000000001,184.85164321774153,44.489999999999995
config_E,test,2500000,0.8400000000000001,0.24585451886114365,216.52648127602515,121.38383269301742,65.69,10,0.8400000000000001,216.52648127602515,65.69
config_E,test,2550000,0.8800000000000001,0.17888543819998318,198.18725462959577,42.68772765674339,46.63666666666667,5,0.8800000000000001,198.18725462959577,46.63666666666667
config_E,test,2600000,0.9199999999999999,0.10327955589886444,169.62328705629986,96.79367994317792,51.54,10,0.9199999999999999,169.62328705629986,51.54
config_E,test,2650000,0.72,0.10954451150103325,178.48142363044653,61.56181772821365,42.35,5,0.72,178.48142363044653,42.35
config_E,test,2700000,0.8400000000000001,0.24585451886114365,171.0837253299979,83.72826269159383,45.65,10,0.8400000000000001,171.0837253299979,45.65
config_E,test,2750000,0.8800000000000001,0.17888543819998318,334.0178638224263,415.3188108155978,43.64,5,0.8800000000000001,334.0178638224263,43.64
config_E,test,2800000,0.8400000000000001,0.24585451886114365,153.817042136803,64.56223823627174,42.94,10,0.8400000000000001,153.817042136803,42.94
config_E,test,2850000,0.72,0.30331501776206204,272.00967962456434,265.2082324014652,43.71,5,0.72,272.00967962456434,43.71
config_E,test,2900000,0.68,0.25298221281347033,388.7535080691174,374.1092303761917,43.55,10,0.68,388.7535080691174,43.55
config_E,test,2950000,0.76,0.16733200530681513,313.01034754986006,369.7055934954282,44.266666666666666,5,0.76,313.01034754986006,44.266666666666666
config_E,test,3000000,0.72,0.214993539954628,166.45089574303537,75.23115456733008,46.39666666666667,10,0.72,166.45089574303537,46.39666666666667
config_E,test,3050000,0.76,0.260768096208106,176.99783490582382,99.08579513560483,48.44666666666667,5,0.76,176.99783490582382,48.44666666666667
config_E,test,3100000,0.76,0.24585451886114368,187.67225524491013,54.76664020165423,58.82333333333334,10,0.76,187.67225524491013,58.82333333333334
config_E,test,3150000,0.76,0.16733200530681513,183.88489504454867,79.27804634407516,59.85,5,0.76,183.88489504454867,59.85
config_E,test,3200000,0.76,0.24585451886114368,260.785649441596,242.3012658450233,59.89333333333334,10,0.76,260.785649441596,59.89333333333334
config_E,test,3250000,0.8,0.2,226.79665027419364,206.50060324068735,51.28666666666667,5,0.8,226.79665027419364,51.28666666666667
config_E,test,3300000,0.8800000000000001,0.16865480854231357,156.18890446244637,58.01183162717055,55.79,10,0.8800000000000001,156.18890446244637,55.79
config_E,test,3350000,0.8800000000000001,0.17888543819998318,137.43178854649568,56.63412224320526,42.78333333333333,5,0.8800000000000001,137.43178854649568,42.78333333333333
config_E,test,3400000,0.9199999999999999,0.1686548085423136,204.3233894116209,167.22250051450735,56.67999999999999,10,0.9199999999999999,204.3233894116209,56.67999999999999
config_E,test,3450000,0.8400000000000001,0.2607680962081059,185.6996003587744,32.09993956854405,62.71,5,0.8400000000000001,185.6996003587744,62.71
config_E,test,3500000,0.64,0.30983866769659335,128.001929050024,64.27435561460014,49.980000000000004,10,0.64,128.001929050024,49.980000000000004
config_E,test,3550000,0.6799999999999999,0.30331501776206204,220.73759445360247,170.9833397679567,57.64333333333333,5,0.6799999999999999,220.73759445360247,57.64333333333333
config_E,test,3600000,0.76,0.30983866769659335,149.25466268672704,53.2941367607444,44.96,10,0.76,149.25466268672704,44.96
config_E,test,3650000,0.8,0.2,190.20057368747672,143.36902134496174,53.220000000000006,5,0.8,190.20057368747672,53.220000000000006
config_E,test,3700000,0.64,0.2796823595120404,110.0112902261712,49.78712475312414,55.510000000000005,10,0.64,110.0112902261712,55.510000000000005
config_E,test,3750000,0.5599999999999999,0.35777087639996635,291.02933466569084,322.93071264634364,65.19999999999999,5,0.5599999999999999,291.02933466569084,65.19999999999999
config_E,test,3800000,0.72,0.3155242550986462,126.71737640424082,31.549600363436152,73.92333333333333,10,0.72,126.71737640424082,73.92333333333333
config_E,test,3850000,0.76,0.260768096208106,302.50787141473376,409.5460227189875,46.406666666666666,5,0.76,302.50787141473376,46.406666666666666
config_E,test,3900000,0.68,0.28596814119369623,104.26294677747549,42.71332176234218,40.31,10,0.68,104.26294677747549,40.31
config_E,test,3950000,0.8400000000000001,0.08944271909999157,188.18316283493238,90.79040618749683,50.54,5,0.8400000000000001,188.18316283493238,50.54
config_E,test,4000000,0.8,0.13333333333333336,179.68959556696427,84.12134472602546,46.086666666666666,10,0.8,179.68959556696427,46.086666666666666
config_E,test,4050000,0.9199999999999999,0.10954451150103317,174.24424048346773,79.53359398397592,56.94,5,0.9199999999999999,174.24424048346773,56.94
config_E,test,4100000,0.8,0.18856180831641273,162.33614881367686,68.12216870113939,50.876666666666665,10,0.8,162.33614881367686,50.876666666666665
config_E,test,4150000,0.8400000000000001,0.21908902300206642,173.7165577098868,96.68622461200644,47.70666666666666,5,0.8400000000000001,173.7165577098868,47.70666666666666
config_E,test,4200000,0.76,0.15776212754932312,376.2984191051978,494.15187221013514,45.51,10,0.76,376.2984191051978,45.51
config_E,test,4250000,0.8,0.14142135623730953,264.94414087272844,282.2818887767926,43.67333333333333,5,0.8,264.94414087272844,43.67333333333333
config_E,test,4300000,0.8,0.18856180831641267,343.6291088225794,352.45414176436094,50.89,10,0.8,343.6291088225794,50.89
config_E,test,4350000,0.72,0.2683281572999748,203.2868859641382,160.88856471788046,54.88666666666667,5,0.72,203.2868859641382,54.88666666666667
config_E,test,4400000,0.76,0.15776212754932312,179.2728754850205,83.77086554142456,47.74666666666666,10,0.76,179.2728754850205,47.74666666666666
config_E,test,4450000,0.8400000000000001,0.08944271909999156,153.4569365295005,110.49745818855435,75.59,5,0.8400000000000001,153.4569365295005,75.59
config_E,test,4500000,0.72,0.1686548085423136,350.7675469876872,403.64181165593595,43.25,10,0.72,350.7675469876872,43.25
config_E,test,4550000,0.72,0.10954451150103328,132.38210989502608,89.11396855229552,51.6,5,0.72,132.38210989502608,51.6
config_E,test,4600000,0.52,0.28596814119369623,356.7021200415173,509.25198291076305,39.81666666666667,10,0.52,356.7021200415173,39.81666666666667
config_E,test,4650000,0.5599999999999999,0.3286335345030997,201.36455344603743,132.74483767231325,50.57,5,0.5599999999999999,201.36455344603743,50.57
config_E,test,4700000,0.52,0.16865480854231357,179.391984319828,104.49127204023763,55.05,10,0.52,179.391984319828,55.05
config_E,test,4750000,0.5599999999999999,0.260768096208106,323.8944149797741,426.57010708257263,46.68333333333334,5,0.5599999999999999,323.8944149797741,46.68333333333334
config_E,test,4800000,0.48,0.214993539954628,236.9687548809577,225.31271419111192,59.11666666666666,10,0.48,236.9687548809577,59.11666666666666
config_E,test,4850000,0.5599999999999999,0.260768096208106,129.29350175083454,88.53295148208521,73.65,5,0.5599999999999999,129.29350175083454,73.65
config_E,test,4900000,0.4800000000000001,0.28596814119369623,197.57828066969336,157.1177498984031,140.95,10,0.4800000000000001,197.57828066969336,140.95
config_E,test,4950000,0.6,0.1414213562373095,305.87688722477134,414.6088690998773,114.96666666666665,5,0.6,305.87688722477134,114.96666666666665
config_E,test,5000000,0.36,0.40987803063838396,479.58355921252013,773.4965633654878,37.666666666666664,5,0.36,479.58355921252013,37.666666666666664
config_E,train,50000,0.00444444444444444,0.009938079899999055,228.94151425841477,95.59389500349666,445.0,5,0.00444444444444444,228.94151425841477,445.0
config_E,train,100000,0.01777777777777776,0.027317168762349266,249.04922844700232,73.74588116308193,151.16666666666663,10,0.01777777777777776,249.04922844700232,151.16666666666663
config_E,train,150000,0.026666666666666637,0.03975231959999622,514.9279696657885,724.6685461508699,112.5,5,0.026666666666666637,514.9279696657885,112.5
config_E,train,200000,0.1288888888888889,0.1311759621995772,650.5766188648621,869.6908569020286,62.31944444444445,10,0.1288888888888889,650.5766188648621,62.31944444444445
config_E,train,250000,0.1422222222222222,0.12232319061798118,861.2418783899051,947.9614740561475,72.6875,5,0.1422222222222222,861.2418783899051,72.6875
config_E,train,300000,0.1422222222222222,0.1515172465249848,1048.5147553544798,758.247625561219,107.24117647058824,10,0.1422222222222222,1048.5147553544798,107.24117647058824
config_E,train,350000,0.14666666666666664,0.10726683009908596,1281.57546703989,915.3579917392984,83.45075757575758,5,0.14666666666666664,1281.57546703989,83.45075757575758
config_E,train,400000,0.2311111111111111,0.17187739273805241,1058.803068803651,681.2026887328109,87.30419580419581,10,0.2311111111111111,1058.803068803651,87.30419580419581
config_E,train,450000,0.29333333333333333,0.252591506460139,859.8814948750793,598.8297696909125,112.56636904761905,5,0.29333333333333333,859.8814948750793,112.56636904761905
config_E,train,500000,0.34222222222222215,0.22642931169828504,1036.3982294079694,368.14772809317606,84.9296823438,10,0.34222222222222215,1036.3982294079694,84.9296823438
config_E,train,550000,0.5022222222222222,0.28047578623950176,708.7680164900828,385.917866797245,83.61832283992527,5,0.5022222222222222,708.7680164900828,83.61832283992527
config_E,train,600000,0.49777777777777776,0.22497065804714922,472.06008172180174,187.4523541913958,59.26859668109669,10,0.49777777777777776,472.06008172180174,59.26859668109669
config_E,train,650000,0.5466666666666666,0.2899978714268412,517.621596295932,117.59525887479775,62.867931034482766,5,0.5466666666666666,517.621596295932,62.867931034482766
config_E,train,700000,0.5555555555555556,0.2505412522264854,785.8686766737721,68.4280758517462,67.38408432783433,10,0.5555555555555556,785.8686766737721,67.38408432783433
config_E,train,750000,0.5555555555555556,0.2652741419180738,523.8701743234948,178.0907530773772,61.43469841269841,5,0.5555555555555556,523.8701743234948,61.43469841269841
config_E,train,800000,0.5644444444444444,0.26896132072083484,609.898791651639,206.93681724300464,65.4338245614035,10,0.5644444444444444,609.898791651639,65.4338245614035
config_E,train,850000,0.6711111111111111,0.30967924465146396,497.58883427008675,291.61855489882424,74.37577276524645,5,0.6711111111111111,497.58883427008675,74.37577276524645
config_E,train,900000,0.6044444444444445,0.2107664502966369,691.0853125908584,258.2888017742114,56.32485096743161,10,0.6044444444444445,691.0853125908584,56.32485096743161
config_E,train,950000,0.6222222222222222,0.25434495871687995,511.6610931481061,214.87863862213138,63.700037231287226,5,0.6222222222222222,511.6610931481061,63.700037231287226
config_E,train,1000000,0.7866666666666666,0.25428023166182573,339.33014265344116,176.22737015865562,50.78462519936204,10,0.7866666666666666,339.33014265344116,50.78462519936204
config_E,train,1050000,0.8222222222222222,0.19051586888313607,404.6168183455074,147.6409696599439,51.77880026949795,5,0.8222222222222222,404.6168183455074,51.77880026949795
config_E,train,1100000,0.8088888888888889,0.11721505448801471,278.9086554298709,154.32281581584175,51.35573560448561,10,0.8088888888888889,278.9086554298709,51.35573560448561
config_E,train,1150000,0.8799999999999999,0.14107173553870112,300.83639594644774,157.1442872108777,48.14277603622431,5,0.8799999999999999,300.83639594644774,48.14277603622431
config_E,train,1200000,0.9244444444444444,0.10221148628539461,227.3907703948565,103.95266826104366,47.5644373972281,10,0.9244444444444444,227.3907703948565,47.5644373972281
config_E,train,1250000,0.9466666666666667,0.10726683009908597,163.99378046792833,53.97258057012593,44.968520499108735,5,0.9466666666666667,163.99378046792833,44.968520499108735
config_E,train,1300000,0.8933333333333333,0.10199653024034669,220.01118542393505,86.08098812329241,45.41587087087087,10,0.8933333333333333,220.01118542393505,45.41587087087087
config_E,train,1350000,0.8755555555555554,0.11177578968852704,220.29528031542685,105.39966105308991,48.059632538004635,5,0.8755555555555554,220.29528031542685,48.059632538004635
config_E,train,1400000,0.8488888888888889,0.10724125079024503,258.03543296568307,147.02647851158977,49.21223132487667,10,0.8488888888888889,258.03543296568307,49.21223132487667
config_E,train,1450000,0.9333333333333332,0.10304020550550783,165.42570001372965,63.50158672578021,45.50497241320771,5,0.9333333333333332,165.42570001372965,45.50497241320771
config_E,train,1500000,0.8933333333333333,0.12252487779635753,269.9597393622286,100.45049938828305,50.329123640587056,10,0.8933333333333333,269.9597393622286,50.329123640587056
config_E,train,1550000,0.9200000000000002,0.13109227736669005,262.73913746306215,101.3619235307151,52.78314245227973,5,0.9200000000000002,262.73913746306215,52.78314245227973
config_E,train,1600000,0.9111111111111111,0.09486109981381997,228.67690617266717,157.26247227686915,49.86302999478102,10,0.9111111111111111,228.67690617266717,49.86302999478102
config_E,train,1650000,0.9244444444444444,0.10134892667547891,215.54906597234057,109.36832727113989,44.77238686285632,5,0.9244444444444444,215.54906597234057,44.77238686285632
config_E,train,1700000,0.8933333333333333,0.09060079911952976,207.11311164824988,96.21415138033447,45.01488440846354,10,0.8933333333333333,207.11311164824988,45.01488440846354
config_E,train,1750000,0.888888888888889,0.11439589045541107,200.74304553176728,100.13684020646417,47.695971341320174,5,0.888888888888889,200.74304553176728,47.695971341320174
config_E,train,1800000,0.9244444444444444,0.06724033018020865,222.58264335091616,116.92569842550245,52.71906775395148,10,0.9244444444444444,222.58264335091616,52.71906775395148
config_E,train,1850000,0.9199999999999999,0.08255189164891866,242.7415331283383,135.18189211479088,47.422164502164506,5,0.9199999999999999,242.7415331283383,47.422164502164506
config_E,train,1900000,0.9466666666666667,0.07922810048664256,198.92184690539784,78.67546634532694,46.70284002818887,10,0.9466666666666667,198.92184690539784,46.70284002818887
config_E,train,1950000,0.8933333333333333,0.11265592760565843,232.86551169454106,134.42487134601564,45.80405180736576,5,0.8933333333333333,232.86551169454106,45.80405180736576
config_E,train,2000000,0.888888888888889,0.13084090172337554,196.11269203236156,98.00623799928498,46.98442860715179,10,0.888888888888889,196.11269203236156,46.98442860715179
config_E,train,2050000,0.8488888888888889,0.05067446333773946,235.65966358873806,140.8463328253265,45.00726358579375,5,0.8488888888888889,235.65966358873806,45.00726358579375
config_E,train,2100000,0.8266666666666665,0.1352942228957733,208.18659732020774,126.96182888458391,47.04905581272719,10,0.8266666666666665,208.18659732020774,47.04905581272719
config_E,train,2150000,0.888888888888889,0.07535922203472523,230.62707810651636,145.51488907879923,48.959527225524354,5,0.888888888888889,230.62707810651636,48.959527225524354
config_E,train,2200000,0.8577777777777778,0.10744571475240737,238.6516009260992,121.46209602143753,48.75600367789392,10,0.8577777777777778,238.6516009260992,48.75600367789392
config_E,train,2250000,0.7466666666666667,0.0976261450510613,236.1119884596529,125.30651258597783,51.75812745795331,5,0.7466666666666667,236.1119884596529,51.75812745795331
config_E,train,2300000,0.8666666666666668,0.09714723739706675,218.1754261518663,110.72091193946896,51.51996596710153,10,0.8666666666666668,218.1754261518663,51.51996596710153
config_E,train,2350000,0.8577777777777778,0.0779363462966674,236.31876732942345,155.78770043861292,46.74816627816628,5,0.8577777777777778,236.31876732942345,46.74816627816628
config_E,train,2400000,0.9288888888888888,0.04777634221213954,204.80474285579166,93.64386239569083,49.342625591462806,10,0.9288888888888888,204.80474285579166,49.342625591462806
config_E,train,2450000,0.8488888888888889,0.08073734277593313,257.66920778142855,235.3074130705596,45.722035491451265,5,0.8488888888888889,257.66920778142855,45.722035491451265
config_E,train,2500000,0.8444444444444444,0.06457628064504708,255.11347296280096,181.4871854056193,49.04839202261992,10,0.8444444444444444,255.11347296280096,49.04839202261992
config_E,train,2550000,0.888888888888889,0.08888888888888893,217.35410157803364,74.0997517734127,46.42760446209113,5,0.888888888888889,217.35410157803364,46.42760446209113
config_E,train,2600000,0.8,0.06948764088627303,324.59975445581085,175.7546137179417,54.97525221073609,10,0.8,324.59975445581085,54.97525221073609
config_E,train,2650000,0.8577777777777778,0.029814239699997178,347.3326101511372,274.15582207653864,51.75364153627312,5,0.8577777777777778,347.3326101511372,51.75364153627312
config_E,train,2700000,0.8533333333333333,0.05258737584977427,242.52338354218378,111.16335561099173,51.91172161172161,10,0.8533333333333333,242.52338354218378,51.91172161172161
config_E,train,2750000,0.8400000000000001,0.06166416411338495,322.72860378942437,238.4109658262418,50.29783155441051,5,0.8400000000000001,322.72860378942437,50.29783155441051
config_E,train,2800000,0.8355555555555554,0.0704288256237316,251.74823197962502,152.77365789856577,50.655765765765764,10,0.8355555555555554,251.74823197962502,50.655765765765764
config_E,train,2850000,0.7777777777777777,0.2165954298846436,232.51296659792584,141.7056707398324,50.220682277541364,5,0.7777777777777777,232.51296659792584,50.220682277541364
config_E,train,2900000,0.7955555555555556,0.1424072870008642,272.72926380380125,216.2374419100035,50.341746031746034,10,0.7955555555555556,272.72926380380125,50.341746031746034
config_E,train,2950000,0.8533333333333333,0.10610965676722955,216.25820296930857,99.75081669386172,47.1832183933596,5,0.8533333333333333,216.25820296930857,47.1832183933596
config_E,train,3000000,0.7644444444444444,0.2050661507910907,307.3329831402906,212.31870434106222,50.9586480407533,10,0.7644444444444444,307.3329831402906,50.9586480407533
config_E,train,3050000,0.7733333333333333,0.1965128086171924,316.8354076206776,178.41152743533277,52.254564389858515,5,0.7733333333333333,316.8354076206776,52.254564389858515
config_E,train,3100000,0.7511111111111111,0.17616552884378964,372.6379842263185,253.44881225976727,52.237925433739385,10,0.7511111111111111,372.6379842263185,52.237925433739385
config_E,train,3150000,0.7822222222222222,0.16360144283827516,294.3615468272987,227.42612386585927,52.42450176908242,5,0.7822222222222222,294.3615468272987,52.42450176908242
config_E,train,3200000,0.7288888888888889,0.1469581839127377,269.445852085858,146.5338294367289,54.75906810035842,10,0.7288888888888889,269.445852085858,54.75906810035842
config_E,train,3250000,0.7288888888888889,0.13913311859998692,325.80156251551716,317.67069789309204,51.964580792444565,5,0.7288888888888889,325.80156251551716,51.964580792444565
config_E,train,3300000,0.7866666666666667,0.11145625406698685,277.531844246498,175.79003899525046,55.71810526871502,10,0.7866666666666667,277.531844246498,55.71810526871502
config_E,train,3350000,0.7644444444444444,0.04036867138796648,301.5039008465006,175.82406016453257,52.553531682943444,5,0.7644444444444444,301.5039008465006,52.553531682943444
config_E,train,3400000,0.8088888888888889,0.08458727362145298,241.5142535933462,136.2898458407439,51.6804371142911,10,0.8088888888888889,241.5142535933462,51.6804371142911
config_E,train,3450000,0.8133333333333332,0.08833158628600792,252.94957919815738,126.31935887841462,53.86512694821518,5,0.8133333333333332,252.94957919815738,53.86512694821518
config_E,train,3500000,0.6933333333333334,0.18168544849488463,221.922496308339,124.97076620467128,50.22626032626032,10,0.6933333333333334,221.922496308339,50.22626032626032
config_E,train,3550000,0.8044444444444444,0.11044243235368155,220.67109195225117,126.74870671517638,50.500979407635384,5,0.8044444444444444,220.67109195225117,50.500979407635384
config_E,train,3600000,0.8222222222222222,0.1518066780142162,231.96071421305686,119.9514348857834,52.96753976149098,10,0.8222222222222222,231.96071421305686,52.96753976149098
config_E,train,3650000,0.7688888888888888,0.11925695879998877,202.98594123144167,90.34855237864288,52.90083285135917,5,0.7688888888888888,202.98594123144167,52.90083285135917
config_E,train,3700000,0.6444444444444445,0.19259259259259262,159.22209562224094,62.29150719878462,55.605520050125314,10,0.6444444444444445,159.22209562224094,55.605520050125314
config_E,train,3750000,0.6933333333333334,0.1814890399030704,179.6289776828156,82.63675029476866,52.606470477268445,5,0.6933333333333334,179.6289776828156,52.606470477268445
config_E,train,3800000,0.72,0.1693042326182122,226.59585755198083,110.94718086080269,54.51254079254079,10,0.72,226.59585755198083,54.51254079254079
config_E,train,3850000,0.76,0.19838856996147242,256.44051143063,155.40926177151886,48.54929567508515,5,0.76,256.44051143063,48.54929567508515
config_E,train,3900000,0.7155555555555556,0.1618819363513806,237.30260337971072,106.65603738587438,55.908195914852264,10,0.7155555555555556,237.30260337971072,55.908195914852264
config_E,train,3950000,0.7911111111111111,0.09242948596926856,280.0620660367698,164.1348714022452,54.8353792501225,5,0.7911111111111111,280.0620660367698,54.8353792501225
config_E,train,4000000,0.8311111111111111,0.060360144555447,291.9434739651776,166.59716848575363,53.25214343763766,10,0.8311111111111111,291.9434739651776,53.25214343763766
config_E,train,4050000,0.8,0.11439589045541115,268.9695873669611,178.4798207398092,57.859577001118055,5,0.8,268.9695873669611,57.859577001118055
config_E,train,4100000,0.72,0.1199908547040983,269.4340962502657,153.96389746173332,57.67197401569071,10,0.72,269.4340962502657,57.67197401569071
config_E,train,4150000,0.7822222222222222,0.0692107177884331,261.5486539692595,134.00690764454777,47.59788412472623,5,0.7822222222222222,261.5486539692595,47.59788412472623
config_E,train,4200000,0.7511111111111111,0.08032854347689457,285.5175248677509,154.12177139002063,47.75486003861004,10,0.7511111111111111,285.5175248677509,47.75486003861004
config_E,train,4250000,0.7466666666666667,0.17680288249703194,293.01506523982385,157.78168889652616,49.422649024061094,5,0.7466666666666667,293.01506523982385,49.422649024061094
config_E,train,4300000,0.7022222222222222,0.16133870684517906,322.76939913012535,149.74923879184078,49.87290463097274,10,0.7022222222222222,322.76939913012535,49.87290463097274
config_E,train,4350000,0.711111111111111,0.14907119849998599,176.92559584571694,94.97092141602424,55.131631701631704,5,0.711111111111111,176.92559584571694,55.131631701631704
config_E,train,4400000,0.7333333333333333,0.13897528177254606,242.82859018594414,160.7132278482507,52.897578347578346,10,0.7333333333333333,242.82859018594414,52.897578347578346
config_E,train,4450000,0.6355555555555555,0.1689473582999841,255.6800605105637,252.04277228229148,55.07542124542124,5,0.6355555555555555,255.6800605105637,55.07542124542124
config_E,train,4500000,0.6933333333333332,0.19953306260542972,221.25753804894353,146.08641230690498,56.853211990270815,10,0.6933333333333332,221.25753804894353,56.853211990270815
config_E,train,4550000,0.5377777777777778,0.27817749019175275,226.08859569324787,161.93987215451816,58.652714513556624,5,0.5377777777777778,226.08859569324787,58.652714513556624
config_E,train,4600000,0.5688888888888888,0.28210457351451285,214.31433596776384,143.59562534690005,64.46439362439362,10,0.5688888888888888,214.31433596776384,64.46439362439362
config_E,train,4650000,0.5422222222222223,0.31879402382985417,237.33325693630968,208.95951841083456,68.61875382771935,5,0.5422222222222223,237.33325693630968,68.61875382771935
config_E,train,4700000,0.5866666666666667,0.2920435542615757,278.5381676071009,231.3271949383536,66.01905533063429,10,0.5866666666666667,278.5381676071009,66.01905533063429
config_E,train,4750000,0.5155555555555555,0.306875935039183,323.5771084802557,260.98887675511895,61.34308666955726,5,0.5155555555555555,323.5771084802557,61.34308666955726
config_E,train,4800000,0.4933333333333333,0.291968391847704,263.3245153333553,145.63142656715436,59.51860681114552,10,0.4933333333333333,263.3245153333553,59.51860681114552
config_E,train,4850000,0.5511111111111111,0.3132466389127319,270.1451672101481,147.51007038744197,82.31099846390168,5,0.5511111111111111,270.1451672101481,82.31099846390168
config_E,train,4900000,0.5511111111111111,0.32504932621354454,250.25900253376008,107.61346831357815,81.51880952380952,10,0.5511111111111111,250.25900253376008,81.51880952380952
config_E,train,4950000,0.5733333333333334,0.2645284647102752,252.09924883764833,182.75446487179536,56.35243077178561,5,0.5733333333333334,252.09924883764833,56.35243077178561
config_E,train,5000000,0.5733333333333333,0.2860544712005515,225.27103892807244,97.16645344598427,69.81109557109558,5,0.5733333333333333,225.27103892807244,69.81109557109558
