train_seed,config_name,group,checkpoint_step,mean_success_rate,mean_avg_return,mean_first_success_step,n_runs
11,config_A,test,10000,0.0,117.49978469221128,,5
11,config_A,test,20000,0.08,93.49474112145715,169.5,5
11,config_A,test,30000,0.04,174.60719484529508,102.0,5
11,config_A,test,40000,0.04,213.60165200750453,97.0,5
11,config_A,test,50000,0.08,105.26796530534105,79.0,10
11,config_A,test,60000,0.04,117.60653383995479,56.0,5
11,config_A,test,70000,0.04,238.1636005290352,69.0,5
11,config_A,test,80000,0.04,305.01146270025765,64.0,5
11,config_A,test,90000,0.0,405.28206088809463,,5
11,config_A,test,100000,0.0,372.334507520876,,10
11,config_A,test,110000,0.0,532.9220418392431,,5
11,config_A,test,120000,0.0,644.9828664794513,,5
11,config_A,test,130000,0.0,524.5588516241735,,5
11,config_A,test,140000,0.0,751.1620286206628,,5
11,config_A,test,150000,0.0,838.622139322379,,10
11,config_A,test,160000,0.04,1198.2789014762136,64.0,5
11,config_A,test,170000,0.04,1333.2303213202624,87.0,5
11,config_A,test,180000,0.08,1260.3063009053526,62.0,5
11,config_A,test,190000,0.12000000000000002,991.795605429504,71.25,5
11,config_A,test,200000,0.0,1224.8301728658487,,10
11,config_A,test,210000,0.0,1171.9881718781294,,5
11,config_A,test,220000,0.04,1581.438265987425,232.0,5
11,config_A,test,230000,0.08,1545.2637318754335,309.5,5
11,config_A,test,240000,0.04,1665.9815733254757,163.0,5
11,config_A,test,250000,0.2,1368.014867776277,243.11111111111111,10
11,config_A,test,260000,0.04,1590.8482917007195,290.0,5
11,config_A,test,270000,0.2,1486.3297900139803,165.75,5
11,config_A,test,280000,0.16,1749.0322093482548,92.83333333333333,5
11,config_A,test,290000,0.27999999999999997,1809.5816860675172,97.125,5
11,config_A,test,300000,0.24000000000000005,1499.9978547674416,62.333333333333336,10
11,config_A,test,310000,0.44000000000000006,1087.016185311437,132.75,5
11,config_A,test,320000,0.27999999999999997,1581.8911982236082,63.583333333333336,5
11,config_A,test,330000,0.32,1350.5812803262618,47.083333333333336,5
11,config_A,test,340000,0.28,1535.9922054853807,142.0,5
11,config_A,test,350000,0.32,1199.570781037497,52.583333333333336,10
11,config_A,test,360000,0.32,1420.730617779533,53.416666666666664,5
11,config_A,test,370000,0.4,1173.5401023039392,67.33333333333333,5
11,config_A,test,380000,0.4,1393.9058828334316,50.233333333333334,5
11,config_A,test,390000,0.36,1567.8984771230423,49.75,5
11,config_A,test,400000,0.52,920.309417263079,55.6125,10
11,config_A,test,410000,0.52,1018.5998936052392,70.01666666666667,5
11,config_A,test,420000,0.5599999999999999,1012.7022358033853,83.46000000000001,5
11,config_A,test,430000,0.28,1553.0552820137848,136.41666666666666,5
11,config_A,test,440000,0.48,794.6142811949254,85.35333333333332,5
11,config_A,test,450000,0.36,1422.3065753050782,88.89583333333334,10
11,config_A,test,460000,0.36,1048.9568684797491,43.041666666666664,5
11,config_A,test,470000,0.48,670.1856430608692,58.21,5
11,config_A,test,480000,0.4,1099.1644499495146,43.4375,5
11,config_A,test,490000,0.44000000000000006,1227.8871723471718,60.2,5
11,config_A,test,500000,0.64,882.7514925905119,47.38333333333333,10
11,config_A,test,510000,0.48,1260.1769033845599,44.083333333333336,5
11,config_A,test,520000,0.52,1483.5667920426208,48.31666666666666,5
11,config_A,test,530000,0.52,1051.9914174511528,79.28333333333333,5
11,config_A,test,540000,0.5599999999999999,1021.4384268226711,62.166666666666664,5
11,config_A,test,550000,0.52,1084.6095787097777,62.916666666666664,10
11,config_A,test,560000,0.56,863.4780682578682,57.5625,5
11,config_A,test,570000,0.6,990.5761939156458,63.29166666666667,5
11,config_A,test,580000,0.64,680.5464265961242,65.45,5
11,config_A,test,590000,0.6799999999999999,760.6239551555441,61.260000000000005,5
11,config_A,test,600000,0.6,970.5974571006133,48.2,10
11,config_A,test,610000,0.48,1012.0073717984233,69.34,5
11,config_A,test,620000,0.6,960.6164629429777,80.9375,5
11,config_A,test,630000,0.64,1015.4282800147412,117.75,5
11,config_A,test,640000,0.5599999999999999,903.4045975048259,56.25,5
11,config_A,test,650000,0.64,716.1090424005497,60.39,10
11,config_A,test,660000,0.64,988.9792383615343,62.470000000000006,5
11,config_A,test,670000,0.6799999999999999,821.503427357743,47.989999999999995,5
11,config_A,test,680000,0.6799999999999999,739.6607320520691,85.52000000000001,5
11,config_A,test,690000,0.8,764.2401817307198,77.66,5
11,config_A,test,700000,0.76,540.0185084556367,48.010000000000005,10
11,config_A,test,710000,0.8400000000000001,276.3637291171647,53.21,5
11,config_A,test,720000,0.76,418.85583444373077,58.723333333333336,5
11,config_A,test,730000,0.6799999999999999,1012.0472910017313,46.07,5
11,config_A,test,740000,0.76,783.883943222262,55.29,5
11,config_A,test,750000,0.76,647.5214340909358,69.51,10
11,config_A,test,760000,0.8400000000000001,364.8615597764275,72.67999999999999,5
11,config_A,test,770000,0.8,452.02195099365355,50.260000000000005,5
11,config_A,test,780000,0.76,517.3898090186232,46.72,5
11,config_A,test,790000,0.8,557.8921694993552,48.23,5
11,config_A,test,800000,0.76,777.7721403964457,55.36,10
11,config_A,test,810000,0.8,664.8249711120154,52.0,5
11,config_A,test,820000,0.68,939.2449840315625,43.7,5
11,config_A,test,830000,0.76,991.0772239098948,63.83,5
11,config_A,test,840000,0.64,946.3416815808639,74.26666666666668,5
11,config_A,test,850000,0.76,900.4885465706386,75.56,10
11,config_A,test,860000,0.64,1083.493592351855,55.05,5
11,config_A,test,870000,0.8,754.5490282571873,87.53,5
11,config_A,test,880000,0.76,781.7110403296683,58.8,5
11,config_A,test,890000,0.6799999999999999,900.4607005704308,44.28333333333333,5
11,config_A,test,900000,0.8,544.4476679400827,57.81666666666666,10
11,config_A,test,910000,0.8800000000000001,476.5719445575405,71.93666666666667,5
11,config_A,test,920000,0.8,440.9611431745284,57.260000000000005,5
11,config_A,test,930000,0.8,789.0661796874969,93.13333333333333,5
11,config_A,test,940000,0.68,1093.0435898469318,76.12,5
11,config_A,test,950000,0.8,893.2954058977142,77.85,10
11,config_A,test,960000,0.76,691.5610112176017,53.266666666666666,5
11,config_A,test,970000,0.8400000000000001,886.7670703890648,92.19,5
11,config_A,test,980000,0.6799999999999999,1333.8888307832076,58.6,5
11,config_A,test,990000,0.6799999999999999,1025.348543314419,48.45,5
11,config_A,test,1000000,0.8800000000000001,771.2981049244441,65.37,10
11,config_A,test,1010000,0.8400000000000001,767.522649886979,46.49666666666667,5
11,config_A,test,1020000,0.8800000000000001,693.9664670117176,56.17,5
11,config_A,test,1030000,0.8800000000000001,688.9899213806389,52.86333333333333,5
11,config_A,test,1040000,0.8400000000000001,676.0912880340986,65.53,5
11,config_A,test,1050000,0.8800000000000001,544.0188829805105,51.55,10
11,config_A,test,1060000,0.9199999999999999,502.34905045344533,65.4,5
11,config_A,test,1070000,1.0,227.83032984983805,51.2,5
11,config_A,test,1080000,0.8800000000000001,654.231054748869,47.35,5
11,config_A,test,1090000,0.96,245.53876551735658,56.44,5
11,config_A,test,1100000,0.96,204.31607158565416,49.46,10
11,config_A,test,1110000,0.8800000000000001,186.3001957545348,44.97,5
11,config_A,test,1120000,0.8800000000000001,201.0138302526334,46.88,5
11,config_A,test,1130000,0.96,182.63341112004292,45.36,5
11,config_A,test,1140000,0.96,344.08613346791367,45.279999999999994,5
11,config_A,test,1150000,1.0,178.296076301243,45.64,10
11,config_A,test,1160000,0.9199999999999999,176.7021467425846,44.489999999999995,5
11,config_A,test,1170000,0.96,171.46602927496758,44.31,5
11,config_A,test,1180000,0.96,189.29626369782952,46.13,5
11,config_A,test,1190000,0.8800000000000001,175.4176748160137,45.266666666666666,5
11,config_A,test,1200000,0.96,164.6277797696406,44.46,10
11,config_A,test,1210000,0.8800000000000001,455.23473124202326,44.62,5
11,config_A,test,1220000,0.96,245.5759774488969,51.89,5
11,config_A,test,1230000,1.0,210.66029945556016,48.8,5
11,config_A,test,1240000,1.0,235.56080814546166,52.8,5
11,config_A,test,1250000,1.0,193.30047371965148,46.44,10
11,config_A,test,1260000,1.0,202.83661682896258,47.44,5
11,config_A,test,1270000,0.96,200.5563039874145,46.58,5
11,config_A,test,1280000,1.0,211.98482809021084,50.56,5
11,config_A,test,1290000,0.96,211.4092320299664,46.269999999999996,5
11,config_A,test,1300000,0.96,183.6789746138383,43.83,10
11,config_A,test,1310000,0.8800000000000001,196.78178187305807,41.66666666666667,5
11,config_A,test,1320000,0.9199999999999999,317.83202775737146,43.46,5
11,config_A,test,1330000,0.8400000000000001,404.3282290412716,46.03,5
11,config_A,test,1340000,0.76,688.2601051471269,43.66666666666667,5
11,config_A,test,1350000,0.96,310.6533692495001,48.769999999999996,10
11,config_A,test,1360000,0.9199999999999999,401.08727527177564,54.45333333333333,5
11,config_A,test,1370000,0.9199999999999999,555.8113736109154,48.21333333333333,5
11,config_A,test,1380000,0.9199999999999999,644.9768616056699,58.133333333333326,5
11,config_A,test,1390000,0.9199999999999999,350.7984266330294,50.72,5
11,config_A,test,1400000,0.8800000000000001,521.6907982725886,45.660000000000004,10
11,config_A,test,1410000,0.8400000000000001,423.60532733180816,53.413333333333334,5
11,config_A,test,1420000,0.8400000000000001,359.0825045419894,43.56666666666667,5
11,config_A,test,1430000,0.8800000000000001,607.826760113121,69.26666666666668,5
11,config_A,test,1440000,0.9199999999999999,386.0049358968836,48.97333333333333,5
11,config_A,test,1450000,0.9199999999999999,580.9429984340345,75.44,10
11,config_A,test,1460000,0.9199999999999999,543.6063033064358,44.38666666666667,5
11,config_A,test,1470000,0.9199999999999999,493.73228217970734,64.36,5
11,config_A,test,1480000,0.8400000000000001,532.5846535677491,44.010000000000005,5
11,config_A,test,1490000,0.96,481.84038396608105,72.76,5
11,config_A,test,1500000,0.9199999999999999,361.93712427530966,68.99,10
11,config_A,test,1510000,0.8,520.4178308039538,48.86,5
11,config_A,test,1520000,0.8800000000000001,494.6900089885588,45.96,5
11,config_A,test,1530000,0.9199999999999999,471.80786252854824,43.89333333333333,5
11,config_A,test,1540000,0.9199999999999999,200.18313480678182,43.56,5
11,config_A,test,1550000,0.9199999999999999,334.52539774596295,41.71,10
11,config_A,test,1560000,0.8800000000000001,484.1383222249955,41.089999999999996,5
11,config_A,test,1570000,0.8800000000000001,538.3942440089045,44.46333333333333,5
11,config_A,test,1580000,0.9199999999999999,557.1691719067003,56.54666666666667,5
11,config_A,test,1590000,0.9199999999999999,541.2076492215571,46.760000000000005,5
11,config_A,test,1600000,0.8,779.9449657722382,44.61666666666666,10
11,config_A,test,1610000,0.8800000000000001,371.9852366714451,41.54666666666667,5
11,config_A,test,1620000,0.8,836.5778213340003,42.82666666666667,5
11,config_A,test,1630000,0.8,829.3326751292146,70.59333333333333,5
11,config_A,test,1640000,0.8,571.0536865978552,40.39333333333333,5
11,config_A,test,1650000,0.9199999999999999,333.1638048917051,48.733333333333334,10
11,config_A,test,1660000,0.96,332.93066077912107,43.989999999999995,5
11,config_A,test,1670000,0.9199999999999999,469.9476961139271,42.06666666666667,5
11,config_A,test,1680000,0.9199999999999999,171.3152642127954,41.34666666666667,5
11,config_A,test,1690000,0.9199999999999999,318.19938952166666,40.33,5
11,config_A,test,1700000,0.96,296.77432879383633,55.339999999999996,10
11,config_A,test,1710000,0.8800000000000001,582.3278307463634,42.089999999999996,5
11,config_A,test,1720000,0.8800000000000001,452.32340768870307,41.67,5
11,config_A,test,1730000,0.9199999999999999,233.83479880776895,41.519999999999996,5
11,config_A,test,1740000,1.0,183.0893505894889,45.64,5
11,config_A,test,1750000,0.96,315.0478265173333,43.82,10
11,config_A,test,1760000,0.96,287.39938288049706,42.08,5
11,config_A,test,1770000,0.9199999999999999,235.6531471632647,43.269999999999996,5
11,config_A,test,1780000,0.96,325.44911924201955,42.75,5
11,config_A,test,1790000,0.96,319.8605714044279,42.589999999999996,5
11,config_A,test,1800000,0.96,200.82172702880035,44.45,10
11,config_A,test,1810000,0.9199999999999999,325.90272059527155,43.339999999999996,5
11,config_A,test,1820000,1.0,184.94447352538057,42.72,5
11,config_A,test,1830000,0.96,329.1129825546017,42.03,5
11,config_A,test,1840000,1.0,187.63229525185608,43.04,5
11,config_A,test,1850000,1.0,200.6280320939051,44.28,10
11,config_A,test,1860000,0.9199999999999999,314.2890836728731,41.15,5
11,config_A,test,1870000,0.96,364.00448614832646,47.9,5
11,config_A,test,1880000,0.96,318.65391202855824,40.9,5
11,config_A,test,1890000,1.0,235.8554709534571,48.519999999999996,5
11,config_A,test,1900000,0.8800000000000001,359.8857933919233,47.1,10
11,config_A,test,1910000,0.9199999999999999,193.80165925365176,45.906666666666666,5
11,config_A,test,1920000,0.9199999999999999,199.4573947987175,46.8,5
11,config_A,test,1930000,0.96,195.4221412303435,44.31,5
11,config_A,test,1940000,0.9199999999999999,317.2255500623354,40.81333333333333,5
11,config_A,test,1950000,0.9199999999999999,313.9304104546606,40.68,10
11,config_A,test,1960000,0.96,185.27151493958735,43.540000000000006,5
11,config_A,test,1970000,0.96,297.3313367409072,56.06,5
11,config_A,test,1980000,0.96,178.71848508395132,42.63,5
11,config_A,test,1990000,0.9199999999999999,191.7490447588362,41.13333333333333,5
11,config_A,test,2000000,1.0,191.87207012571542,45.44,10
11,config_A,test,2010000,0.9199999999999999,275.3635377334649,40.8,5
11,config_A,test,2020000,1.0,177.06510064866652,41.44,5
11,config_A,test,2030000,1.0,206.07206879524725,45.8,5
11,config_A,test,2040000,0.8800000000000001,440.76835931293925,40.43,5
11,config_A,test,2050000,0.96,255.5142356609753,49.160000000000004,10
11,config_A,test,2060000,0.9199999999999999,188.40953822439275,41.2,5
11,config_A,test,2070000,0.96,183.5911446022971,42.57,5
11,config_A,test,2080000,0.96,181.58651648796425,41.57,5
11,config_A,test,2090000,0.96,186.5607479639882,41.78,5
11,config_A,test,2100000,0.9199999999999999,370.3518195765905,41.83,10
11,config_A,test,2110000,0.9199999999999999,332.54755613181476,42.519999999999996,5
11,config_A,test,2120000,0.9199999999999999,326.02194642755114,43.37,5
11,config_A,test,2130000,0.96,196.21556915966147,42.75,5
11,config_A,test,2140000,0.96,184.81513407999083,42.61,5
11,config_A,test,2150000,0.9199999999999999,364.04805895530774,42.06,10
11,config_A,test,2160000,0.96,191.49767719325476,43.28,5
11,config_A,test,2170000,0.9199999999999999,359.86084349529085,42.010000000000005,5
11,config_A,test,2180000,0.8800000000000001,207.5024721783574,43.30333333333333,5
11,config_A,test,2190000,0.8800000000000001,218.0783504486281,47.47333333333333,5
11,config_A,test,2200000,0.8400000000000001,428.9478536659141,44.06666666666667,10
11,config_A,test,2210000,0.96,186.21182792774468,46.2,5
11,config_A,test,2220000,0.96,207.95756951740663,47.480000000000004,5
11,config_A,test,2230000,0.96,187.28036198365015,42.81,5
11,config_A,test,2240000,0.96,322.24619761559654,42.87,5
11,config_A,test,2250000,0.96,200.8915267349207,44.71,10
11,config_A,test,2260000,0.8800000000000001,329.95480165672365,41.14,5
11,config_A,test,2270000,1.0,191.51844288203088,44.760000000000005,5
11,config_A,test,2280000,1.0,192.4945820593744,44.519999999999996,5
11,config_A,test,2290000,1.0,274.00912822740844,59.879999999999995,5
11,config_A,test,2300000,0.9199999999999999,345.19975380932794,58.626666666666665,10
11,config_A,test,2310000,0.9199999999999999,427.2852346080118,57.74666666666667,5
11,config_A,test,2320000,0.96,505.0912941363599,60.85,5
11,config_A,test,2330000,0.8800000000000001,394.0067590906286,42.08,5
11,config_A,test,2340000,0.9199999999999999,361.13654758103905,43.17,5
11,config_A,test,2350000,0.9199999999999999,385.02305350896427,42.010000000000005,10
11,config_A,test,2360000,1.0,190.3633910672471,42.72,5
11,config_A,test,2370000,1.0,184.40624398701408,41.92,5
11,config_A,test,2380000,1.0,179.83868069162122,41.72,5
11,config_A,test,2390000,1.0,185.6214670898534,42.68,5
11,config_A,test,2400000,1.0,183.9717813540452,42.28,10
11,config_A,test,2410000,1.0,242.89087957778443,48.440000000000005,5
11,config_A,test,2420000,0.9199999999999999,535.9427084949341,42.2,5
11,config_A,test,2430000,0.9199999999999999,540.0012273628029,41.82666666666667,5
11,config_A,test,2440000,0.9199999999999999,526.5059588360268,40.586666666666666,5
11,config_A,test,2450000,0.96,474.7928038755243,55.510000000000005,10
11,config_A,test,2460000,0.9199999999999999,554.3519350030022,43.74666666666667,5
11,config_A,test,2470000,1.0,190.77750562576674,43.32,5
11,config_A,test,2480000,0.96,296.99452455114607,54.660000000000004,5
11,config_A,test,2490000,0.96,180.08001417466735,43.04,5
11,config_A,test,2500000,0.9199999999999999,203.06118869644737,42.586666666666666,10
11,config_A,test,2510000,0.96,458.10007485025,58.870000000000005,5
11,config_A,test,2520000,0.9199999999999999,550.8223778990782,55.129999999999995,5
11,config_A,test,2530000,0.9199999999999999,371.2709793223097,45.160000000000004,5
11,config_A,test,2540000,0.9199999999999999,355.37568051684946,43.660000000000004,5
11,config_A,test,2550000,0.9199999999999999,491.14767376034206,44.85,10
11,config_A,test,2560000,0.9199999999999999,365.8257120324829,44.88,5
11,config_A,test,2570000,1.0,205.48616074066632,45.64,5
11,config_A,test,2580000,1.0,218.9008571361206,47.56,5
11,config_A,test,2590000,0.96,189.32476042175207,43.489999999999995,5
11,config_A,test,2600000,1.0,197.1305270392715,52.08,10
11,config_A,test,2610000,0.96,222.89735311489176,63.75999999999999,5
11,config_A,test,2620000,0.96,207.78447187617357,50.79,5
11,config_A,test,2630000,0.9199999999999999,210.8804102297319,47.92,5
11,config_A,test,2640000,0.9199999999999999,190.96858701584512,43.980000000000004,5
11,config_A,test,2650000,0.9199999999999999,192.2708413616717,43.89,10
11,config_A,test,2660000,0.96,248.70379603317753,54.489999999999995,5
11,config_A,test,2670000,0.9199999999999999,211.82296356089074,56.08,5
11,config_A,test,2680000,0.9199999999999999,218.78718841502382,46.510000000000005,5
11,config_A,test,2690000,0.9199999999999999,216.03886539413483,49.989999999999995,5
11,config_A,test,2700000,0.9199999999999999,194.91763874988587,46.13,10
11,config_A,test,2710000,0.8400000000000001,361.6717510103763,44.493333333333325,5
11,config_A,test,2720000,0.8800000000000001,353.7973185068286,42.63333333333333,5
11,config_A,test,2730000,0.9199999999999999,181.19218140663583,44.39,5
11,config_A,test,2740000,0.8800000000000001,194.4355669396027,58.660000000000004,5
11,config_A,test,2750000,0.8400000000000001,378.6874391501022,54.56333333333333,10
11,config_A,test,2760000,0.8400000000000001,503.67482398173286,43.233333333333334,5
11,config_A,test,2770000,0.8400000000000001,405.2274656666689,45.45,5
11,config_A,test,2780000,0.8400000000000001,390.4789626014349,42.230000000000004,5
11,config_A,test,2790000,0.8800000000000001,273.5763934728624,45.11,5
11,config_A,test,2800000,0.9199999999999999,228.72860338999845,47.89,10
11,config_A,test,2810000,0.8800000000000001,178.71756650440165,41.339999999999996,5
11,config_A,test,2820000,0.9199999999999999,269.56380540739275,60.95,5
11,config_A,test,2830000,0.8800000000000001,279.2832570905127,46.339999999999996,5
11,config_A,test,2840000,0.8800000000000001,173.67012652292584,43.87,5
11,config_A,test,2850000,0.9199999999999999,156.78666223592055,46.75,10
11,config_A,test,2860000,0.96,176.57118027045064,63.660000000000004,5
11,config_A,test,2870000,0.8800000000000001,186.65803078206514,42.94,5
11,config_A,test,2880000,0.9199999999999999,188.44810635322006,44.85,5
11,config_A,test,2890000,0.96,181.91575426910288,44.010000000000005,5
11,config_A,test,2900000,0.96,362.4669693768633,43.58,10
11,config_A,test,2910000,0.9199999999999999,315.80706700256934,42.11,5
11,config_A,test,2920000,0.9199999999999999,347.10563459915215,42.82,5
11,config_A,test,2930000,0.96,193.7634063761488,43.94,5
11,config_A,test,2940000,0.96,189.5496301402189,43.510000000000005,5
11,config_A,test,2950000,0.8800000000000001,243.07507128207976,43.19333333333333,10
11,config_A,test,2960000,0.9199999999999999,186.97428872430132,43.05333333333333,5
11,config_A,test,2970000,0.8800000000000001,176.3722490737644,42.589999999999996,5
11,config_A,test,2980000,0.8400000000000001,259.28743007951266,44.586666666666666,5
11,config_A,test,2990000,0.9199999999999999,182.54165066639837,43.11,5
11,config_A,test,3000000,0.8800000000000001,209.45471068619372,48.0,10
11,config_A,test,3010000,0.8800000000000001,165.56889988218734,41.62333333333333,5
11,config_A,test,3020000,0.9199999999999999,176.33354244428,43.089999999999996,5
11,config_A,test,3030000,0.9199999999999999,180.04254812425106,43.769999999999996,5
11,config_A,test,3040000,1.0,206.5381729262393,45.239999999999995,5
11,config_A,test,3050000,0.96,207.36165018543244,47.269999999999996,10
11,config_A,test,3060000,0.96,194.34467218403876,43.989999999999995,5
11,config_A,test,3070000,0.96,225.52814803590067,47.64,5
11,config_A,test,3080000,0.9199999999999999,204.9338444318279,45.47,5
11,config_A,test,3090000,0.96,183.79171646121335,45.730000000000004,5
11,config_A,test,3100000,0.96,200.6180551461534,43.29,10
11,config_A,test,3110000,0.96,187.14632211693578,42.04,5
11,config_A,test,3120000,0.96,224.6955495158445,47.29,5
11,config_A,test,3130000,0.96,217.90146530844635,46.11,5
11,config_A,test,3140000,0.96,202.1118363671009,44.11,5
11,config_A,test,3150000,0.9199999999999999,211.3754747001702,46.53,10
11,config_A,test,3160000,0.8800000000000001,190.26209406895862,45.086666666666666,5
11,config_A,test,3170000,0.8800000000000001,237.45562692892955,54.52,5
11,config_A,test,3180000,0.9199999999999999,342.6602516477621,49.39,5
11,config_A,test,3190000,0.9199999999999999,220.68312973763076,47.839999999999996,5
11,config_A,test,3200000,0.9199999999999999,215.30393507300715,64.17333333333333,10
11,config_A,test,3210000,0.8800000000000001,207.51280574536258,46.516666666666666,5
11,config_A,test,3220000,0.96,271.89056903621895,52.7,5
11,config_A,test,3230000,0.96,222.7905668354325,47.260000000000005,5
11,config_A,test,3240000,0.9199999999999999,229.0976150281809,60.160000000000004,5
11,config_A,test,3250000,0.9199999999999999,182.37166230729272,42.839999999999996,10
11,config_A,test,3260000,0.8800000000000001,197.58618967046792,44.1,5
11,config_A,test,3270000,0.8800000000000001,224.29104755118297,45.260000000000005,5
11,config_A,test,3280000,0.9199999999999999,283.1145580299079,45.87,5
11,config_A,test,3290000,0.96,212.85397165173964,44.739999999999995,5
11,config_A,test,3300000,0.96,227.3198896074411,48.010000000000005,10
11,config_A,test,3310000,0.96,196.694224731325,43.089999999999996,5
11,config_A,test,3320000,0.9199999999999999,315.99310055023494,45.96,5
11,config_A,test,3330000,0.9199999999999999,176.79082613893365,42.269999999999996,5
11,config_A,test,3340000,0.96,174.05465891632983,41.96,5
11,config_A,test,3350000,0.96,174.11675674269685,42.64,10
11,config_A,test,3360000,0.96,207.1023815936991,44.6,5
11,config_A,test,3370000,1.0,178.8599559780564,41.36,5
11,config_A,test,3380000,0.96,173.28299996950096,41.839999999999996,5
11,config_A,test,3390000,1.0,166.61161729437384,43.88,5
11,config_A,test,3400000,0.96,184.1853411115241,43.58,10
11,config_A,test,3410000,0.9199999999999999,224.52895475648137,50.05,5
11,config_A,test,3420000,0.9199999999999999,202.99256840588762,44.94666666666667,5
11,config_A,test,3430000,0.96,185.4786055502917,42.05,5
11,config_A,test,3440000,1.0,174.21142860489647,44.56,5
11,config_A,test,3450000,0.96,185.73524456028377,43.54,10
11,config_A,test,3460000,0.9199999999999999,184.18805480475132,42.69333333333333,5
11,config_A,test,3470000,1.0,167.05119788471163,41.28,5
11,config_A,test,3480000,0.9199999999999999,173.64628846905302,41.61,5
11,config_A,test,3490000,0.9199999999999999,168.3725718229054,41.31,5
11,config_A,test,3500000,0.96,165.07803994490214,42.83,10
11,config_A,test,3510000,1.0,178.2815692337771,41.56,5
11,config_A,test,3520000,1.0,185.46795611131637,42.32,5
11,config_A,test,3530000,1.0,183.9645306051088,42.480000000000004,5
11,config_A,test,3540000,0.96,178.8732155125253,41.410000000000004,5
11,config_A,test,3550000,1.0,175.24133396203166,41.64,10
11,config_A,test,3560000,1.0,182.51811354538265,42.68,5
11,config_A,test,3570000,1.0,189.12358747371528,42.88,5
11,config_A,test,3580000,0.96,174.6026173536878,41.54,5
11,config_A,test,3590000,0.96,171.81547161706857,41.79,5
11,config_A,test,3600000,0.96,159.85502941878784,40.86,10
11,config_A,test,3610000,1.0,173.17493423327832,41.760000000000005,5
11,config_A,test,3620000,1.0,171.02831256263624,41.08,5
11,config_A,test,3630000,1.0,171.16729720509153,41.12,5
11,config_A,test,3640000,1.0,172.45076005712116,40.96,5
11,config_A,test,3650000,1.0,174.316930869844,40.88,10
11,config_A,test,3660000,0.96,316.39080736763754,40.25,5
11,config_A,test,3670000,1.0,182.62827209346557,41.480000000000004,5
11,config_A,test,3680000,1.0,187.4173481249001,42.08,5
11,config_A,test,3690000,1.0,176.32965597826842,41.04,5
11,config_A,test,3700000,1.0,181.7824540999133,41.839999999999996,10
11,config_A,test,3710000,0.96,185.51613109293257,41.93,5
11,config_A,test,3720000,0.96,185.573839970686,51.85,5
11,config_A,test,3730000,0.8800000000000001,171.78741879142262,41.67,5
11,config_A,test,3740000,0.8800000000000001,198.72831571389094,40.80333333333333,5
11,config_A,test,3750000,0.9199999999999999,165.1036344227434,40.71,10
11,config_A,test,3760000,0.96,162.1697689895669,42.160000000000004,5
11,config_A,test,3770000,1.0,162.94836488544658,43.88,5
11,config_A,test,3780000,0.96,192.54891476064336,46.06,5
11,config_A,test,3790000,0.96,175.39306603926357,46.0,5
11,config_A,test,3800000,1.0,167.19868771574482,42.480000000000004,10
11,config_A,test,3810000,0.96,174.59768839586718,40.79,5
11,config_A,test,3820000,0.96,164.94357970244783,40.68,5
11,config_A,test,3830000,1.0,168.3137807663581,42.92,5
11,config_A,test,3840000,1.0,171.8649424940213,44.4,5
11,config_A,test,3850000,0.96,173.12259764099818,42.03,10
11,config_A,test,3860000,0.96,167.62724276565837,40.81,5
11,config_A,test,3870000,0.96,167.9722142454824,40.87,5
11,config_A,test,3880000,0.96,161.71776526460502,41.05,5
11,config_A,test,3890000,0.96,164.65123932201666,41.7,5
11,config_A,test,3900000,0.96,164.5416852946292,40.75,10
11,config_A,test,3910000,0.96,162.63532070715536,40.769999999999996,5
11,config_A,test,3920000,1.0,156.25144868393448,44.96,5
11,config_A,test,3930000,0.96,166.05411342130085,41.07,5
11,config_A,test,3940000,0.96,171.2765794469782,41.279999999999994,5
11,config_A,test,3950000,0.96,160.46306962295984,40.980000000000004,10
11,config_A,test,3960000,0.96,160.48889092429425,41.11,5
11,config_A,test,3970000,0.96,189.65518908356816,40.64,5
11,config_A,test,3980000,0.96,154.8388011668071,45.230000000000004,5
11,config_A,test,3990000,0.96,154.5759356356967,44.47,5
11,config_A,test,4000000,1.0,181.24745160023662,42.44,10
11,config_A,test,4010000,1.0,184.5964500980652,44.12,5
11,config_A,test,4020000,0.9199999999999999,191.36525792823718,41.14666666666667,5
11,config_A,test,4030000,1.0,168.80643314551725,52.839999999999996,5
11,config_A,test,4040000,0.9199999999999999,166.66370410261476,41.013333333333335,5
11,config_A,test,4050000,0.9199999999999999,230.59696444298112,41.04,10
11,config_A,test,4060000,0.96,168.4843206223963,40.96,5
11,config_A,test,4070000,0.96,190.2073626915997,41.25,5
11,config_A,test,4080000,1.0,184.61975678932328,42.56,5
11,config_A,test,4090000,1.0,176.6167553168099,54.120000000000005,5
11,config_A,test,4100000,0.96,181.71831088323387,42.6,10
11,config_A,test,4110000,1.0,183.40079312945028,41.839999999999996,5
11,config_A,test,4120000,0.96,185.39181734899861,42.93,5
11,config_A,test,4130000,0.96,178.40669879458449,44.35,5
11,config_A,test,4140000,0.8800000000000001,172.46513410028672,40.75333333333333,5
11,config_A,test,4150000,0.9199999999999999,173.41686433108367,41.66666666666667,10
11,config_A,test,4160000,1.0,182.32531726133544,46.64,5
11,config_A,test,4170000,0.96,174.702165359344,41.9,5
11,config_A,test,4180000,1.0,188.18072578977063,44.72,5
11,config_A,test,4190000,0.96,170.18817429613335,42.589999999999996,5
11,config_A,test,4200000,0.96,248.1458017523516,42.72,10
11,config_A,test,4210000,1.0,177.2178370093649,42.12,5
11,config_A,test,4220000,0.96,169.0629373472404,42.17,5
11,config_A,test,4230000,0.96,167.72733050836757,41.53,5
11,config_A,test,4240000,0.96,167.38809857360633,41.489999999999995,5
11,config_A,test,4250000,0.9199999999999999,171.9541787174329,41.32,10
11,config_A,test,4260000,0.96,169.51648106594905,47.089999999999996,5
11,config_A,test,4270000,0.9199999999999999,171.40258019357987,42.95,5
11,config_A,test,4280000,0.96,178.91661494937475,42.18,5
11,config_A,test,4290000,0.96,185.93118627083487,43.2,5
11,config_A,test,4300000,1.0,179.74876528429382,41.88,10
11,config_A,test,4310000,1.0,176.8544782285564,41.4,5
11,config_A,test,4320000,1.0,175.0110134642719,41.040000000000006,5
11,config_A,test,4330000,0.96,171.89051434307478,41.35,5
11,config_A,test,4340000,0.9199999999999999,206.40518874694894,42.12,5
11,config_A,test,4350000,0.96,191.7088296549171,43.07,10
11,config_A,test,4360000,0.96,167.59514632196115,41.45,5
11,config_A,test,4370000,1.0,168.05542001130243,41.67999999999999,5
11,config_A,test,4380000,0.9199999999999999,234.13058164322283,41.62,5
11,config_A,test,4390000,0.8800000000000001,176.2416675571312,41.88333333333333,5
11,config_A,test,4400000,0.9199999999999999,167.8418500868956,43.71,10
11,config_A,test,4410000,0.96,180.0435514630903,78.44,5
11,config_A,test,4420000,0.8800000000000001,183.35858754288193,45.25,5
11,config_A,test,4430000,0.9199999999999999,197.49857796068414,41.160000000000004,5
11,config_A,test,4440000,0.8800000000000001,162.94406129457477,41.42,5
11,config_A,test,4450000,0.8400000000000001,176.3292845757243,42.11,10
11,config_A,test,4460000,0.8800000000000001,178.18487249462856,41.87,5
11,config_A,test,4470000,0.8800000000000001,164.66284366870926,41.71,5
11,config_A,test,4480000,0.96,171.28313938554902,55.260000000000005,5
11,config_A,test,4490000,0.9199999999999999,186.08878946112594,43.92,5
11,config_A,test,4500000,0.8800000000000001,189.36119889410915,45.37,10
11,config_A,test,4510000,0.8800000000000001,310.72949973714043,50.79,5
11,config_A,test,4520000,0.9199999999999999,173.238420816772,44.31,5
11,config_A,test,4530000,0.8400000000000001,168.29222620650972,45.10666666666667,5
11,config_A,test,4540000,0.8400000000000001,152.27571906598905,41.11,5
11,config_A,test,4550000,0.8400000000000001,154.91129097748,40.78,10
11,config_A,test,4560000,0.8400000000000001,181.84400500903837,43.13666666666667,5
11,config_A,test,4570000,0.8800000000000001,227.1722216642886,41.64666666666667,5
11,config_A,test,4580000,0.8800000000000001,198.36695467907248,41.263333333333335,5
11,config_A,test,4590000,0.8800000000000001,177.58456962707888,42.11333333333333,5
11,config_A,test,4600000,0.8400000000000001,420.608423226582,41.70666666666666,10
11,config_A,test,4610000,0.8400000000000001,358.62696211057516,44.413333333333334,5
11,config_A,test,4620000,0.8,384.124586845387,44.95666666666666,5
11,config_A,test,4630000,0.9199999999999999,325.1532941064755,46.89,5
11,config_A,test,4640000,0.8800000000000001,336.4694199688337,44.36,5
11,config_A,test,4650000,0.9199999999999999,200.64624828805026,45.05,10
11,config_A,test,4660000,0.96,202.43659197268408,46.35,5
11,config_A,test,4670000,0.8800000000000001,348.867395934278,43.273333333333326,5
11,config_A,test,4680000,0.8800000000000001,168.7705567965858,42.760000000000005,5
11,config_A,test,4690000,0.96,194.7926110921846,53.52,5
11,config_A,test,4700000,0.9199999999999999,189.02809750164292,42.88,10
11,config_A,test,4710000,0.9199999999999999,189.0340366029732,41.69,5
11,config_A,test,4720000,0.96,206.52461832102304,43.43,5
11,config_A,test,4730000,0.96,200.2642979868533,44.83,5
11,config_A,test,4740000,0.9199999999999999,193.88034030285968,43.32,5
11,config_A,test,4750000,0.9199999999999999,280.61992973840836,48.46,10
11,config_A,test,4760000,0.96,179.62067444908607,44.13,5
11,config_A,test,4770000,0.96,183.7226366829247,44.17999999999999,5
11,config_A,test,4780000,1.0,197.02932406894882,55.0,5
11,config_A,test,4790000,0.9199999999999999,192.10262521435777,42.79,5
11,config_A,test,4800000,0.96,195.46304639945464,52.46,10
11,config_A,test,4810000,0.8800000000000001,222.18727828046826,45.660000000000004,5
11,config_A,test,4820000,0.9199999999999999,336.3210104948905,44.6,5
11,config_A,test,4830000,0.96,187.24446506674332,43.760000000000005,5
11,config_A,test,4840000,0.96,200.44898527669662,44.79,5
11,config_A,test,4850000,0.96,185.49206907390482,43.480000000000004,10
11,config_A,test,4860000,0.96,176.62832000514786,42.13,5
11,config_A,test,4870000,0.96,187.63731171529722,43.14,5
11,config_A,test,4880000,0.96,187.9530836355633,43.54,5
11,config_A,test,4890000,0.96,193.36364197622152,43.25,5
11,config_A,test,4900000,1.0,183.94340492418334,54.96,10
11,config_A,test,4910000,0.96,187.93370834129797,43.39,5
11,config_A,test,4920000,0.96,180.08189935883348,42.69,5
11,config_A,test,4930000,0.96,180.3171748496075,43.03,5
11,config_A,test,4940000,0.9199999999999999,179.4565151715059,42.55,5
11,config_A,test,4950000,0.96,192.55576865016565,44.12,10
11,config_A,test,4960000,0.96,196.38570211397655,44.17,5
11,config_A,test,4970000,1.0,216.0443341966373,49.4,5
11,config_A,test,4980000,0.96,194.82561494016562,43.37,5
11,config_A,test,4990000,0.96,200.81938639709603,44.31,5
11,config_A,test,5000000,0.96,218.37341214685725,46.489999999999995,5
11,config_A,train,10000,0.013333333333333319,87.0312464642503,377.0,5
11,config_A,train,20000,0.048888888888888885,155.93285695121784,160.4,5
11,config_A,train,30000,0.05777777777777776,182.26155281555637,230.74074074074076,5
11,config_A,train,40000,0.03555555555555554,226.3188363053144,106.25,5
11,config_A,train,50000,0.0311111111111111,213.3168139211901,105.5,10
11,config_A,train,60000,0.03999999999999998,218.97099931351516,132.91666666666666,5
11,config_A,train,70000,0.00444444444444444,264.78448317036936,60.0,5
11,config_A,train,80000,0.013333333333333319,236.2456513384987,186.66666666666666,5
11,config_A,train,90000,0.00888888888888888,250.09403302456968,362.5,5
11,config_A,train,100000,0.0,432.9862038304145,,10
11,config_A,train,110000,0.00888888888888888,444.3492211398014,336.5,5
11,config_A,train,120000,0.0311111111111111,481.15409514931764,106.5,5
11,config_A,train,130000,0.0311111111111111,434.4788009144378,127.66666666666666,5
11,config_A,train,140000,0.0222222222222222,592.5203204145112,66.0,5
11,config_A,train,150000,0.02666666666666666,876.7134327901767,103.5,10
11,config_A,train,160000,0.02666666666666666,1060.4303676563493,161.3,5
11,config_A,train,170000,0.03555555555555554,1226.4690539479416,228.1,5
11,config_A,train,180000,0.04444444444444442,1236.5943736502406,70.83333333333333,5
11,config_A,train,190000,0.03555555555555552,1101.0197325630545,193.25,5
11,config_A,train,200000,0.07555555555555554,1135.8624679212487,143.0,10
11,config_A,train,210000,0.07555555555555554,1119.3979386713943,100.53333333333335,5
11,config_A,train,220000,0.12444444444444443,1311.4395288032633,153.83333333333331,5
11,config_A,train,230000,0.11999999999999997,1281.0097846753706,155.15674603174602,5
11,config_A,train,240000,0.15999999999999998,1417.9160824250462,133.97564102564104,5
11,config_A,train,250000,0.14666666666666664,1309.5523115852416,104.85877192982456,10
11,config_A,train,260000,0.15111111111111106,1212.3067042590208,110.70929487179487,5
11,config_A,train,270000,0.1644444444444444,1359.590307841901,137.4590909090909,5
11,config_A,train,280000,0.2577777777777778,1364.4535249467174,126.1385294117647,5
11,config_A,train,290000,0.24888888888888885,1548.6489145554103,109.04887106357694,5
11,config_A,train,300000,0.2533333333333333,1523.9865395361517,118.23025641025643,10
11,config_A,train,310000,0.20888888888888885,1433.6503309344923,110.13034188034189,5
11,config_A,train,320000,0.24888888888888885,1306.486220379797,78.0266106442577,5
11,config_A,train,330000,0.2577777777777778,1523.110939200774,103.38223443223441,5
11,config_A,train,340000,0.2799999999999999,1373.362065611324,71.8375816993464,5
11,config_A,train,350000,0.31555555555555553,1384.6771217803782,75.29630952380953,10
11,config_A,train,360000,0.3511111111111111,1404.3633430968987,81.60352805089647,5
11,config_A,train,370000,0.3333333333333333,1450.476171112368,73.71385964912281,5
11,config_A,train,380000,0.3688888888888889,1352.6351100633724,87.56730576441103,5
11,config_A,train,390000,0.28444444444444444,1470.622512881873,64.28603174603174,5
11,config_A,train,400000,0.3911111111111111,1318.7419034676248,89.3689440993789,10
11,config_A,train,410000,0.42666666666666664,1400.7572428013225,99.03973328461818,5
11,config_A,train,420000,0.3911111111111111,1378.8730202970958,99.62728105228105,5
11,config_A,train,430000,0.44000000000000006,1404.1060739791103,105.60837320574163,5
11,config_A,train,440000,0.4666666666666666,1252.3899507488177,74.8650505050505,5
11,config_A,train,450000,0.44000000000000006,1382.455936739654,105.63408871321914,10
11,config_A,train,460000,0.4311111111111111,1226.247505594869,80.70949714536671,5
11,config_A,train,470000,0.4533333333333333,1220.6135604578044,89.09714979757085,5
11,config_A,train,480000,0.48,1136.1984792365492,82.08493506493507,5
11,config_A,train,490000,0.4666666666666666,1206.4674384493208,66.83840054682159,5
11,config_A,train,500000,0.5911111111111111,1195.041934723118,61.09751082251082,10
11,config_A,train,510000,0.5333333333333333,1171.7261933051097,60.867037037037036,5
11,config_A,train,520000,0.5511111111111111,1069.1119645219871,62.967973156279,5
11,config_A,train,530000,0.6177777777777778,857.249416815794,60.72874725274725,5
11,config_A,train,540000,0.5555555555555556,981.7620866002719,54.214824508824506,5
11,config_A,train,550000,0.5955555555555556,858.3429454488921,53.10220790703549,10
11,config_A,train,560000,0.5777777777777777,836.4295273996497,59.96248506571087,5
11,config_A,train,570000,0.6444444444444445,808.271062301205,56.555702571937864,5
11,config_A,train,580000,0.6488888888888888,727.321803756736,55.701977299880525,5
11,config_A,train,590000,0.6888888888888889,739.9306911479719,64.21276046413978,5
11,config_A,train,600000,0.7022222222222222,737.9405761728888,56.38250717750718,10
11,config_A,train,610000,0.64,762.0282434296356,65.59451889367,5
11,config_A,train,620000,0.6888888888888889,702.8030837821095,57.93820105820106,5
11,config_A,train,630000,0.68,716.3818225483202,59.835915363769026,5
11,config_A,train,640000,0.7377777777777778,672.7084123005225,60.57978091203897,5
11,config_A,train,650000,0.7422222222222221,716.1529195083916,55.505730125730125,10
11,config_A,train,660000,0.7377777777777779,773.1101288771226,56.01170612850257,5
11,config_A,train,670000,0.7644444444444444,670.7129681608357,57.13053404448091,5
11,config_A,train,680000,0.76,664.8442424518869,60.03501315080263,5
11,config_A,train,690000,0.7288888888888889,789.1103365487376,54.008973949318786,5
11,config_A,train,700000,0.7244444444444444,772.6366935290832,54.13309190092548,10
11,config_A,train,710000,0.7022222222222222,755.3931629210256,54.74556097450834,5
11,config_A,train,720000,0.6933333333333334,818.9873276642829,61.21728316717556,5
11,config_A,train,730000,0.7422222222222222,867.6100264466386,74.23664815088964,5
11,config_A,train,740000,0.7422222222222222,801.0947402637934,58.27981502669718,5
11,config_A,train,750000,0.68,916.2133098520244,61.88478700627538,10
11,config_A,train,760000,0.7466666666666667,701.2940896998048,68.17215165688238,5
11,config_A,train,770000,0.7511111111111111,726.9608269553269,61.57294623974947,5
11,config_A,train,780000,0.7688888888888888,721.3799314726257,69.3199221949222,5
11,config_A,train,790000,0.7511111111111111,716.1520733295806,60.24512605042016,5
11,config_A,train,800000,0.8088888888888889,657.295766977988,66.40627106077218,10
11,config_A,train,810000,0.8088888888888889,621.4612813072006,63.958848230495086,5
11,config_A,train,820000,0.7955555555555556,714.38786196755,64.13458650958651,5
11,config_A,train,830000,0.7911111111111111,675.2211408269051,67.11190476190475,5
11,config_A,train,840000,0.7066666666666667,527.0770273127557,78.32629081141695,5
11,config_A,train,850000,0.6933333333333334,797.4582365839102,71.20750863645601,10
11,config_A,train,860000,0.6799999999999999,685.126230103958,68.20278503820704,5
11,config_A,train,870000,0.7333333333333333,787.8463196019339,66.06782302664655,5
11,config_A,train,880000,0.7333333333333334,698.4017101841897,68.86080712259154,5
11,config_A,train,890000,0.7333333333333334,661.8824669925482,54.45456497583043,5
11,config_A,train,900000,0.7733333333333332,556.0656405844829,60.11758043758043,10
11,config_A,train,910000,0.8088888888888889,515.8716949247562,65.37954376708772,5
11,config_A,train,920000,0.7955555555555556,496.3683382689543,62.973796330841466,5
11,config_A,train,930000,0.7733333333333333,529.8169445888116,65.92987301587301,5
11,config_A,train,940000,0.711111111111111,641.0022172868158,77.09249263087972,5
11,config_A,train,950000,0.7333333333333333,732.7998520159879,59.81226509376025,10
11,config_A,train,960000,0.8177777777777777,503.9716389246123,55.48233143981001,5
11,config_A,train,970000,0.7911111111111111,778.4308908822458,53.462739820565915,5
11,config_A,train,980000,0.8222222222222222,676.8122569648334,58.5151871639081,5
11,config_A,train,990000,0.7955555555555555,723.4585634355342,55.63822717822718,5
11,config_A,train,1000000,0.8844444444444445,425.17095356509674,48.82371031746032,10
11,config_A,train,1010000,0.8622222222222222,547.1579820227921,51.805093795093796,5
11,config_A,train,1020000,0.9155555555555555,405.1997178675927,50.48893939393939,5
11,config_A,train,1030000,0.928888888888889,441.9750857251191,48.9514619883041,5
11,config_A,train,1040000,0.9155555555555555,434.27507641126476,52.83532238120473,5
11,config_A,train,1050000,0.9466666666666667,347.54547045125474,51.91551125876707,10
11,config_A,train,1060000,0.9244444444444445,389.68522510398066,57.77653116531165,5
11,config_A,train,1070000,0.9333333333333333,334.79904603346677,53.30221014127991,5
11,config_A,train,1080000,0.9333333333333332,374.1679264828862,56.08681174681175,5
11,config_A,train,1090000,0.9377777777777778,263.47163941152843,48.15538839681778,5
11,config_A,train,1100000,0.9199999999999999,336.1106574104459,51.481769686420854,10
11,config_A,train,1110000,0.9288888888888888,368.11634052206136,56.735578432407706,5
11,config_A,train,1120000,0.928888888888889,320.29360401597694,47.47303617571059,5
11,config_A,train,1130000,0.9333333333333332,416.47059984602356,50.06811604416256,5
11,config_A,train,1140000,0.9377777777777778,375.12843104959853,48.05751468170073,5
11,config_A,train,1150000,0.9466666666666667,319.8804468360694,45.64898069316674,10
11,config_A,train,1160000,0.9511111111111111,291.17821232352236,45.257157622739015,5
11,config_A,train,1170000,0.9822222222222221,231.97877040346907,44.98861874559549,5
11,config_A,train,1180000,0.9377777777777776,364.77750984635804,45.339624819624824,5
11,config_A,train,1190000,0.9688888888888888,247.9193223770216,46.44284237726098,5
11,config_A,train,1200000,0.9688888888888888,246.80444618541588,46.394595431668606,10
11,config_A,train,1210000,0.9866666666666667,224.07228047097738,45.99301587301587,5
11,config_A,train,1220000,0.9955555555555555,233.46052219608993,49.54757575757576,5
11,config_A,train,1230000,0.9644444444444444,276.1411582333867,49.25121888195626,5
11,config_A,train,1240000,0.9288888888888888,300.8364564184011,48.313263403263406,5
11,config_A,train,1250000,0.9777777777777779,264.06209167043926,48.51745257452575,10
11,config_A,train,1260000,0.9377777777777776,231.18738059794106,46.489870129870134,5
11,config_A,train,1270000,0.9422222222222223,238.53845160548516,45.19396288466056,5
11,config_A,train,1280000,0.9333333333333332,300.11230326007694,46.00853323147441,5
11,config_A,train,1290000,0.9466666666666667,328.4085652981163,46.2108853238265,5
11,config_A,train,1300000,0.9244444444444444,382.1699925569395,46.01461659577939,10
11,config_A,train,1310000,0.9111111111111111,364.7593024112392,44.913646640826876,5
11,config_A,train,1320000,0.96,316.9880860388087,49.64592404885088,5
11,config_A,train,1330000,0.9377777777777776,346.0989500614739,47.59512265512266,5
11,config_A,train,1340000,0.9022222222222223,347.9397216123314,47.0228546193252,5
11,config_A,train,1350000,0.9422222222222221,373.53225756072715,48.3927926322044,10
11,config_A,train,1360000,0.9288888888888888,401.60091346080947,50.62371111940195,5
11,config_A,train,1370000,0.9333333333333332,370.408860095157,47.26716322892794,5
11,config_A,train,1380000,0.9644444444444444,363.8501658259596,49.90938330675173,5
11,config_A,train,1390000,0.9377777777777776,390.9514442193642,46.36545454545454,5
11,config_A,train,1400000,0.9022222222222223,539.6597555704384,51.958501963153125,10
11,config_A,train,1410000,0.8888888888888887,510.6579380710855,46.47837995337996,5
11,config_A,train,1420000,0.9066666666666666,442.7644783808536,47.6880116008023,5
11,config_A,train,1430000,0.9066666666666666,507.90396857951157,46.24061507936508,5
11,config_A,train,1440000,0.9244444444444444,499.1816980443579,51.04539248448476,5
11,config_A,train,1450000,0.9333333333333332,456.30074816618315,47.4477237491191,10
11,config_A,train,1460000,0.9555555555555555,360.1871046839318,45.83832650832651,5
11,config_A,train,1470000,0.9511111111111111,437.42845629741277,51.198837209302326,5
11,config_A,train,1480000,0.9333333333333332,409.39045853577835,47.159079025549616,5
11,config_A,train,1490000,0.9422222222222223,387.4853469073564,47.217655626027714,5
11,config_A,train,1500000,0.9333333333333332,390.78789929312813,45.90912786400591,10
11,config_A,train,1510000,0.9066666666666666,386.9923238675911,49.954902304902305,5
11,config_A,train,1520000,0.9022222222222223,414.6553808088135,44.29569025058189,5
11,config_A,train,1530000,0.9066666666666666,375.2861508525597,49.72000907884629,5
11,config_A,train,1540000,0.9466666666666667,377.85056999665676,45.778292224571295,5
11,config_A,train,1550000,0.9466666666666667,341.39779503421727,44.41406243452755,10
11,config_A,train,1560000,0.9422222222222223,386.93193348370465,47.87820184711249,5
11,config_A,train,1570000,0.9377777777777776,373.4267130134992,46.24241823823219,5
11,config_A,train,1580000,0.9111111111111111,407.1415906989769,44.61430252285194,5
11,config_A,train,1590000,0.9466666666666667,394.93890774647906,44.6551773549448,5
11,config_A,train,1600000,0.9111111111111111,368.06462120536435,45.374790340378574,10
11,config_A,train,1610000,0.9199999999999999,421.26672784723314,42.74981501057083,5
11,config_A,train,1620000,0.9155555555555555,536.9984470788282,46.53183864147856,5
11,config_A,train,1630000,0.9199999999999999,421.6013033436878,44.39567099567099,5
11,config_A,train,1640000,0.9288888888888888,387.77863383051147,45.1517871017871,5
11,config_A,train,1650000,0.9377777777777776,262.75455047654003,42.989552634228275,10
11,config_A,train,1660000,0.9066666666666666,326.8020492560315,42.66826236094529,5
11,config_A,train,1670000,0.9466666666666667,243.01009586671663,45.25837695012726,5
11,config_A,train,1680000,0.9555555555555555,237.55370075682418,43.2661020790516,5
11,config_A,train,1690000,0.9777777777777776,239.1812271820026,44.43004698144233,5
11,config_A,train,1700000,0.96,261.794510857648,47.934444444444445,10
11,config_A,train,1710000,0.96,257.4533038790715,43.01776299581178,5
11,config_A,train,1720000,0.9733333333333333,219.08601758070418,44.529494949494946,5
11,config_A,train,1730000,0.9733333333333333,189.75172620069316,43.215327695560255,5
11,config_A,train,1740000,0.9777777777777779,209.9514106963029,47.33003322259136,5
11,config_A,train,1750000,0.9733333333333333,198.988222686591,47.18988959361052,10
11,config_A,train,1760000,0.96,179.6946073942019,44.12633477633477,5
11,config_A,train,1770000,0.9777777777777776,202.23703327415075,44.99574314574314,5
11,config_A,train,1780000,0.9822222222222221,197.255919950195,44.87475922010806,5
11,config_A,train,1790000,0.9733333333333333,218.38529774119448,42.2209406355918,5
11,config_A,train,1800000,0.9822222222222221,193.50307111600506,45.91922480620155,10
11,config_A,train,1810000,0.9733333333333333,199.9526411750614,43.418095909258696,5
11,config_A,train,1820000,0.9866666666666667,181.60152089927448,42.852380952380955,5
11,config_A,train,1830000,0.9777777777777776,235.09458586594684,44.260540286586796,5
11,config_A,train,1840000,1.0,187.16707580878918,43.45777777777778,5
11,config_A,train,1850000,0.9866666666666666,202.0327893446387,43.33444444444444,10
11,config_A,train,1860000,0.9777777777777779,193.33512941066468,43.97944444444445,5
11,config_A,train,1870000,0.9688888888888888,206.6311583538587,42.41753582334978,5
11,config_A,train,1880000,0.9644444444444444,226.2213577571218,42.173851807107624,5
11,config_A,train,1890000,0.9822222222222223,214.53049941555705,43.26263565891473,5
11,config_A,train,1900000,0.9244444444444444,241.10631350368567,43.338787878787876,10
11,config_A,train,1910000,0.9466666666666667,213.97908552652052,43.699988116458705,5
11,config_A,train,1920000,0.9333333333333332,234.86840224269818,43.3720313020313,5
11,config_A,train,1930000,0.9733333333333334,187.61923762355394,42.071627906976744,5
11,config_A,train,1940000,0.9688888888888888,183.49289496709858,42.68360817477097,5
11,config_A,train,1950000,0.9555555555555555,195.238344984349,41.69016497714172,10
11,config_A,train,1960000,0.9688888888888888,196.7536534315315,42.638831168831175,5
11,config_A,train,1970000,0.9688888888888888,266.7019594748197,42.54688593249569,5
11,config_A,train,1980000,0.9644444444444445,228.71713811993686,41.57503478433711,5
11,config_A,train,1990000,0.9733333333333333,222.2591864421384,42.555668646598875,5
11,config_A,train,2000000,0.9822222222222221,212.49895171987706,44.11214940098661,10
11,config_A,train,2010000,0.9822222222222221,230.80816516388558,41.9288455988456,5
11,config_A,train,2020000,0.9911111111111112,217.67662524314227,43.00981912144703,5
11,config_A,train,2030000,0.9955555555555555,224.1183106251809,44.99353535353536,5
11,config_A,train,2040000,0.9644444444444445,290.47489763855845,46.030117854666926,5
11,config_A,train,2050000,0.9777777777777779,232.60280677341242,43.41190194629219,10
11,config_A,train,2060000,0.9822222222222221,224.8118886487332,46.01194805194805,5
11,config_A,train,2070000,0.9644444444444444,227.93351241666983,42.422261640798226,5
11,config_A,train,2080000,0.9466666666666667,201.4426043056234,43.53731246096817,5
11,config_A,train,2090000,0.9422222222222223,212.0983390680217,43.58472877220466,5
11,config_A,train,2100000,0.9688888888888888,217.4411857089944,43.143908856001886,10
11,config_A,train,2110000,0.9733333333333334,273.06607039700896,48.46294573643411,5
11,config_A,train,2120000,0.9155555555555555,286.2603914277838,46.961200506810265,5
11,config_A,train,2130000,0.9555555555555555,226.69571710345537,44.210960827790096,5
11,config_A,train,2140000,0.9644444444444445,257.6073128140559,47.46026596079914,5
11,config_A,train,2150000,0.9511111111111111,225.839723771124,43.271031746031746,10
11,config_A,train,2160000,0.9555555555555555,218.55661792800387,46.56688311688312,5
11,config_A,train,2170000,0.9688888888888888,222.3151622715587,44.56010101010101,5
11,config_A,train,2180000,0.96,211.71670511531164,44.271901790778706,5
11,config_A,train,2190000,0.9466666666666667,237.75340841391417,47.150887973814804,5
11,config_A,train,2200000,0.9466666666666667,252.38128232622734,45.633162393162394,10
11,config_A,train,2210000,0.9466666666666667,246.44215256984467,44.259692443436066,5
11,config_A,train,2220000,0.9733333333333333,265.85635753558427,46.744904862579276,5
11,config_A,train,2230000,0.9466666666666667,283.7846655599857,41.70961054103142,5
11,config_A,train,2240000,0.9688888888888888,261.47060574046475,45.22321789321789,5
11,config_A,train,2250000,0.9466666666666667,253.69689995682205,44.33442702284166,10
11,config_A,train,2260000,0.9244444444444444,211.30776453044194,42.94551826551826,5
11,config_A,train,2270000,0.9688888888888888,210.8005369082145,43.882406824913915,5
11,config_A,train,2280000,0.9822222222222221,203.99707273243752,41.4479516091144,5
11,config_A,train,2290000,0.9777777777777776,207.02773499673367,44.093732004429675,5
11,config_A,train,2300000,0.9688888888888888,269.51355871353485,45.39964998825464,10
11,config_A,train,2310000,0.9822222222222223,215.2189801352684,41.660878552971575,5
11,config_A,train,2320000,0.9911111111111112,214.33865773523135,43.35363636363636,5
11,config_A,train,2330000,0.9822222222222221,222.91220406163114,42.90877344877345,5
11,config_A,train,2340000,0.9777777777777776,234.65043883831868,43.42016242155777,5
11,config_A,train,2350000,0.9466666666666667,271.91275266249926,43.074101479915434,10
11,config_A,train,2360000,0.96,215.91163203413407,44.56642915642915,5
11,config_A,train,2370000,0.9555555555555555,255.92336583745782,41.229235209235206,5
11,config_A,train,2380000,0.9466666666666667,238.5720173260194,43.32539269201209,5
11,config_A,train,2390000,0.9333333333333332,243.16313863294863,42.940610500610504,5
11,config_A,train,2400000,0.9688888888888888,230.25648179522437,45.23271754085708,10
11,config_A,train,2410000,0.9422222222222221,236.9540277598594,43.92409090909091,5
11,config_A,train,2420000,0.9377777777777778,237.95457356289882,43.825953503860475,5
11,config_A,train,2430000,0.9733333333333333,216.85370820172324,45.05605758582503,5
11,config_A,train,2440000,0.96,242.47740127211608,43.77772727272727,5
11,config_A,train,2450000,0.9777777777777776,183.7818674060181,41.395800865800865,10
11,config_A,train,2460000,0.9822222222222221,207.81616412865014,41.80181818181818,5
11,config_A,train,2470000,0.9911111111111112,188.2942610051291,43.72949494949495,5
11,config_A,train,2480000,0.9733333333333333,228.31515453033163,44.614756199872474,5
11,config_A,train,2490000,0.9733333333333333,260.7155566938116,44.95785661492979,5
11,config_A,train,2500000,0.9733333333333333,227.2445548200269,43.55929292929293,10
11,config_A,train,2510000,0.9644444444444444,224.52620454061216,43.37443001443002,5
11,config_A,train,2520000,0.9377777777777778,232.71411073363242,47.429029162052416,5
11,config_A,train,2530000,0.9555555555555555,206.69719576274014,44.18284483273706,5
11,config_A,train,2540000,0.96,248.52662665256761,47.20216450216451,5
11,config_A,train,2550000,0.9333333333333332,242.66628336548342,43.60108560689956,10
11,config_A,train,2560000,0.9244444444444444,242.23815502876408,45.04238565052519,5
11,config_A,train,2570000,0.9466666666666667,232.99092354482212,45.782511899904804,5
11,config_A,train,2580000,0.96,201.25712162586294,45.96968058968059,5
11,config_A,train,2590000,0.9466666666666667,202.30096766762227,43.03361738059412,5
11,config_A,train,2600000,0.9555555555555555,205.89592147368177,46.29023617209664,10
11,config_A,train,2610000,0.9511111111111111,199.77427761412218,43.3346511627907,5
11,config_A,train,2620000,0.9377777777777778,208.89782143126718,47.10721869861405,5
11,config_A,train,2630000,0.9066666666666666,183.95886006140782,44.28667198298777,5
11,config_A,train,2640000,0.9333333333333332,193.45534882548822,46.0939545938178,5
11,config_A,train,2650000,0.9244444444444444,180.4851019533212,43.05759455015269,10
11,config_A,train,2660000,0.9111111111111111,263.94493329021435,43.458156565656566,5
11,config_A,train,2670000,0.9199999999999999,203.00829974785705,42.95709380389259,5
11,config_A,train,2680000,0.9022222222222223,218.0496812776877,44.55174211486564,5
11,config_A,train,2690000,0.9066666666666666,282.3472401261802,44.77935140882509,5
11,config_A,train,2700000,0.9066666666666666,331.6787910324502,46.63308233367057,10
11,config_A,train,2710000,0.9111111111111111,315.94884521643684,44.45766233766234,5
11,config_A,train,2720000,0.9333333333333332,255.94155938616444,46.65559732664995,5
11,config_A,train,2730000,0.9288888888888888,274.66806071767746,43.952222222222225,5
11,config_A,train,2740000,0.9377777777777776,238.0630034933975,43.215138327696465,5
11,config_A,train,2750000,0.9288888888888888,300.76473534105946,44.29317469012695,10
11,config_A,train,2760000,0.9244444444444444,271.78677983777345,42.80669774669774,5
11,config_A,train,2770000,0.9066666666666666,283.873849900374,41.95154272084504,5
11,config_A,train,2780000,0.9333333333333332,236.91102417518596,42.81163581964072,5
11,config_A,train,2790000,0.96,184.31752035927065,45.402692560480425,5
11,config_A,train,2800000,0.9555555555555555,192.47742124287544,42.19705475810739,10
11,config_A,train,2810000,0.9377777777777778,174.19081717067183,43.69807900110226,5
11,config_A,train,2820000,0.96,185.75813296061597,45.13786631972679,5
11,config_A,train,2830000,0.9644444444444444,176.9623245146974,44.42929292929293,5
11,config_A,train,2840000,0.9688888888888888,176.56851315572453,42.33278166278166,5
11,config_A,train,2850000,0.9511111111111111,193.27554059374816,42.83294483294484,10
11,config_A,train,2860000,0.9688888888888888,182.18841397397864,42.83267676767677,5
11,config_A,train,2870000,0.9644444444444444,184.3901749246876,43.29525940058555,5
11,config_A,train,2880000,0.9644444444444444,183.53582636790583,42.57157894736842,5
11,config_A,train,2890000,0.9688888888888888,185.55305082240884,42.995563325563324,5
11,config_A,train,2900000,0.9644444444444444,192.12972908327782,43.301501501501505,10
11,config_A,train,2910000,0.9511111111111111,183.01485446342252,43.37148646810825,5
11,config_A,train,2920000,0.9466666666666667,183.88898398291403,43.54619066142815,5
11,config_A,train,2930000,0.9511111111111111,179.0605615276155,42.463514211886306,5
11,config_A,train,2940000,0.9466666666666667,204.2559459120089,44.127888184167254,5
11,config_A,train,2950000,0.9555555555555555,184.2579866037977,44.83520884520884,10
11,config_A,train,2960000,0.9555555555555555,189.44602010654103,42.824309024309024,5
11,config_A,train,2970000,0.9511111111111111,182.71075379118952,42.10093527446902,5
11,config_A,train,2980000,0.9466666666666665,192.8956428541561,42.152171717171726,5
11,config_A,train,2990000,0.96,191.9508722539681,41.665931768489905,5
11,config_A,train,3000000,0.9555555555555555,182.44903997785048,41.717869638861075,10
11,config_A,train,3010000,0.9511111111111109,198.90711470754883,42.387876057876056,5
11,config_A,train,3020000,0.9466666666666667,195.44706558186763,43.13384543105473,5
11,config_A,train,3030000,0.9377777777777778,205.12566310308998,44.07015767430401,5
11,config_A,train,3040000,0.9377777777777776,196.30632982124052,42.004393939393935,5
11,config_A,train,3050000,0.9422222222222223,203.7758745418011,42.52675990675991,10
11,config_A,train,3060000,0.9333333333333333,211.65955085049117,43.495817091924806,5
11,config_A,train,3070000,0.9155555555555555,222.38056970296967,43.27083600474053,5
11,config_A,train,3080000,0.9511111111111111,219.56517311932993,43.053537627683966,5
11,config_A,train,3090000,0.9511111111111111,203.95177761879825,42.453311202601284,5
11,config_A,train,3100000,0.9511111111111111,210.97515942694022,43.011575732848684,10
11,config_A,train,3110000,0.96,207.41953845590257,42.21325924721273,5
11,config_A,train,3120000,0.9644444444444444,196.75396122494857,43.757948717948715,5
11,config_A,train,3130000,0.9511111111111111,197.0256299111573,44.4930303030303,5
11,config_A,train,3140000,0.9422222222222221,187.70885760914334,44.06982683982684,5
11,config_A,train,3150000,0.9288888888888888,198.70259018590122,44.718871353419416,10
11,config_A,train,3160000,0.9111111111111111,184.38269781170828,44.39002145002145,5
11,config_A,train,3170000,0.9155555555555555,200.0151902715164,44.432287996241485,5
11,config_A,train,3180000,0.9466666666666665,206.42799610228843,45.45292344292344,5
11,config_A,train,3190000,0.9288888888888888,207.5912608022532,43.33575987948081,5
11,config_A,train,3200000,0.9288888888888888,191.92843436825245,44.86519656019656,10
11,config_A,train,3210000,0.9022222222222223,213.8308183070389,43.59638100917171,5
11,config_A,train,3220000,0.9466666666666667,211.4986141619268,43.90165235002444,5
11,config_A,train,3230000,0.9377777777777776,220.37717961775024,44.85600822810125,5
11,config_A,train,3240000,0.9466666666666667,219.97448199776872,44.208325111580926,5
11,config_A,train,3250000,0.9466666666666665,211.23620935161225,44.83690817953976,10
11,config_A,train,3260000,0.9466666666666667,219.1118893177275,44.831319675156884,5
11,config_A,train,3270000,0.9422222222222221,222.91470628524718,43.05886306675781,5
11,config_A,train,3280000,0.9244444444444444,188.078225069785,43.89962211730877,5
11,config_A,train,3290000,0.9511111111111111,192.92353098985387,42.951025369978865,5
11,config_A,train,3300000,0.9377777777777778,168.88112120272638,41.49577399061517,10
11,config_A,train,3310000,0.9422222222222221,169.92461363452617,42.536795865633074,5
11,config_A,train,3320000,0.9022222222222223,199.09802773611162,43.731973344213245,5
11,config_A,train,3330000,0.9111111111111111,172.71577747240357,41.962251185507,5
11,config_A,train,3340000,0.9244444444444444,202.94766948263916,40.9099582289056,5
11,config_A,train,3350000,0.9422222222222223,175.7961611457925,42.19122359021128,10
11,config_A,train,3360000,0.9422222222222223,177.55308921698827,41.1411077552938,5
11,config_A,train,3370000,0.9422222222222223,170.63829297127904,41.02884526326387,5
11,config_A,train,3380000,0.9511111111111111,171.6783425993625,41.053322700691126,5
11,config_A,train,3390000,0.9466666666666667,168.0291078265218,42.254827510437266,5
11,config_A,train,3400000,0.9111111111111111,193.95661735465308,44.496402427797776,10
11,config_A,train,3410000,0.9066666666666666,184.9834807583668,41.425252860834256,5
11,config_A,train,3420000,0.9155555555555555,189.88998079898053,41.569855275443516,5
11,config_A,train,3430000,0.9288888888888888,185.40800134359424,43.16141414141414,5
11,config_A,train,3440000,0.9288888888888888,195.2037852250495,42.09339675828048,5
11,config_A,train,3450000,0.9288888888888888,204.48829776318962,41.35674888419074,10
11,config_A,train,3460000,0.9111111111111111,192.5405516894021,42.78140170722791,5
11,config_A,train,3470000,0.9288888888888888,207.52413002685566,42.64697172586699,5
11,config_A,train,3480000,0.9511111111111111,167.8082766110604,42.27164502164503,5
11,config_A,train,3490000,0.9466666666666665,179.3736543565814,41.769797979797985,5
11,config_A,train,3500000,0.9422222222222221,209.72799353108013,41.757113997114,10
11,config_A,train,3510000,0.9688888888888888,179.04771151174432,44.122136752136754,5
11,config_A,train,3520000,0.9644444444444444,212.40376199102934,41.31545454545454,5
11,config_A,train,3530000,0.96,197.25562480494074,41.89127060074428,5
11,config_A,train,3540000,0.9644444444444444,191.36689782030192,41.30068048910154,5
11,config_A,train,3550000,0.9466666666666667,187.67718377117907,43.014129605292396,10
11,config_A,train,3560000,0.96,212.96829760900314,43.3725286857845,5
11,config_A,train,3570000,0.9688888888888888,177.70058686354724,42.223535353535354,5
11,config_A,train,3580000,0.968888888888889,179.5973906119692,43.07228070175439,5
11,config_A,train,3590000,0.96,204.17087433126565,43.002858312858315,5
11,config_A,train,3600000,0.9555555555555555,197.31827855008228,41.676445536445534,10
11,config_A,train,3610000,0.9511111111111109,190.6106438563167,40.932896532896535,5
11,config_A,train,3620000,0.9333333333333332,209.47837669654027,41.24975035440152,5
11,config_A,train,3630000,0.9511111111111109,222.16541947579202,41.86249795249795,5
11,config_A,train,3640000,0.9555555555555554,192.06520934066145,41.92538543328017,5
11,config_A,train,3650000,0.9555555555555555,185.29116502122542,41.99808080808081,10
11,config_A,train,3660000,0.9733333333333334,179.43934299202584,42.68239316239316,5
11,config_A,train,3670000,0.9777777777777779,178.695755833627,42.208346883468835,5
11,config_A,train,3680000,0.9644444444444444,197.61976882505616,41.66520999468368,5
11,config_A,train,3690000,0.9777777777777779,199.25846583561673,43.656666666666666,5
11,config_A,train,3700000,0.9733333333333333,208.33213519354703,45.03818181818182,10
11,config_A,train,3710000,0.9688888888888888,212.4210016832586,44.4344055944056,5
11,config_A,train,3720000,0.9555555555555555,175.73626363494205,41.732664995822894,5
11,config_A,train,3730000,0.9511111111111111,214.50973492382772,42.96669738530204,5
11,config_A,train,3740000,0.9377777777777776,210.59397440978682,44.554474969474974,5
11,config_A,train,3750000,0.9733333333333334,168.67610166277507,40.67038759689923,10
11,config_A,train,3760000,0.9822222222222221,204.07350913372915,42.47614752172892,5
11,config_A,train,3770000,0.9688888888888888,210.05484078900463,42.96586798214705,5
11,config_A,train,3780000,0.9466666666666665,170.66583984165308,41.37904761904762,5
11,config_A,train,3790000,0.9644444444444444,176.02267616640717,41.900837292788516,5
11,config_A,train,3800000,0.96,202.95081620076627,42.06619786717348,10
11,config_A,train,3810000,0.9733333333333334,174.76415352946455,41.34343480178988,5
11,config_A,train,3820000,0.9644444444444444,180.4549396021024,41.44015873015873,5
11,config_A,train,3830000,0.9466666666666667,189.94948723900507,42.79545798312106,5
11,config_A,train,3840000,0.9511111111111111,206.20005171959141,44.39848570790148,5
11,config_A,train,3850000,0.9644444444444444,172.1838376486158,41.31724621631598,10
11,config_A,train,3860000,0.9422222222222223,270.5757950750718,43.6586914440573,5
11,config_A,train,3870000,0.9422222222222223,264.60363154071854,43.612660802989794,5
11,config_A,train,3880000,0.96,222.09330503227147,41.78776804590758,5
11,config_A,train,3890000,0.9555555555555555,192.4257138637186,41.76705929729185,5
11,config_A,train,3900000,0.9377777777777778,220.4592481940229,43.11567864883654,10
11,config_A,train,3910000,0.9377777777777776,195.41934722003026,42.532344682344686,5
11,config_A,train,3920000,0.9377777777777776,212.05428016112518,43.33841448229453,5
11,config_A,train,3930000,0.928888888888889,250.35263953778343,41.507683184654255,5
11,config_A,train,3940000,0.9422222222222221,224.8071909715383,42.04520014868852,5
11,config_A,train,3950000,0.9688888888888888,196.37604666852732,42.18045107914081,10
11,config_A,train,3960000,0.96,214.80686671119847,42.0540506597455,5
11,config_A,train,3970000,0.9466666666666667,227.16103986420194,42.18316722037652,5
11,config_A,train,3980000,0.9466666666666667,249.18440379585726,42.39147286821706,5
11,config_A,train,3990000,0.96,204.09369389325633,42.14898654317259,5
11,config_A,train,4000000,0.96,235.73844522759265,42.671837645558576,10
11,config_A,train,4010000,0.9733333333333333,206.77314240996148,42.33923890063425,5
11,config_A,train,4020000,0.96,205.28657112557025,42.19529849994966,5
11,config_A,train,4030000,0.9777777777777776,203.25866857375695,42.1368569415081,5
11,config_A,train,4040000,0.9644444444444444,232.54429685651795,43.705113127875464,5
11,config_A,train,4050000,0.9777777777777776,198.10444387420395,45.225062250411085,10
11,config_A,train,4060000,0.9733333333333333,184.4214579397451,42.01630323165207,5
11,config_A,train,4070000,0.9733333333333333,201.4490965558458,41.574531024531026,5
11,config_A,train,4080000,0.96,209.05802312348277,44.44150793650793,5
11,config_A,train,4090000,0.9733333333333333,185.64564429668812,42.397026361172706,5
11,config_A,train,4100000,0.9822222222222221,195.45415920230568,43.00806671364811,10
11,config_A,train,4110000,0.9733333333333333,208.30448341959723,42.95887445887446,5
11,config_A,train,4120000,0.9555555555555555,205.37740328436402,42.2445412311266,5
11,config_A,train,4130000,0.9688888888888888,188.69171579069547,42.27177958991913,5
11,config_A,train,4140000,0.9644444444444444,190.35633726629584,43.67452433745117,5
11,config_A,train,4150000,0.9688888888888888,191.1020530303444,43.63671699574139,10
11,config_A,train,4160000,0.96,195.18724180226624,43.29167528948017,5
11,config_A,train,4170000,0.9422222222222223,222.86960889119936,43.650797448165875,5
11,config_A,train,4180000,0.9288888888888888,197.64053755598206,42.32590909090909,5
11,config_A,train,4190000,0.9466666666666667,244.61331033068822,44.307593990430064,5
11,config_A,train,4200000,0.9022222222222223,214.06572262322865,43.805356151843895,10
11,config_A,train,4210000,0.9511111111111111,203.05707461526018,45.00563175716324,5
11,config_A,train,4220000,0.9333333333333333,196.19927042656295,42.3952880830646,5
11,config_A,train,4230000,0.9466666666666667,203.0564187260165,42.30501184452404,5
11,config_A,train,4240000,0.9244444444444444,219.13025941032635,42.37160657021689,5
11,config_A,train,4250000,0.9555555555555555,176.27830688060038,42.35985882649524,10
11,config_A,train,4260000,0.9511111111111111,181.41882174820302,41.675139913027046,5
11,config_A,train,4270000,0.9555555555555555,179.2411599122116,44.89987773366106,5
11,config_A,train,4280000,0.9555555555555555,190.09793038742163,42.0641201660884,5
11,config_A,train,4290000,0.9688888888888888,184.6290984360876,41.71429913755495,5
11,config_A,train,4300000,0.9733333333333334,177.68061535773612,40.97889960294952,10
11,config_A,train,4310000,0.96,174.37620497816877,41.24724386724387,5
11,config_A,train,4320000,0.96,231.35287014640343,42.30431289640592,5
11,config_A,train,4330000,0.9555555555555555,193.4179631843869,40.877704832906794,5
11,config_A,train,4340000,0.96,216.3098730294952,41.443325590398764,5
11,config_A,train,4350000,0.96,189.48746202309428,43.57965667407528,10
11,config_A,train,4360000,0.96,174.2848793211428,41.109383306751724,5
11,config_A,train,4370000,0.9688888888888888,205.1548429259069,42.49545454545454,5
11,config_A,train,4380000,0.9422222222222223,221.45662560785672,43.425303196766606,5
11,config_A,train,4390000,0.9244444444444444,191.87231019142058,41.68957246887479,5
11,config_A,train,4400000,0.9111111111111111,174.17954612914457,41.22938478611293,10
11,config_A,train,4410000,0.9244444444444444,201.46825194948696,41.76314574314574,5
11,config_A,train,4420000,0.9555555555555554,170.95984696477876,40.859675704412545,5
11,config_A,train,4430000,0.9466666666666667,207.17374182678122,42.064879149762874,5
11,config_A,train,4440000,0.9377777777777776,198.83965347262978,42.7091502540707,5
11,config_A,train,4450000,0.9422222222222223,202.49322939881608,44.93881408948728,10
11,config_A,train,4460000,0.9244444444444445,232.94466922478932,42.86156651063061,5
11,config_A,train,4470000,0.9333333333333332,206.7347381854107,44.36276340505779,5
11,config_A,train,4480000,0.9244444444444445,266.9347536172968,43.626904315196995,5
11,config_A,train,4490000,0.96,205.97324363180792,42.96243489919043,5
11,config_A,train,4500000,0.9511111111111109,216.79902059855658,42.52064935064935,10
11,config_A,train,4510000,0.9422222222222223,204.71830289024916,42.718033875118394,5
11,config_A,train,4520000,0.96,183.53324890419916,43.47663883919698,5
11,config_A,train,4530000,0.9555555555555555,185.2323696619713,43.857270625471365,5
11,config_A,train,4540000,0.96,194.69381161788738,43.23117663117663,5
11,config_A,train,4550000,0.9511111111111111,181.04245098883413,42.94389228886169,10
11,config_A,train,4560000,0.9288888888888888,258.20929076815787,44.14893673577884,5
11,config_A,train,4570000,0.9244444444444444,255.68915882542547,45.87939640305494,5
11,config_A,train,4580000,0.9155555555555555,224.59482778276325,44.51435346496322,5
11,config_A,train,4590000,0.9155555555555555,232.25371651005167,45.51616605616606,5
11,config_A,train,4600000,0.9199999999999999,316.8174625356838,46.17448806573627,10
11,config_A,train,4610000,0.9111111111111111,316.92794180112014,45.75445944638018,5
11,config_A,train,4620000,0.9200000000000002,370.0298065632295,49.398975117023895,5
11,config_A,train,4630000,0.9155555555555555,306.1753619780681,48.750110291800596,5
11,config_A,train,4640000,0.9288888888888888,268.3421464229759,46.452383301453075,5
11,config_A,train,4650000,0.9377777777777778,303.78139770481454,51.23972800691462,10
11,config_A,train,4660000,0.9511111111111111,264.7798404154268,49.50956055572335,5
11,config_A,train,4670000,0.9466666666666665,212.5729942555925,44.17328601630927,5
11,config_A,train,4680000,0.9733333333333333,196.33318922838578,46.6090180878553,5
11,config_A,train,4690000,0.9688888888888888,230.80166362657172,45.53446088794926,5
11,config_A,train,4700000,0.9866666666666666,234.75706346169846,46.74111111111111,10
11,config_A,train,4710000,0.9688888888888888,248.61526309031424,44.85708245243129,5
11,config_A,train,4720000,0.9866666666666666,240.04494863304376,46.34929292929293,5
11,config_A,train,4730000,0.9777777777777776,254.77051683475437,45.881844021611464,5
11,config_A,train,4740000,0.9866666666666667,216.7615022699627,47.68613342729622,5
11,config_A,train,4750000,0.9688888888888888,201.24983181489281,44.272044028323094,10
11,config_A,train,4760000,0.9555555555555555,217.06574676767877,44.422441086990155,5
11,config_A,train,4770000,0.96,181.44940897399798,43.35663217541266,5
11,config_A,train,4780000,0.9155555555555555,195.85659583304678,49.85725931482871,5
11,config_A,train,4790000,0.9466666666666667,189.43955825947006,48.05315454989873,5
11,config_A,train,4800000,0.9199999999999999,194.3222350851998,45.24661616161616,10
11,config_A,train,4810000,0.9377777777777776,207.62833659180473,49.667293007293004,5
11,config_A,train,4820000,0.9333333333333333,227.6318504504173,47.58134478881501,5
11,config_A,train,4830000,0.9288888888888888,207.564984460474,45.92762968026126,5
11,config_A,train,4840000,0.9511111111111111,216.74545152920982,47.42651372970834,5
11,config_A,train,4850000,0.9466666666666667,178.27162077031073,45.644927487852826,10
11,config_A,train,4860000,0.9377777777777776,180.48246297375908,42.6210787954974,5
11,config_A,train,4870000,0.9377777777777776,195.81575711748354,42.59583159420369,5
11,config_A,train,4880000,0.928888888888889,193.35775168774677,43.59848769209846,5
11,config_A,train,4890000,0.9333333333333333,197.53985679888552,42.56149362893549,5
11,config_A,train,4900000,0.9244444444444445,189.61107100714796,45.17663671373556,10
11,config_A,train,4910000,0.9199999999999999,175.98472871419037,42.872215691285454,5
11,config_A,train,4920000,0.9333333333333332,221.4304809743465,43.49729766357673,5
11,config_A,train,4930000,0.9422222222222221,204.8131711798158,47.236544076078964,5
11,config_A,train,4940000,0.9511111111111111,203.63919638429053,44.58530275925625,5
11,config_A,train,4950000,0.9555555555555555,214.2739164060693,45.393816194519545,10
11,config_A,train,4960000,0.9644444444444444,201.02748559762716,45.8277466977467,5
11,config_A,train,4970000,0.9511111111111109,204.22749102335848,45.98203463203463,5
11,config_A,train,4980000,0.96,183.71751890771012,42.54631365924049,5
11,config_A,train,4990000,0.96,176.04385298037946,42.48520739360218,5
11,config_A,train,5000000,0.9511111111111111,190.009625493159,41.90854122621565,5
11,config_B,test,10000,0.04,38.88978187307829,397.0,5
11,config_B,test,20000,0.0,33.05882088582523,,5
11,config_B,test,30000,0.0,43.55390631370627,,5
11,config_B,test,40000,0.0,49.955175608215164,,5
11,config_B,test,50000,0.0,158.0261039079699,,10
11,config_B,test,60000,0.0,249.2016038446242,,5
11,config_B,test,70000,0.0,128.39041646803537,,5
11,config_B,test,80000,0.0,129.7011450204639,,5
11,config_B,test,90000,0.0,218.69212461521357,,5
11,config_B,test,100000,0.0,207.23153316051972,,10
11,config_B,test,110000,0.0,282.43248122558913,,5
11,config_B,test,120000,0.08,237.98096091169995,153.0,5
11,config_B,test,130000,0.04,600.5008115653452,58.0,5
11,config_B,test,140000,0.0,305.9834285025384,,5
11,config_B,test,150000,0.0,395.37209384787644,,10
11,config_B,test,160000,0.0,279.1385866456079,,5
11,config_B,test,170000,0.0,502.14071702311156,,5
11,config_B,test,180000,0.0,493.46180509397163,,5
11,config_B,test,190000,0.0,767.0292835711695,,5
11,config_B,test,200000,0.0,762.6016227946656,,10
11,config_B,test,210000,0.0,799.9400235880945,,5
11,config_B,test,220000,0.0,775.1369864155215,,5
11,config_B,test,230000,0.04,984.4411364357666,86.0,5
11,config_B,test,240000,0.04,949.7241062480498,436.0,5
11,config_B,test,250000,0.08,1181.3367089416226,82.5,10
11,config_B,test,260000,0.08,1061.426359806644,73.5,5
11,config_B,test,270000,0.04,1172.4804958479795,43.0,5
11,config_B,test,280000,0.12000000000000002,1108.7984573861556,47.333333333333336,5
11,config_B,test,290000,0.12000000000000002,1038.8562720846232,45.666666666666664,5
11,config_B,test,300000,0.08,1003.6215777713069,52.0,10
11,config_B,test,310000,0.16,1077.0879142210508,77.66666666666667,5
11,config_B,test,320000,0.28,1056.3077782408368,151.41666666666666,5
11,config_B,test,330000,0.16,1258.1591832400718,86.16666666666666,5
11,config_B,test,340000,0.24,1148.5164826778869,72.75,5
11,config_B,test,350000,0.16,1287.719869850544,91.25,10
11,config_B,test,360000,0.44000000000000006,1013.7233773301061,128.1875,5
11,config_B,test,370000,0.32,1304.05424106383,70.45833333333333,5
11,config_B,test,380000,0.24000000000000005,1146.5432946167666,125.0,5
11,config_B,test,390000,0.2,1204.9538263209834,41.5,5
11,config_B,test,400000,0.2,1337.0171272124041,43.0,10
11,config_B,test,410000,0.2,1590.1425478494384,43.5,5
11,config_B,test,420000,0.32,1488.6663866273295,38.38888888888889,5
11,config_B,test,430000,0.27999999999999997,1360.550783264048,43.44444444444445,5
11,config_B,test,440000,0.36,1379.7245124330855,85.27777777777779,5
11,config_B,test,450000,0.4,1239.019785479001,80.5,10
11,config_B,test,460000,0.44000000000000006,1298.5010679139164,70.95833333333334,5
11,config_B,test,470000,0.4,1229.5924396779722,47.270833333333336,5
11,config_B,test,480000,0.36,1388.0287262215647,44.208333333333336,5
11,config_B,test,490000,0.36,1631.8616190287999,68.29166666666666,5
11,config_B,test,500000,0.36,1701.5993144501776,43.166666666666664,10
11,config_B,test,510000,0.4,1639.9916453137153,69.89583333333334,5
11,config_B,test,520000,0.36,1706.8328492973565,102.1111111111111,5
11,config_B,test,530000,0.32,1903.0608621006027,54.61111111111111,5
11,config_B,test,540000,0.32,1768.8669387026832,53.916666666666664,5
11,config_B,test,550000,0.48,1472.154395946647,56.0,10
11,config_B,test,560000,0.48,1403.4304594531727,43.5,5
11,config_B,test,570000,0.56,1236.8122748602468,56.23333333333333,5
11,config_B,test,580000,0.36,1702.8750747537767,64.13333333333333,5
11,config_B,test,590000,0.4,1692.238701591558,69.88333333333334,5
11,config_B,test,600000,0.44000000000000006,1609.0803127055347,55.83333333333333,10
11,config_B,test,610000,0.44000000000000006,1442.3540421905002,57.483333333333334,5
11,config_B,test,620000,0.4,1625.6970088395233,63.4,5
11,config_B,test,630000,0.4,1523.3647972524934,44.85,5
11,config_B,test,640000,0.32,1843.4107601658234,55.375,5
11,config_B,test,650000,0.4,1751.0428145213973,51.35416666666667,10
11,config_B,test,660000,0.24,2178.756180402992,93.66666666666667,5
11,config_B,test,670000,0.32,1768.5034133725098,54.22222222222222,5
11,config_B,test,680000,0.27999999999999997,1822.405425436936,57.5,5
11,config_B,test,690000,0.36,1650.8867326447246,49.08333333333333,5
11,config_B,test,700000,0.44000000000000006,1657.012786891768,81.6,10
11,config_B,test,710000,0.44000000000000006,1400.7832767580962,43.45833333333333,5
11,config_B,test,720000,0.5599999999999999,976.7841707013016,45.229166666666664,5
11,config_B,test,730000,0.52,1478.6800017502203,49.65833333333333,5
11,config_B,test,740000,0.32,2145.7528447399827,42.25,5
11,config_B,test,750000,0.44000000000000006,1715.9285452446252,50.7,10
11,config_B,test,760000,0.4,1874.7684107759735,45.125,5
11,config_B,test,770000,0.4,2060.1647897236185,46.91666666666667,5
11,config_B,test,780000,0.48,1890.9607977939766,60.68333333333332,5
11,config_B,test,790000,0.52,1543.3803412487348,48.94666666666667,5
11,config_B,test,800000,0.4,2138.2537406262704,127.73333333333332,10
11,config_B,test,810000,0.44000000000000006,1799.1104585929613,53.3,5
11,config_B,test,820000,0.4,1818.9457851410539,52.888888888888886,5
11,config_B,test,830000,0.4800000000000001,1389.0034484990595,70.2,5
11,config_B,test,840000,0.44000000000000006,1531.6890416475123,47.05,5
11,config_B,test,850000,0.48,1396.6168551864828,45.54,10
11,config_B,test,860000,0.52,1661.6862680821553,69.36666666666667,5
11,config_B,test,870000,0.52,1542.0658066520577,54.8,5
11,config_B,test,880000,0.44000000000000006,1709.8239713673654,51.1,5
11,config_B,test,890000,0.48,1649.9765144079374,56.46666666666667,5
11,config_B,test,900000,0.52,1624.269945541782,51.06666666666667,10
11,config_B,test,910000,0.5599999999999999,1652.7677234237722,47.59333333333333,5
11,config_B,test,920000,0.76,973.600452408484,53.21333333333333,5
11,config_B,test,930000,0.64,1365.0322669225366,48.3,5
11,config_B,test,940000,0.6,1514.68945917874,49.03333333333333,5
11,config_B,test,950000,0.6,1478.053947635843,42.61666666666666,10
11,config_B,test,960000,0.6,1528.0310180736788,72.66666666666666,5
11,config_B,test,970000,0.64,1175.5288305394392,56.6,5
11,config_B,test,980000,0.52,1768.6389082238863,51.83333333333333,5
11,config_B,test,990000,0.64,1412.6145688184106,48.65,5
11,config_B,test,1000000,0.72,1213.6718790854097,79.66333333333333,10
11,config_B,test,1010000,0.76,1121.3373767460562,97.83,5
11,config_B,test,1020000,0.76,902.890434178597,56.010000000000005,5
11,config_B,test,1030000,0.72,929.8253922045357,59.60333333333333,5
11,config_B,test,1040000,0.8,743.905065576962,52.86,5
11,config_B,test,1050000,0.6799999999999999,1323.263835805086,90.04666666666667,10
11,config_B,test,1060000,0.8,932.6971111917213,52.58,5
11,config_B,test,1070000,0.8,1015.9933902371046,67.56,5
11,config_B,test,1080000,0.8800000000000001,696.9755807854419,55.370000000000005,5
11,config_B,test,1090000,0.8400000000000001,720.9591743153621,60.65333333333333,5
11,config_B,test,1100000,0.8,667.2148292940503,52.47666666666667,10
11,config_B,test,1110000,0.8800000000000001,339.01232698250453,46.019999999999996,5
11,config_B,test,1120000,1.0,194.72083189691082,45.92,5
11,config_B,test,1130000,0.8,941.4635089504673,48.910000000000004,5
11,config_B,test,1140000,0.8400000000000001,802.2370208953827,48.413333333333334,5
11,config_B,test,1150000,0.8800000000000001,651.8084819515656,47.74666666666667,10
11,config_B,test,1160000,0.8800000000000001,642.4962433164823,49.56,5
11,config_B,test,1170000,0.8,818.3656510671258,53.0,5
11,config_B,test,1180000,1.0,379.2055416315699,68.96000000000001,5
11,config_B,test,1190000,0.72,1303.598030165934,66.49333333333333,5
11,config_B,test,1200000,0.9199999999999999,670.3455686534195,75.03,10
11,config_B,test,1210000,0.8400000000000001,800.103368966529,52.089999999999996,5
11,config_B,test,1220000,0.8400000000000001,780.9877829681876,52.02,5
11,config_B,test,1230000,0.8800000000000001,792.8504233201438,66.01666666666667,5
11,config_B,test,1240000,0.9199999999999999,509.8446204454949,48.8,5
11,config_B,test,1250000,0.8400000000000001,770.9710407053076,45.026666666666664,10
11,config_B,test,1260000,0.96,350.2889358905019,47.93,5
11,config_B,test,1270000,0.96,338.8703938356293,46.85,5
11,config_B,test,1280000,1.0,235.00337216004846,51.56,5
11,config_B,test,1290000,0.96,369.4420689535174,50.0,5
11,config_B,test,1300000,0.96,362.0640239933244,48.39,10
11,config_B,test,1310000,1.0,206.0203039031739,47.480000000000004,5
11,config_B,test,1320000,0.96,377.11445541488956,49.56,5
11,config_B,test,1330000,1.0,225.01358836068698,49.2,5
11,config_B,test,1340000,0.96,375.88113104473734,50.53,5
11,config_B,test,1350000,0.96,352.3382786774549,46.88,10
11,config_B,test,1360000,1.0,210.80641929808584,48.32,5
11,config_B,test,1370000,0.9199999999999999,509.7309643210284,49.07,5
11,config_B,test,1380000,0.96,334.07983123964533,44.79,5
11,config_B,test,1390000,0.9199999999999999,515.63380835074,49.14,5
11,config_B,test,1400000,0.96,378.1740300827041,49.46,10
11,config_B,test,1410000,0.96,381.6295189146717,50.04,5
11,config_B,test,1420000,0.96,364.8907300918489,46.81,5
11,config_B,test,1430000,0.96,432.87479706649174,56.160000000000004,5
11,config_B,test,1440000,1.0,262.66372551610596,54.36,5
11,config_B,test,1450000,0.96,369.75761105530967,48.8,10
11,config_B,test,1460000,1.0,193.16181871641794,45.0,5
11,config_B,test,1470000,1.0,198.2573656225708,46.160000000000004,5
11,config_B,test,1480000,0.9199999999999999,365.0208976253807,43.21333333333333,5
11,config_B,test,1490000,0.96,357.4242545647815,45.989999999999995,5
11,config_B,test,1500000,1.0,219.0843620445533,48.04,10
11,config_B,test,1510000,0.96,352.37139011419833,46.22,5
11,config_B,test,1520000,0.9199999999999999,474.6339559574968,42.71,5
11,config_B,test,1530000,0.9199999999999999,470.6401308249515,43.230000000000004,5
11,config_B,test,1540000,0.96,321.6007425844533,42.9,5
11,config_B,test,1550000,0.96,325.518895204477,42.910000000000004,10
11,config_B,test,1560000,0.96,291.93583931256194,40.95,5
11,config_B,test,1570000,0.96,311.29146581515346,41.68,5
11,config_B,test,1580000,0.96,316.08991916851437,42.05,5
11,config_B,test,1590000,0.96,324.8040377010105,45.39,5
11,config_B,test,1600000,1.0,185.1541466258208,44.56,10
11,config_B,test,1610000,0.9199999999999999,470.303691450062,43.17,5
11,config_B,test,1620000,0.9199999999999999,426.28718701488106,41.739999999999995,5
11,config_B,test,1630000,0.96,328.2147304838777,43.019999999999996,5
11,config_B,test,1640000,0.9199999999999999,316.28085737739104,42.31,5
11,config_B,test,1650000,0.96,151.67402150931758,40.519999999999996,10
11,config_B,test,1660000,0.96,298.6938123136786,41.6,5
11,config_B,test,1670000,0.96,163.71050672152202,41.85,5
11,config_B,test,1680000,0.9199999999999999,301.9092092333485,57.61333333333333,5
11,config_B,test,1690000,0.9199999999999999,153.21080558573698,40.693333333333335,5
11,config_B,test,1700000,1.0,191.19755911160513,45.08,10
11,config_B,test,1710000,1.0,297.1794905545339,57.040000000000006,5
11,config_B,test,1720000,0.96,346.5745993562543,47.05,5
11,config_B,test,1730000,0.96,307.9336152120507,40.41,5
11,config_B,test,1740000,0.96,310.0929002577369,41.94,5
11,config_B,test,1750000,0.96,404.24307173616126,56.17999999999999,10
11,config_B,test,1760000,1.0,188.90520010808558,44.480000000000004,5
11,config_B,test,1770000,0.96,383.07464804096685,51.07,5
11,config_B,test,1780000,1.0,280.71997417721076,55.56,5
11,config_B,test,1790000,1.0,316.21050832750086,63.0,5
11,config_B,test,1800000,0.96,157.37960302095763,41.86,10
11,config_B,test,1810000,0.96,262.3363281428077,55.02,5
11,config_B,test,1820000,0.96,308.2976505896698,43.25,5
11,config_B,test,1830000,0.96,294.4395229576632,40.03,5
11,config_B,test,1840000,1.0,275.3868501774824,55.279999999999994,5
11,config_B,test,1850000,1.0,183.5654108348162,44.839999999999996,10
11,config_B,test,1860000,1.0,175.9124040814508,42.68,5
11,config_B,test,1870000,1.0,176.55845234118615,43.239999999999995,5
11,config_B,test,1880000,0.96,381.930360880744,49.459999999999994,5
11,config_B,test,1890000,0.9199999999999999,453.61406454591514,42.10666666666667,5
11,config_B,test,1900000,0.96,365.27227731874984,47.410000000000004,10
11,config_B,test,1910000,0.96,352.2059643240268,46.17,5
11,config_B,test,1920000,0.96,330.70001855409674,42.64,5
11,config_B,test,1930000,0.96,374.429799683682,52.75,5
11,config_B,test,1940000,0.9199999999999999,428.4839193144937,40.339999999999996,5
11,config_B,test,1950000,0.96,444.76271060219716,57.379999999999995,10
11,config_B,test,1960000,0.9199999999999999,452.98767315546286,40.54666666666667,5
11,config_B,test,1970000,0.9199999999999999,447.1766530570388,39.3,5
11,config_B,test,1980000,0.9199999999999999,497.76151523415683,45.160000000000004,5
11,config_B,test,1990000,1.0,160.36908217729373,41.160000000000004,5
11,config_B,test,2000000,1.0,160.42711404976157,40.96,10
11,config_B,test,2010000,0.96,323.52297970044555,41.67,5
11,config_B,test,2020000,0.96,310.4100756773099,40.04,5
11,config_B,test,2030000,0.96,334.41740738213764,44.279999999999994,5
11,config_B,test,2040000,0.96,335.0810853770904,43.879999999999995,5
11,config_B,test,2050000,0.96,398.54472167209707,52.64,10
11,config_B,test,2060000,1.0,194.53049791988337,45.160000000000004,5
11,config_B,test,2070000,1.0,216.5964242899177,47.64,5
11,config_B,test,2080000,1.0,204.83596121403016,47.04,5
11,config_B,test,2090000,1.0,156.47507518376185,40.36,5
11,config_B,test,2100000,1.0,208.45525836196094,47.6,10
11,config_B,test,2110000,1.0,240.63610547464646,52.120000000000005,5
11,config_B,test,2120000,1.0,148.2501611325065,39.04,5
11,config_B,test,2130000,1.0,150.5820353506,39.239999999999995,5
11,config_B,test,2140000,1.0,154.15508698977231,39.56,5
11,config_B,test,2150000,1.0,152.634896783253,39.44,10
11,config_B,test,2160000,1.0,151.79052049988834,39.64,5
11,config_B,test,2170000,1.0,149.25727211492958,39.08,5
11,config_B,test,2180000,1.0,158.2524474612205,40.2,5
11,config_B,test,2190000,1.0,155.5205258773568,39.8,5
11,config_B,test,2200000,1.0,151.7392589890423,39.4,10
11,config_B,test,2210000,1.0,151.76962435171265,39.519999999999996,5
11,config_B,test,2220000,1.0,155.18251440902844,39.879999999999995,5
11,config_B,test,2230000,1.0,157.49638185659606,40.04,5
11,config_B,test,2240000,1.0,147.15123391922307,38.760000000000005,5
11,config_B,test,2250000,1.0,151.29812707289756,39.36,10
11,config_B,test,2260000,1.0,148.94020753422336,39.04,5
11,config_B,test,2270000,1.0,151.43038240819706,39.239999999999995,5
11,config_B,test,2280000,1.0,159.27336232012067,40.0,5
11,config_B,test,2290000,1.0,155.2457122659144,39.760000000000005,5
11,config_B,test,2300000,1.0,199.33003739627873,45.32,10
11,config_B,test,2310000,1.0,156.3101433210457,40.28,5
11,config_B,test,2320000,1.0,159.65234027194532,40.32,5
11,config_B,test,2330000,1.0,157.97535369299493,40.0,5
11,config_B,test,2340000,1.0,147.71329832369528,39.12,5
11,config_B,test,2350000,1.0,154.53621846360957,39.68,10
11,config_B,test,2360000,1.0,154.22839882793124,39.44,5
11,config_B,test,2370000,1.0,151.68774297751162,39.6,5
11,config_B,test,2380000,1.0,157.13871896262663,39.96,5
11,config_B,test,2390000,1.0,152.20393404750217,39.32000000000001,5
11,config_B,test,2400000,1.0,148.93817036911167,39.32,10
11,config_B,test,2410000,1.0,172.86983244077175,42.56,5
11,config_B,test,2420000,1.0,155.68546381456713,40.480000000000004,5
11,config_B,test,2430000,1.0,254.04313986784868,51.6,5
11,config_B,test,2440000,1.0,182.51146521960248,43.239999999999995,5
11,config_B,test,2450000,1.0,154.56714549883787,40.239999999999995,10
11,config_B,test,2460000,1.0,171.2802163371723,41.760000000000005,5
11,config_B,test,2470000,1.0,156.81095838041742,40.08,5
11,config_B,test,2480000,1.0,146.9671806272475,38.72,5
11,config_B,test,2490000,1.0,154.74503216669194,39.44,5
11,config_B,test,2500000,1.0,177.04842357200246,42.6,10
11,config_B,test,2510000,1.0,155.32026795491998,39.519999999999996,5
11,config_B,test,2520000,1.0,145.8724806415809,38.88,5
11,config_B,test,2530000,1.0,179.0079669439564,43.519999999999996,5
11,config_B,test,2540000,1.0,145.17109374941123,39.28,5
11,config_B,test,2550000,1.0,153.9919675606033,39.72,10
11,config_B,test,2560000,0.96,157.91195827506795,39.12,5
11,config_B,test,2570000,1.0,157.66782313152126,40.4,5
11,config_B,test,2580000,1.0,155.6022655050163,40.760000000000005,5
11,config_B,test,2590000,1.0,151.28505758968305,39.519999999999996,5
11,config_B,test,2600000,1.0,183.1541514312922,42.760000000000005,10
11,config_B,test,2610000,1.0,171.97320632019938,41.28,5
11,config_B,test,2620000,1.0,154.43975175417287,39.12,5
11,config_B,test,2630000,1.0,153.88612228274184,39.16,5
11,config_B,test,2640000,1.0,147.28668732091052,38.64,5
11,config_B,test,2650000,1.0,154.65676664563796,39.6,10
11,config_B,test,2660000,1.0,148.34228618901753,38.68,5
11,config_B,test,2670000,1.0,151.22467310075095,38.88,5
11,config_B,test,2680000,1.0,157.9339050515575,39.68,5
11,config_B,test,2690000,1.0,156.30797201669148,39.480000000000004,5
11,config_B,test,2700000,1.0,160.36818010317634,39.88,10
11,config_B,test,2710000,1.0,159.552283470105,39.88,5
11,config_B,test,2720000,1.0,162.86828365153582,40.04,5
11,config_B,test,2730000,1.0,168.61859477603093,40.72,5
11,config_B,test,2740000,1.0,173.96528069808554,41.08,5
11,config_B,test,2750000,1.0,165.59623225337745,40.239999999999995,10
11,config_B,test,2760000,1.0,161.25164880480557,39.88,5
11,config_B,test,2770000,1.0,178.347519529644,41.52,5
11,config_B,test,2780000,1.0,174.10043189368125,40.88,5
11,config_B,test,2790000,1.0,167.39563453044332,40.2,5
11,config_B,test,2800000,1.0,166.08002286338663,40.0,10
11,config_B,test,2810000,1.0,164.6901086413725,39.8,5
11,config_B,test,2820000,1.0,160.5980662545157,39.4,5
11,config_B,test,2830000,1.0,155.91964621707285,39.08,5
11,config_B,test,2840000,1.0,157.64810480700058,39.4,5
11,config_B,test,2850000,1.0,158.8957166019173,39.44,10
11,config_B,test,2860000,1.0,161.70470102231806,39.72,5
11,config_B,test,2870000,1.0,160.6420346163032,39.68,5
11,config_B,test,2880000,1.0,167.28400362531048,40.36,5
11,config_B,test,2890000,1.0,159.34443818189303,39.64,5
11,config_B,test,2900000,1.0,168.90159215007935,40.6,10
11,config_B,test,2910000,0.96,302.28197995226594,40.57,5
11,config_B,test,2920000,1.0,171.10513161862454,40.839999999999996,5
11,config_B,test,2930000,1.0,174.71173712999968,41.239999999999995,5
11,config_B,test,2940000,1.0,175.36899557692544,41.480000000000004,5
11,config_B,test,2950000,1.0,161.4857087324458,40.0,10
11,config_B,test,2960000,1.0,169.86528358776258,40.760000000000005,5
11,config_B,test,2970000,1.0,166.15971493625614,40.52,5
11,config_B,test,2980000,1.0,165.315220878531,40.36,5
11,config_B,test,2990000,1.0,158.88914019057248,39.6,5
11,config_B,test,3000000,1.0,155.25956653919116,39.44,10
11,config_B,test,3010000,1.0,157.79756558844434,39.72,5
11,config_B,test,3020000,1.0,155.60939499778232,39.839999999999996,5
11,config_B,test,3030000,1.0,160.4174375563345,39.96,5
11,config_B,test,3040000,1.0,156.41159814839278,39.44,5
11,config_B,test,3050000,1.0,156.89060416067744,39.64,10
11,config_B,test,3060000,0.96,165.97331763169626,39.3,5
11,config_B,test,3070000,1.0,151.210307026663,38.8,5
11,config_B,test,3080000,1.0,155.6787554698215,39.160000000000004,5
11,config_B,test,3090000,0.96,151.34784852360207,38.81,5
11,config_B,test,3100000,1.0,150.39490758493974,38.52,10
11,config_B,test,3110000,0.96,151.92249122836213,38.64,5
11,config_B,test,3120000,1.0,157.00845394006964,39.36,5
11,config_B,test,3130000,0.96,155.9716247869467,38.6,5
11,config_B,test,3140000,0.96,158.7599400066435,38.660000000000004,5
11,config_B,test,3150000,1.0,161.93744758603574,39.760000000000005,10
11,config_B,test,3160000,1.0,167.0861517546717,40.08,5
11,config_B,test,3170000,1.0,156.02362127730538,39.0,5
11,config_B,test,3180000,1.0,157.78778061884782,39.12,5
11,config_B,test,3190000,1.0,158.2476807864781,39.32,5
11,config_B,test,3200000,1.0,160.76938210642356,39.480000000000004,10
11,config_B,test,3210000,1.0,155.77820174026118,39.04,5
11,config_B,test,3220000,1.0,165.1612204403902,39.96,5
11,config_B,test,3230000,1.0,162.2858536959161,39.519999999999996,5
11,config_B,test,3240000,1.0,157.42532686968482,38.96,5
11,config_B,test,3250000,1.0,151.814090711475,38.4,10
11,config_B,test,3260000,0.96,181.71236609480516,39.75,5
11,config_B,test,3270000,1.0,167.11139720968475,40.839999999999996,5
11,config_B,test,3280000,1.0,157.96755672735208,38.760000000000005,5
11,config_B,test,3290000,0.96,179.64651909582992,39.11,5
11,config_B,test,3300000,1.0,162.34362419913887,44.72,10
11,config_B,test,3310000,0.96,173.4322675088735,39.71,5
11,config_B,test,3320000,1.0,182.61106822078509,42.0,5
11,config_B,test,3330000,1.0,160.0103645288522,39.12,5
11,config_B,test,3340000,1.0,174.4291051747091,40.760000000000005,5
11,config_B,test,3350000,1.0,168.00009003748556,39.64,10
11,config_B,test,3360000,1.0,177.31386302441686,41.0,5
11,config_B,test,3370000,1.0,175.8150427181175,40.8,5
11,config_B,test,3380000,0.96,176.54252310671873,38.85,5
11,config_B,test,3390000,1.0,255.74299990897543,50.760000000000005,5
11,config_B,test,3400000,1.0,174.32775629728695,40.480000000000004,10
11,config_B,test,3410000,1.0,161.5925174017894,39.08,5
11,config_B,test,3420000,0.96,183.66491330107038,42.14,5
11,config_B,test,3430000,1.0,298.29780668786424,55.96,5
11,config_B,test,3440000,1.0,161.03709535803114,38.8,5
11,config_B,test,3450000,1.0,162.73088470415829,39.28,10
11,config_B,test,3460000,1.0,192.94103073209337,43.04,5
11,config_B,test,3470000,1.0,161.38064720220467,38.8,5
11,config_B,test,3480000,1.0,159.73276005711062,38.8,5
11,config_B,test,3490000,1.0,160.56510703439068,38.72,5
11,config_B,test,3500000,1.0,169.6482028104347,39.96,10
11,config_B,test,3510000,1.0,161.25026994969394,38.68,5
11,config_B,test,3520000,1.0,177.45124627085528,40.88,5
11,config_B,test,3530000,1.0,151.1401180921229,38.36,5
11,config_B,test,3540000,1.0,159.12993035203652,38.56,5
11,config_B,test,3550000,1.0,159.76330195463484,38.92,10
11,config_B,test,3560000,1.0,155.4556537707664,38.36,5
11,config_B,test,3570000,1.0,156.0255167032343,38.36,5
11,config_B,test,3580000,0.96,308.6209405702639,38.38,5
11,config_B,test,3590000,1.0,162.96940647212156,39.239999999999995,5
11,config_B,test,3600000,1.0,155.09211953788267,38.239999999999995,10
11,config_B,test,3610000,0.96,162.59091439247348,38.31,5
11,config_B,test,3620000,0.96,150.50839251651965,38.2,5
11,config_B,test,3630000,0.96,303.8935866538652,38.760000000000005,5
11,config_B,test,3640000,1.0,167.18389388532765,39.760000000000005,5
11,config_B,test,3650000,0.96,304.84271871927933,38.68,10
11,config_B,test,3660000,1.0,158.9808658685211,38.72,5
11,config_B,test,3670000,1.0,168.61539194442133,39.68,5
11,config_B,test,3680000,0.9199999999999999,168.06220709681264,39.21333333333333,5
11,config_B,test,3690000,0.9199999999999999,167.33209342725522,40.42666666666666,5
11,config_B,test,3700000,0.9199999999999999,162.51862866616466,39.773333333333326,10
11,config_B,test,3710000,0.9199999999999999,160.84867546778298,39.160000000000004,5
11,config_B,test,3720000,0.9199999999999999,173.52939822442687,39.17333333333333,5
11,config_B,test,3730000,0.96,172.47352341807547,40.269999999999996,5
11,config_B,test,3740000,0.96,159.5470309612574,38.769999999999996,5
11,config_B,test,3750000,0.96,159.02698418063773,38.760000000000005,10
11,config_B,test,3760000,0.96,160.38821924151895,38.910000000000004,5
11,config_B,test,3770000,1.0,162.08872093752262,38.64,5
11,config_B,test,3780000,1.0,164.45510801858563,38.839999999999996,5
11,config_B,test,3790000,1.0,164.52239353687463,38.839999999999996,5
11,config_B,test,3800000,1.0,164.65884427950323,38.88,10
11,config_B,test,3810000,1.0,165.62116133982175,38.88,5
11,config_B,test,3820000,1.0,166.9988021721163,38.88,5
11,config_B,test,3830000,1.0,165.5569333773763,38.839999999999996,5
11,config_B,test,3840000,1.0,161.59360732185604,38.64,5
11,config_B,test,3850000,1.0,163.14621884185675,38.96,10
11,config_B,test,3860000,1.0,160.27890963885247,38.44,5
11,config_B,test,3870000,1.0,159.9308671312649,38.32,5
11,config_B,test,3880000,1.0,223.50791216540523,46.480000000000004,5
11,config_B,test,3890000,1.0,180.14754963025354,41.12,5
11,config_B,test,3900000,1.0,177.326358681917,40.6,10
11,config_B,test,3910000,1.0,159.7028507552987,38.4,5
11,config_B,test,3920000,1.0,159.02522123313798,38.2,5
11,config_B,test,3930000,1.0,158.82776481893922,38.2,5
11,config_B,test,3940000,0.96,159.52600033018254,38.260000000000005,5
11,config_B,test,3950000,1.0,158.72521236402687,38.2,10
11,config_B,test,3960000,1.0,159.5119588503741,38.28,5
11,config_B,test,3970000,1.0,159.436956728699,38.239999999999995,5
11,config_B,test,3980000,1.0,165.61117316471132,39.04,5
11,config_B,test,3990000,1.0,162.38950121868783,38.56,5
11,config_B,test,4000000,1.0,159.93570612354063,38.36,10
11,config_B,test,4010000,1.0,158.84256206072993,38.12,5
11,config_B,test,4020000,1.0,159.66925667564118,38.2,5
11,config_B,test,4030000,1.0,271.8616694836403,52.279999999999994,5
11,config_B,test,4040000,1.0,157.2380271902752,37.72,5
11,config_B,test,4050000,1.0,159.0996039121425,38.08,10
11,config_B,test,4060000,1.0,163.6813982970856,38.480000000000004,5
11,config_B,test,4070000,1.0,304.35180090055417,56.120000000000005,5
11,config_B,test,4080000,1.0,162.77369401038646,38.48,5
11,config_B,test,4090000,1.0,163.34333944662086,38.36,5
11,config_B,test,4100000,1.0,164.24001519651299,38.44,10
11,config_B,test,4110000,1.0,162.06555985293394,38.28,5
11,config_B,test,4120000,1.0,161.22515994026818,38.2,5
11,config_B,test,4130000,1.0,162.57553735636105,38.28,5
11,config_B,test,4140000,1.0,162.88563538809714,38.32,5
11,config_B,test,4150000,1.0,164.41884285497858,38.480000000000004,10
11,config_B,test,4160000,1.0,162.43234302549016,38.28,5
11,config_B,test,4170000,1.0,163.66395405169803,38.36,5
11,config_B,test,4180000,1.0,161.83972012657324,38.28,5
11,config_B,test,4190000,1.0,162.7540872419682,38.44,5
11,config_B,test,4200000,1.0,164.58975686075695,38.760000000000005,10
11,config_B,test,4210000,1.0,166.89202739912312,38.839999999999996,5
11,config_B,test,4220000,1.0,188.15566779367973,41.239999999999995,5
11,config_B,test,4230000,1.0,177.5123682183692,40.04,5
11,config_B,test,4240000,1.0,167.10391755238885,39.08,5
11,config_B,test,4250000,1.0,161.04228876567356,38.519999999999996,10
11,config_B,test,4260000,1.0,162.4560106808693,38.56,5
11,config_B,test,4270000,1.0,159.88165977102528,38.4,5
11,config_B,test,4280000,1.0,162.20631506321246,38.6,5
11,config_B,test,4290000,1.0,159.85538102606967,38.36,5
11,config_B,test,4300000,1.0,159.7389890361902,38.2,10
11,config_B,test,4310000,1.0,159.99181207292125,38.239999999999995,5
11,config_B,test,4320000,1.0,159.0760624954548,38.160000000000004,5
11,config_B,test,4330000,1.0,159.71841054928024,38.2,5
11,config_B,test,4340000,1.0,158.35724643091893,38.2,5
11,config_B,test,4350000,1.0,157.45388053205158,38.12,10
11,config_B,test,4360000,1.0,158.20434271350908,38.239999999999995,5
11,config_B,test,4370000,1.0,163.06833845547064,38.72,5
11,config_B,test,4380000,1.0,155.1253121834906,38.0,5
11,config_B,test,4390000,1.0,153.97457246674324,38.28,5
11,config_B,test,4400000,1.0,160.6486800004035,38.56,10
11,config_B,test,4410000,1.0,161.93711807965857,38.519999999999996,5
11,config_B,test,4420000,1.0,158.92649116482798,38.12,5
11,config_B,test,4430000,1.0,161.86236279764793,38.44,5
11,config_B,test,4440000,1.0,161.45778733140799,38.32,5
11,config_B,test,4450000,1.0,169.7168663995642,38.88,10
11,config_B,test,4460000,1.0,167.7645092831464,38.72,5
11,config_B,test,4470000,1.0,168.04942671611917,38.760000000000005,5
11,config_B,test,4480000,1.0,166.36598912399623,38.68,5
11,config_B,test,4490000,1.0,166.7596373082143,38.760000000000005,5
11,config_B,test,4500000,1.0,172.86920903617147,39.56,10
11,config_B,test,4510000,1.0,169.39419126808633,39.0,5
11,config_B,test,4520000,1.0,174.26861450208298,39.56,5
11,config_B,test,4530000,1.0,192.68099745915248,41.839999999999996,5
11,config_B,test,4540000,1.0,174.8130985273468,39.68,5
11,config_B,test,4550000,1.0,170.47364649083602,39.36,10
11,config_B,test,4560000,1.0,189.01830466675605,41.2,5
11,config_B,test,4570000,1.0,170.90469227578262,39.44,5
11,config_B,test,4580000,1.0,287.1655385057397,53.64,5
11,config_B,test,4590000,1.0,182.18609081156677,40.56,5
11,config_B,test,4600000,1.0,189.1133633339398,41.64,10
11,config_B,test,4610000,1.0,198.4665444535431,42.480000000000004,5
11,config_B,test,4620000,1.0,178.80720891114333,40.12,5
11,config_B,test,4630000,0.96,175.65070753554696,39.97,5
11,config_B,test,4640000,0.96,184.71063006464823,40.53,5
11,config_B,test,4650000,1.0,188.1092245949915,40.84,10
11,config_B,test,4660000,1.0,186.6672101942272,40.68,5
11,config_B,test,4670000,1.0,219.87731302047678,44.04,5
11,config_B,test,4680000,1.0,198.88081481198714,41.959999999999994,5
11,config_B,test,4690000,1.0,239.78383843186992,46.72,5
11,config_B,test,4700000,1.0,213.30883465891665,45.08,10
11,config_B,test,4710000,1.0,240.4097198770308,47.2,5
11,config_B,test,4720000,1.0,197.20729004463232,41.72,5
11,config_B,test,4730000,1.0,186.44888949636675,40.36,5
11,config_B,test,4740000,1.0,181.27159066454226,39.96,5
11,config_B,test,4750000,1.0,182.88091858976335,40.2,10
11,config_B,test,4760000,1.0,178.07442301100332,39.8,5
11,config_B,test,4770000,1.0,173.99149054167862,39.480000000000004,5
11,config_B,test,4780000,1.0,178.97879370108697,39.88,5
11,config_B,test,4790000,1.0,173.2148259942576,39.28,5
11,config_B,test,4800000,1.0,180.36454999802118,39.760000000000005,10
11,config_B,test,4810000,1.0,189.9279531865448,40.839999999999996,5
11,config_B,test,4820000,1.0,186.18414133665448,40.56,5
11,config_B,test,4830000,1.0,181.19794133274866,40.08,5
11,config_B,test,4840000,1.0,178.58604623404045,39.760000000000005,5
11,config_B,test,4850000,1.0,192.9053924104747,41.239999999999995,10
11,config_B,test,4860000,1.0,194.20441822313677,41.12,5
11,config_B,test,4870000,1.0,194.197700736616,41.4,5
11,config_B,test,4880000,1.0,187.04494881359747,40.36,5
11,config_B,test,4890000,1.0,192.18125838071794,41.239999999999995,5
11,config_B,test,4900000,1.0,195.82745938892248,41.6,10
11,config_B,test,4910000,1.0,191.88686573835358,41.12,5
11,config_B,test,4920000,1.0,191.57520150787954,41.2,5
11,config_B,test,4930000,1.0,201.97156725505437,42.160000000000004,5
11,config_B,test,4940000,1.0,213.29659049916594,43.519999999999996,5
11,config_B,test,4950000,1.0,231.8650088809198,45.959999999999994,10
11,config_B,test,4960000,1.0,191.0943635474519,40.760000000000005,5
11,config_B,test,4970000,1.0,183.68068889955134,40.0,5
11,config_B,test,4980000,1.0,185.58787049504272,40.2,5
11,config_B,test,4990000,1.0,195.43086488395983,41.239999999999995,5
11,config_B,test,5000000,1.0,194.96793209839504,41.2,5
11,config_B,train,10000,0.00888888888888888,42.69222825238886,321.0,5
11,config_B,train,20000,0.013333333333333319,70.10111099249293,188.25,5
11,config_B,train,30000,0.013333333333333319,62.85118646610066,204.0,5
11,config_B,train,40000,0.00444444444444444,67.63147409264332,356.0,5
11,config_B,train,50000,0.0,96.29311273682296,,10
11,config_B,train,60000,0.00888888888888888,113.70794996641857,165.0,5
11,config_B,train,70000,0.00444444444444444,114.35445823274026,130.0,5
11,config_B,train,80000,0.00444444444444444,132.96249238109073,395.0,5
11,config_B,train,90000,0.0,174.9037097820982,,5
11,config_B,train,100000,0.0,181.3775577572176,,10
11,config_B,train,110000,0.0,204.1808428239844,,5
11,config_B,train,120000,0.00888888888888888,231.98940542192946,168.0,5
11,config_B,train,130000,0.00444444444444444,255.35910013993208,71.0,5
11,config_B,train,140000,0.026666666666666637,324.97759227023295,206.2222222222222,5
11,config_B,train,150000,0.00888888888888888,321.0672200176643,213.5,10
11,config_B,train,160000,0.00888888888888888,416.0674320438043,201.0,5
11,config_B,train,170000,0.013333333333333319,387.4719534752718,176.0,5
11,config_B,train,180000,0.00888888888888888,465.90368889325043,263.5,5
11,config_B,train,190000,0.013333333333333319,592.2492117718548,91.5,5
11,config_B,train,200000,0.03111111111111108,637.1928902442853,119.33333333333334,10
11,config_B,train,210000,0.04444444444444442,739.7922259361555,75.33333333333334,5
11,config_B,train,220000,0.06666666666666664,798.9392990267295,114.45535714285714,5
11,config_B,train,230000,0.08444444444444442,790.5938931997002,120.36796536796537,5
11,config_B,train,240000,0.07555555555555551,772.1544830600244,93.94444444444446,5
11,config_B,train,250000,0.09777777777777774,909.4252386246932,120.05555555555556,10
11,config_B,train,260000,0.10666666666666665,980.7956064058104,102.3125,5
11,config_B,train,270000,0.09333333333333332,1002.883510526409,187.825,5
11,config_B,train,280000,0.1333333333333333,1115.9950618764883,161.2642543859649,5
11,config_B,train,290000,0.12444444444444443,1077.5675196400807,98.67142857142858,5
11,config_B,train,300000,0.10222222222222217,1086.3981460562331,95.54166666666667,10
11,config_B,train,310000,0.17333333333333328,1019.3911001086444,103.97451437451438,5
11,config_B,train,320000,0.1733333333333333,1023.1065757317349,92.59006734006734,5
11,config_B,train,330000,0.11999999999999997,1289.2718010692001,90.70833333333334,5
11,config_B,train,340000,0.15111111111111108,1306.2112546205644,99.27272727272728,5
11,config_B,train,350000,0.19111111111111106,1221.6799779842481,80.10259103641457,10
11,config_B,train,360000,0.2533333333333333,1204.668546526151,116.4264898989899,5
11,config_B,train,370000,0.28888888888888886,1340.1999370894541,69.09985119047619,5
11,config_B,train,380000,0.2977777777777778,1246.7491918129022,83.63479366028707,5
11,config_B,train,390000,0.26666666666666666,1364.8385483930813,58.611330409356725,5
11,config_B,train,400000,0.2444444444444444,1226.9592119582576,77.50868506493507,10
11,config_B,train,410000,0.2755555555555555,1410.7384046521422,65.72649286987522,5
11,config_B,train,420000,0.28888888888888886,1587.1492926276055,54.471681096681095,5
11,config_B,train,430000,0.30666666666666664,1538.7296770333644,67.7071224256293,5
11,config_B,train,440000,0.2844444444444444,1401.9952380738407,68.2743783993784,5
11,config_B,train,450000,0.32,1454.3829371900495,51.69462481962482,10
11,config_B,train,460000,0.3288888888888889,1550.3254806091606,65.73197032436163,5
11,config_B,train,470000,0.31111111111111106,1561.179397526134,50.47212683150183,5
11,config_B,train,480000,0.3555555555555555,1617.5607946067914,58.72478991596638,5
11,config_B,train,490000,0.37333333333333335,1539.0163729840363,65.77301587301588,5
11,config_B,train,500000,0.30666666666666664,2079.1881043227236,125.89891812865497,10
11,config_B,train,510000,0.3733333333333333,1769.362824562036,67.550608875129,5
11,config_B,train,520000,0.39555555555555555,1705.9715773186479,62.53134811387442,5
11,config_B,train,530000,0.36,1744.8142042237541,61.659007659007656,5
11,config_B,train,540000,0.3333333333333333,1885.4631199386736,66.62327084680025,5
11,config_B,train,550000,0.4311111111111111,1601.1587848318818,53.088776428250114,10
11,config_B,train,560000,0.40444444444444444,1672.1023477394824,56.6843776106934,5
11,config_B,train,570000,0.4444444444444445,1581.5710865086887,64.1410052910053,5
11,config_B,train,580000,0.43999999999999995,1609.3850656207421,60.906393939393936,5
11,config_B,train,590000,0.40444444444444444,1704.1655084786628,66.90503405290363,5
11,config_B,train,600000,0.3688888888888889,1736.9410595228655,62.5002557544757,10
11,config_B,train,610000,0.31111111111111106,1728.1995323515882,62.93182773109244,5
11,config_B,train,620000,0.40888888888888886,1595.0023885986116,63.5386361556064,5
11,config_B,train,630000,0.3466666666666666,1580.7031242894884,67.73909090909092,5
11,config_B,train,640000,0.30666666666666664,1659.9380120495248,47.69523809523809,5
11,config_B,train,650000,0.36,1644.2497697054187,62.540913665237255,10
11,config_B,train,660000,0.31555555555555553,1642.321038311579,63.31190476190476,5
11,config_B,train,670000,0.3466666666666667,1500.4877005421913,50.560767861683196,5
11,config_B,train,680000,0.3688888888888889,1373.368866457494,58.776336220987254,5
11,config_B,train,690000,0.4444444444444445,1421.6743475190663,55.798314710814715,5
11,config_B,train,700000,0.48,1340.8859225857302,56.493809523809524,10
11,config_B,train,710000,0.43555555555555553,1263.5728384609556,45.230744754041964,5
11,config_B,train,720000,0.47555555555555556,1278.3451355935103,63.67969469127364,5
11,config_B,train,730000,0.4844444444444444,1428.1320737959936,63.0075980861244,5
11,config_B,train,740000,0.4444444444444445,1585.7516847619424,56.25454545454545,5
11,config_B,train,750000,0.40888888888888886,1739.837008393218,49.234689665339815,10
11,config_B,train,760000,0.4444444444444445,1591.0850448626306,50.20659831396674,5
11,config_B,train,770000,0.4444444444444445,1661.400261658487,54.115529488432706,5
11,config_B,train,780000,0.43111111111111117,1865.4179109547258,58.82882205513785,5
11,config_B,train,790000,0.39555555555555555,1885.8025013277088,62.750723659762556,5
11,config_B,train,800000,0.38666666666666666,1828.4469907395912,51.069257703081234,10
11,config_B,train,810000,0.4133333333333334,1714.5092611599553,51.60988558352403,5
11,config_B,train,820000,0.47111111111111115,1557.2535742549383,54.08088669950739,5
11,config_B,train,830000,0.48,1424.8619200934277,53.037814391050084,5
11,config_B,train,840000,0.37777777777777777,1626.0197390963763,53.378822055137846,5
11,config_B,train,850000,0.49333333333333335,1512.3196913864515,50.62076555023923,10
11,config_B,train,860000,0.5244444444444445,1423.9417275646942,50.58091575091575,5
11,config_B,train,870000,0.5688888888888888,1393.980560227847,49.150288461538466,5
11,config_B,train,880000,0.5244444444444445,1487.6145791163162,49.190444444444445,5
11,config_B,train,890000,0.4844444444444444,1692.7644420475294,57.71673798021624,5
11,config_B,train,900000,0.5866666666666667,1446.1868270318637,56.709247049247054,10
11,config_B,train,910000,0.5822222222222222,1461.9073501448709,50.03670409300844,5
11,config_B,train,920000,0.6355555555555555,1417.3164750161397,54.60684990558764,5
11,config_B,train,930000,0.5777777777777777,1514.9646796876716,54.43604968944099,5
11,config_B,train,940000,0.5599999999999999,1572.1142020589934,57.50686994165255,5
11,config_B,train,950000,0.5511111111111111,1607.6960367772795,55.57257996632997,10
11,config_B,train,960000,0.5955555555555556,1433.0009060157752,62.314117826617824,5
11,config_B,train,970000,0.5866666666666667,1418.753370915921,62.01558137514659,5
11,config_B,train,980000,0.6,1400.748585185655,50.996198830409355,5
11,config_B,train,990000,0.6177777777777778,1357.5417296187602,48.8317080632616,5
11,config_B,train,1000000,0.7466666666666667,1118.2894568470872,59.139957891570795,10
11,config_B,train,1010000,0.7911111111111111,980.6888299600417,66.50498870387415,5
11,config_B,train,1020000,0.7822222222222223,925.134346238804,59.202653444116855,5
11,config_B,train,1030000,0.768888888888889,949.2512070792657,52.11715802397805,5
11,config_B,train,1040000,0.7422222222222222,1017.6387385652035,58.21922993677848,5
11,config_B,train,1050000,0.7377777777777779,1126.3305383143102,64.3051081926204,10
11,config_B,train,1060000,0.7422222222222222,1084.0014492559712,50.39071279597596,5
11,config_B,train,1070000,0.7955555555555556,912.0695653846133,50.885053986710965,5
11,config_B,train,1080000,0.7955555555555556,929.2799547036268,55.391870170026564,5
11,config_B,train,1090000,0.7955555555555556,872.5821068158132,56.19602274339117,5
11,config_B,train,1100000,0.7733333333333333,763.2815217132019,53.830615667143626,10
11,config_B,train,1110000,0.8222222222222222,713.0589005297461,50.55217203834851,5
11,config_B,train,1120000,0.8844444444444445,604.2037129733111,51.64428599823949,5
11,config_B,train,1130000,0.8488888888888889,734.5254594662746,49.45755601124022,5
11,config_B,train,1140000,0.8488888888888889,727.8173862987101,52.55036838978016,5
11,config_B,train,1150000,0.8044444444444444,837.3721966890583,51.12415846402227,10
11,config_B,train,1160000,0.8666666666666666,674.9492772469581,51.223850573618016,5
11,config_B,train,1170000,0.8711111111111112,656.5026655057144,52.769541484686826,5
11,config_B,train,1180000,0.8355555555555554,793.655267916232,56.32699517699518,5
11,config_B,train,1190000,0.8400000000000001,767.0092981275934,58.72626463594885,5
11,config_B,train,1200000,0.8355555555555556,811.9900144451553,54.97234636164869,10
11,config_B,train,1210000,0.8355555555555554,801.7991294222585,54.20129584155874,5
11,config_B,train,1220000,0.8400000000000001,773.5801667712469,54.208111010436596,5
11,config_B,train,1230000,0.8355555555555554,798.4764930075614,53.15003663003663,5
11,config_B,train,1240000,0.8933333333333333,562.7426033786263,48.4220949477352,5
11,config_B,train,1250000,0.8577777777777778,691.8200847552223,49.09608913757261,10
11,config_B,train,1260000,0.8800000000000001,645.235180092975,52.07082249970472,5
11,config_B,train,1270000,0.8844444444444445,614.9576471573663,53.53842268842269,5
11,config_B,train,1280000,0.8933333333333333,611.7980191616468,55.416178861788616,5
11,config_B,train,1290000,0.8666666666666666,593.9380761836446,50.588336908336906,5
11,config_B,train,1300000,0.8977777777777778,516.1673343719482,51.796980404419436,10
11,config_B,train,1310000,0.8711111111111112,573.3847100185137,48.098961263694505,5
11,config_B,train,1320000,0.9155555555555555,516.5191375683283,54.65635954135954,5
11,config_B,train,1330000,0.9199999999999999,507.9503573529246,51.08928571428571,5
11,config_B,train,1340000,0.9377777777777776,434.29659996978506,48.23927698032961,5
11,config_B,train,1350000,0.9111111111111111,512.1148922245906,47.38467124470797,10
11,config_B,train,1360000,0.9199999999999999,511.6644249716236,52.81464718925264,5
11,config_B,train,1370000,0.9066666666666666,522.2128061878317,48.6125900116144,5
11,config_B,train,1380000,0.9422222222222221,406.0529426308612,48.295654658139355,5
11,config_B,train,1390000,0.9199999999999999,483.59160279189416,48.51674603174603,5
11,config_B,train,1400000,0.9422222222222223,374.954733039063,48.17087033121917,10
11,config_B,train,1410000,0.9377777777777776,443.5977790256541,49.71435768362598,5
11,config_B,train,1420000,0.9422222222222221,424.0934132889639,50.75714285714285,5
11,config_B,train,1430000,0.96,353.4108380046897,47.998315101423444,5
11,config_B,train,1440000,0.9688888888888888,338.1169625662761,50.07065656565656,5
11,config_B,train,1450000,0.9555555555555555,379.77167516363585,50.24945387945388,10
11,config_B,train,1460000,0.9333333333333332,484.4907679544267,53.22964394778349,5
11,config_B,train,1470000,0.9511111111111109,401.4519253144275,52.10162504162504,5
11,config_B,train,1480000,0.9377777777777776,441.22602884006375,49.62591162591163,5
11,config_B,train,1490000,0.9422222222222221,420.3163929348142,49.60939393939394,5
11,config_B,train,1500000,0.9466666666666667,396.9123700045517,48.00365045806906,10
11,config_B,train,1510000,0.9466666666666667,405.8760289014714,50.291463471928594,5
11,config_B,train,1520000,0.9466666666666667,387.2425792810983,48.4165227021041,5
11,config_B,train,1530000,0.9777777777777776,257.18288299859057,46.921558441558446,5
11,config_B,train,1540000,0.9777777777777776,289.38705988405496,47.21549682875265,5
11,config_B,train,1550000,0.9688888888888888,309.20377805818333,46.4268142968143,10
11,config_B,train,1560000,0.9555555555555555,349.662024582426,44.64778050778051,5
11,config_B,train,1570000,0.9511111111111111,331.0837965746108,45.029759034654994,5
11,config_B,train,1580000,0.9733333333333334,289.2638582909573,45.15179487179487,5
11,config_B,train,1590000,0.9511111111111111,375.08075269590165,45.77618896607269,5
11,config_B,train,1600000,0.9422222222222223,358.22495721513576,46.721143490655685,10
11,config_B,train,1610000,0.9422222222222223,334.7626060882547,46.8236637107142,5
11,config_B,train,1620000,0.9644444444444444,287.85856797586484,45.326406926406925,5
11,config_B,train,1630000,0.9333333333333332,430.9489298576829,47.2750926341624,5
11,config_B,train,1640000,0.9688888888888888,314.0656246298646,47.68155642806805,5
11,config_B,train,1650000,0.9644444444444445,265.28548644028257,45.67183966723388,10
11,config_B,train,1660000,0.9733333333333334,265.56814840880577,43.641134429948956,5
11,config_B,train,1670000,0.9822222222222223,245.1102346318509,44.937157622739015,5
11,config_B,train,1680000,0.96,330.9870260660457,47.279234449760764,5
11,config_B,train,1690000,0.9644444444444444,274.7599037120861,41.941989121989124,5
11,config_B,train,1700000,0.9822222222222223,234.4420461457483,42.951007751937986,10
11,config_B,train,1710000,0.9822222222222221,230.34223742443504,42.741240981240985,5
11,config_B,train,1720000,0.9911111111111112,219.22255119634247,44.66914728682171,5
11,config_B,train,1730000,0.9777777777777776,272.6659985954179,45.94653679653679,5
11,config_B,train,1740000,0.9555555555555555,324.2652518145189,44.62354122621564,5
11,config_B,train,1750000,0.9822222222222221,274.12812245010116,49.465050505050506,10
11,config_B,train,1760000,0.9733333333333333,278.40410261643603,49.35969998993255,5
11,config_B,train,1770000,0.9688888888888888,273.59571338977537,45.902104097452934,5
11,config_B,train,1780000,0.9644444444444444,287.87091920805835,47.0237061646364,5
11,config_B,train,1790000,0.9644444444444444,284.39640618853286,47.90744186046512,5
11,config_B,train,1800000,0.9644444444444444,238.53914742125417,47.16880130205711,10
11,config_B,train,1810000,0.9733333333333334,245.37190086991117,45.43989664082687,5
11,config_B,train,1820000,0.9777777777777776,243.3185382101041,45.6389898989899,5
11,config_B,train,1830000,0.9688888888888888,248.6487556776689,44.00074402562207,5
11,config_B,train,1840000,0.9866666666666667,198.46232259097283,41.759354005167964,5
11,config_B,train,1850000,0.9911111111111112,197.42619996494128,42.34020202020202,10
11,config_B,train,1860000,0.9822222222222221,225.31229157019015,41.13675123326286,5
11,config_B,train,1870000,0.96,324.86576552095335,44.03604651162791,5
11,config_B,train,1880000,0.9733333333333333,273.3479630670782,44.97672539346958,5
11,config_B,train,1890000,0.9777777777777779,265.5831577614323,46.55670727205611,5
11,config_B,train,1900000,0.9777777777777779,252.71223398041496,47.70421557770395,10
11,config_B,train,1910000,0.9644444444444444,261.39164002168644,45.33665760595993,5
11,config_B,train,1920000,0.9511111111111111,313.1789043921855,45.00246131129852,5
11,config_B,train,1930000,0.9688888888888888,276.8916577901647,43.73142313664151,5
11,config_B,train,1940000,0.9511111111111111,283.5932850838754,43.25154111408224,5
11,config_B,train,1950000,0.9555555555555555,315.5797233073255,42.61833767543354,10
11,config_B,train,1960000,0.9555555555555555,319.0307507117137,43.60555754323196,5
11,config_B,train,1970000,0.96,309.4020745890649,41.367097288676234,5
11,config_B,train,1980000,0.9733333333333333,262.82595943434495,41.72952944074895,5
11,config_B,train,1990000,0.9911111111111112,213.04816429659476,43.579948320413436,5
11,config_B,train,2000000,0.9777777777777779,265.9810220453604,43.800258397932815,10
11,config_B,train,2010000,0.9822222222222221,245.68657034095068,43.14647907647908,5
11,config_B,train,2020000,0.9822222222222223,247.65237129464745,43.754832041343676,5
11,config_B,train,2030000,0.9688888888888888,299.9699452317506,44.67851592851593,5
11,config_B,train,2040000,0.9733333333333333,277.3831737762112,45.40232323232323,5
11,config_B,train,2050000,0.9777777777777776,253.4583605215631,44.47372294372294,10
11,config_B,train,2060000,0.9688888888888888,286.5818628871338,44.41502432149058,5
11,config_B,train,2070000,0.9822222222222221,226.96589743306293,43.029196617336154,5
11,config_B,train,2080000,0.9733333333333333,251.87661565575075,41.896169670123165,5
11,config_B,train,2090000,0.9955555555555555,158.13912595020486,41.14707070707071,5
11,config_B,train,2100000,0.9911111111111112,172.8002017764922,40.22949494949495,10
11,config_B,train,2110000,0.9733333333333333,223.9113538565438,40.771142991375555,5
11,config_B,train,2120000,0.9866666666666666,194.22387417085488,40.653535353535354,5
11,config_B,train,2130000,0.9866666666666667,182.2533894613627,40.60888653981677,5
11,config_B,train,2140000,0.9911111111111112,159.28829981439682,40.51777777777778,5
11,config_B,train,2150000,0.9822222222222221,173.8993633172713,40.72132957481794,10
11,config_B,train,2160000,0.9688888888888888,198.81605133681433,39.447398832339275,5
11,config_B,train,2170000,0.9733333333333333,201.0437836345837,39.787910668143226,5
11,config_B,train,2180000,0.9911111111111112,176.53655217232134,40.65565656565657,5
11,config_B,train,2190000,0.9955555555555555,175.7066493886549,40.67363636363636,5
11,config_B,train,2200000,1.0,163.7304957305568,40.94666666666667,10
11,config_B,train,2210000,0.9955555555555555,181.44047226501092,41.036262626262626,5
11,config_B,train,2220000,0.9955555555555555,165.20726650794748,41.08434343434344,5
11,config_B,train,2230000,0.9866666666666667,153.62717502540443,39.94063492063492,5
11,config_B,train,2240000,0.9866666666666667,152.9958914595997,39.57630725863284,5
11,config_B,train,2250000,0.9955555555555555,170.30045409890957,40.7540404040404,10
11,config_B,train,2260000,0.9955555555555555,153.61514471547213,39.86787878787879,5
11,config_B,train,2270000,0.9911111111111112,169.18732550250442,40.29953488372093,5
11,config_B,train,2280000,1.0,154.75346017861474,39.80888888888889,5
11,config_B,train,2290000,0.9911111111111112,186.493840718004,39.913939393939394,5
11,config_B,train,2300000,1.0,153.87508245319887,39.751111111111115,10
11,config_B,train,2310000,0.9955555555555555,175.29221611013503,40.445151515151515,5
11,config_B,train,2320000,1.0,154.34381467404617,39.760000000000005,5
11,config_B,train,2330000,0.9955555555555555,153.88186565449809,39.74838383838384,5
11,config_B,train,2340000,0.9955555555555555,150.00751405919598,39.32707070707071,5
11,config_B,train,2350000,1.0,155.64801047330394,39.88444444444444,10
11,config_B,train,2360000,0.9911111111111112,150.76595138905986,39.25888888888889,5
11,config_B,train,2370000,1.0,150.94270925044398,39.22666666666667,5
11,config_B,train,2380000,1.0,153.96058719795073,39.44888888888889,5
11,config_B,train,2390000,1.0,152.13859230790666,39.23111111111111,5
11,config_B,train,2400000,1.0,151.89211230860445,39.16444444444444,10
11,config_B,train,2410000,0.9955555555555555,152.26256125419067,39.31232323232323,5
11,config_B,train,2420000,0.9911111111111112,190.32061879633892,42.29343434343434,5
11,config_B,train,2430000,1.0,188.72629849056707,43.83555555555556,5
11,config_B,train,2440000,1.0,160.81814759728616,40.48444444444444,5
11,config_B,train,2450000,1.0,167.28785429427356,41.83555555555556,10
11,config_B,train,2460000,0.9911111111111112,169.76095795008985,39.67782945736434,5
11,config_B,train,2470000,1.0,155.4118677664633,39.635555555555555,5
11,config_B,train,2480000,1.0,154.07077375013546,39.364444444444445,5
11,config_B,train,2490000,1.0,155.36403573378152,39.49333333333333,5
11,config_B,train,2500000,0.9955555555555555,173.5805957834877,39.88474747474747,10
11,config_B,train,2510000,1.0,158.78535195195647,40.54222222222222,5
11,config_B,train,2520000,1.0,152.5582986236707,39.34222222222222,5
11,config_B,train,2530000,1.0,151.52245471848477,41.14666666666667,5
11,config_B,train,2540000,0.9911111111111112,147.91876639176928,38.91968992248062,5
11,config_B,train,2550000,0.9955555555555555,150.67855425356063,39.2750505050505,10
11,config_B,train,2560000,0.9955555555555555,148.5184248864599,38.97525252525253,5
11,config_B,train,2570000,1.0,153.1693062561224,39.355555555555554,5
11,config_B,train,2580000,1.0,152.40712618859234,39.297777777777775,5
11,config_B,train,2590000,1.0,152.85741438139382,39.32888888888889,5
11,config_B,train,2600000,1.0,152.7316750155288,39.24444444444445,10
11,config_B,train,2610000,0.9955555555555555,167.3755375145634,38.75212121212121,5
11,config_B,train,2620000,1.0,153.4642825301761,39.04888888888889,5
11,config_B,train,2630000,1.0,151.9159321812162,39.18222222222222,5
11,config_B,train,2640000,1.0,156.41796261247225,39.56,5
11,config_B,train,2650000,1.0,157.28473819046977,39.59111111111112,10
11,config_B,train,2660000,0.9955555555555555,169.32468567530194,39.01131313131313,5
11,config_B,train,2670000,1.0,155.02553929141973,39.24444444444444,5
11,config_B,train,2680000,1.0,158.62706062993655,39.53777777777778,5
11,config_B,train,2690000,1.0,159.04143544857698,39.85333333333333,5
11,config_B,train,2700000,1.0,159.97007223375948,39.94222222222222,10
11,config_B,train,2710000,0.9911111111111112,158.61268626212004,39.89188630490956,5
11,config_B,train,2720000,0.9955555555555555,162.12099868813704,40.36939393939394,5
11,config_B,train,2730000,0.9955555555555555,179.4143451608448,40.43525252525252,5
11,config_B,train,2740000,1.0,163.12057680759597,40.35111111111111,5
11,config_B,train,2750000,1.0,161.15698015944167,39.964444444444446,10
11,config_B,train,2760000,1.0,160.5636621702416,39.75555555555555,5
11,config_B,train,2770000,0.9955555555555555,164.15219996609233,40.08434343434344,5
11,config_B,train,2780000,0.9955555555555555,179.75027101444687,39.90464646464646,5
11,config_B,train,2790000,1.0,162.56400134220252,39.84888888888889,5
11,config_B,train,2800000,1.0,163.5187518244348,39.85333333333333,10
11,config_B,train,2810000,1.0,160.9841326957835,39.724444444444444,5
11,config_B,train,2820000,1.0,156.89891862273285,39.23555555555556,5
11,config_B,train,2830000,1.0,157.4545274266451,39.35555555555556,5
11,config_B,train,2840000,1.0,158.3920438456417,39.324444444444445,5
11,config_B,train,2850000,1.0,157.26163326380288,39.266666666666666,10
11,config_B,train,2860000,1.0,160.38661492898473,39.53333333333334,5
11,config_B,train,2870000,1.0,165.79847655029926,40.04444444444444,5
11,config_B,train,2880000,1.0,181.93513287857672,41.742222222222225,5
11,config_B,train,2890000,1.0,159.00919384294224,39.49777777777778,5
11,config_B,train,2900000,1.0,161.4963047694444,39.78666666666667,10
11,config_B,train,2910000,1.0,163.01788060025027,39.91111111111111,5
11,config_B,train,2920000,1.0,170.8880449995189,40.60444444444444,5
11,config_B,train,2930000,1.0,182.72227919344792,41.75555555555555,5
11,config_B,train,2940000,1.0,168.60774344483028,40.577777777777776,5
11,config_B,train,2950000,1.0,168.80332889699355,40.41777777777778,10
11,config_B,train,2960000,1.0,171.5784315476359,40.577777777777776,5
11,config_B,train,2970000,1.0,169.81842719558813,40.58222222222222,5
11,config_B,train,2980000,0.9955555555555555,168.02917317741964,40.262121212121215,5
11,config_B,train,2990000,0.9955555555555555,161.3396285750921,39.414848484848484,5
11,config_B,train,3000000,0.9955555555555555,164.7016638668537,39.70474747474748,10
11,config_B,train,3010000,0.9955555555555555,165.3210849575719,39.86959595959596,5
11,config_B,train,3020000,1.0,172.1725873180174,40.74666666666667,5
11,config_B,train,3030000,0.9955555555555555,169.5042853803388,40.257171717171715,5
11,config_B,train,3040000,1.0,167.75982137566362,40.17777777777778,5
11,config_B,train,3050000,0.9955555555555555,167.9201298650333,40.22727272727273,10
11,config_B,train,3060000,1.0,160.62551878309716,39.34222222222222,5
11,config_B,train,3070000,1.0,157.42491554060945,39.004444444444445,5
11,config_B,train,3080000,0.9955555555555555,177.2230450038257,39.29848484848485,5
11,config_B,train,3090000,0.9955555555555555,177.3801418281866,40.05282828282829,5
11,config_B,train,3100000,1.0,161.53502116496097,39.217777777777776,10
11,config_B,train,3110000,1.0,159.15759545029803,38.90222222222222,5
11,config_B,train,3120000,1.0,165.78711303101483,39.84888888888889,5
11,config_B,train,3130000,0.9955555555555555,171.27473389792686,38.95333333333333,5
11,config_B,train,3140000,0.9911111111111112,160.24113234658986,38.671616161616164,5
11,config_B,train,3150000,0.9955555555555555,163.45804999625244,39.42333333333333,10
11,config_B,train,3160000,1.0,165.11200694395035,39.58222222222222,5
11,config_B,train,3170000,1.0,158.05339749365808,38.76888888888889,5
11,config_B,train,3180000,1.0,163.474316698711,39.20444444444445,5
11,config_B,train,3190000,1.0,165.40935047516697,39.333333333333336,5
11,config_B,train,3200000,1.0,174.73918617317022,40.35111111111111,10
11,config_B,train,3210000,1.0,160.6513373671816,38.74666666666667,5
11,config_B,train,3220000,1.0,167.42725511634612,39.62222222222223,5
11,config_B,train,3230000,1.0,165.2747512446354,39.35555555555556,5
11,config_B,train,3240000,1.0,165.2887065307641,39.27111111111111,5
11,config_B,train,3250000,1.0,163.69010659451766,38.98222222222222,10
11,config_B,train,3260000,1.0,165.59599668458648,39.275555555555556,5
11,config_B,train,3270000,1.0,163.09027635550532,39.0,5
11,config_B,train,3280000,1.0,172.5475375948321,40.0,5
11,config_B,train,3290000,1.0,167.81313014595412,39.431111111111115,5
11,config_B,train,3300000,1.0,166.0089367197843,39.22666666666667,10
11,config_B,train,3310000,0.9955555555555555,163.65370782629302,39.05262626262626,5
11,config_B,train,3320000,1.0,166.4525839878453,39.23555555555556,5
11,config_B,train,3330000,1.0,169.722909761534,39.684444444444445,5
11,config_B,train,3340000,0.9911111111111112,170.57377919990773,39.46428940568475,5
11,config_B,train,3350000,1.0,169.33114112635093,39.28,10
11,config_B,train,3360000,0.9955555555555555,188.05990085671596,39.30343434343435,5
11,config_B,train,3370000,1.0,168.69679306601944,39.248888888888885,5
11,config_B,train,3380000,1.0,169.04369804014442,39.40444444444445,5
11,config_B,train,3390000,0.9955555555555555,164.54136013793033,38.890808080808085,5
11,config_B,train,3400000,0.9955555555555555,167.4628822082057,39.32727272727273,10
11,config_B,train,3410000,0.9822222222222221,189.0510934651662,40.50948051948052,5
11,config_B,train,3420000,0.9733333333333333,188.5816762012687,38.94857142857143,5
11,config_B,train,3430000,0.9866666666666667,175.30799639191142,39.146031746031746,5
11,config_B,train,3440000,0.9955555555555555,169.17852726963253,39.20353535353535,5
11,config_B,train,3450000,1.0,166.99481337285386,39.013333333333335,10
11,config_B,train,3460000,0.9866666666666667,186.6843666029517,39.70666666666666,5
11,config_B,train,3470000,1.0,172.10675959012377,39.72888888888889,5
11,config_B,train,3480000,0.9955555555555555,165.1809494078668,38.95242424242424,5
11,config_B,train,3490000,0.9955555555555555,172.9294728509397,39.68838383838384,5
11,config_B,train,3500000,0.9911111111111112,167.04610377092075,39.12558139534884,10
11,config_B,train,3510000,0.9955555555555555,173.2080122252324,39.69676767676767,5
11,config_B,train,3520000,0.9955555555555555,175.78721396569767,40.00282828282828,5
11,config_B,train,3530000,0.9955555555555555,170.52157855169762,39.285959595959596,5
11,config_B,train,3540000,0.9911111111111112,169.50754055096215,39.31514211886305,5
11,config_B,train,3550000,0.9822222222222223,184.8631646702633,39.19186991869919,10
11,config_B,train,3560000,0.9911111111111112,164.9700779222312,38.84113695090439,5
11,config_B,train,3570000,1.0,168.94990029724386,39.08444444444444,5
11,config_B,train,3580000,1.0,170.5479958959045,39.32888888888889,5
11,config_B,train,3590000,0.9955555555555555,185.91384477154932,39.18707070707071,5
11,config_B,train,3600000,1.0,165.6071517479648,38.92888888888889,10
11,config_B,train,3610000,0.9955555555555555,162.18849374639035,38.95989898989899,5
11,config_B,train,3620000,0.9955555555555555,162.6219196307161,39.07979797979798,5
11,config_B,train,3630000,0.9955555555555555,182.69429597325444,38.991313131313134,5
11,config_B,train,3640000,1.0,167.96874335957304,39.0488888888889,5
11,config_B,train,3650000,0.9955555555555555,190.3218311999958,40.8630303030303,10
11,config_B,train,3660000,1.0,168.84892371001513,39.24444444444445,5
11,config_B,train,3670000,0.9866666666666667,196.10192572022714,38.63111111111111,5
11,config_B,train,3680000,0.9911111111111112,184.2559650251447,39.07400516795865,5
11,config_B,train,3690000,0.9866666666666667,178.65154807926803,38.614285714285714,5
11,config_B,train,3700000,0.9866666666666667,176.77816321017949,38.31777777777778,10
11,config_B,train,3710000,0.9822222222222223,198.61136129707452,39.13322493224932,5
11,config_B,train,3720000,0.9866666666666667,190.52224521611453,39.83238095238095,5
11,config_B,train,3730000,0.9866666666666667,179.73451022860394,40.67301587301587,5
11,config_B,train,3740000,0.9955555555555555,168.26211670368457,38.96686868686869,5
11,config_B,train,3750000,0.9955555555555555,166.3002018297474,38.760909090909095,10
11,config_B,train,3760000,0.9911111111111112,184.17469974251426,38.82129198966409,5
11,config_B,train,3770000,0.9911111111111112,181.1689040616247,38.61131313131313,5
11,config_B,train,3780000,0.9955555555555555,182.20060821006993,38.78222222222222,5
11,config_B,train,3790000,1.0,170.35874336433886,39.25333333333334,5
11,config_B,train,3800000,1.0,167.63675547425478,38.81777777777778,10
11,config_B,train,3810000,1.0,174.75188963187045,40.257777777777775,5
11,config_B,train,3820000,1.0,169.85275568863386,39.07555555555555,5
11,config_B,train,3830000,1.0,166.9700767114358,38.577777777777776,5
11,config_B,train,3840000,1.0,170.2455405011953,39.06222222222222,5
11,config_B,train,3850000,1.0,171.5002826076622,39.36888888888889,10
11,config_B,train,3860000,1.0,166.43557682837738,38.6,5
11,config_B,train,3870000,1.0,164.44407643870966,38.54222222222222,5
11,config_B,train,3880000,1.0,162.4889535760963,38.279999999999994,5
11,config_B,train,3890000,1.0,165.18969842470915,38.568888888888885,5
11,config_B,train,3900000,1.0,164.33688873117944,38.49333333333334,10
11,config_B,train,3910000,0.9955555555555555,164.51368134247036,38.184141414141415,5
11,config_B,train,3920000,0.9955555555555555,161.99486630218672,39.79666666666667,5
11,config_B,train,3930000,0.9866666666666667,162.43451369649372,38.03478975804557,5
11,config_B,train,3940000,0.9911111111111112,160.94945757658468,38.19813953488372,5
11,config_B,train,3950000,0.9955555555555555,166.18387464794608,38.67868686868687,10
11,config_B,train,3960000,1.0,164.76778746635267,38.45333333333333,5
11,config_B,train,3970000,1.0,164.47320578702937,38.51555555555556,5
11,config_B,train,3980000,0.9955555555555555,170.79332350621561,38.43717171717172,5
11,config_B,train,3990000,1.0,176.31505958742204,39.720000000000006,5
11,config_B,train,4000000,0.9955555555555555,179.37414594528826,38.43828282828283,10
11,config_B,train,4010000,0.9955555555555555,166.58246234208812,38.55101010101011,5
11,config_B,train,4020000,0.9955555555555555,163.43537994925268,38.17414141414141,5
11,config_B,train,4030000,0.9911111111111112,179.75862072737226,38.307906976744185,5
11,config_B,train,4040000,0.9866666666666667,162.2336449953365,38.126666666666665,5
11,config_B,train,4050000,0.9866666666666667,164.53949849781947,38.45111111111111,10
11,config_B,train,4060000,0.9911111111111112,165.85654803875812,38.217157622739016,5
11,config_B,train,4070000,1.0,165.3404640506041,38.16888888888889,5
11,config_B,train,4080000,1.0,165.00712182665342,38.2,5
11,config_B,train,4090000,0.9955555555555555,164.73292436450728,38.17787878787879,5
11,config_B,train,4100000,1.0,164.32569499234637,38.09777777777778,10
11,config_B,train,4110000,1.0,164.0174380451309,38.01777777777778,5
11,config_B,train,4120000,1.0,164.5055141748972,38.01777777777778,5
11,config_B,train,4130000,1.0,162.94348181093827,37.81777777777778,5
11,config_B,train,4140000,1.0,164.10459243447986,37.986666666666665,5
11,config_B,train,4150000,1.0,163.3358177855892,37.92444444444444,10
11,config_B,train,4160000,1.0,163.98315565144532,37.95111111111111,5
11,config_B,train,4170000,0.9955555555555555,174.65575383641144,39.11969696969697,5
11,config_B,train,4180000,1.0,164.30049983965654,38.035555555555554,5
11,config_B,train,4190000,1.0,166.39310014899857,38.23555555555556,5
11,config_B,train,4200000,1.0,166.97602309836915,38.373333333333335,10
11,config_B,train,4210000,1.0,181.9748379262922,40.471111111111114,5
11,config_B,train,4220000,1.0,167.0628897969316,38.59555555555555,5
11,config_B,train,4230000,1.0,167.66820808578413,38.724444444444444,5
11,config_B,train,4240000,1.0,166.24941399871733,38.49333333333333,5
11,config_B,train,4250000,0.9955555555555555,164.14501535193136,38.15555555555555,10
11,config_B,train,4260000,1.0,164.38344040349344,38.4,5
11,config_B,train,4270000,1.0,163.34355831676098,38.19111111111111,5
11,config_B,train,4280000,1.0,164.6179202096904,38.38666666666667,5
11,config_B,train,4290000,0.9955555555555555,166.15144457214106,38.526767676767676,5
11,config_B,train,4300000,1.0,166.63899970446863,38.742222222222225,10
11,config_B,train,4310000,1.0,163.4517249474449,38.11111111111111,5
11,config_B,train,4320000,1.0,166.21056750499474,39.10666666666667,5
11,config_B,train,4330000,1.0,163.35472432439644,38.16888888888889,5
11,config_B,train,4340000,1.0,163.05227021359832,38.13777777777778,5
11,config_B,train,4350000,1.0,163.86081349687075,38.20444444444445,10
11,config_B,train,4360000,1.0,162.1666557914963,38.03111111111111,5
11,config_B,train,4370000,1.0,162.9244892323376,38.093333333333334,5
11,config_B,train,4380000,1.0,164.3742783217312,38.27111111111111,5
11,config_B,train,4390000,1.0,161.25980354269063,37.977777777777774,5
11,config_B,train,4400000,1.0,163.49859505333092,38.155555555555566,10
11,config_B,train,4410000,1.0,162.83820349572952,38.05333333333334,5
11,config_B,train,4420000,1.0,165.84738791546886,38.373333333333335,5
11,config_B,train,4430000,1.0,164.5345332420763,38.21333333333333,5
11,config_B,train,4440000,1.0,166.15116476970235,38.35111111111111,5
11,config_B,train,4450000,1.0,172.92018160405786,39.11555555555556,10
11,config_B,train,4460000,0.9955555555555555,166.2320500198401,38.337777777777774,5
11,config_B,train,4470000,0.9911111111111112,167.15478807797393,38.359379844961246,5
11,config_B,train,4480000,0.9911111111111112,166.68393759492716,38.32279069767442,5
11,config_B,train,4490000,1.0,170.196709656535,38.66666666666667,5
11,config_B,train,4500000,1.0,169.1831517183405,38.62222222222223,10
11,config_B,train,4510000,1.0,170.4742726552441,38.702222222222225,5
11,config_B,train,4520000,1.0,178.29977614594532,39.43555555555555,5
11,config_B,train,4530000,1.0,173.71096137327513,39.00888888888889,5
11,config_B,train,4540000,1.0,175.56978169229492,39.23555555555556,5
11,config_B,train,4550000,1.0,180.8419858116842,39.791111111111114,10
11,config_B,train,4560000,1.0,169.74510092479449,38.69777777777777,5
11,config_B,train,4570000,1.0,170.8518738765111,38.81777777777778,5
11,config_B,train,4580000,1.0,179.76742322305813,39.724444444444444,5
11,config_B,train,4590000,1.0,174.91380167720476,39.21777777777778,5
11,config_B,train,4600000,1.0,173.09735169027752,39.062222222222225,10
11,config_B,train,4610000,1.0,172.4724852042827,39.04,5
11,config_B,train,4620000,1.0,169.3160435320179,38.70666666666667,5
11,config_B,train,4630000,1.0,172.05226608061523,39.08444444444444,5
11,config_B,train,4640000,1.0,172.21361274223915,39.102222222222224,5
11,config_B,train,4650000,1.0,172.14854365482543,38.93777777777778,10
11,config_B,train,4660000,1.0,172.3996344947813,38.88888888888889,5
11,config_B,train,4670000,1.0,170.17810822284204,38.64,5
11,config_B,train,4680000,1.0,169.0114332505345,38.55555555555556,5
11,config_B,train,4690000,0.9955555555555555,171.02864725527624,38.71292929292929,5
11,config_B,train,4700000,0.9955555555555555,185.8422355406495,38.32333333333334,10
11,config_B,train,4710000,1.0,170.85664680809344,38.75555555555555,5
11,config_B,train,4720000,0.9955555555555555,175.51013119111184,39.136464646464646,5
11,config_B,train,4730000,0.9911111111111112,187.62814332100137,38.51161616161616,5
11,config_B,train,4740000,0.9955555555555555,167.5598090437069,38.23868686868687,5
11,config_B,train,4750000,1.0,166.01985769937332,38.12888888888889,10
11,config_B,train,4760000,1.0,167.87118542328489,38.38666666666667,5
11,config_B,train,4770000,1.0,166.9318397746807,38.23555555555556,5
11,config_B,train,4780000,1.0,167.16192235654285,38.27111111111111,5
11,config_B,train,4790000,0.9955555555555555,167.68021066954353,38.33747474747475,5
11,config_B,train,4800000,1.0,168.72962429370912,38.46666666666666,10
11,config_B,train,4810000,1.0,167.91623637675144,38.47555555555555,5
11,config_B,train,4820000,1.0,168.67314418543097,38.48444444444444,5
11,config_B,train,4830000,1.0,171.98562310192796,38.77777777777778,5
11,config_B,train,4840000,1.0,174.08436931429068,38.93333333333334,5
11,config_B,train,4850000,1.0,174.4288765266631,39.07111111111111,10
11,config_B,train,4860000,1.0,175.72939400313746,39.09777777777778,5
11,config_B,train,4870000,1.0,175.960220368842,39.222222222222214,5
11,config_B,train,4880000,1.0,177.7763474344311,39.34666666666667,5
11,config_B,train,4890000,1.0,175.61142938041993,39.2,5
11,config_B,train,4900000,0.9955555555555555,193.51370354360435,39.4879797979798,10
11,config_B,train,4910000,1.0,177.96521836367907,39.41333333333334,5
11,config_B,train,4920000,1.0,178.52896264286747,39.55555555555556,5
11,config_B,train,4930000,0.9955555555555555,191.81240781280275,39.282626262626266,5
11,config_B,train,4940000,1.0,176.54141312064806,39.24888888888889,5
11,config_B,train,4950000,1.0,178.98137528162326,39.528888888888886,10
11,config_B,train,4960000,1.0,175.33380012168433,39.160000000000004,5
11,config_B,train,4970000,1.0,176.7874604294389,39.266666666666666,5
11,config_B,train,4980000,1.0,178.0338426570385,39.39555555555555,5
11,config_B,train,4990000,1.0,179.92226946458553,39.63111111111111,5
11,config_B,train,5000000,0.9955555555555555,178.3520110685743,39.45020202020202,5
11,config_C,test,10000,0.08,75.125247621417,218.0,5
11,config_C,test,20000,0.04,99.40177137553626,190.0,5
11,config_C,test,30000,0.0,147.3840272078125,,5
11,config_C,test,40000,0.0,411.5716909192235,,5
11,config_C,test,50000,0.0,150.3022977602526,,10
11,config_C,test,60000,0.04,187.0339137221774,68.0,5
11,config_C,test,70000,0.0,116.2455705721065,,5
11,config_C,test,80000,0.0,204.42553560240964,,5
11,config_C,test,90000,0.08,396.63724560005693,154.5,5
11,config_C,test,100000,0.08,384.4037083137449,122.0,10
11,config_C,test,110000,0.0,263.2071412033897,,5
11,config_C,test,120000,0.04,160.34682893241637,73.0,5
11,config_C,test,130000,0.0,199.19015578416617,,5
11,config_C,test,140000,0.0,478.20406753526913,,5
11,config_C,test,150000,0.04,719.2043586663582,33.0,10
11,config_C,test,160000,0.04,722.1007126781818,495.0,5
11,config_C,test,170000,0.08,825.9120277505612,55.5,5
11,config_C,test,180000,0.0,1048.4446304872695,,5
11,config_C,test,190000,0.04,798.296481484306,51.0,5
11,config_C,test,200000,0.04,895.503974516906,310.0,10
11,config_C,test,210000,0.08,816.929415973138,78.0,5
11,config_C,test,220000,0.08,823.6449222529438,58.5,5
11,config_C,test,230000,0.12000000000000002,767.8305667234647,195.0,5
11,config_C,test,240000,0.2,908.9054813798451,108.0,5
11,config_C,test,250000,0.16,1224.362747595434,65.5,10
11,config_C,test,260000,0.2,1424.4414807805056,98.77777777777779,5
11,config_C,test,270000,0.16,1362.6164737243562,122.16666666666667,5
11,config_C,test,280000,0.24,1231.7661363128675,90.1,5
11,config_C,test,290000,0.12000000000000002,1211.2500078729029,97.0,5
11,config_C,test,300000,0.24000000000000005,1082.0760378083787,223.25,10
11,config_C,test,310000,0.24000000000000005,1458.0647045838373,46.75,5
11,config_C,test,320000,0.27999999999999997,1235.3754767751234,45.4,5
11,config_C,test,330000,0.24000000000000005,1223.549220393545,46.666666666666664,5
11,config_C,test,340000,0.24000000000000005,874.7182363327095,39.75,5
11,config_C,test,350000,0.27999999999999997,1105.7339504867173,54.13333333333333,10
11,config_C,test,360000,0.27999999999999997,868.5457751741538,137.66666666666666,5
11,config_C,test,370000,0.2,647.7930756904511,69.33333333333333,5
11,config_C,test,380000,0.36,787.4430201995888,45.93333333333334,5
11,config_C,test,390000,0.36,659.3854549441401,87.58333333333334,5
11,config_C,test,400000,0.32,1104.9882524321242,88.75,10
11,config_C,test,410000,0.32,1170.8077490454757,79.26666666666667,5
11,config_C,test,420000,0.27999999999999997,1221.1482480438888,70.0,5
11,config_C,test,430000,0.32,1124.701325837455,90.625,5
11,config_C,test,440000,0.44000000000000006,838.9801795353065,50.333333333333336,5
11,config_C,test,450000,0.6,1118.824144376054,90.36333333333333,10
11,config_C,test,460000,0.44000000000000006,1051.1438556981614,82.35,5
11,config_C,test,470000,0.4,991.7984270362091,58.229166666666664,5
11,config_C,test,480000,0.36,934.7848174019249,72.1,5
11,config_C,test,490000,0.4,1019.3606773244221,43.520833333333336,5
11,config_C,test,500000,0.52,951.0649064418765,55.7875,10
11,config_C,test,510000,0.44000000000000006,1333.6920545402304,63.0625,5
11,config_C,test,520000,0.48,1244.219064445819,51.026666666666664,5
11,config_C,test,530000,0.48,1508.4912996766689,59.72916666666667,5
11,config_C,test,540000,0.52,1169.1409238974793,111.75,5
11,config_C,test,550000,0.52,1037.449108279762,73.49,10
11,config_C,test,560000,0.6,748.073382955137,58.986666666666665,5
11,config_C,test,570000,0.48,970.8586120559834,69.69333333333333,5
11,config_C,test,580000,0.52,756.5858096231908,54.629999999999995,5
11,config_C,test,590000,0.4800000000000001,1014.237747462172,58.575,5
11,config_C,test,600000,0.6,917.9654605682172,71.3625,10
11,config_C,test,610000,0.64,1285.984179722278,151.45999999999998,5
11,config_C,test,620000,0.5599999999999999,1201.6633548696423,60.4125,5
11,config_C,test,630000,0.52,1244.4720885948136,109.975,5
11,config_C,test,640000,0.5599999999999999,1431.2450016466705,77.06666666666666,5
11,config_C,test,650000,0.6,1152.2310518382515,53.239999999999995,10
11,config_C,test,660000,0.64,883.2875068793185,47.86,5
11,config_C,test,670000,0.5599999999999999,874.0569223487612,103.61666666666666,5
11,config_C,test,680000,0.52,1191.7003871176994,111.725,5
11,config_C,test,690000,0.64,1063.1205723438704,96.78666666666666,5
11,config_C,test,700000,0.68,604.618402922224,81.26666666666665,10
11,config_C,test,710000,0.64,755.9773096667701,67.00999999999999,5
11,config_C,test,720000,0.5599999999999999,887.4105211973376,99.0,5
11,config_C,test,730000,0.8,636.1538784131267,85.35,5
11,config_C,test,740000,0.6799999999999999,800.6037544929499,101.22333333333333,5
11,config_C,test,750000,0.6799999999999999,664.4141894865154,127.57000000000001,10
11,config_C,test,760000,0.6799999999999999,715.2289776071711,98.83666666666666,5
11,config_C,test,770000,0.8800000000000001,587.1532762213487,108.85999999999999,5
11,config_C,test,780000,0.72,865.068092019061,93.88,5
11,config_C,test,790000,0.6799999999999999,784.886845754999,61.160000000000004,5
11,config_C,test,800000,0.8,620.1687216189852,81.22666666666666,10
11,config_C,test,810000,0.8400000000000001,736.7646118201403,77.62,5
11,config_C,test,820000,0.76,670.8322268245258,72.04666666666667,5
11,config_C,test,830000,0.72,1036.2816744910403,60.0,5
11,config_C,test,840000,0.8400000000000001,464.4238954922181,77.55,5
11,config_C,test,850000,0.6,1124.7828244773132,59.970000000000006,10
11,config_C,test,860000,0.6799999999999999,715.5864089686517,57.720000000000006,5
11,config_C,test,870000,0.72,543.3540146410617,91.32333333333334,5
11,config_C,test,880000,0.6,589.3960012649713,69.1625,5
11,config_C,test,890000,0.72,385.97112840806966,60.760000000000005,5
11,config_C,test,900000,0.6799999999999999,312.1535217464424,78.15,10
11,config_C,test,910000,0.72,795.960870035203,65.52000000000001,5
11,config_C,test,920000,0.8,501.09091639897616,56.15666666666666,5
11,config_C,test,930000,0.76,523.8300411838551,52.85333333333333,5
11,config_C,test,940000,0.8800000000000001,534.9854752177439,58.63666666666667,5
11,config_C,test,950000,0.6799999999999999,643.5511615619931,94.10666666666665,10
11,config_C,test,960000,0.6799999999999999,549.7652647635686,52.839999999999996,5
11,config_C,test,970000,0.6799999999999999,825.2620321088137,75.28,5
11,config_C,test,980000,0.76,536.2696704839145,55.33,5
11,config_C,test,990000,0.8,476.65315108952365,64.3,5
11,config_C,test,1000000,1.0,258.53678456635174,54.04,10
11,config_C,test,1010000,1.0,266.1201569380052,55.160000000000004,5
11,config_C,test,1020000,0.9199999999999999,236.79599720213778,50.769999999999996,5
11,config_C,test,1030000,0.96,249.39278763680983,58.1,5
11,config_C,test,1040000,0.96,279.7701965848579,53.95,5
11,config_C,test,1050000,0.96,336.418280497485,51.77,10
11,config_C,test,1060000,0.9199999999999999,537.1528442891487,57.120000000000005,5
11,config_C,test,1070000,0.9199999999999999,384.91127831679995,51.56,5
11,config_C,test,1080000,1.0,226.67796395684064,64.32000000000001,5
11,config_C,test,1090000,0.9199999999999999,385.5265685933337,51.989999999999995,5
11,config_C,test,1100000,0.96,252.14237200490317,50.989999999999995,10
11,config_C,test,1110000,0.96,356.68200909852317,48.55,5
11,config_C,test,1120000,0.96,451.81037942295006,63.15,5
11,config_C,test,1130000,0.9199999999999999,395.1191152406085,56.96,5
11,config_C,test,1140000,0.9199999999999999,383.0237954868681,52.529999999999994,5
11,config_C,test,1150000,0.96,395.7698801953337,52.21,10
11,config_C,test,1160000,0.9199999999999999,452.5630988575764,57.90666666666666,5
11,config_C,test,1170000,0.9199999999999999,438.29956731316923,70.0,5
11,config_C,test,1180000,0.96,437.52454983769394,57.989999999999995,5
11,config_C,test,1190000,0.8400000000000001,524.5468320360974,53.35,5
11,config_C,test,1200000,0.8,577.7939032868171,49.769999999999996,10
11,config_C,test,1210000,0.9199999999999999,358.9054702264934,48.32,5
11,config_C,test,1220000,0.8800000000000001,416.79493146206204,67.06,5
11,config_C,test,1230000,0.76,697.8039893516054,46.766666666666666,5
11,config_C,test,1240000,0.8800000000000001,400.32938366135625,44.57666666666667,5
11,config_C,test,1250000,0.8800000000000001,623.3750529664562,50.15,10
11,config_C,test,1260000,0.9199999999999999,482.35105012640395,47.06,5
11,config_C,test,1270000,0.96,317.47581836902316,48.55,5
11,config_C,test,1280000,0.8800000000000001,536.6305903937152,48.81,5
11,config_C,test,1290000,0.9199999999999999,339.82152878711673,51.70666666666667,5
11,config_C,test,1300000,0.8800000000000001,428.49684613802737,43.18666666666667,10
11,config_C,test,1310000,0.9199999999999999,464.7742934995305,44.38,5
11,config_C,test,1320000,0.96,355.40008365949444,59.529999999999994,5
11,config_C,test,1330000,0.9199999999999999,471.6374539169713,45.779999999999994,5
11,config_C,test,1340000,0.8,583.7576681559461,48.08,5
11,config_C,test,1350000,0.9199999999999999,452.91676612934964,51.510000000000005,10
11,config_C,test,1360000,0.8800000000000001,358.5338985133757,46.28,5
11,config_C,test,1370000,0.8400000000000001,374.46734692925054,42.67,5
11,config_C,test,1380000,0.96,316.8291302874055,44.760000000000005,5
11,config_C,test,1390000,0.96,310.313780756403,43.55,5
11,config_C,test,1400000,0.96,220.14829794829703,52.6,10
11,config_C,test,1410000,0.96,333.36735194523925,47.22,5
11,config_C,test,1420000,0.96,317.2656728976242,42.86,5
11,config_C,test,1430000,0.96,340.8102624822863,44.739999999999995,5
11,config_C,test,1440000,0.96,364.73425893466475,48.08,5
11,config_C,test,1450000,0.96,245.12259853372944,53.25,10
11,config_C,test,1460000,0.96,349.7913961781072,46.57,5
11,config_C,test,1470000,0.96,312.26920984048195,61.23,5
11,config_C,test,1480000,0.9199999999999999,527.6889798816857,44.519999999999996,5
11,config_C,test,1490000,1.0,214.72286192863444,48.8,5
11,config_C,test,1500000,0.9199999999999999,201.8934377257686,46.29,10
11,config_C,test,1510000,1.0,234.51545030795518,61.2,5
11,config_C,test,1520000,0.96,241.47186628543128,53.7,5
11,config_C,test,1530000,1.0,216.79969739257314,49.4,5
11,config_C,test,1540000,1.0,187.0808597970351,44.88,5
11,config_C,test,1550000,1.0,190.60912437171757,43.72,10
11,config_C,test,1560000,0.96,188.7322367136533,45.12,5
11,config_C,test,1570000,0.9199999999999999,345.62057490362446,47.64,5
11,config_C,test,1580000,0.8800000000000001,260.63214221900665,55.13666666666667,5
11,config_C,test,1590000,0.96,370.7012783047324,50.22,5
11,config_C,test,1600000,1.0,300.59007604993474,59.52,10
11,config_C,test,1610000,0.96,338.6172879634447,51.6,5
11,config_C,test,1620000,0.9199999999999999,344.0565466831991,60.36,5
11,config_C,test,1630000,1.0,205.9015599005089,47.8,5
11,config_C,test,1640000,0.8800000000000001,206.90781194268033,51.44,5
11,config_C,test,1650000,0.8400000000000001,173.5508452379544,45.88,10
11,config_C,test,1660000,0.8800000000000001,188.11444403991698,47.43333333333334,5
11,config_C,test,1670000,0.96,227.74635968416382,49.269999999999996,5
11,config_C,test,1680000,0.96,329.64173358205164,43.79,5
11,config_C,test,1690000,1.0,175.19692097257604,43.36,5
11,config_C,test,1700000,1.0,238.82420675634347,51.36,10
11,config_C,test,1710000,0.96,167.71564112523657,43.62,5
11,config_C,test,1720000,1.0,199.45701142137227,47.0,5
11,config_C,test,1730000,1.0,248.78382182130866,53.720000000000006,5
11,config_C,test,1740000,1.0,243.85374999557993,52.2,5
11,config_C,test,1750000,0.96,183.4372827878316,43.620000000000005,10
11,config_C,test,1760000,0.96,179.53924954245886,43.11,5
11,config_C,test,1770000,0.96,223.2454550166167,47.75,5
11,config_C,test,1780000,1.0,187.58876202641014,45.4,5
11,config_C,test,1790000,0.8400000000000001,376.8910269195865,45.25666666666667,5
11,config_C,test,1800000,0.96,348.5876214249759,69.42,10
11,config_C,test,1810000,1.0,172.88109049831806,44.4,5
11,config_C,test,1820000,0.9199999999999999,369.3570507180247,69.35,5
11,config_C,test,1830000,1.0,210.59067702796614,47.279999999999994,5
11,config_C,test,1840000,1.0,213.51424382022,46.92,5
11,config_C,test,1850000,1.0,229.2399031907352,48.52,10
11,config_C,test,1860000,1.0,228.9479790265083,49.08,5
11,config_C,test,1870000,1.0,302.98637471917607,57.92,5
11,config_C,test,1880000,1.0,200.27907019714604,55.0,5
11,config_C,test,1890000,0.96,219.60904392775143,49.15,5
11,config_C,test,1900000,0.9199999999999999,222.8216594484373,46.839999999999996,10
11,config_C,test,1910000,0.9199999999999999,207.94312231071734,48.1,5
11,config_C,test,1920000,0.96,206.40232226467833,47.21,5
11,config_C,test,1930000,0.9199999999999999,294.7265601776629,55.08,5
11,config_C,test,1940000,0.9199999999999999,203.46860739053963,46.54666666666667,5
11,config_C,test,1950000,0.9199999999999999,328.77308172985863,46.56,10
11,config_C,test,1960000,0.96,191.16447976715065,45.85,5
11,config_C,test,1970000,0.96,199.35982497576614,51.67,5
11,config_C,test,1980000,0.9199999999999999,197.70699970851578,45.21,5
11,config_C,test,1990000,0.8800000000000001,257.28577215659516,66.05333333333334,5
11,config_C,test,2000000,0.8,295.8920792824953,47.486666666666665,10
11,config_C,test,2010000,0.9199999999999999,200.89733527156048,49.33,5
11,config_C,test,2020000,0.9199999999999999,202.0144494029608,47.15,5
11,config_C,test,2030000,0.76,279.7676429399005,66.77333333333334,5
11,config_C,test,2040000,0.76,335.1408424717716,43.33,5
11,config_C,test,2050000,0.96,234.6657447421851,63.489999999999995,10
11,config_C,test,2060000,0.96,198.12572610010903,45.67,5
11,config_C,test,2070000,0.8800000000000001,221.40710854608037,54.15,5
11,config_C,test,2080000,0.8400000000000001,194.24364932487157,45.336666666666666,5
11,config_C,test,2090000,0.72,197.83353438752894,48.336666666666666,5
11,config_C,test,2100000,0.72,187.84873525826174,52.40666666666666,10
11,config_C,test,2110000,0.76,216.2932315063062,69.04666666666667,5
11,config_C,test,2120000,0.72,186.6386779546596,41.583333333333336,5
11,config_C,test,2130000,0.72,172.26484492124578,43.1,5
11,config_C,test,2140000,0.72,194.00345585807582,73.88666666666667,5
11,config_C,test,2150000,0.64,164.88937506115525,43.483333333333334,10
11,config_C,test,2160000,0.6799999999999999,163.9239792236122,42.25333333333333,5
11,config_C,test,2170000,0.64,181.4747819237735,53.033333333333324,5
11,config_C,test,2180000,0.76,213.3110523873611,46.43666666666667,5
11,config_C,test,2190000,0.8400000000000001,179.03820807176598,47.623333333333335,5
11,config_C,test,2200000,0.8800000000000001,178.91157219977165,43.54666666666667,10
11,config_C,test,2210000,0.9199999999999999,171.35442626617765,46.36,5
11,config_C,test,2220000,0.8800000000000001,298.0977174615024,46.46,5
11,config_C,test,2230000,0.8800000000000001,175.68679965410703,42.93666666666667,5
11,config_C,test,2240000,0.8800000000000001,200.6734122519658,43.086666666666666,5
11,config_C,test,2250000,0.8400000000000001,214.20932050039852,43.33333333333333,10
11,config_C,test,2260000,0.8800000000000001,180.04631403780786,44.10666666666667,5
11,config_C,test,2270000,0.9199999999999999,206.61840632254479,47.239999999999995,5
11,config_C,test,2280000,1.0,207.89700417417322,48.12,5
11,config_C,test,2290000,1.0,185.4007462789156,50.879999999999995,5
11,config_C,test,2300000,0.96,175.17319447184326,53.239999999999995,10
11,config_C,test,2310000,0.9199999999999999,179.77864969205856,46.8,5
11,config_C,test,2320000,0.96,212.7571514162559,50.53,5
11,config_C,test,2330000,1.0,187.4044085210786,44.92,5
11,config_C,test,2340000,0.96,289.1451131696242,46.019999999999996,5
11,config_C,test,2350000,0.9199999999999999,187.31879461663,43.8,10
11,config_C,test,2360000,1.0,167.83212133054704,45.96,5
11,config_C,test,2370000,0.8800000000000001,313.1725285306343,43.03666666666667,5
11,config_C,test,2380000,0.9199999999999999,200.45948930852197,42.519999999999996,5
11,config_C,test,2390000,0.96,188.85104252628926,46.92,5
11,config_C,test,2400000,0.8800000000000001,165.45051305143593,45.17666666666666,10
11,config_C,test,2410000,0.9199999999999999,136.05675530103764,40.50666666666667,5
11,config_C,test,2420000,0.76,390.10051912167603,43.47666666666667,5
11,config_C,test,2430000,0.8400000000000001,311.6092239517326,41.39333333333333,5
11,config_C,test,2440000,0.8800000000000001,232.6590139138253,47.22666666666667,5
11,config_C,test,2450000,0.9199999999999999,174.54934666264919,46.21333333333333,10
11,config_C,test,2460000,1.0,197.18417891156395,50.08,5
11,config_C,test,2470000,0.96,188.93298919534135,48.36,5
11,config_C,test,2480000,0.96,212.4288450239374,46.14,5
11,config_C,test,2490000,0.9199999999999999,471.4713537222391,45.5,5
11,config_C,test,2500000,1.0,216.43404939139396,51.08,10
11,config_C,test,2510000,0.96,362.97924926319445,65.42,5
11,config_C,test,2520000,0.96,199.57833641809424,48.03,5
11,config_C,test,2530000,0.9199999999999999,191.23475648525027,45.973333333333336,5
11,config_C,test,2540000,1.0,237.73949978303193,52.839999999999996,5
11,config_C,test,2550000,0.9199999999999999,192.0840531821572,49.013333333333335,10
11,config_C,test,2560000,0.96,199.7390280678966,47.85,5
11,config_C,test,2570000,0.8800000000000001,357.0643698091045,58.743333333333325,5
11,config_C,test,2580000,0.8400000000000001,197.96233288227023,44.480000000000004,5
11,config_C,test,2590000,0.96,319.5007374675411,46.31,5
11,config_C,test,2600000,0.8800000000000001,299.0116699878221,71.06,10
11,config_C,test,2610000,0.8400000000000001,196.12208356301133,57.2,5
11,config_C,test,2620000,0.72,266.3888793854417,44.15,5
11,config_C,test,2630000,0.8400000000000001,196.40208581690916,49.04,5
11,config_C,test,2640000,0.8,193.56484334603314,45.72,5
11,config_C,test,2650000,0.8400000000000001,183.46938861277215,48.79,10
11,config_C,test,2660000,0.8,246.7517345576588,50.87333333333333,5
11,config_C,test,2670000,0.9199999999999999,200.48223484472675,48.906666666666666,5
11,config_C,test,2680000,0.8,168.7340449786741,43.663333333333334,5
11,config_C,test,2690000,0.8,304.75503937872867,45.239999999999995,5
11,config_C,test,2700000,0.76,199.71281787826283,44.760000000000005,10
11,config_C,test,2710000,0.8400000000000001,292.18010201840264,48.67,5
11,config_C,test,2720000,0.8800000000000001,274.0918774262124,46.626666666666665,5
11,config_C,test,2730000,0.96,188.0742422389635,58.95,5
11,config_C,test,2740000,0.8400000000000001,289.944571824834,44.47,5
11,config_C,test,2750000,0.9199999999999999,190.81074480089143,44.92,10
11,config_C,test,2760000,0.9199999999999999,208.42594937346993,48.65333333333333,5
11,config_C,test,2770000,0.8400000000000001,209.96716681527928,50.8,5
11,config_C,test,2780000,0.64,454.9733791243005,45.193333333333335,5
11,config_C,test,2790000,0.72,342.27845990257373,60.75333333333333,5
11,config_C,test,2800000,0.6799999999999999,158.5018320857319,75.24,10
11,config_C,test,2810000,0.52,343.8792900650715,77.61666666666666,5
11,config_C,test,2820000,0.6,137.51235035551852,52.89333333333334,5
11,config_C,test,2830000,0.6,158.9526859959437,51.19333333333333,5
11,config_C,test,2840000,0.5599999999999999,301.4265236391737,52.166666666666664,5
11,config_C,test,2850000,0.52,230.0450571369933,72.58333333333333,10
11,config_C,test,2860000,0.44000000000000006,183.00615509085367,48.86666666666666,5
11,config_C,test,2870000,0.48,158.00576146540416,52.68333333333334,5
11,config_C,test,2880000,0.5599999999999999,157.25320609825522,67.775,5
11,config_C,test,2890000,0.44000000000000006,247.69913215029965,55.333333333333336,5
11,config_C,test,2900000,0.36,267.78734934804777,49.770833333333336,10
11,config_C,test,2910000,0.36,338.76122618600544,52.68888888888889,5
11,config_C,test,2920000,0.44000000000000006,251.6555207596623,54.06666666666666,5
11,config_C,test,2930000,0.4,392.59246722334797,48.160000000000004,5
11,config_C,test,2940000,0.44000000000000006,208.31564353624495,130.73333333333332,5
11,config_C,test,2950000,0.44000000000000006,226.65791520525136,54.35,10
11,config_C,test,2960000,0.44000000000000006,155.49951075873935,88.21333333333334,5
11,config_C,test,2970000,0.48,194.36274152034932,53.86,5
11,config_C,test,2980000,0.5599999999999999,396.40967250614256,54.32666666666667,5
11,config_C,test,2990000,0.52,159.57949639597766,60.7,5
11,config_C,test,3000000,0.44000000000000006,264.3973252496731,50.175,10
11,config_C,test,3010000,0.4800000000000001,191.7044162226838,50.55833333333334,5
11,config_C,test,3020000,0.56,289.66472146432204,60.8625,5
11,config_C,test,3030000,0.4800000000000001,260.62584888914887,49.03333333333333,5
11,config_C,test,3040000,0.64,306.3860254894645,55.59583333333333,5
11,config_C,test,3050000,0.52,302.26452338202097,42.333333333333336,10
11,config_C,test,3060000,0.64,302.38981375802035,57.05333333333333,5
11,config_C,test,3070000,0.64,184.09772405533462,50.59166666666667,5
11,config_C,test,3080000,0.72,302.6716052392988,63.473333333333336,5
11,config_C,test,3090000,0.6799999999999999,307.43158626692616,44.72,5
11,config_C,test,3100000,0.64,314.32876386712263,44.68333333333333,10
11,config_C,test,3110000,0.72,428.94046430831105,50.04,5
11,config_C,test,3120000,0.6799999999999999,298.09829044098825,46.65,5
11,config_C,test,3130000,0.72,334.14181808364486,69.41,5
11,config_C,test,3140000,0.6799999999999999,443.5779515700832,61.52333333333333,5
11,config_C,test,3150000,0.6799999999999999,322.2935462070224,45.510000000000005,10
11,config_C,test,3160000,0.64,319.23737383243514,44.05,5
11,config_C,test,3170000,0.72,333.0026653505643,48.00333333333333,5
11,config_C,test,3180000,0.72,477.43166131689514,67.46000000000001,5
11,config_C,test,3190000,0.72,470.6739612439317,52.6,5
11,config_C,test,3200000,0.8,263.2406435173198,53.40666666666667,10
11,config_C,test,3210000,0.6799999999999999,213.01588832017828,51.04,5
11,config_C,test,3220000,0.72,216.71700527294598,57.10666666666666,5
11,config_C,test,3230000,0.8,198.1011006862511,47.79,5
11,config_C,test,3240000,0.8,282.94012847240253,57.56,5
11,config_C,test,3250000,0.8,214.39929814299293,51.68333333333334,10
11,config_C,test,3260000,0.8400000000000001,273.8924901867334,57.33,5
11,config_C,test,3270000,0.8,285.9015941039967,67.28999999999999,5
11,config_C,test,3280000,0.64,265.24019501977455,53.45,5
11,config_C,test,3290000,0.6,314.29632822033545,61.508333333333326,5
11,config_C,test,3300000,0.64,159.42712958253696,49.93333333333334,10
11,config_C,test,3310000,0.72,222.3659502997112,69.075,5
11,config_C,test,3320000,0.64,158.6176828557946,46.0625,5
11,config_C,test,3330000,0.72,187.30216481772248,46.839999999999996,5
11,config_C,test,3340000,0.6799999999999999,304.08884798885896,79.80666666666666,5
11,config_C,test,3350000,0.64,207.7668519601635,47.3,10
11,config_C,test,3360000,0.6,234.73837807240426,42.836666666666666,5
11,config_C,test,3370000,0.8,285.23816777001537,63.52,5
11,config_C,test,3380000,0.8400000000000001,251.94605263439422,53.8,5
11,config_C,test,3390000,0.8400000000000001,301.3291291262917,43.03333333333333,5
11,config_C,test,3400000,0.8800000000000001,227.58228806000938,55.370000000000005,10
11,config_C,test,3410000,0.8,422.6059264907418,43.97,5
11,config_C,test,3420000,0.8800000000000001,351.1136487934126,54.79,5
11,config_C,test,3430000,0.72,358.1057306681344,46.156666666666666,5
11,config_C,test,3440000,0.72,355.40509210747564,61.716666666666676,5
11,config_C,test,3450000,0.76,509.75487311043696,47.11333333333333,10
11,config_C,test,3460000,0.72,346.48186718152044,57.36666666666666,5
11,config_C,test,3470000,0.72,376.04776808555727,53.81666666666668,5
11,config_C,test,3480000,0.8,315.49340972838263,46.95666666666666,5
11,config_C,test,3490000,0.8400000000000001,159.6794952128838,56.06,5
11,config_C,test,3500000,0.72,252.31000214951013,65.88666666666667,10
11,config_C,test,3510000,0.64,140.32414530753186,44.983333333333334,5
11,config_C,test,3520000,0.8,156.89779707028873,46.71666666666667,5
11,config_C,test,3530000,0.8400000000000001,230.20302758324405,62.870000000000005,5
11,config_C,test,3540000,0.76,315.2613804598574,56.04666666666667,5
11,config_C,test,3550000,0.76,287.17257570680897,59.09666666666667,10
11,config_C,test,3560000,0.72,250.54741312572574,54.413333333333334,5
11,config_C,test,3570000,0.8,219.93207420966866,54.54666666666666,5
11,config_C,test,3580000,0.76,237.84585385210784,56.98333333333333,5
11,config_C,test,3590000,0.6799999999999999,214.25229851858776,53.67,5
11,config_C,test,3600000,0.6799999999999999,352.1256860071959,56.77333333333333,10
11,config_C,test,3610000,0.8,244.41646592425,58.06333333333333,5
11,config_C,test,3620000,0.76,282.6275284662765,68.47999999999999,5
11,config_C,test,3630000,0.76,239.42936349693886,56.013333333333335,5
11,config_C,test,3640000,0.72,345.66782951089556,52.36,5
11,config_C,test,3650000,0.72,323.6497472678912,51.879999999999995,10
11,config_C,test,3660000,0.72,402.7433420970834,76.87999999999998,5
11,config_C,test,3670000,0.72,316.0915278850804,44.78333333333333,5
11,config_C,test,3680000,0.76,184.61189504625332,65.14666666666668,5
11,config_C,test,3690000,0.64,302.22554792309893,58.50666666666666,5
11,config_C,test,3700000,0.68,148.07945735867239,63.166666666666664,10
11,config_C,test,3710000,0.64,173.38903106550123,48.17999999999999,5
11,config_C,test,3720000,0.72,222.08918982181848,73.42999999999999,5
11,config_C,test,3730000,0.64,210.92746087014865,52.59333333333333,5
11,config_C,test,3740000,0.6,163.5766719572219,47.279999999999994,5
11,config_C,test,3750000,0.64,169.30864623104657,46.03333333333333,10
11,config_C,test,3760000,0.6799999999999999,195.58518187633032,48.413333333333334,5
11,config_C,test,3770000,0.72,269.48750625131635,74.85,5
11,config_C,test,3780000,0.64,203.4909854286158,48.32666666666667,5
11,config_C,test,3790000,0.6,195.34414099326764,57.85666666666667,5
11,config_C,test,3800000,0.64,160.34150145396376,49.13,10
11,config_C,test,3810000,0.72,146.46723455311587,78.47999999999999,5
11,config_C,test,3820000,0.6,218.34482764251925,43.36,5
11,config_C,test,3830000,0.6,179.85318497768458,45.54333333333333,5
11,config_C,test,3840000,0.44000000000000006,190.83760766136123,44.88333333333333,5
11,config_C,test,3850000,0.6799999999999999,185.59904927792414,52.0,10
11,config_C,test,3860000,0.64,162.66116442844879,56.6,5
11,config_C,test,3870000,0.4,298.9485259410073,50.75,5
11,config_C,test,3880000,0.56,254.36264646940768,74.18333333333332,5
11,config_C,test,3890000,0.52,237.92922865150186,50.083333333333336,5
11,config_C,test,3900000,0.64,277.81462387537715,89.56666666666666,10
11,config_C,test,3910000,0.6,224.5269803219865,61.825,5
11,config_C,test,3920000,0.64,151.9428151616155,64.11666666666667,5
11,config_C,test,3930000,0.52,235.00579045887275,66.95833333333334,5
11,config_C,test,3940000,0.6,303.33871971558705,82.00333333333333,5
11,config_C,test,3950000,0.72,130.01442141207752,67.42666666666666,10
11,config_C,test,3960000,0.72,145.40704760673998,55.983333333333334,5
11,config_C,test,3970000,0.64,290.67060798278425,49.75,5
11,config_C,test,3980000,0.64,174.24685102942072,52.95,5
11,config_C,test,3990000,0.6,161.01422232412682,44.50666666666667,5
11,config_C,test,4000000,0.6799999999999999,263.86732175402676,59.64,10
11,config_C,test,4010000,0.6799999999999999,207.06860049875112,57.666666666666664,5
11,config_C,test,4020000,0.64,321.1048440647932,63.533333333333324,5
11,config_C,test,4030000,0.5599999999999999,146.3800188003001,46.586666666666666,5
11,config_C,test,4040000,0.5599999999999999,393.24298144294,53.15333333333333,5
11,config_C,test,4050000,0.56,172.94080166847033,45.1,10
11,config_C,test,4060000,0.64,262.7783111592295,88.96666666666667,5
11,config_C,test,4070000,0.6,275.381454080026,70.12,5
11,config_C,test,4080000,0.64,418.98836564519877,86.99333333333333,5
11,config_C,test,4090000,0.72,287.6017095393496,58.45,5
11,config_C,test,4100000,0.8400000000000001,235.9547863744586,49.68333333333333,10
11,config_C,test,4110000,0.72,261.69756037226404,75.13333333333333,5
11,config_C,test,4120000,0.68,157.80165752364002,73.96000000000001,5
11,config_C,test,4130000,0.64,163.28959876227668,51.56666666666666,5
11,config_C,test,4140000,0.64,148.199667832535,50.983333333333334,5
11,config_C,test,4150000,0.56,145.4249769842405,59.416666666666664,10
11,config_C,test,4160000,0.6,132.0172291803493,73.64666666666668,5
11,config_C,test,4170000,0.72,149.2133836735489,45.14666666666667,5
11,config_C,test,4180000,0.6799999999999999,230.12794188401932,81.26666666666668,5
11,config_C,test,4190000,0.6799999999999999,379.94305780836896,133.39000000000001,5
11,config_C,test,4200000,0.6799999999999999,114.95280151079233,55.879999999999995,10
11,config_C,test,4210000,0.6,270.887250495991,52.125,5
11,config_C,test,4220000,0.72,209.7238262166183,85.12,5
11,config_C,test,4230000,0.72,129.1482752636759,50.089999999999996,5
11,config_C,test,4240000,0.72,142.15611473012532,49.589999999999996,5
11,config_C,test,4250000,0.64,165.75834297006855,51.71,10
11,config_C,test,4260000,0.6799999999999999,334.9534243405204,57.083333333333336,5
11,config_C,test,4270000,0.6799999999999999,322.79847746603025,51.775,5
11,config_C,test,4280000,0.6,190.94896208032935,43.762499999999996,5
11,config_C,test,4290000,0.68,146.2952611144345,53.1125,5
11,config_C,test,4300000,0.6,152.21692615751496,46.275,10
11,config_C,test,4310000,0.64,359.07467349216967,84.85,5
11,config_C,test,4320000,0.76,142.6097065354588,69.975,5
11,config_C,test,4330000,0.72,146.86539002362912,89.19,5
11,config_C,test,4340000,0.64,122.85095839632808,46.0625,5
11,config_C,test,4350000,0.64,144.16360053562076,92.42,10
11,config_C,test,4360000,0.6,161.4805329104859,50.125,5
11,config_C,test,4370000,0.64,160.54513640612348,59.225,5
11,config_C,test,4380000,0.6,173.5062862590019,54.69166666666667,5
11,config_C,test,4390000,0.6799999999999999,162.3074128216571,50.641666666666666,5
11,config_C,test,4400000,0.68,170.07256165077212,70.3375,10
11,config_C,test,4410000,0.68,175.7917061903969,55.3125,5
11,config_C,test,4420000,0.5599999999999999,293.92926795304277,172.07333333333332,5
11,config_C,test,4430000,0.72,159.5266483784356,74.01666666666667,5
11,config_C,test,4440000,0.6,144.13177208938254,45.599999999999994,5
11,config_C,test,4450000,0.6799999999999999,116.71973535188636,72.82916666666667,10
11,config_C,test,4460000,0.6,143.7030774019238,52.68333333333334,5
11,config_C,test,4470000,0.6799999999999999,160.9372259494226,70.29583333333333,5
11,config_C,test,4480000,0.6,365.9030486258579,73.83333333333333,5
11,config_C,test,4490000,0.5599999999999999,132.57302546718512,43.104166666666664,5
11,config_C,test,4500000,0.4800000000000001,257.45622340681786,42.5,10
11,config_C,test,4510000,0.4800000000000001,141.17557446442117,64.9375,5
11,config_C,test,4520000,0.5599999999999999,135.44124241126886,50.25416666666666,5
11,config_C,test,4530000,0.64,224.5107517737544,80.36666666666667,5
11,config_C,test,4540000,0.44000000000000006,326.31343798221667,46.69444444444445,5
11,config_C,test,4550000,0.52,205.65469681437816,62.75,10
11,config_C,test,4560000,0.48,121.3353647831409,42.916666666666664,5
11,config_C,test,4570000,0.6,363.77261849559966,66.3375,5
11,config_C,test,4580000,0.48,450.271805710257,45.2375,5
11,config_C,test,4590000,0.44000000000000006,250.54832837168584,42.54166666666667,5
11,config_C,test,4600000,0.44000000000000006,174.3127371617066,42.65,10
11,config_C,test,4610000,0.48,271.62627671795354,86.23333333333333,5
11,config_C,test,4620000,0.52,317.29510167528485,59.52083333333333,5
11,config_C,test,4630000,0.44000000000000006,134.82649437989397,49.645833333333336,5
11,config_C,test,4640000,0.44000000000000006,180.91475057153428,51.3125,5
11,config_C,test,4650000,0.36,137.81830667152735,44.083333333333336,10
11,config_C,test,4660000,0.48,277.39341779251976,44.458333333333336,5
11,config_C,test,4670000,0.48,142.71958742194133,43.5,5
11,config_C,test,4680000,0.6,141.80125980296694,49.4875,5
11,config_C,test,4690000,0.5599999999999999,117.1923175746773,43.4,5
11,config_C,test,4700000,0.4800000000000001,163.20699663167747,67.0625,10
11,config_C,test,4710000,0.5599999999999999,116.21412298968558,46.3875,5
11,config_C,test,4720000,0.6,130.49119604233016,46.0875,5
11,config_C,test,4730000,0.5599999999999999,166.5574867340569,42.94583333333333,5
11,config_C,test,4740000,0.5599999999999999,234.2981933500143,51.666666666666664,5
11,config_C,test,4750000,0.6,129.07887205533012,43.708333333333336,10
11,config_C,test,4760000,0.6,139.1048385551729,60.81666666666666,5
11,config_C,test,4770000,0.48,126.94040750738161,44.04166666666667,5
11,config_C,test,4780000,0.48,161.05257500628392,42.54166666666667,5
11,config_C,test,4790000,0.4,104.26359527791703,42.75,5
11,config_C,test,4800000,0.36,153.07936635827463,45.9375,10
11,config_C,test,4810000,0.4800000000000001,143.10580721074268,70.97916666666666,5
11,config_C,test,4820000,0.4,258.3899927813999,46.895833333333336,5
11,config_C,test,4830000,0.44000000000000006,120.47507651195394,65.5,5
11,config_C,test,4840000,0.36,133.7176866489813,50.3125,5
11,config_C,test,4850000,0.36,209.879327249462,54.1875,10
11,config_C,test,4860000,0.36,205.5120996229851,54.5,5
11,config_C,test,4870000,0.52,151.51616855293932,128.29166666666669,5
11,config_C,test,4880000,0.44000000000000006,153.622833214399,49.0,5
11,config_C,test,4890000,0.44000000000000006,205.54455150604872,52.125,5
11,config_C,test,4900000,0.52,154.15549507191454,96.16666666666666,10
11,config_C,test,4910000,0.48,177.92886391353505,72.97916666666666,5
11,config_C,test,4920000,0.4,311.7465369206135,51.9375,5
11,config_C,test,4930000,0.44000000000000006,188.70870525524575,52.95833333333333,5
11,config_C,test,4940000,0.4800000000000001,180.8880952165578,69.39583333333333,5
11,config_C,test,4950000,0.52,237.95158295543902,75.375,10
11,config_C,test,4960000,0.52,165.68050948346425,116.27083333333331,5
11,config_C,test,4970000,0.44000000000000006,146.26189233493218,59.125,5
11,config_C,test,4980000,0.4,221.83873956218582,49.333333333333336,5
11,config_C,test,4990000,0.44000000000000006,364.6772828591344,50.625,5
11,config_C,test,5000000,0.64,175.50725681234448,52.6,5
11,config_C,train,10000,0.01777777777777776,92.54904887084037,298.8333333333333,5
11,config_C,train,20000,0.00888888888888888,105.07941047647273,291.0,5
11,config_C,train,30000,0.00444444444444444,173.88271928223318,100.0,5
11,config_C,train,40000,0.00888888888888888,205.65518237757624,348.0,5
11,config_C,train,50000,0.00888888888888888,190.1017983465947,106.5,10
11,config_C,train,60000,0.00888888888888888,196.12190443860266,83.0,5
11,config_C,train,70000,0.013333333333333319,219.2149545278599,215.25,5
11,config_C,train,80000,0.00444444444444444,225.57728102991808,96.0,5
11,config_C,train,90000,0.00888888888888888,249.63413190893803,158.5,5
11,config_C,train,100000,0.00888888888888888,283.75231273733937,228.0,10
11,config_C,train,110000,0.0222222222222222,232.18658266482845,100.75,5
11,config_C,train,120000,0.013333333333333319,172.92949707453337,138.75,5
11,config_C,train,130000,0.013333333333333319,253.51480939404388,188.33333333333334,5
11,config_C,train,140000,0.01777777777777776,368.63611427317466,104.16666666666667,5
11,config_C,train,150000,0.04888888888888886,640.2338516329072,269.225,10
11,config_C,train,160000,0.04444444444444442,602.4909384686647,247.35555555555553,5
11,config_C,train,170000,0.03999999999999996,687.6743861902704,132.875,5
11,config_C,train,180000,0.06222222222222218,726.8531033769366,187.40416666666667,5
11,config_C,train,190000,0.09777777777777774,814.6028318602933,152.61818181818182,5
11,config_C,train,200000,0.11999999999999997,856.5150268277223,116.24501424501425,10
11,config_C,train,210000,0.10666666666666665,930.8740014495813,150.66666666666666,5
11,config_C,train,220000,0.1333333333333333,715.2488416689832,135.53,5
11,config_C,train,230000,0.17777777777777776,735.3464838897796,155.52777777777777,5
11,config_C,train,240000,0.18666666666666662,1036.9233889535662,165.87378246753246,5
11,config_C,train,250000,0.1911111111111111,931.1730386697552,134.85416666666666,10
11,config_C,train,260000,0.18666666666666662,1174.4710436696616,137.41716577540106,5
11,config_C,train,270000,0.17333333333333328,1134.2885913168277,126.83142857142857,5
11,config_C,train,280000,0.19999999999999996,1195.7726456585153,94.84190476190477,5
11,config_C,train,290000,0.1333333333333333,1031.6636095678089,106.71833333333333,5
11,config_C,train,300000,0.16888888888888887,1065.513339359366,120.69107142857142,10
11,config_C,train,310000,0.2711111111111111,1299.6332839034176,74.48863636363636,5
11,config_C,train,320000,0.23555555555555552,1107.5449656371648,137.05555555555554,5
11,config_C,train,330000,0.20888888888888885,1145.6578845662384,163.88063492063492,5
11,config_C,train,340000,0.20444444444444437,1062.6894807385072,180.57142857142858,5
11,config_C,train,350000,0.22666666666666663,1057.8037636836464,150.13085213032582,10
11,config_C,train,360000,0.2666666666666666,830.4644048902192,135.86964285714285,5
11,config_C,train,370000,0.2311111111111111,729.3270424388545,98.94263285024155,5
11,config_C,train,380000,0.37333333333333335,727.4093758092301,82.84658157934021,5
11,config_C,train,390000,0.3111111111111111,877.9498614077316,94.82128047391205,5
11,config_C,train,400000,0.3688888888888889,890.7880596358125,91.82830039525692,10
11,config_C,train,410000,0.36444444444444446,892.8111123497978,102.67040404040404,5
11,config_C,train,420000,0.4622222222222222,988.5649820559559,91.08979127134725,5
11,config_C,train,430000,0.31999999999999995,974.7224655575814,91.42202242202242,5
11,config_C,train,440000,0.5022222222222222,846.3643550898702,83.10958815958817,5
11,config_C,train,450000,0.3688888888888889,1002.6279934361346,90.22071320492373,10
11,config_C,train,460000,0.3822222222222222,744.1697510842016,78.17399267399267,5
11,config_C,train,470000,0.3866666666666666,998.205067060732,86.3030402930403,5
11,config_C,train,480000,0.31111111111111106,1043.4661746206455,84.03888888888889,5
11,config_C,train,490000,0.3911111111111111,1011.2799329236898,79.20166666666667,5
11,config_C,train,500000,0.4533333333333333,1110.271439337577,83.06392230576441,10
11,config_C,train,510000,0.49777777777777776,999.9395891657452,81.93841824841824,5
11,config_C,train,520000,0.4444444444444445,1161.0492793844141,73.0235380116959,5
11,config_C,train,530000,0.47555555555555556,1007.5396240550532,64.81132756132756,5
11,config_C,train,540000,0.4622222222222222,1044.0173487741195,85.12391758241759,5
11,config_C,train,550000,0.5244444444444445,900.5608202855612,69.42354068354068,10
11,config_C,train,560000,0.5111111111111111,841.8990586475722,67.22003787878789,5
11,config_C,train,570000,0.5066666666666666,842.6830115735162,85.1354329004329,5
11,config_C,train,580000,0.49333333333333335,949.6307495353424,99.02535885167465,5
11,config_C,train,590000,0.5466666666666666,998.4623004500266,96.39722222222223,5
11,config_C,train,600000,0.64,913.3441972419193,90.99932542895701,10
11,config_C,train,610000,0.5777777777777777,1132.219873323827,94.83266994266994,5
11,config_C,train,620000,0.6488888888888888,960.9469756064198,76.69567343946376,5
11,config_C,train,630000,0.6133333333333333,1030.536962789233,92.06198130197573,5
11,config_C,train,640000,0.6577777777777778,979.0739013877989,83.95552459235498,5
11,config_C,train,650000,0.6355555555555555,1028.8979858146783,88.92644667223615,10
11,config_C,train,660000,0.591111111111111,1120.0669117410725,87.47326466636812,5
11,config_C,train,670000,0.6,915.5366792459321,94.60989725721433,5
11,config_C,train,680000,0.6533333333333333,914.8564168981886,90.81283407757738,5
11,config_C,train,690000,0.7333333333333333,945.9464051495801,86.21919298639992,5
11,config_C,train,700000,0.7022222222222222,714.3024632451968,82.26828514798154,10
11,config_C,train,710000,0.6488888888888888,929.163436417644,85.24848673613208,5
11,config_C,train,720000,0.6888888888888889,842.5943959632448,83.81138074161656,5
11,config_C,train,730000,0.7155555555555556,882.4913130690035,96.25203422946795,5
11,config_C,train,740000,0.7288888888888889,746.3674955925312,97.60473032714413,5
11,config_C,train,750000,0.7288888888888889,611.8282629621466,91.6535794614742,10
11,config_C,train,760000,0.72,609.79380830807,84.53463027487417,5
11,config_C,train,770000,0.7555555555555555,575.2297535740022,88.55987030584592,5
11,config_C,train,780000,0.6933333333333334,664.213863303321,75.65004978716937,5
11,config_C,train,790000,0.7288888888888889,650.9243231088448,76.68221119440632,5
11,config_C,train,800000,0.7155555555555555,667.072057408037,79.81184704184703,10
11,config_C,train,810000,0.888888888888889,527.0401733036451,67.36373058047477,5
11,config_C,train,820000,0.8533333333333333,657.0239082790526,73.58018485390578,5
11,config_C,train,830000,0.8222222222222222,668.7786508866936,70.05036049316537,5
11,config_C,train,840000,0.7822222222222222,465.839626052755,74.65098063973065,5
11,config_C,train,850000,0.8311111111111111,477.4127224921673,69.63809306668404,10
11,config_C,train,860000,0.7955555555555556,511.162305958036,66.83193036354326,5
11,config_C,train,870000,0.7022222222222222,500.802594801747,67.32913199426112,5
11,config_C,train,880000,0.7466666666666667,571.5884762674689,74.77625,5
11,config_C,train,890000,0.7733333333333333,618.0196133165276,64.39115532734274,5
11,config_C,train,900000,0.7333333333333333,486.37998012005573,68.57606893558113,10
11,config_C,train,910000,0.7911111111111111,542.1346627698045,59.76528313150264,5
11,config_C,train,920000,0.7688888888888888,588.8603545765579,61.57676008202325,5
11,config_C,train,930000,0.7644444444444444,581.2097147327777,61.326297526762644,5
11,config_C,train,940000,0.7911111111111111,668.1684200454008,60.91283846214078,5
11,config_C,train,950000,0.671111111111111,577.2039331796434,60.335316762090955,10
11,config_C,train,960000,0.7466666666666667,590.633461415576,66.6576408088036,5
11,config_C,train,970000,0.76,721.459982380896,76.76559890686977,5
11,config_C,train,980000,0.8044444444444444,523.4868980196417,60.40725158154779,5
11,config_C,train,990000,0.8177777777777777,453.66979669512,64.57903666381927,5
11,config_C,train,1000000,0.9155555555555555,461.13208387582836,59.153040935672514,10
11,config_C,train,1010000,0.888888888888889,415.51900779471435,56.02775579717441,5
11,config_C,train,1020000,0.928888888888889,252.36549057805442,53.71825765965301,5
11,config_C,train,1030000,0.9511111111111111,258.9488668183429,54.18733679756936,5
11,config_C,train,1040000,0.9466666666666667,312.1160007750955,51.270798799108505,5
11,config_C,train,1050000,0.9644444444444444,268.5895770833291,51.06907929468905,10
11,config_C,train,1060000,0.9155555555555555,288.4439458050507,54.5494683771513,5
11,config_C,train,1070000,0.9466666666666667,262.6937093606048,53.19331923890063,5
11,config_C,train,1080000,0.9466666666666665,254.33810301279135,50.9150505050505,5
11,config_C,train,1090000,0.96,253.3424218300138,50.044972899729,5
11,config_C,train,1100000,0.9511111111111111,261.8048811911158,48.03147023707999,10
11,config_C,train,1110000,0.96,305.39333670411264,49.84354028085736,5
11,config_C,train,1120000,0.9555555555555555,301.91401945950827,51.51731098359005,5
11,config_C,train,1130000,0.9377777777777776,414.71331479068147,52.898989898989896,5
11,config_C,train,1140000,0.9066666666666666,360.922995412987,51.88312906489377,5
11,config_C,train,1150000,0.9511111111111111,307.7999212556714,52.52895681554217,10
11,config_C,train,1160000,0.9466666666666667,356.8157574523442,51.380956814163675,5
11,config_C,train,1170000,0.96,305.37949162920165,51.65093291721199,5
11,config_C,train,1180000,0.9466666666666667,351.66229226428266,54.21860916860917,5
11,config_C,train,1190000,0.9288888888888888,416.7564696016849,53.93264874660224,5
11,config_C,train,1200000,0.9199999999999999,392.4525688161524,54.97985435752878,10
11,config_C,train,1210000,0.9511111111111109,344.1735555281038,54.039070403280924,5
11,config_C,train,1220000,0.96,321.76708366827353,50.59111111111111,5
11,config_C,train,1230000,0.9155555555555555,387.95790448435287,52.485858585858594,5
11,config_C,train,1240000,0.9466666666666665,298.49821632920856,54.19245689982532,5
11,config_C,train,1250000,0.96,322.15921434784127,55.8374217828557,10
11,config_C,train,1260000,0.9333333333333333,374.31382694684055,55.35524948190658,5
11,config_C,train,1270000,0.9111111111111111,353.67051107060445,56.236693229251365,5
11,config_C,train,1280000,0.9244444444444445,330.57817872429484,56.06645785602946,5
11,config_C,train,1290000,0.9333333333333333,360.2765753475997,54.99240254021877,5
11,config_C,train,1300000,0.9244444444444444,387.25681548310627,51.12755606255606,10
11,config_C,train,1310000,0.9377777777777776,314.17535081047623,46.53884220674919,5
11,config_C,train,1320000,0.9466666666666667,254.84094055618556,47.21179652451916,5
11,config_C,train,1330000,0.9688888888888888,232.5970723652262,47.569133192389,5
11,config_C,train,1340000,0.9688888888888888,321.46797356730855,52.02978354978355,5
11,config_C,train,1350000,0.9733333333333333,281.25781809717057,47.07807342528273,10
11,config_C,train,1360000,0.9688888888888888,235.0816716690609,46.017785160575855,5
11,config_C,train,1370000,0.9688888888888888,193.5108172122828,44.87561428235847,5
11,config_C,train,1380000,0.9644444444444444,228.34183509380085,47.29661871121882,5
11,config_C,train,1390000,0.9733333333333333,210.05133225761475,46.300270143293396,5
11,config_C,train,1400000,0.9288888888888888,269.5730766870558,44.72123414597099,10
11,config_C,train,1410000,0.9244444444444445,260.16919095395417,48.187500922849765,5
11,config_C,train,1420000,0.9288888888888888,301.9020737082336,48.477815788547495,5
11,config_C,train,1430000,0.9688888888888888,267.8760864039813,51.28136363636363,5
11,config_C,train,1440000,0.9733333333333333,256.01645641407725,51.87233308696723,5
11,config_C,train,1450000,0.9644444444444444,270.94015933220606,52.06307692307693,10
11,config_C,train,1460000,0.9688888888888888,281.4671535070646,52.48103594080338,5
11,config_C,train,1470000,0.96,335.45922649080455,56.33624920299339,5
11,config_C,train,1480000,0.9777777777777779,248.53789036618087,50.95561468341956,5
11,config_C,train,1490000,0.9511111111111111,241.27362691479166,52.23061347061347,5
11,config_C,train,1500000,0.9555555555555555,273.6422718235734,57.21983908856002,10
11,config_C,train,1510000,0.9733333333333333,268.8990468454407,51.17268398268398,5
11,config_C,train,1520000,0.9866666666666667,245.89542476446277,49.75936507936508,5
11,config_C,train,1530000,0.9555555555555555,297.69698387299616,52.18663641520136,5
11,config_C,train,1540000,0.9644444444444444,243.6142502719334,51.21675895164267,5
11,config_C,train,1550000,0.96,248.57157803813735,49.05021777617353,10
11,config_C,train,1560000,0.9466666666666667,230.38037977533128,49.62392702904331,5
11,config_C,train,1570000,0.96,219.39035022268035,49.92705963287359,5
11,config_C,train,1580000,0.9333333333333332,223.01160845000618,48.099586299586306,5
11,config_C,train,1590000,0.9822222222222221,250.11684667419394,50.03026779422128,5
11,config_C,train,1600000,0.9555555555555555,251.77976469566357,45.204264624264624,10
11,config_C,train,1610000,0.9555555555555555,255.68222983740688,45.78,5
11,config_C,train,1620000,0.9511111111111111,260.4175845866076,48.58093522093522,5
11,config_C,train,1630000,0.9555555555555555,237.47741682493697,47.450200755317034,5
11,config_C,train,1640000,0.9288888888888888,256.70878061490396,51.16551226551227,5
11,config_C,train,1650000,0.9422222222222223,221.57707835099237,46.99728496717481,10
11,config_C,train,1660000,0.9377777777777776,234.660271509589,45.61408954408954,5
11,config_C,train,1670000,0.96,262.04610527964354,47.4748946008432,5
11,config_C,train,1680000,0.9377777777777778,244.46638238162933,48.653333333333336,5
11,config_C,train,1690000,0.9688888888888888,200.3649434781312,46.31829457364341,5
11,config_C,train,1700000,0.9644444444444444,204.2657404484716,47.503538848496305,10
11,config_C,train,1710000,0.9377777777777776,213.39036924338544,48.113961038961044,5
11,config_C,train,1720000,0.9466666666666667,210.07423053186002,49.561037258575546,5
11,config_C,train,1730000,0.9022222222222223,275.0493795360704,51.726636737246494,5
11,config_C,train,1740000,0.9066666666666666,279.3522804600122,51.03633324661625,5
11,config_C,train,1750000,0.96,273.15858772975355,54.36919896640827,10
11,config_C,train,1760000,0.9777777777777776,204.12351787720556,48.399841269841275,5
11,config_C,train,1770000,0.9466666666666667,286.1193045946866,47.97301569294763,5
11,config_C,train,1780000,0.9466666666666665,235.0387471189008,48.44881103392731,5
11,config_C,train,1790000,0.8666666666666666,296.6205616019628,55.64469706850008,5
11,config_C,train,1800000,0.928888888888889,239.49523664624311,54.95992672040885,10
11,config_C,train,1810000,0.9111111111111111,229.91332073760736,48.25434460887949,5
11,config_C,train,1820000,0.9644444444444444,271.6068145064479,54.0820202020202,5
11,config_C,train,1830000,0.9644444444444444,238.77116439647452,49.09517903285345,5
11,config_C,train,1840000,0.9644444444444444,274.16605278990687,55.216331738437,5
11,config_C,train,1850000,0.9422222222222223,296.7408428950351,50.875125135584284,10
11,config_C,train,1860000,0.9377777777777778,240.48502558493615,51.805966957019585,5
11,config_C,train,1870000,0.96,268.47491560623575,56.0526168663378,5
11,config_C,train,1880000,0.96,220.1813468973853,50.75854332801701,5
11,config_C,train,1890000,0.9555555555555555,231.4382452302143,51.302834588232386,5
11,config_C,train,1900000,0.9111111111111111,210.8114914981786,49.58721324635108,10
11,config_C,train,1910000,0.9199999999999999,229.60409277481608,52.25289552628146,5
11,config_C,train,1920000,0.96,252.33943036600394,49.603503325942356,5
11,config_C,train,1930000,0.9777777777777779,227.79730409790926,50.78924326319675,5
11,config_C,train,1940000,0.9822222222222223,236.498738172419,52.78273901808785,5
11,config_C,train,1950000,0.9422222222222221,260.1312771216993,49.15961038961039,10
11,config_C,train,1960000,0.9733333333333333,240.8023012182598,49.36455048827142,5
11,config_C,train,1970000,0.9733333333333333,200.45510991538194,49.44847745750185,5
11,config_C,train,1980000,0.9644444444444444,201.65256549635026,48.42940904057183,5
11,config_C,train,1990000,0.8399999999999999,271.0312678240231,57.47112114938202,5
11,config_C,train,2000000,0.8444444444444444,278.72553274426195,53.93409369088683,10
11,config_C,train,2010000,0.9244444444444444,216.30488168319988,52.25587825933756,5
11,config_C,train,2020000,0.9333333333333332,210.68255994371438,47.749084403968126,5
11,config_C,train,2030000,0.8533333333333333,241.27051059553514,53.74606563978657,5
11,config_C,train,2040000,0.8933333333333333,234.51502574418402,51.29381808008814,5
11,config_C,train,2050000,0.9288888888888888,242.68954396366098,51.030874721799286,10
11,config_C,train,2060000,0.9688888888888888,231.0152875732837,52.50977932636469,5
11,config_C,train,2070000,0.9111111111111111,206.47501983084095,46.25798225135434,5
11,config_C,train,2080000,0.8133333333333332,205.26401631179584,48.26724950724951,5
11,config_C,train,2090000,0.7555555555555555,205.2353335658166,55.680952380952384,5
11,config_C,train,2100000,0.7466666666666667,211.38656426491107,51.48862300839045,10
11,config_C,train,2110000,0.7688888888888888,212.36744384260396,53.02112643462489,5
11,config_C,train,2120000,0.7911111111111111,174.7372171745788,47.42064491064491,5
11,config_C,train,2130000,0.7511111111111111,210.32070542232015,60.82186868686868,5
11,config_C,train,2140000,0.76,209.08650453673076,53.02757105943152,5
11,config_C,train,2150000,0.7377777777777778,210.93708594646108,56.36253015989858,10
11,config_C,train,2160000,0.7244444444444444,231.10490761013176,52.57901706137001,5
11,config_C,train,2170000,0.6755555555555555,229.229866149479,49.76378968253968,5
11,config_C,train,2180000,0.7244444444444444,212.35584788334342,55.100223860223856,5
11,config_C,train,2190000,0.7644444444444444,177.04800531279912,50.81093434343434,5
11,config_C,train,2200000,0.8444444444444444,194.81805494173952,49.005139204008316,10
11,config_C,train,2210000,0.8311111111111111,179.96696976766708,47.51749296209069,5
11,config_C,train,2220000,0.8444444444444444,177.4891980115754,47.47058386325172,5
11,config_C,train,2230000,0.8755555555555556,213.34156594705024,49.10227530552261,5
11,config_C,train,2240000,0.9155555555555555,193.04104705687718,50.50816302560488,5
11,config_C,train,2250000,0.9022222222222223,184.2512662897969,45.826925064599486,10
11,config_C,train,2260000,0.9155555555555555,211.20238884674586,49.67503902160737,5
11,config_C,train,2270000,0.9333333333333332,200.29159436966916,51.87519312728615,5
11,config_C,train,2280000,0.9022222222222223,192.36811561848526,47.399579382024996,5
11,config_C,train,2290000,0.8933333333333333,218.66075403681378,50.8705796642382,5
11,config_C,train,2300000,0.8622222222222222,222.07535181736398,49.65718030813553,10
11,config_C,train,2310000,0.9199999999999999,203.93258312824614,53.6675313283208,5
11,config_C,train,2320000,0.9244444444444445,196.07731375986515,48.72421412960267,5
11,config_C,train,2330000,0.9377777777777778,198.71367156228786,46.131918167511806,5
11,config_C,train,2340000,0.9288888888888888,195.68748678467702,48.985230526509596,5
11,config_C,train,2350000,0.96,192.99820300581067,47.06423772609819,10
11,config_C,train,2360000,0.9377777777777776,169.27308953274604,45.628556998556995,5
11,config_C,train,2370000,0.9688888888888888,203.4629069313067,46.31841202724924,5
11,config_C,train,2380000,0.9333333333333332,228.1587688224284,50.24630761395467,5
11,config_C,train,2390000,0.9511111111111111,206.8392335230893,49.44409090909091,5
11,config_C,train,2400000,0.8577777777777778,196.5372813697902,54.75015193956371,10
11,config_C,train,2410000,0.8844444444444445,184.12510567018458,48.012601274064686,5
11,config_C,train,2420000,0.9111111111111111,195.63841147705722,44.40171763720151,5
11,config_C,train,2430000,0.9111111111111111,199.1264045109492,47.93309662457766,5
11,config_C,train,2440000,0.9244444444444444,213.40523599787616,50.078355868585426,5
11,config_C,train,2450000,0.9111111111111111,236.38424519285292,52.58185889746331,10
11,config_C,train,2460000,0.9244444444444444,229.970599362951,50.42030303030303,5
11,config_C,train,2470000,0.888888888888889,201.39432551612583,52.2887413029728,5
11,config_C,train,2480000,0.888888888888889,206.35223629757306,52.32702980804724,5
11,config_C,train,2490000,0.9022222222222223,202.12871721082766,49.292346491228066,5
11,config_C,train,2500000,0.9155555555555555,204.7878655054979,48.286801938579885,10
11,config_C,train,2510000,0.8755555555555554,215.65956108200294,49.016363636363636,5
11,config_C,train,2520000,0.8666666666666666,222.6830671136623,45.969415023748546,5
11,config_C,train,2530000,0.8711111111111112,215.84697983788692,45.55625031887085,5
11,config_C,train,2540000,0.8666666666666666,206.54233507052203,49.288652778493955,5
11,config_C,train,2550000,0.8844444444444445,216.66425834689556,45.84277537550368,10
11,config_C,train,2560000,0.8800000000000001,222.39595213132165,49.964164648690314,5
11,config_C,train,2570000,0.8800000000000001,222.79109138768618,54.40747103152095,5
11,config_C,train,2580000,0.8711111111111112,198.5769885941347,46.15728839383972,5
11,config_C,train,2590000,0.8533333333333333,200.91996729340914,51.1572285788467,5
11,config_C,train,2600000,0.8800000000000001,198.96982324578613,48.63753126271221,10
11,config_C,train,2610000,0.8711111111111111,191.50355007810631,48.09748917748918,5
11,config_C,train,2620000,0.8666666666666666,204.58596840919535,53.11766798418972,5
11,config_C,train,2630000,0.8622222222222222,176.78649345170487,46.89037567084078,5
11,config_C,train,2640000,0.8488888888888889,195.93666700707576,44.81167914242369,5
11,config_C,train,2650000,0.8044444444444444,192.8334485677058,48.824490635800984,10
11,config_C,train,2660000,0.8488888888888889,199.69323641313355,46.89547149029907,5
11,config_C,train,2670000,0.8311111111111111,181.75792424133323,45.82342550526115,5
11,config_C,train,2680000,0.7822222222222222,204.73202884865185,49.56958905749603,5
11,config_C,train,2690000,0.8088888888888889,207.86094175963194,56.31503893010624,5
11,config_C,train,2700000,0.8400000000000001,198.90429177513556,52.69589894722618,10
11,config_C,train,2710000,0.8,208.34710423555035,49.90323800214123,5
11,config_C,train,2720000,0.7688888888888888,237.65224745055124,53.947744143449334,5
11,config_C,train,2730000,0.8533333333333333,189.10089029763216,49.66672930963912,5
11,config_C,train,2740000,0.8533333333333333,192.119736966136,48.76033891614153,5
11,config_C,train,2750000,0.8577777777777778,196.6640872072847,51.822929576761204,10
11,config_C,train,2760000,0.8666666666666666,190.68522979368308,47.942562262299106,5
11,config_C,train,2770000,0.8400000000000001,201.9084004706986,47.27638125802311,5
11,config_C,train,2780000,0.711111111111111,191.75248420457936,55.25638528138528,5
11,config_C,train,2790000,0.6977777777777777,228.7055001624812,65.2357212554887,5
11,config_C,train,2800000,0.6799999999999999,165.01337025830526,51.39824217378386,10
11,config_C,train,2810000,0.5777777777777778,173.12297513569018,55.57852132983572,5
11,config_C,train,2820000,0.6577777777777778,194.20450201729741,60.425862605516,5
11,config_C,train,2830000,0.6222222222222221,178.71791796460502,58.66227272727273,5
11,config_C,train,2840000,0.6622222222222223,192.05098550255795,56.15252454862211,5
11,config_C,train,2850000,0.6,177.2178006250051,59.61845995254212,10
11,config_C,train,2860000,0.6044444444444445,156.73769183234108,68.13442600403448,5
11,config_C,train,2870000,0.6088888888888888,168.2357057024878,55.0218315018315,5
11,config_C,train,2880000,0.6266666666666667,189.44755404952065,55.954929501343216,5
11,config_C,train,2890000,0.5866666666666667,186.0492171620522,60.557104582409465,5
11,config_C,train,2900000,0.5911111111111111,189.24370459934534,46.58169399352856,10
11,config_C,train,2910000,0.5822222222222223,170.7589951803106,57.54191734417344,5
11,config_C,train,2920000,0.6444444444444444,181.66739826804627,52.752694235588976,5
11,config_C,train,2930000,0.6444444444444445,205.27335291424916,49.65473503303906,5
11,config_C,train,2940000,0.591111111111111,212.985648605406,51.57921855921855,5
11,config_C,train,2950000,0.6666666666666667,192.507562525379,62.25853890981681,10
11,config_C,train,2960000,0.6311111111111111,197.5812821780918,51.88835583354952,5
11,config_C,train,2970000,0.6622222222222222,155.91332904366004,53.15428571428572,5
11,config_C,train,2980000,0.6711111111111111,174.09191124506535,54.57228758169936,5
11,config_C,train,2990000,0.671111111111111,180.49569596163434,58.191080031080034,5
11,config_C,train,3000000,0.6444444444444445,168.76218505173543,60.268571428571434,10
11,config_C,train,3010000,0.6799999999999999,166.7976083800602,60.04113997113998,5
11,config_C,train,3020000,0.6755555555555555,158.59257567036536,50.02771561771562,5
11,config_C,train,3030000,0.6577777777777778,181.66143567230253,48.81650793650793,5
11,config_C,train,3040000,0.7155555555555555,178.55952477318837,57.942676767676765,5
11,config_C,train,3050000,0.6933333333333334,190.0156050745107,49.99312162898448,10
11,config_C,train,3060000,0.7155555555555555,187.5183265042274,53.194824441404464,5
11,config_C,train,3070000,0.7066666666666667,229.74055465800748,58.09308080808081,5
11,config_C,train,3080000,0.7066666666666667,205.3753974351303,52.65291943828529,5
11,config_C,train,3090000,0.6844444444444445,213.35490813689393,50.51553584812701,5
11,config_C,train,3100000,0.6977777777777778,207.3581545807379,50.62377729550144,10
11,config_C,train,3110000,0.7066666666666667,203.2359387442603,52.7323076923077,5
11,config_C,train,3120000,0.6977777777777778,209.20851748581782,52.23639401913971,5
11,config_C,train,3130000,0.6755555555555555,212.8689388652254,60.05654467483737,5
11,config_C,train,3140000,0.7066666666666667,198.84302274196926,53.73053044972384,5
11,config_C,train,3150000,0.6977777777777778,228.46980677850587,53.477619047619044,10
11,config_C,train,3160000,0.6888888888888889,238.60248873682576,47.97251633986928,5
11,config_C,train,3170000,0.7066666666666667,246.07198159431147,51.386274509803926,5
11,config_C,train,3180000,0.671111111111111,226.41503439736115,52.361504965622615,5
11,config_C,train,3190000,0.7155555555555555,251.736578125426,53.142647058823535,5
11,config_C,train,3200000,0.6755555555555556,225.46204395271621,56.45292250233426,10
11,config_C,train,3210000,0.6622222222222222,237.28414263800346,57.18362193362193,5
11,config_C,train,3220000,0.6488888888888888,219.0159658429217,54.800554920395804,5
11,config_C,train,3230000,0.6711111111111111,254.46004123097572,61.18341952165482,5
11,config_C,train,3240000,0.711111111111111,272.41875774395373,59.930105357652124,5
11,config_C,train,3250000,0.6977777777777778,249.76494864331784,60.17400929332938,10
11,config_C,train,3260000,0.72,236.58863849196268,57.161212121212124,5
11,config_C,train,3270000,0.6844444444444445,266.0689020257206,61.39109227120399,5
11,config_C,train,3280000,0.6577777777777778,264.86653787527763,75.9984916246544,5
11,config_C,train,3290000,0.6666666666666666,198.36503283569596,63.80643274853801,5
11,config_C,train,3300000,0.6355555555555555,259.8858659550516,56.042174002468116,10
11,config_C,train,3310000,0.7022222222222222,234.61743602333118,55.368617091972354,5
11,config_C,train,3320000,0.7022222222222222,255.88416872703206,67.41448241846498,5
11,config_C,train,3330000,0.7155555555555555,237.0588795610053,62.317694445099164,5
11,config_C,train,3340000,0.7022222222222222,211.19796231927384,56.90197691197691,5
11,config_C,train,3350000,0.6666666666666667,181.10837996659797,53.93867180222433,10
11,config_C,train,3360000,0.6799999999999999,192.82890348966922,61.184217267552185,5
11,config_C,train,3370000,0.6977777777777778,204.46458214582907,61.0542142374191,5
11,config_C,train,3380000,0.7333333333333333,216.92180101255727,57.608840048840044,5
11,config_C,train,3390000,0.7333333333333334,206.75457530953653,58.72027454905326,5
11,config_C,train,3400000,0.7333333333333333,232.62125908864428,51.4011537176274,10
11,config_C,train,3410000,0.7422222222222221,182.40045114466682,54.70885780885781,5
11,config_C,train,3420000,0.76,226.47823633466845,56.900191570881226,5
11,config_C,train,3430000,0.7333333333333333,206.45026671941577,53.723987862495925,5
11,config_C,train,3440000,0.7466666666666667,209.05395392289165,63.32521872863979,5
11,config_C,train,3450000,0.7511111111111111,223.01748178548368,53.786864079699384,10
11,config_C,train,3460000,0.7466666666666667,210.68422333825,50.45024052065648,5
11,config_C,train,3470000,0.7288888888888889,229.0931221743022,49.96443335775668,5
11,config_C,train,3480000,0.7644444444444444,223.94117725738278,54.38386215053138,5
11,config_C,train,3490000,0.7244444444444444,189.4934417810643,59.20102477477477,5
11,config_C,train,3500000,0.7066666666666667,203.89290259901486,52.89997113997115,10
11,config_C,train,3510000,0.6977777777777778,227.17081487038553,64.12531266442177,5
11,config_C,train,3520000,0.72,229.5788638890943,55.16451599983979,5
11,config_C,train,3530000,0.7511111111111111,218.07582011662626,55.822236392472334,5
11,config_C,train,3540000,0.7066666666666667,219.36855909791288,53.78060153354271,5
11,config_C,train,3550000,0.7777777777777777,188.68283846297626,53.37869587717785,10
11,config_C,train,3560000,0.7466666666666667,203.041948865783,51.47077197802198,5
11,config_C,train,3570000,0.7777777777777778,221.93565253569477,57.510218893107115,5
11,config_C,train,3580000,0.7777777777777778,225.71610668782978,57.24856381192907,5
11,config_C,train,3590000,0.7644444444444444,231.7509943014069,55.833735838300754,5
11,config_C,train,3600000,0.76,230.64028096352922,52.37888575679274,10
11,config_C,train,3610000,0.768888888888889,230.758069663564,50.88102258607471,5
11,config_C,train,3620000,0.7688888888888888,188.03247421914483,50.96361638361638,5
11,config_C,train,3630000,0.7244444444444444,208.87914280516816,51.70650754367633,5
11,config_C,train,3640000,0.7511111111111111,230.41790541288333,53.71507547882642,5
11,config_C,train,3650000,0.7288888888888889,292.83057293028025,60.85814536540117,10
11,config_C,train,3660000,0.711111111111111,265.7330135854427,51.71256891256892,5
11,config_C,train,3670000,0.7466666666666666,199.77916407000427,51.20326007326007,5
11,config_C,train,3680000,0.7466666666666667,234.4076906621611,52.95108281038514,5
11,config_C,train,3690000,0.7688888888888888,209.64658740275155,53.134242731575384,5
11,config_C,train,3700000,0.6844444444444444,189.82183077394924,55.462196251681554,10
11,config_C,train,3710000,0.6933333333333334,188.8410407283633,54.77932497473855,5
11,config_C,train,3720000,0.6844444444444445,208.70278785604955,56.88931750147962,5
11,config_C,train,3730000,0.7066666666666667,171.70528701455936,53.23878648233487,5
11,config_C,train,3740000,0.6666666666666666,186.43710253443422,52.89637946594469,5
11,config_C,train,3750000,0.6711111111111111,180.3850958079044,54.433698924731175,10
11,config_C,train,3760000,0.6933333333333334,199.1430587809092,58.524679574895096,5
11,config_C,train,3770000,0.6488888888888888,208.4482386351013,58.713890701890705,5
11,config_C,train,3780000,0.64,234.22165031927588,54.211277111067986,5
11,config_C,train,3790000,0.5822222222222222,246.6777599508182,55.35015365210412,5
11,config_C,train,3800000,0.6266666666666667,272.47072947254304,57.10742799683976,10
11,config_C,train,3810000,0.5911111111111111,222.59493227923122,54.223616628705614,5
11,config_C,train,3820000,0.6133333333333334,202.66905125625607,54.433502370263604,5
11,config_C,train,3830000,0.6755555555555556,220.68848913613687,57.79351402471659,5
11,config_C,train,3840000,0.64,247.85260382451142,56.45567958333604,5
11,config_C,train,3850000,0.6222222222222222,237.42994533674732,62.30093075826822,10
11,config_C,train,3860000,0.5866666666666667,255.06546894461508,60.6798589210354,5
11,config_C,train,3870000,0.6222222222222222,217.04413242199863,67.39839017351213,5
11,config_C,train,3880000,0.6177777777777778,267.6799434284755,69.23465437788018,5
11,config_C,train,3890000,0.6,236.431439993684,61.70329781704781,5
11,config_C,train,3900000,0.5955555555555556,272.57240409924776,56.648374363327676,10
11,config_C,train,3910000,0.5777777777777777,244.9722217687413,53.53313725490195,5
11,config_C,train,3920000,0.6355555555555557,274.05715607825647,54.28494788409423,5
11,config_C,train,3930000,0.6622222222222222,235.08658056230223,51.69167660530637,5
11,config_C,train,3940000,0.6666666666666667,221.51700567741688,60.376509528981934,5
11,config_C,train,3950000,0.6844444444444444,248.08753547936158,62.94871794871794,10
11,config_C,train,3960000,0.6977777777777778,220.68050937381108,61.767629072681714,5
11,config_C,train,3970000,0.6666666666666666,234.89171638330126,63.45351065351065,5
11,config_C,train,3980000,0.6177777777777778,273.8958117437266,66.89896074657051,5
11,config_C,train,3990000,0.6666666666666666,315.04704856616775,64.9715614973262,5
11,config_C,train,4000000,0.6977777777777778,271.5395451975925,61.12251479834996,10
11,config_C,train,4010000,0.6844444444444445,214.34403831734534,58.725703316556974,5
11,config_C,train,4020000,0.6444444444444445,227.92344363823258,57.09127832285727,5
11,config_C,train,4030000,0.6355555555555557,278.37699190829517,63.90908643570467,5
11,config_C,train,4040000,0.6355555555555555,277.3901517058292,64.42478298787509,5
11,config_C,train,4050000,0.6222222222222222,277.58701653132334,56.4525303030303,10
11,config_C,train,4060000,0.64,276.5422193475929,67.29629251035702,5
11,config_C,train,4070000,0.7022222222222222,290.552318194081,63.74545584045584,5
11,config_C,train,4080000,0.7244444444444443,258.89586245547116,61.60836274384801,5
11,config_C,train,4090000,0.7333333333333333,210.9411610309372,58.284376114082,5
11,config_C,train,4100000,0.7288888888888889,216.3223486835555,51.23018633540373,10
11,config_C,train,4110000,0.6844444444444444,247.19103730154606,64.25743440388749,5
11,config_C,train,4120000,0.7022222222222222,201.6376736784167,56.00113337642749,5
11,config_C,train,4130000,0.7022222222222222,205.89539240596005,63.42574074074074,5
11,config_C,train,4140000,0.6844444444444444,237.36201619480534,61.663695460166046,5
11,config_C,train,4150000,0.6533333333333333,230.28650538271444,65.57263269702294,10
11,config_C,train,4160000,0.6444444444444445,248.36095979848128,57.72901155327342,5
11,config_C,train,4170000,0.6755555555555556,187.09244064872527,58.32489215949043,5
11,config_C,train,4180000,0.6444444444444445,217.09470289900682,53.90165603402446,5
11,config_C,train,4190000,0.6755555555555556,173.6612934928829,52.21834912214223,5
11,config_C,train,4200000,0.6266666666666667,222.5908539417482,55.43180033416875,10
11,config_C,train,4210000,0.6444444444444445,219.66607092058956,54.93119843924192,5
11,config_C,train,4220000,0.6488888888888888,196.69409475491813,49.552116441779106,5
11,config_C,train,4230000,0.6577777777777778,234.4082310972518,58.32269859205835,5
11,config_C,train,4240000,0.6888888888888889,239.80793831517377,53.780671134599245,5
11,config_C,train,4250000,0.6711111111111111,196.36629132111761,60.89440300028535,10
11,config_C,train,4260000,0.6622222222222222,244.1126086812902,49.74172494172494,5
11,config_C,train,4270000,0.6577777777777778,224.98413854553587,55.63687494252404,5
11,config_C,train,4280000,0.6133333333333333,226.81077567274374,55.748302378624956,5
11,config_C,train,4290000,0.6444444444444445,222.6303999303057,55.37255709976298,5
11,config_C,train,4300000,0.6577777777777778,190.0488213070169,58.176623376623375,10
11,config_C,train,4310000,0.6622222222222222,203.20721125092388,52.34670459933618,5
11,config_C,train,4320000,0.6844444444444444,195.79647600058448,65.43145875441292,5
11,config_C,train,4330000,0.6533333333333333,201.50167541184487,58.53844611528822,5
11,config_C,train,4340000,0.6222222222222221,168.23957159729875,51.49765075504206,5
11,config_C,train,4350000,0.6488888888888888,173.70624312671524,68.88538611925709,10
11,config_C,train,4360000,0.6844444444444444,201.15375559255313,60.377517988519685,5
11,config_C,train,4370000,0.6711111111111111,193.78724589015687,55.33291005291005,5
11,config_C,train,4380000,0.6711111111111111,187.98301979332115,57.65851177437385,5
11,config_C,train,4390000,0.6844444444444444,159.76114828092582,54.29355065633291,5
11,config_C,train,4400000,0.6622222222222222,184.52968238758862,55.06727011292528,10
11,config_C,train,4410000,0.6533333333333333,189.90057386060795,54.50559205500382,5
11,config_C,train,4420000,0.6355555555555555,185.1973715864467,63.73860028860029,5
11,config_C,train,4430000,0.6533333333333333,156.45768396248292,56.27589225589226,5
11,config_C,train,4440000,0.6622222222222222,171.91109453803307,62.849373048184304,5
11,config_C,train,4450000,0.6622222222222222,169.1937966913583,51.9083170995671,10
11,config_C,train,4460000,0.6355555555555555,168.41330760863303,52.16801015076877,5
11,config_C,train,4470000,0.6311111111111111,155.13470649003426,48.572683982683984,5
11,config_C,train,4480000,0.6533333333333333,204.78061833330898,69.09985611598515,5
11,config_C,train,4490000,0.6222222222222221,183.92098012620963,61.84904761904761,5
11,config_C,train,4500000,0.5688888888888888,190.97668855243583,62.736886207474434,10
11,config_C,train,4510000,0.5911111111111111,148.5106581676636,67.18024340770792,5
11,config_C,train,4520000,0.5911111111111111,142.64356074929879,52.86330486726617,5
11,config_C,train,4530000,0.6088888888888888,178.1721912084832,61.90103720840564,5
11,config_C,train,4540000,0.5777777777777777,196.13535496659628,62.89017911010558,5
11,config_C,train,4550000,0.5377777777777778,194.37580445811966,56.44412024756853,10
11,config_C,train,4560000,0.5688888888888888,213.94951611238145,79.60667831982626,5
11,config_C,train,4570000,0.6088888888888888,220.3857233233858,58.76394241417497,5
11,config_C,train,4580000,0.6133333333333333,202.82670296644224,60.52969378708313,5
11,config_C,train,4590000,0.6222222222222222,204.34202684132478,64.07766341576686,5
11,config_C,train,4600000,0.5866666666666667,204.31907448186334,55.88387471432318,10
11,config_C,train,4610000,0.5644444444444445,174.02949086519183,66.24448189439116,5
11,config_C,train,4620000,0.5599999999999999,204.1275985602937,52.93446907498632,5
11,config_C,train,4630000,0.5822222222222222,170.33412630924565,68.9475,5
11,config_C,train,4640000,0.5422222222222223,172.99860079308593,55.71503329890754,5
11,config_C,train,4650000,0.5288888888888889,186.31823473764337,51.11892337681812,10
11,config_C,train,4660000,0.5688888888888889,180.84198845136584,51.79676054386844,5
11,config_C,train,4670000,0.5377777777777777,193.03350948336518,59.39261904761905,5
11,config_C,train,4680000,0.5688888888888888,148.7507715624731,60.284702380952375,5
11,config_C,train,4690000,0.4844444444444444,172.79528925752484,52.22952299102974,5
11,config_C,train,4700000,0.49777777777777776,152.6169306001736,50.388003663003666,10
11,config_C,train,4710000,0.49777777777777776,175.26518426204,48.0818144499179,5
11,config_C,train,4720000,0.5688888888888889,151.27979068156955,50.79476600985222,5
11,config_C,train,4730000,0.5688888888888889,205.68228606504454,63.857374978665305,5
11,config_C,train,4740000,0.5599999999999999,189.74508835511534,66.23770801331285,5
11,config_C,train,4750000,0.5822222222222222,168.52968918685733,63.498655913978496,10
11,config_C,train,4760000,0.5822222222222222,177.79728649625412,54.40814212832468,5
11,config_C,train,4770000,0.5777777777777777,179.97856082983327,63.21389069264069,5
11,config_C,train,4780000,0.47555555555555556,228.7664283260505,59.85809593632174,5
11,config_C,train,4790000,0.5022222222222222,148.99719571943484,51.647860791826304,5
11,config_C,train,4800000,0.5066666666666666,177.06803576844646,63.83695138195138,10
11,config_C,train,4810000,0.49333333333333335,188.12295932204847,52.16249919484702,5
11,config_C,train,4820000,0.5422222222222223,205.36052842646131,55.679789272030646,5
11,config_C,train,4830000,0.5066666666666666,182.51666417656674,55.34080459770115,5
11,config_C,train,4840000,0.4888888888888888,229.95455755938093,74.19680134680135,5
11,config_C,train,4850000,0.4844444444444444,273.10996561969887,55.70614307261367,10
11,config_C,train,4860000,0.4888888888888888,244.99618513805973,58.31721611721612,5
11,config_C,train,4870000,0.4844444444444444,243.2019786429566,69.92325953773323,5
11,config_C,train,4880000,0.49777777777777776,187.49004535085433,90.0788253968254,5
11,config_C,train,4890000,0.5066666666666666,183.58454797483267,82.84666666666666,5
11,config_C,train,4900000,0.4533333333333333,210.89866257458607,64.19611440491875,10
11,config_C,train,4910000,0.5111111111111111,191.8845057083736,77.48637362637362,5
11,config_C,train,4920000,0.4133333333333333,259.23859978153513,58.70150103519669,5
11,config_C,train,4930000,0.48,218.83761570960291,85.98633431085042,5
11,config_C,train,4940000,0.5199999999999999,214.42347496855194,83.55214637714637,5
11,config_C,train,4950000,0.5288888888888889,190.98344757631008,101.93757885168914,10
11,config_C,train,4960000,0.4844444444444444,210.55120360269694,51.30732118758435,5
11,config_C,train,4970000,0.5155555555555555,215.7830882056981,52.370000000000005,5
11,config_C,train,4980000,0.5066666666666666,236.71415646146056,52.4900766283525,5
11,config_C,train,4990000,0.4888888888888888,214.46221109284073,52.88942612942613,5
11,config_C,train,5000000,0.5777777777777777,209.6647456796499,59.302689212760015,5
11,config_D,test,10000,0.04,76.87846951247668,432.0,5
11,config_D,test,20000,0.04,128.35859426353232,481.0,5
11,config_D,test,30000,0.04,172.44393575046445,117.0,5
11,config_D,test,40000,0.0,134.2956457902136,,5
11,config_D,test,50000,0.0,311.8033109815766,,10
11,config_D,test,60000,0.0,300.8455872252622,,5
11,config_D,test,70000,0.04,532.7165305709968,180.0,5
11,config_D,test,80000,0.0,367.79354073420734,,5
11,config_D,test,90000,0.04,335.4243903371088,397.0,5
11,config_D,test,100000,0.0,408.84789896060477,,10
11,config_D,test,110000,0.0,369.6217437707205,,5
11,config_D,test,120000,0.04,460.6895362474502,255.0,5
11,config_D,test,130000,0.04,454.0586647829444,121.0,5
11,config_D,test,140000,0.04,752.086732957209,43.0,5
11,config_D,test,150000,0.0,636.5030240956478,,10
11,config_D,test,160000,0.12000000000000002,842.3964487514868,105.33333333333333,5
11,config_D,test,170000,0.08,1150.5096619115232,84.5,5
11,config_D,test,180000,0.0,1479.7721785788833,,5
11,config_D,test,190000,0.16,1012.0224005121203,118.83333333333333,5
11,config_D,test,200000,0.08,1224.2245199600816,68.0,10
11,config_D,test,210000,0.04,1061.853132774887,292.0,5
11,config_D,test,220000,0.08,1085.0456999858577,65.0,5
11,config_D,test,230000,0.0,1173.9264845132443,,5
11,config_D,test,240000,0.04,1104.9725151812058,107.0,5
11,config_D,test,250000,0.0,1458.350363125869,,10
11,config_D,test,260000,0.12000000000000002,1347.7132367340168,127.75,5
11,config_D,test,270000,0.08,1631.9221589743916,113.5,5
11,config_D,test,280000,0.12000000000000002,1236.6245756384074,102.25,5
11,config_D,test,290000,0.04,1541.6628175547226,78.0,5
11,config_D,test,300000,0.04,1383.4602003417642,76.0,10
11,config_D,test,310000,0.12000000000000002,1258.122253518241,57.0,5
11,config_D,test,320000,0.12000000000000002,1479.4524095519164,48.0,5
11,config_D,test,330000,0.08,1225.7259838283585,53.5,5
11,config_D,test,340000,0.24000000000000005,1596.942351824584,49.833333333333336,5
11,config_D,test,350000,0.16,1456.9972722387104,57.0,10
11,config_D,test,360000,0.24000000000000005,1396.1419454724592,54.5,5
11,config_D,test,370000,0.27999999999999997,1046.556917639966,61.04166666666667,5
11,config_D,test,380000,0.2,1445.2732858538075,57.5,5
11,config_D,test,390000,0.32,1031.967864845907,89.66666666666667,5
11,config_D,test,400000,0.36,1161.9115464240497,48.52083333333333,10
11,config_D,test,410000,0.32,1221.1953416062486,81.77777777777779,5
11,config_D,test,420000,0.2,1456.677771187719,110.16666666666667,5
11,config_D,test,430000,0.32,1091.264099461148,51.791666666666664,5
11,config_D,test,440000,0.4,999.3788830930647,57.53333333333334,5
11,config_D,test,450000,0.4,1303.417463592609,130.375,10
11,config_D,test,460000,0.44000000000000006,1150.1480072989023,64.04166666666666,5
11,config_D,test,470000,0.44000000000000006,1163.4933151860284,62.3125,5
11,config_D,test,480000,0.64,1061.8225022292168,60.973333333333336,5
11,config_D,test,490000,0.52,1440.647609592729,65.85,5
11,config_D,test,500000,0.56,1198.015886832394,48.35,10
11,config_D,test,510000,0.4,1620.3225291965246,41.5,5
11,config_D,test,520000,0.4,1472.6644232051392,53.133333333333326,5
11,config_D,test,530000,0.4,1616.298624414547,79.33333333333333,5
11,config_D,test,540000,0.36,1676.8906999944913,93.0,5
11,config_D,test,550000,0.64,1033.7421105647486,57.35,10
11,config_D,test,560000,0.72,1126.8441995632857,73.98333333333333,5
11,config_D,test,570000,0.64,1083.660359156869,66.85,5
11,config_D,test,580000,0.64,1190.2640949707952,73.95,5
11,config_D,test,590000,0.6,1324.0494683682057,73.31666666666668,5
11,config_D,test,600000,0.56,1358.1267919089144,84.93333333333334,10
11,config_D,test,610000,0.4,1416.2671597654328,61.575,5
11,config_D,test,620000,0.36,1452.0785045038047,55.1,5
11,config_D,test,630000,0.44000000000000006,1529.9779424502342,93.79166666666666,5
11,config_D,test,640000,0.44000000000000006,1678.6519318082392,114.38333333333333,5
11,config_D,test,650000,0.6799999999999999,770.9767289537921,56.891666666666666,10
11,config_D,test,660000,0.5599999999999999,1251.7152411442182,59.27333333333333,5
11,config_D,test,670000,0.5599999999999999,1405.9384751026748,52.839999999999996,5
11,config_D,test,680000,0.6,1254.658624192644,67.93666666666667,5
11,config_D,test,690000,0.5599999999999999,1284.3977859504314,132.02,5
11,config_D,test,700000,0.6,1116.7579735979336,52.28333333333333,10
11,config_D,test,710000,0.6,919.7472585885956,56.0,5
11,config_D,test,720000,0.5599999999999999,1631.7111856721453,51.31666666666666,5
11,config_D,test,730000,0.5599999999999999,1241.1461631273385,55.36666666666667,5
11,config_D,test,740000,0.5599999999999999,1309.637213594208,46.6375,5
11,config_D,test,750000,0.5599999999999999,1351.49469258591,55.19166666666666,10
11,config_D,test,760000,0.6,1380.365801187898,49.13,5
11,config_D,test,770000,0.52,1134.7596916901489,55.36,5
11,config_D,test,780000,0.5599999999999999,1368.4833947124514,54.22083333333333,5
11,config_D,test,790000,0.52,1562.2142916002008,107.225,5
11,config_D,test,800000,0.6799999999999999,1257.2317457817558,137.88,10
11,config_D,test,810000,0.6,1555.262895754585,129.14333333333335,5
11,config_D,test,820000,0.52,1344.4202649753106,48.145833333333336,5
11,config_D,test,830000,0.6,1019.6107918100009,50.010000000000005,5
11,config_D,test,840000,0.48,1204.5125042811353,52.699999999999996,5
11,config_D,test,850000,0.64,856.4997901926633,52.920833333333334,10
11,config_D,test,860000,0.52,1152.407250335324,57.720000000000006,5
11,config_D,test,870000,0.6,955.3527486966516,50.92,5
11,config_D,test,880000,0.52,744.8520027055565,52.08888888888888,5
11,config_D,test,890000,0.6399999999999999,584.7324429021307,47.64666666666667,5
11,config_D,test,900000,0.72,620.6529376426126,56.69666666666667,10
11,config_D,test,910000,0.76,736.5279806992779,49.78666666666667,5
11,config_D,test,920000,0.72,967.0826447681833,46.016666666666666,5
11,config_D,test,930000,0.72,728.0489969432165,59.98333333333333,5
11,config_D,test,940000,0.8,823.5439160135905,51.71,5
11,config_D,test,950000,0.8,731.7256268983416,46.306666666666665,10
11,config_D,test,960000,0.76,256.6921983574609,57.42,5
11,config_D,test,970000,0.76,505.00566454296404,50.68,5
11,config_D,test,980000,0.72,680.3125829950047,100.47999999999999,5
11,config_D,test,990000,0.68,1005.2148394762335,49.84333333333333,5
11,config_D,test,1000000,0.8400000000000001,642.880056877931,53.50666666666666,10
11,config_D,test,1010000,0.9199999999999999,369.9612622867597,50.28,5
11,config_D,test,1020000,0.8,554.6571880219417,43.70333333333333,5
11,config_D,test,1030000,0.9199999999999999,374.8585926810155,49.12,5
11,config_D,test,1040000,0.96,311.16104745406767,43.019999999999996,5
11,config_D,test,1050000,0.96,291.92372148397516,43.6,10
11,config_D,test,1060000,0.9199999999999999,427.26537719417604,44.06666666666666,5
11,config_D,test,1070000,1.0,168.8829086928227,42.44,5
11,config_D,test,1080000,0.96,300.11351758456806,42.4,5
11,config_D,test,1090000,0.96,335.3667153158393,41.36,5
11,config_D,test,1100000,0.9199999999999999,322.3122423278084,40.760000000000005,10
11,config_D,test,1110000,0.9199999999999999,327.29176589209703,40.88,5
11,config_D,test,1120000,0.9199999999999999,187.0041611959121,42.45,5
11,config_D,test,1130000,0.9199999999999999,303.0088802509384,42.63,5
11,config_D,test,1140000,0.9199999999999999,308.6076765648979,44.4,5
11,config_D,test,1150000,0.96,294.13570368728796,41.8,10
11,config_D,test,1160000,0.96,328.46562339902204,44.39,5
11,config_D,test,1170000,0.96,191.41979832196492,44.839999999999996,5
11,config_D,test,1180000,0.9199999999999999,516.3586766050001,51.83,5
11,config_D,test,1190000,1.0,213.86517730367572,49.760000000000005,5
11,config_D,test,1200000,1.0,195.26069292924132,44.92,10
11,config_D,test,1210000,1.0,198.62937411346928,45.959999999999994,5
11,config_D,test,1220000,0.96,332.0420967532976,47.83,5
11,config_D,test,1230000,1.0,202.8387752342854,46.32,5
11,config_D,test,1240000,0.8800000000000001,467.635741281263,44.79333333333333,5
11,config_D,test,1250000,0.96,210.54483412773033,46.46,10
11,config_D,test,1260000,0.9199999999999999,405.5094465324654,54.45,5
11,config_D,test,1270000,1.0,207.2873221803693,46.4,5
11,config_D,test,1280000,1.0,189.93687799660916,45.12,5
11,config_D,test,1290000,0.96,199.03995406012703,45.519999999999996,5
11,config_D,test,1300000,0.96,217.00327242245754,50.28,10
11,config_D,test,1310000,0.96,205.2780889952938,45.25,5
11,config_D,test,1320000,0.96,324.07111757107776,44.4,5
11,config_D,test,1330000,0.96,182.43225619455657,43.989999999999995,5
11,config_D,test,1340000,0.8800000000000001,189.43403286125255,41.239999999999995,5
11,config_D,test,1350000,0.96,201.48531473901403,47.88,10
11,config_D,test,1360000,0.96,176.86289312820386,42.71,5
11,config_D,test,1370000,0.96,175.57792423833388,44.67,5
11,config_D,test,1380000,1.0,171.62191197092199,42.64,5
11,config_D,test,1390000,1.0,182.55456705175445,43.08,5
11,config_D,test,1400000,1.0,172.58034521743986,42.4,10
11,config_D,test,1410000,1.0,182.90036621313567,42.92,5
11,config_D,test,1420000,0.96,285.6866348525432,42.33,5
11,config_D,test,1430000,1.0,192.52768106619897,45.04,5
11,config_D,test,1440000,1.0,191.34516207819402,44.6,5
11,config_D,test,1450000,1.0,152.32630404675916,42.0,10
11,config_D,test,1460000,1.0,172.29033931465264,42.4,5
11,config_D,test,1470000,1.0,158.4796634528563,40.480000000000004,5
11,config_D,test,1480000,1.0,167.2282980788016,44.2,5
11,config_D,test,1490000,1.0,185.8041655943203,43.72,5
11,config_D,test,1500000,1.0,180.686697343889,43.32,10
11,config_D,test,1510000,0.96,350.96898505505726,47.21,5
11,config_D,test,1520000,0.9199999999999999,299.5030344784984,49.489999999999995,5
11,config_D,test,1530000,1.0,199.0863445534613,45.839999999999996,5
11,config_D,test,1540000,0.96,239.31250879838848,48.120000000000005,5
11,config_D,test,1550000,1.0,172.28999155571685,44.4,10
11,config_D,test,1560000,0.96,331.65452573240736,46.18,5
11,config_D,test,1570000,1.0,187.00924117725134,46.68,5
11,config_D,test,1580000,0.9199999999999999,374.7466595723211,41.88,5
11,config_D,test,1590000,0.8800000000000001,410.0309171486956,42.95,5
11,config_D,test,1600000,0.9199999999999999,300.04108469631063,40.64,10
11,config_D,test,1610000,0.8800000000000001,234.58826884752975,39.50666666666667,5
11,config_D,test,1620000,0.9199999999999999,374.21410804690566,40.15,5
11,config_D,test,1630000,0.96,192.74979626401412,41.2,5
11,config_D,test,1640000,0.9199999999999999,370.7182748357685,43.160000000000004,5
11,config_D,test,1650000,0.8800000000000001,177.7677891816185,42.266666666666666,10
11,config_D,test,1660000,0.96,287.68424703293164,53.15999999999999,5
11,config_D,test,1670000,0.96,220.7330570858995,43.7,5
11,config_D,test,1680000,0.96,156.37785485876165,42.0,5
11,config_D,test,1690000,0.96,170.07281871976022,40.71,5
11,config_D,test,1700000,0.96,202.61143708562054,44.37,10
11,config_D,test,1710000,0.96,255.85224201490237,44.6,5
11,config_D,test,1720000,0.96,193.23451608511033,46.44,5
11,config_D,test,1730000,0.96,208.30645165705468,42.63,5
11,config_D,test,1740000,0.9199999999999999,259.99592647098683,40.17333333333333,5
11,config_D,test,1750000,1.0,159.50643464160777,41.239999999999995,10
11,config_D,test,1760000,1.0,163.90887952842917,41.56,5
11,config_D,test,1770000,0.96,170.73200134025873,41.79,5
11,config_D,test,1780000,1.0,164.7339592773392,41.72,5
11,config_D,test,1790000,1.0,163.42840587036744,40.92,5
11,config_D,test,1800000,1.0,163.29575628905812,41.64,10
11,config_D,test,1810000,1.0,159.4431355561863,44.44,5
11,config_D,test,1820000,1.0,160.72240180343334,40.4,5
11,config_D,test,1830000,1.0,170.15408111609727,41.67999999999999,5
11,config_D,test,1840000,0.96,157.72006581700165,40.6,5
11,config_D,test,1850000,1.0,164.77556026631913,40.44,10
11,config_D,test,1860000,1.0,160.27667541274127,40.160000000000004,5
11,config_D,test,1870000,1.0,163.85352606763513,40.56,5
11,config_D,test,1880000,1.0,166.43213773704733,40.96,5
11,config_D,test,1890000,1.0,159.104962567183,39.88,5
11,config_D,test,1900000,1.0,167.67999223577317,40.68,10
11,config_D,test,1910000,1.0,153.8940380770045,39.36,5
11,config_D,test,1920000,1.0,165.39003342586176,40.8,5
11,config_D,test,1930000,1.0,170.1153397692696,41.36,5
11,config_D,test,1940000,1.0,169.4055999505885,41.2,5
11,config_D,test,1950000,0.9199999999999999,167.95115076142662,41.64,10
11,config_D,test,1960000,1.0,172.42844000760275,41.28,5
11,config_D,test,1970000,0.96,342.8593655797791,40.78,5
11,config_D,test,1980000,1.0,183.27122108046748,43.6,5
11,config_D,test,1990000,1.0,183.50869393677803,42.6,5
11,config_D,test,2000000,1.0,181.78693911151314,42.36,10
11,config_D,test,2010000,1.0,164.76410729531966,40.12,5
11,config_D,test,2020000,0.96,310.2489327494021,39.6,5
11,config_D,test,2030000,1.0,175.32739365008894,41.160000000000004,5
11,config_D,test,2040000,1.0,171.01481089154996,40.44,5
11,config_D,test,2050000,1.0,185.19589439363003,42.76,10
11,config_D,test,2060000,1.0,195.8971276800884,44.2,5
11,config_D,test,2070000,0.96,329.44094349456526,41.269999999999996,5
11,config_D,test,2080000,1.0,184.93093690280926,42.4,5
11,config_D,test,2090000,1.0,178.57246967460605,48.12,5
11,config_D,test,2100000,1.0,178.78857663475702,41.519999999999996,10
11,config_D,test,2110000,1.0,189.97675015918156,43.44,5
11,config_D,test,2120000,1.0,163.63604832965086,41.839999999999996,5
11,config_D,test,2130000,1.0,169.1836723099578,42.239999999999995,5
11,config_D,test,2140000,1.0,160.51268241551332,45.0,5
11,config_D,test,2150000,0.96,158.11991944242595,40.35,10
11,config_D,test,2160000,1.0,173.73040790523507,42.6,5
11,config_D,test,2170000,0.96,178.63940895496032,42.269999999999996,5
11,config_D,test,2180000,1.0,166.15339347393063,40.519999999999996,5
11,config_D,test,2190000,1.0,172.7645922989387,41.2,5
11,config_D,test,2200000,1.0,178.47170259241582,41.72,10
11,config_D,test,2210000,1.0,172.26114751439636,41.160000000000004,5
11,config_D,test,2220000,1.0,172.1895046642695,40.88,5
11,config_D,test,2230000,1.0,177.4520186763159,41.32000000000001,5
11,config_D,test,2240000,1.0,172.90545027384613,40.92,5
11,config_D,test,2250000,1.0,176.26574432287438,41.4,10
11,config_D,test,2260000,1.0,173.1004187169919,41.959999999999994,5
11,config_D,test,2270000,1.0,173.8775879160059,40.96,5
11,config_D,test,2280000,1.0,180.06401732641046,41.92,5
11,config_D,test,2290000,1.0,178.31719548592994,41.8,5
11,config_D,test,2300000,0.96,174.11357249558677,41.33,10
11,config_D,test,2310000,1.0,184.81325059313855,43.44,5
11,config_D,test,2320000,1.0,170.59347888238563,40.64,5
11,config_D,test,2330000,1.0,178.10896595950345,41.56,5
11,config_D,test,2340000,1.0,280.50502165036517,51.75999999999999,5
11,config_D,test,2350000,1.0,190.2175736268644,42.96,10
11,config_D,test,2360000,1.0,191.4695818461544,42.96,5
11,config_D,test,2370000,1.0,184.85747787604808,42.08,5
11,config_D,test,2380000,1.0,180.43124569022692,42.279999999999994,5
11,config_D,test,2390000,1.0,191.64422815810272,42.8,5
11,config_D,test,2400000,1.0,192.40099271607374,43.12,10
11,config_D,test,2410000,0.96,443.6355183868827,56.32000000000001,5
11,config_D,test,2420000,0.96,314.223448726872,55.739999999999995,5
11,config_D,test,2430000,0.96,405.36045736034964,47.36,5
11,config_D,test,2440000,0.9199999999999999,313.08687966784703,44.04,5
11,config_D,test,2450000,0.96,203.78718803335602,44.17,10
11,config_D,test,2460000,1.0,184.18539541182207,42.6,5
11,config_D,test,2470000,0.96,188.3870685651896,42.28,5
11,config_D,test,2480000,0.96,160.26539688705216,47.47,5
11,config_D,test,2490000,0.96,160.9453127902387,45.58,5
11,config_D,test,2500000,0.96,202.55939327907805,44.8,10
11,config_D,test,2510000,0.96,175.00121965810726,44.71,5
11,config_D,test,2520000,0.8400000000000001,165.3294830745569,41.406666666666666,5
11,config_D,test,2530000,0.9199999999999999,195.30260359362762,48.31,5
11,config_D,test,2540000,1.0,166.823984839209,43.08,5
11,config_D,test,2550000,0.96,170.99102514955888,42.32,10
11,config_D,test,2560000,1.0,174.4889958154837,41.88,5
11,config_D,test,2570000,0.96,185.05464488867017,41.17,5
11,config_D,test,2580000,1.0,172.56396141291262,40.4,5
11,config_D,test,2590000,1.0,171.89131130651919,40.4,5
11,config_D,test,2600000,1.0,178.44903852145166,40.92,10
11,config_D,test,2610000,1.0,180.99498785459312,41.160000000000004,5
11,config_D,test,2620000,1.0,185.25189286838034,41.48,5
11,config_D,test,2630000,1.0,184.84293875044605,41.36,5
11,config_D,test,2640000,1.0,184.85093744446232,41.32,5
11,config_D,test,2650000,1.0,177.46964876251474,42.2,10
11,config_D,test,2660000,0.9199999999999999,206.60645882503422,41.78666666666667,5
11,config_D,test,2670000,0.96,168.5614714770008,41.6,5
11,config_D,test,2680000,0.96,173.18941282418035,43.65,5
11,config_D,test,2690000,1.0,172.22010862759163,41.4,5
11,config_D,test,2700000,0.96,162.70969609866137,39.75,10
11,config_D,test,2710000,0.96,165.73104518457816,39.410000000000004,5
11,config_D,test,2720000,1.0,173.293061105929,41.480000000000004,5
11,config_D,test,2730000,1.0,165.19605941311505,40.760000000000005,5
11,config_D,test,2740000,1.0,171.90201736029897,41.0,5
11,config_D,test,2750000,1.0,181.64985100613413,41.480000000000004,10
11,config_D,test,2760000,1.0,183.95395264197617,41.480000000000004,5
11,config_D,test,2770000,0.96,184.6546983584794,40.96,5
11,config_D,test,2780000,1.0,180.55674815572752,41.04,5
11,config_D,test,2790000,1.0,177.82286144657104,41.12,5
11,config_D,test,2800000,1.0,180.09632737691257,40.8,10
11,config_D,test,2810000,1.0,179.79637311230593,41.0,5
11,config_D,test,2820000,1.0,178.18747714864801,40.64,5
11,config_D,test,2830000,1.0,183.7448898142305,41.160000000000004,5
11,config_D,test,2840000,1.0,182.30782980575668,41.32,5
11,config_D,test,2850000,1.0,176.67269989565534,40.760000000000005,10
11,config_D,test,2860000,0.96,238.59763440332935,40.78,5
11,config_D,test,2870000,0.96,177.73279042747373,41.269999999999996,5
11,config_D,test,2880000,1.0,177.06277410625557,41.6,5
11,config_D,test,2890000,1.0,183.49617246864835,41.96,5
11,config_D,test,2900000,1.0,174.95713264354305,41.160000000000004,10
11,config_D,test,2910000,1.0,170.80018069119149,40.88,5
11,config_D,test,2920000,1.0,175.5420267452981,40.72,5
11,config_D,test,2930000,1.0,169.2401787750935,40.4,5
11,config_D,test,2940000,1.0,174.62258354583636,40.64,5
11,config_D,test,2950000,1.0,172.31690192763034,40.36,10
11,config_D,test,2960000,1.0,171.56746375043537,40.36,5
11,config_D,test,2970000,1.0,153.25442524793928,39.28,5
11,config_D,test,2980000,1.0,157.0052775880219,39.6,5
11,config_D,test,2990000,1.0,170.23006269102575,40.04,5
11,config_D,test,3000000,1.0,167.2580708876492,39.76,10
11,config_D,test,3010000,1.0,162.00998023476376,39.44,5
11,config_D,test,3020000,1.0,157.4702529185723,39.44,5
11,config_D,test,3030000,0.96,159.54695426065828,39.82,5
11,config_D,test,3040000,0.96,159.87317461393008,39.71,5
11,config_D,test,3050000,0.9199999999999999,155.72569874081609,40.089999999999996,10
11,config_D,test,3060000,0.96,152.16155614612833,42.39,5
11,config_D,test,3070000,1.0,162.07110373715508,39.68,5
11,config_D,test,3080000,1.0,163.25497160264752,39.36,5
11,config_D,test,3090000,1.0,158.56866590649233,39.2,5
11,config_D,test,3100000,1.0,164.61110195056008,39.2,10
11,config_D,test,3110000,0.96,194.0059215933963,39.04,5
11,config_D,test,3120000,1.0,163.6573872393785,39.519999999999996,5
11,config_D,test,3130000,1.0,156.66483531836997,38.44,5
11,config_D,test,3140000,1.0,161.7118901751399,38.96,5
11,config_D,test,3150000,1.0,156.64109031307643,38.56,10
11,config_D,test,3160000,1.0,155.81292028514792,38.4,5
11,config_D,test,3170000,1.0,156.3317517782729,38.4,5
11,config_D,test,3180000,1.0,154.20136468720585,38.36,5
11,config_D,test,3190000,1.0,154.0708065827749,38.4,5
11,config_D,test,3200000,0.96,153.1821575325341,38.53,10
11,config_D,test,3210000,1.0,164.83550307526994,40.92,5
11,config_D,test,3220000,1.0,161.6952872688969,38.96,5
11,config_D,test,3230000,1.0,159.9615953640559,38.68,5
11,config_D,test,3240000,1.0,160.8397688276687,38.760000000000005,5
11,config_D,test,3250000,1.0,159.7235703611605,38.64,10
11,config_D,test,3260000,1.0,162.1488261035393,39.160000000000004,5
11,config_D,test,3270000,1.0,158.35835031314576,39.04,5
11,config_D,test,3280000,1.0,158.93476420541572,38.760000000000005,5
11,config_D,test,3290000,1.0,157.87501003790996,38.8,5
11,config_D,test,3300000,1.0,156.01773646409964,39.12,10
11,config_D,test,3310000,1.0,154.7393090749473,38.96,5
11,config_D,test,3320000,0.96,148.09031128936778,39.220000000000006,5
11,config_D,test,3330000,1.0,137.51974007018845,39.08,5
11,config_D,test,3340000,1.0,158.65832690851713,39.64,5
11,config_D,test,3350000,1.0,164.0725855220945,39.2,10
11,config_D,test,3360000,1.0,157.29052444415203,38.96,5
11,config_D,test,3370000,1.0,155.73130004831214,38.72,5
11,config_D,test,3380000,1.0,164.3000822276772,39.480000000000004,5
11,config_D,test,3390000,0.96,154.21051378299256,38.489999999999995,5
11,config_D,test,3400000,0.96,167.4363453503147,39.029999999999994,10
11,config_D,test,3410000,1.0,155.18771852578033,39.36,5
11,config_D,test,3420000,0.96,161.27308032944947,41.11,5
11,config_D,test,3430000,1.0,153.66840745865866,41.2,5
11,config_D,test,3440000,1.0,146.56543921826048,39.519999999999996,5
11,config_D,test,3450000,0.96,147.75662631022746,39.25,10
11,config_D,test,3460000,0.96,154.46648286894154,39.47,5
11,config_D,test,3470000,0.96,149.61359826582347,40.510000000000005,5
11,config_D,test,3480000,1.0,147.64312810169898,39.36,5
11,config_D,test,3490000,1.0,153.77451810751316,39.480000000000004,5
11,config_D,test,3500000,0.96,166.46140673221402,39.56,10
11,config_D,test,3510000,1.0,158.74138340733833,41.64,5
11,config_D,test,3520000,0.9199999999999999,194.12217648320345,40.026666666666664,5
11,config_D,test,3530000,0.9199999999999999,151.35137654570389,39.66666666666667,5
11,config_D,test,3540000,0.9199999999999999,153.13043754564745,39.82666666666667,5
11,config_D,test,3550000,1.0,167.24319748722957,41.92,10
11,config_D,test,3560000,1.0,160.88915671938815,41.67999999999999,5
11,config_D,test,3570000,0.9199999999999999,146.98238743323267,39.05333333333333,5
11,config_D,test,3580000,0.9199999999999999,149.27318162934097,39.05333333333333,5
11,config_D,test,3590000,0.9199999999999999,159.09472473507566,39.29333333333333,5
11,config_D,test,3600000,0.9199999999999999,151.23682998443485,40.38,10
11,config_D,test,3610000,0.96,154.63203403662902,39.57,5
11,config_D,test,3620000,0.96,155.51768048404128,39.22,5
11,config_D,test,3630000,0.96,154.83773967135454,39.37,5
11,config_D,test,3640000,1.0,184.0748572810716,59.08,5
11,config_D,test,3650000,0.96,171.357710323546,41.87,10
11,config_D,test,3660000,1.0,138.97652413930714,45.6,5
11,config_D,test,3670000,1.0,152.47702268320944,40.160000000000004,5
11,config_D,test,3680000,1.0,147.5427395164084,39.160000000000004,5
11,config_D,test,3690000,0.96,148.4515117239558,45.68,5
11,config_D,test,3700000,1.0,141.9450347023799,50.760000000000005,10
11,config_D,test,3710000,1.0,134.49408125075396,40.56,5
11,config_D,test,3720000,1.0,158.62955289189426,39.2,5
11,config_D,test,3730000,1.0,158.28904855636395,39.239999999999995,5
11,config_D,test,3740000,1.0,165.85282622227695,39.48,5
11,config_D,test,3750000,1.0,159.0449781362226,39.4,10
11,config_D,test,3760000,1.0,155.45616977963476,39.36,5
11,config_D,test,3770000,1.0,162.33353777852798,39.480000000000004,5
11,config_D,test,3780000,1.0,164.09165463846017,39.08,5
11,config_D,test,3790000,1.0,163.83560155957235,39.0,5
11,config_D,test,3800000,1.0,160.43493420585344,39.04,10
11,config_D,test,3810000,1.0,160.05981763818522,39.32,5
11,config_D,test,3820000,1.0,150.77413183395205,39.6,5
11,config_D,test,3830000,1.0,157.52152840393742,39.56,5
11,config_D,test,3840000,1.0,159.66295666750972,39.32,5
11,config_D,test,3850000,1.0,159.6642871036765,40.92,10
11,config_D,test,3860000,1.0,153.8084211827019,39.480000000000004,5
11,config_D,test,3870000,1.0,156.41074782507013,42.68,5
11,config_D,test,3880000,0.96,155.97672663063634,38.79,5
11,config_D,test,3890000,1.0,153.58646131278954,39.28,5
11,config_D,test,3900000,1.0,144.01904795041224,38.68,10
11,config_D,test,3910000,0.96,150.92148745674803,38.92,5
11,config_D,test,3920000,0.9199999999999999,154.5570850012753,38.910000000000004,5
11,config_D,test,3930000,0.96,144.26858972207953,38.87,5
11,config_D,test,3940000,1.0,148.933420214804,42.839999999999996,5
11,config_D,test,3950000,1.0,146.71300537700537,51.44,10
11,config_D,test,3960000,0.8800000000000001,156.5726744640879,39.13666666666667,5
11,config_D,test,3970000,0.9199999999999999,147.09873565639208,39.08,5
11,config_D,test,3980000,0.8800000000000001,156.12024135288408,38.64666666666667,5
11,config_D,test,3990000,0.96,145.3181329409112,49.57,5
11,config_D,test,4000000,0.8800000000000001,165.17635046136806,38.9,10
11,config_D,test,4010000,0.96,161.8025264466775,39.11,5
11,config_D,test,4020000,1.0,177.34757223737478,40.8,5
11,config_D,test,4030000,1.0,173.35170040715406,40.4,5
11,config_D,test,4040000,1.0,165.176218997111,39.32,5
11,config_D,test,4050000,1.0,161.3829927040195,39.28,10
11,config_D,test,4060000,1.0,161.81320379038047,39.0,5
11,config_D,test,4070000,1.0,161.93336744937363,39.04,5
11,config_D,test,4080000,1.0,182.34573990040025,40.68,5
11,config_D,test,4090000,1.0,174.90385405216784,40.04,5
11,config_D,test,4100000,1.0,162.5521513484184,39.28,10
11,config_D,test,4110000,1.0,168.16091142087217,40.2,5
11,config_D,test,4120000,1.0,172.99094071122443,39.92,5
11,config_D,test,4130000,1.0,166.76112391554565,40.0,5
11,config_D,test,4140000,1.0,168.77463590913345,39.92,5
11,config_D,test,4150000,0.96,174.44047582161576,40.7,10
11,config_D,test,4160000,0.96,177.97479611840456,41.470000000000006,5
11,config_D,test,4170000,1.0,169.13271326200177,40.96,5
11,config_D,test,4180000,0.96,178.37308402438268,41.73,5
11,config_D,test,4190000,0.96,176.0052239976685,41.55,5
11,config_D,test,4200000,0.96,171.2436455817497,41.06,10
11,config_D,test,4210000,1.0,176.3555292587225,40.64,5
11,config_D,test,4220000,1.0,178.6418591417803,40.839999999999996,5
11,config_D,test,4230000,1.0,171.37443241431941,40.4,5
11,config_D,test,4240000,1.0,178.76449793938747,40.839999999999996,5
11,config_D,test,4250000,1.0,175.43153654942904,40.4,10
11,config_D,test,4260000,1.0,174.94496106864065,40.28,5
11,config_D,test,4270000,1.0,176.27512520970646,40.480000000000004,5
11,config_D,test,4280000,1.0,174.55577327261213,40.4,5
11,config_D,test,4290000,1.0,161.2889078150832,39.28,5
11,config_D,test,4300000,1.0,154.04496203145283,39.28,10
11,config_D,test,4310000,1.0,148.05158321013892,39.6,5
11,config_D,test,4320000,1.0,158.70447168182733,39.519999999999996,5
11,config_D,test,4330000,1.0,160.35210602022602,39.760000000000005,5
11,config_D,test,4340000,1.0,158.8607265895361,39.32000000000001,5
11,config_D,test,4350000,1.0,164.51460475126274,41.0,10
11,config_D,test,4360000,0.96,165.30140163960476,39.64,5
11,config_D,test,4370000,1.0,161.94271452574176,40.64,5
11,config_D,test,4380000,1.0,157.6128063828966,39.92,5
11,config_D,test,4390000,1.0,156.91446839650268,41.959999999999994,5
11,config_D,test,4400000,1.0,157.6109790455485,39.96,10
11,config_D,test,4410000,1.0,160.97867703211426,40.04,5
11,config_D,test,4420000,1.0,160.47797337788808,43.36,5
11,config_D,test,4430000,1.0,146.41243823814813,42.0,5
11,config_D,test,4440000,0.96,142.15549620562908,44.010000000000005,5
11,config_D,test,4450000,0.8800000000000001,152.96603881853648,38.25,10
11,config_D,test,4460000,0.8800000000000001,141.56100542405434,38.44666666666667,5
11,config_D,test,4470000,1.0,156.51434176767776,41.04,5
11,config_D,test,4480000,0.96,159.3973571992951,39.57,5
11,config_D,test,4490000,0.9199999999999999,154.06630094396448,39.82666666666667,5
11,config_D,test,4500000,0.9199999999999999,157.00862136333313,39.54666666666667,10
11,config_D,test,4510000,1.0,156.86627888553306,41.4,5
11,config_D,test,4520000,1.0,157.4009056477792,40.519999999999996,5
11,config_D,test,4530000,0.96,158.87022673208847,52.720000000000006,5
11,config_D,test,4540000,0.9199999999999999,161.76282221769742,39.50666666666667,5
11,config_D,test,4550000,0.8800000000000001,141.80934667598325,38.87,10
11,config_D,test,4560000,0.9199999999999999,162.02949531199906,38.906666666666666,5
11,config_D,test,4570000,0.96,151.81564213706457,38.910000000000004,5
11,config_D,test,4580000,0.9199999999999999,323.5769362366599,40.05,5
11,config_D,test,4590000,0.9199999999999999,148.18275925237796,40.339999999999996,5
11,config_D,test,4600000,0.8800000000000001,155.9941180067587,40.38,10
11,config_D,test,4610000,1.0,148.53216684044833,39.68,5
11,config_D,test,4620000,1.0,143.4956423200238,41.6,5
11,config_D,test,4630000,0.9199999999999999,151.82338966982886,38.78,5
11,config_D,test,4640000,0.8800000000000001,300.64429988370483,39.733333333333334,5
11,config_D,test,4650000,0.96,157.48197638317137,39.089999999999996,10
11,config_D,test,4660000,1.0,153.3452998956089,39.44,5
11,config_D,test,4670000,0.96,163.97616954975652,39.480000000000004,5
11,config_D,test,4680000,1.0,158.53122651172825,39.28,5
11,config_D,test,4690000,0.96,163.48842749770688,39.21,5
11,config_D,test,4700000,0.96,166.01574375033192,39.510000000000005,10
11,config_D,test,4710000,0.96,161.7381287510088,39.010000000000005,5
11,config_D,test,4720000,1.0,153.04667597214143,38.92,5
11,config_D,test,4730000,1.0,168.9827875331442,39.6,5
11,config_D,test,4740000,0.96,155.8690602582073,38.9,5
11,config_D,test,4750000,1.0,160.28883247536422,40.44,10
11,config_D,test,4760000,1.0,162.38120540110293,39.6,5
11,config_D,test,4770000,0.96,191.9092645053522,39.17,5
11,config_D,test,4780000,1.0,164.97802255386165,39.4,5
11,config_D,test,4790000,1.0,170.76776300794367,39.440000000000005,5
11,config_D,test,4800000,1.0,160.0314638832612,38.760000000000005,10
11,config_D,test,4810000,1.0,148.31764586446553,38.519999999999996,5
11,config_D,test,4820000,1.0,165.4561744850173,38.92,5
11,config_D,test,4830000,1.0,165.47863117460193,38.760000000000005,5
11,config_D,test,4840000,1.0,164.8274188197427,39.04,5
11,config_D,test,4850000,0.96,162.25829523198155,38.8,10
11,config_D,test,4860000,1.0,163.82661627161679,38.480000000000004,5
11,config_D,test,4870000,1.0,163.24234236342505,38.72,5
11,config_D,test,4880000,1.0,162.3569766579453,38.56,5
11,config_D,test,4890000,1.0,162.63344335601218,38.4,5
11,config_D,test,4900000,1.0,153.9883574405138,38.8,10
11,config_D,test,4910000,1.0,153.66005244988267,38.760000000000005,5
11,config_D,test,4920000,0.9199999999999999,157.52778219693568,38.733333333333334,5
11,config_D,test,4930000,0.96,151.87468050016966,38.519999999999996,5
11,config_D,test,4940000,0.96,156.4574491368766,39.04,5
11,config_D,test,4950000,1.0,164.67816180843616,39.2,10
11,config_D,test,4960000,1.0,163.13459811426523,39.12,5
11,config_D,test,4970000,0.96,161.58170952228656,38.75,5
11,config_D,test,4980000,1.0,160.35530263369944,38.760000000000005,5
11,config_D,test,4990000,1.0,159.13176152854294,39.120000000000005,5
11,config_D,test,5000000,1.0,155.07454154814354,39.239999999999995,5
11,config_D,train,10000,0.0222222222222222,92.21174351368248,223.16666666666663,5
11,config_D,train,20000,0.00888888888888888,83.8680200343593,135.0,5
11,config_D,train,30000,0.01777777777777776,136.5808428289326,285.25,5
11,config_D,train,40000,0.04444444444444442,261.96527030346687,247.5,5
11,config_D,train,50000,0.026666666666666637,289.4092257296085,188.5,10
11,config_D,train,60000,0.00444444444444444,252.00068158509862,361.0,5
11,config_D,train,70000,0.00444444444444444,237.77270991176573,299.0,5
11,config_D,train,80000,0.0,301.635911051736,,5
11,config_D,train,90000,0.00888888888888888,329.1743657877586,117.5,5
11,config_D,train,100000,0.0,351.5696853352424,,10
11,config_D,train,110000,0.00444444444444444,352.48416770292874,52.0,5
11,config_D,train,120000,0.01777777777777776,465.6573588366279,220.75,5
11,config_D,train,130000,0.0222222222222222,484.28603590249804,92.83333333333334,5
11,config_D,train,140000,0.0222222222222222,528.6058521863272,121.5,5
11,config_D,train,150000,0.03111111111111108,711.5588423697989,152.375,10
11,config_D,train,160000,0.048888888888888836,900.8565575856935,110.21666666666667,5
11,config_D,train,170000,0.04444444444444442,961.2033179695121,103.325,5
11,config_D,train,180000,0.07111111111111108,1122.7093664644,77.08333333333333,5
11,config_D,train,190000,0.04888888888888886,972.8960297708211,155.91666666666669,5
11,config_D,train,200000,0.05777777777777774,993.6000527499431,98.78125,10
11,config_D,train,210000,0.026666666666666637,803.3953602329302,114.625,5
11,config_D,train,220000,0.0311111111111111,1102.027135462606,208.4,5
11,config_D,train,230000,0.03555555555555554,1147.7858774783426,216.88888888888889,5
11,config_D,train,240000,0.08888888888888888,1247.0509572013386,138.32380952380953,5
11,config_D,train,250000,0.16444444444444445,1311.7340286602243,89.26428571428572,10
11,config_D,train,260000,0.07999999999999996,1438.4252379183843,161.03174603174605,5
11,config_D,train,270000,0.12888888888888883,1302.6357380181057,102.91666666666667,5
11,config_D,train,280000,0.10666666666666665,1436.7440878573402,121.32083333333333,5
11,config_D,train,290000,0.11111111111111108,1522.0183922395443,56.241666666666674,5
11,config_D,train,300000,0.10666666666666662,1397.7889968756383,65.61647727272728,10
11,config_D,train,310000,0.15555555555555553,1259.2921279296872,99.69419191919192,5
11,config_D,train,320000,0.20888888888888885,1368.79693755177,68.3,5
11,config_D,train,330000,0.17333333333333328,1223.5763340589551,80.63035714285715,5
11,config_D,train,340000,0.2977777777777778,1306.5589629983315,101.3565873015873,5
11,config_D,train,350000,0.30222222222222217,1283.9061915640125,95.54765010351966,10
11,config_D,train,360000,0.271111111111111,1155.0074557163523,85.88425925925927,5
11,config_D,train,370000,0.27999999999999997,1241.7014423048943,63.87866666666666,5
11,config_D,train,380000,0.3333333333333333,1266.0228231074975,90.7935064935065,5
11,config_D,train,390000,0.3288888888888889,1276.8945453809652,100.77757575757576,5
11,config_D,train,400000,0.37333333333333335,1342.186659589221,90.7137619047619,10
11,config_D,train,410000,0.3866666666666666,1276.6188764414842,78.33209523809523,5
11,config_D,train,420000,0.33777777777777773,1194.0753085420727,108.31166666666665,5
11,config_D,train,430000,0.39555555555555555,1249.7652269400364,74.26960096319229,5
11,config_D,train,440000,0.36444444444444446,1310.2780339596322,62.33604010025063,5
11,config_D,train,450000,0.30666666666666664,1315.1136813452144,106.88838383838383,10
11,config_D,train,460000,0.37777777777777777,1104.549860916751,78.14670727822902,5
11,config_D,train,470000,0.4311111111111111,1119.3978714588218,79.55582563030839,5
11,config_D,train,480000,0.5111111111111111,1084.8650227034263,79.47001017590752,5
11,config_D,train,490000,0.5377777777777778,1015.8672387586546,80.44934032983508,5
11,config_D,train,500000,0.5022222222222222,1190.092482603526,70.94156360801671,10
11,config_D,train,510000,0.48888888888888893,1240.0206001764977,82.33706273798086,5
11,config_D,train,520000,0.4488888888888889,1237.88914509074,61.939868399133765,5
11,config_D,train,530000,0.47555555555555545,1263.42073991971,93.07516087516088,5
11,config_D,train,540000,0.4844444444444445,1397.9039546665504,76.81345743145744,5
11,config_D,train,550000,0.5244444444444445,1274.1993832283229,64.35688789371548,10
11,config_D,train,560000,0.5377777777777777,1291.9330188941105,68.9745115995116,5
11,config_D,train,570000,0.5422222222222223,1201.6235091266262,62.89950581395349,5
11,config_D,train,580000,0.5866666666666667,1044.2452097032808,68.77070640087882,5
11,config_D,train,590000,0.5466666666666666,1218.850940011814,70.59487719298245,5
11,config_D,train,600000,0.5644444444444444,1046.0222410720683,66.83863499658237,10
11,config_D,train,610000,0.4488888888888889,1071.2845684656763,64.75473286875726,5
11,config_D,train,620000,0.4888888888888888,1199.3236134396655,67.89985569985569,5
11,config_D,train,630000,0.47111111111111104,1232.4684798366043,82.8395173453997,5
11,config_D,train,640000,0.5466666666666666,1159.582742773127,85.14688852813853,5
11,config_D,train,650000,0.5111111111111111,1287.5382066420605,82.21530026990554,10
11,config_D,train,660000,0.5644444444444444,1219.0000583079443,77.7526559714795,5
11,config_D,train,670000,0.6,1065.3461333797386,75.3200412823891,5
11,config_D,train,680000,0.5511111111111111,1046.9875736809154,64.05630107526882,5
11,config_D,train,690000,0.5644444444444444,1024.1553157207802,63.94713804713805,5
11,config_D,train,700000,0.5866666666666667,1095.306849879636,63.58236056214317,10
11,config_D,train,710000,0.5955555555555556,1185.7660279925062,65.6081964573269,5
11,config_D,train,720000,0.6577777777777778,1053.7569701067755,57.54661782661783,5
11,config_D,train,730000,0.6311111111111112,1059.545338301366,59.85629679144385,5
11,config_D,train,740000,0.6666666666666666,892.6458007274475,56.08657843948166,5
11,config_D,train,750000,0.6711111111111111,954.0352024234444,57.4207477025898,10
11,config_D,train,760000,0.5777777777777777,1036.9471602850426,58.3991985068072,5
11,config_D,train,770000,0.5733333333333334,1038.095067911429,64.1345299145299,5
11,config_D,train,780000,0.5466666666666666,1151.9742050575617,56.06472222222222,5
11,config_D,train,790000,0.5733333333333333,1000.7492561001454,79.38253437738732,5
11,config_D,train,800000,0.6266666666666667,948.5081076530234,55.85509578544061,10
11,config_D,train,810000,0.7155555555555555,924.7369032761974,63.360614213372834,5
11,config_D,train,820000,0.72,782.2503986681213,55.43756613756614,5
11,config_D,train,830000,0.6799999999999999,867.2642037575564,52.62078620304427,5
11,config_D,train,840000,0.6933333333333334,897.3278370087683,65.19780818092978,5
11,config_D,train,850000,0.6844444444444445,811.4205441376502,55.52201331460967,10
11,config_D,train,860000,0.6177777777777778,892.1149560848335,59.90686868686869,5
11,config_D,train,870000,0.6755555555555556,725.0954176696007,57.822127565920674,5
11,config_D,train,880000,0.6399999999999999,633.0398314271328,73.99122807017544,5
11,config_D,train,890000,0.6977777777777778,548.352142029697,78.17057644110275,5
11,config_D,train,900000,0.6933333333333332,578.076286678974,59.39800669653611,10
11,config_D,train,910000,0.6977777777777778,708.7952107952163,49.64280566280566,5
11,config_D,train,920000,0.7333333333333334,695.408289461832,58.309630977948835,5
11,config_D,train,930000,0.7466666666666667,640.396226598712,49.6019478917641,5
11,config_D,train,940000,0.768888888888889,643.0506946926927,49.652116402116405,5
11,config_D,train,950000,0.768888888888889,506.36695414777034,51.502785160575854,10
11,config_D,train,960000,0.711111111111111,440.428054165113,59.092238439235345,5
11,config_D,train,970000,0.7822222222222223,522.2642047724361,47.74880979152463,5
11,config_D,train,980000,0.8222222222222222,458.7536266806331,48.490250043713935,5
11,config_D,train,990000,0.8044444444444444,528.782116323937,48.04787332787333,5
11,config_D,train,1000000,0.9244444444444444,278.33451561822557,45.352172161590765,10
11,config_D,train,1010000,0.9199999999999999,316.532647041707,43.94891472868217,5
11,config_D,train,1020000,0.9377777777777776,266.4042605942187,44.50515023631303,5
11,config_D,train,1030000,0.9377777777777778,294.96587037988195,44.517975866699636,5
11,config_D,train,1040000,0.9422222222222223,311.6713482161038,44.083211517165005,5
11,config_D,train,1050000,0.9511111111111111,309.5500263957035,45.42620719389012,10
11,config_D,train,1060000,0.968888888888889,268.56982453247326,45.718059838315085,5
11,config_D,train,1070000,0.9555555555555555,302.22330257756,43.443900634249474,5
11,config_D,train,1080000,0.96,299.5270909629834,44.81680660424847,5
11,config_D,train,1090000,0.9688888888888888,237.98853530198625,43.221133284060116,5
11,config_D,train,1100000,0.96,271.5966457179279,43.36036762978623,10
11,config_D,train,1110000,0.9466666666666665,305.2555892538652,41.522341562341566,5
11,config_D,train,1120000,0.9333333333333332,296.48624598295885,44.32670946939239,5
11,config_D,train,1130000,0.9555555555555555,265.7853956162999,42.78673881673882,5
11,config_D,train,1140000,0.9422222222222221,293.9763470080232,43.15517871017871,5
11,config_D,train,1150000,0.9199999999999999,253.48493961273522,46.767337713653504,10
11,config_D,train,1160000,0.9466666666666667,271.0661008755933,45.68543006565038,5
11,config_D,train,1170000,0.9511111111111111,245.90490735129433,46.47160206718346,5
11,config_D,train,1180000,0.9688888888888888,245.69261980915044,47.136455921339646,5
11,config_D,train,1190000,0.9244444444444444,283.81810191454093,41.56420931781397,5
11,config_D,train,1200000,0.96,211.01320371518523,43.98411756202454,10
11,config_D,train,1210000,0.9777777777777779,230.92251451498768,45.701611463471934,5
11,config_D,train,1220000,0.9644444444444444,279.3642830302505,48.030137420718816,5
11,config_D,train,1230000,0.9644444444444444,244.7796450449946,45.025310245310244,5
11,config_D,train,1240000,0.9733333333333333,202.44066262858846,44.650553709856034,5
11,config_D,train,1250000,0.9555555555555555,242.21080925680417,44.30193368741298,10
11,config_D,train,1260000,0.9288888888888888,259.61554432685136,48.15133848133848,5
11,config_D,train,1270000,0.9644444444444444,261.0630629119803,47.756364643108824,5
11,config_D,train,1280000,0.9555555555555555,248.5860338170888,46.867898137030295,5
11,config_D,train,1290000,0.9511111111111111,266.5185964271546,43.01718564381355,5
11,config_D,train,1300000,0.9822222222222221,216.5718600368209,45.98464646464647,10
11,config_D,train,1310000,0.9777777777777776,218.9098100728965,46.24686163965234,5
11,config_D,train,1320000,0.9733333333333333,186.4206761480261,45.29091143998121,5
11,config_D,train,1330000,0.9644444444444444,208.13917344277115,42.65925253671141,5
11,config_D,train,1340000,0.9555555555555555,227.96217273836137,41.26705073995772,5
11,config_D,train,1350000,0.9644444444444444,184.30805742340334,41.823311184939094,10
11,config_D,train,1360000,0.9644444444444444,212.83130305371546,43.34838876570584,5
11,config_D,train,1370000,0.9733333333333333,195.75471414189693,43.26616161616162,5
11,config_D,train,1380000,0.9733333333333333,208.92824572292676,40.96360616128058,5
11,config_D,train,1390000,0.9688888888888888,244.87972755320175,40.649853841878794,5
11,config_D,train,1400000,0.9822222222222221,211.992865917852,43.28127554615927,10
11,config_D,train,1410000,0.9822222222222221,193.8589315319274,41.17500117453606,5
11,config_D,train,1420000,0.9866666666666666,193.6915670474581,40.41232323232323,5
11,config_D,train,1430000,0.9777777777777779,188.62205259874287,43.37133776792313,5
11,config_D,train,1440000,0.9733333333333333,224.84299549394237,43.796334776334774,5
11,config_D,train,1450000,0.9866666666666667,194.86480361902773,43.6895301855767,10
11,config_D,train,1460000,0.9866666666666667,172.74678897694042,42.990476190476194,5
11,config_D,train,1470000,0.9911111111111112,202.05756342627296,42.26232323232323,5
11,config_D,train,1480000,0.9866666666666667,178.53432074023354,41.72917312661499,5
11,config_D,train,1490000,0.9911111111111112,190.57392391810674,41.96666666666666,5
11,config_D,train,1500000,0.9822222222222221,209.10750267295967,42.8176911976912,10
11,config_D,train,1510000,0.9822222222222221,221.79518771023763,42.90601731601732,5
11,config_D,train,1520000,0.96,254.24395183460555,43.03148558758315,5
11,config_D,train,1530000,0.9688888888888888,246.197247219233,43.46885012919897,5
11,config_D,train,1540000,0.9777777777777776,200.82461692135786,44.358917748917754,5
11,config_D,train,1550000,0.9733333333333333,217.98710189223442,42.22055555555555,10
11,config_D,train,1560000,0.9822222222222221,212.83032494838753,44.090375180375176,5
11,config_D,train,1570000,0.9688888888888888,196.91177019313142,42.24432816537468,5
11,config_D,train,1580000,0.9777777777777779,235.4765697605141,42.05064794284307,5
11,config_D,train,1590000,0.9911111111111112,190.91847530189028,42.33974160206718,5
11,config_D,train,1600000,0.9866666666666666,207.50145860362437,43.1769696969697,10
11,config_D,train,1610000,0.9822222222222223,184.82570016900323,45.01376693766938,5
11,config_D,train,1620000,0.9866666666666667,177.70799178274413,43.06840967817712,5
11,config_D,train,1630000,0.9866666666666667,198.20005768464927,43.666370683579984,5
11,config_D,train,1640000,0.9777777777777776,212.15257237007214,42.89702842377261,5
11,config_D,train,1650000,0.8888888888888887,181.80714855762935,45.61902064119455,10
11,config_D,train,1660000,0.9822222222222221,188.55935830746733,42.96349206349206,5
11,config_D,train,1670000,0.9777777777777779,187.6667036135364,43.140690627202254,5
11,config_D,train,1680000,0.9866666666666666,207.3216009130132,43.220404040404034,5
11,config_D,train,1690000,0.9955555555555555,165.65023343534313,41.904141414141414,5
11,config_D,train,1700000,0.9822222222222221,195.62975081095843,42.963766233766236,10
11,config_D,train,1710000,0.9733333333333333,220.1141628255216,43.90644820295983,5
11,config_D,train,1720000,0.9644444444444444,198.29995941841065,43.74507708665603,5
11,config_D,train,1730000,0.9777777777777776,188.5725043186718,44.671919191919194,5
11,config_D,train,1740000,0.9688888888888888,175.45233858642487,43.06909090909091,5
11,config_D,train,1750000,0.9866666666666666,182.2967121240242,42.78808080808081,10
11,config_D,train,1760000,0.9822222222222221,182.74975131772757,44.1345806906272,5
11,config_D,train,1770000,0.9955555555555555,175.62302023452185,43.19777777777777,5
11,config_D,train,1780000,0.9733333333333333,189.25016095364384,42.724207188160676,5
11,config_D,train,1790000,0.9866666666666666,171.90475631268123,42.43212121212121,5
11,config_D,train,1800000,0.9822222222222221,206.3811762534568,44.59292929292929,10
11,config_D,train,1810000,0.9911111111111112,172.3018432861407,42.57494949494949,5
11,config_D,train,1820000,0.9822222222222221,166.8372435559962,40.9546511627907,5
11,config_D,train,1830000,0.9822222222222221,180.4296993323162,41.49316889828518,5
11,config_D,train,1840000,0.9866666666666666,197.4139824823752,42.92262626262626,5
11,config_D,train,1850000,0.9911111111111112,177.17400992386564,42.85383838383839,10
11,config_D,train,1860000,0.9911111111111112,174.59570251626346,42.134040404040405,5
11,config_D,train,1870000,0.9955555555555555,170.52773144602256,42.56171717171717,5
11,config_D,train,1880000,0.9911111111111112,186.36080774958418,42.58555555555556,5
11,config_D,train,1890000,0.9955555555555555,170.9616020854573,41.63050505050505,5
11,config_D,train,1900000,0.9911111111111112,193.3513741634826,42.085757575757576,10
11,config_D,train,1910000,0.9866666666666667,219.36113929399139,41.17396523373267,5
11,config_D,train,1920000,0.9866666666666667,168.88477390202803,41.27746535118628,5
11,config_D,train,1930000,0.9911111111111112,187.04598925279407,41.5220202020202,5
11,config_D,train,1940000,0.9866666666666667,267.18042739096245,45.33555555555556,5
11,config_D,train,1950000,0.9688888888888888,268.9174267566151,43.32908844542991,10
11,config_D,train,1960000,1.0,175.1689445511388,41.69777777777777,5
11,config_D,train,1970000,0.9866666666666667,184.5669711082477,41.2031746031746,5
11,config_D,train,1980000,0.9866666666666667,170.5783194585441,42.11887714352831,5
11,config_D,train,1990000,0.9866666666666666,182.97967725654266,41.86393939393939,5
11,config_D,train,2000000,0.9866666666666666,195.9829166423943,40.87949494949495,10
11,config_D,train,2010000,1.0,167.66562232198075,41.31111111111112,5
11,config_D,train,2020000,0.9955555555555555,187.77923529728866,41.29373737373738,5
11,config_D,train,2030000,1.0,169.81596466901047,40.88888888888889,5
11,config_D,train,2040000,0.9866666666666667,170.74240615933635,40.897777777777776,5
11,config_D,train,2050000,0.9911111111111112,174.82420662424062,40.09198966408269,10
11,config_D,train,2060000,0.9866666666666667,181.21121271975056,40.79704486727742,5
11,config_D,train,2070000,0.9866666666666667,191.15771391271292,40.156932111815834,5
11,config_D,train,2080000,0.9955555555555555,173.07065278921274,40.58353535353535,5
11,config_D,train,2090000,0.9911111111111112,166.9862333266869,40.35679586563307,5
11,config_D,train,2100000,1.0,176.61202761583394,41.36,10
11,config_D,train,2110000,0.9955555555555555,167.4934949478826,41.0369696969697,5
11,config_D,train,2120000,0.9866666666666667,162.51001747079573,40.24095238095238,5
11,config_D,train,2130000,1.0,162.61563153831167,40.44,5
11,config_D,train,2140000,0.9866666666666666,168.86533585078075,40.85929292929293,5
11,config_D,train,2150000,0.9955555555555555,160.88442587554334,40.31636363636364,10
11,config_D,train,2160000,0.9955555555555555,160.65498604728316,39.7579797979798,5
11,config_D,train,2170000,0.9777777777777776,160.71846948515957,40.25012987012987,5
11,config_D,train,2180000,0.9911111111111112,168.01402655502153,40.43636363636364,5
11,config_D,train,2190000,0.9955555555555555,169.92319941650877,40.56848484848485,5
11,config_D,train,2200000,0.9911111111111112,167.50656459150972,40.516692506459954,10
11,config_D,train,2210000,0.9822222222222223,168.86312775968534,40.45430894308943,5
11,config_D,train,2220000,0.9822222222222223,169.7298009035851,40.41291989664082,5
11,config_D,train,2230000,0.9822222222222221,222.39495132616335,40.49888888888889,5
11,config_D,train,2240000,0.9822222222222221,170.65913931384767,41.30125541125541,5
11,config_D,train,2250000,0.9733333333333334,186.82467705238764,43.157761391567405,10
11,config_D,train,2260000,0.9644444444444444,187.72954410153397,44.095765345765344,5
11,config_D,train,2270000,0.9822222222222223,199.3107721752794,41.43268029128494,5
11,config_D,train,2280000,0.9822222222222221,176.9981208921718,41.8107215007215,5
11,config_D,train,2290000,0.9955555555555555,197.15811799125657,45.13808080808081,5
11,config_D,train,2300000,0.9777777777777779,175.39216330800815,41.667317359642944,10
11,config_D,train,2310000,0.9866666666666667,185.14979171660573,42.033840732910505,5
11,config_D,train,2320000,0.9955555555555555,173.48964424122454,41.522828282828286,5
11,config_D,train,2330000,0.9955555555555555,174.9555026162202,41.13151515151515,5
11,config_D,train,2340000,1.0,179.13734719271173,41.71111111111111,5
11,config_D,train,2350000,0.9955555555555555,188.8710602524284,43.07767676767677,10
11,config_D,train,2360000,0.96,228.76860400629934,45.74436527436528,5
11,config_D,train,2370000,0.9911111111111112,182.5264698584225,42.55383838383838,5
11,config_D,train,2380000,0.9955555555555555,172.80392203245918,41.74878787878788,5
11,config_D,train,2390000,0.9911111111111112,176.83497069297746,41.757575757575765,5
11,config_D,train,2400000,0.9955555555555555,186.0717992745639,43.600707070707074,10
11,config_D,train,2410000,0.9911111111111112,188.83277153956385,44.87737373737374,5
11,config_D,train,2420000,0.9777777777777779,269.42288524413783,47.24276854928018,5
11,config_D,train,2430000,0.9911111111111112,203.69867101333222,41.995555555555555,5
11,config_D,train,2440000,0.9955555555555555,181.38707080176482,43.339999999999996,5
11,config_D,train,2450000,0.9955555555555555,179.11122232521024,41.836868686868684,10
11,config_D,train,2460000,0.9911111111111112,175.34685859582743,40.94868686868686,5
11,config_D,train,2470000,0.9911111111111112,174.2552061463901,41.494677002583984,5
11,config_D,train,2480000,0.9777777777777776,167.42116471637797,40.698701298701295,5
11,config_D,train,2490000,0.9511111111111111,199.9101034969808,42.40764966740577,5
11,config_D,train,2500000,0.9822222222222221,182.048508144359,42.40988455988456,10
11,config_D,train,2510000,0.9511111111111111,173.7520328858338,41.897128631751436,5
11,config_D,train,2520000,0.9377777777777778,164.70379390215058,41.336699986400106,5
11,config_D,train,2530000,0.9511111111111111,196.16300748235153,40.65127034464244,5
11,config_D,train,2540000,0.9733333333333333,200.45945104000057,40.3740404040404,5
11,config_D,train,2550000,0.9422222222222223,218.8572653208464,42.145012919896644,10
11,config_D,train,2560000,0.9733333333333334,194.4513212340813,41.50226003655386,5
11,config_D,train,2570000,0.9777777777777779,174.069623263353,40.946986942596695,5
11,config_D,train,2580000,0.9866666666666667,197.73684426871392,41.31301587301587,5
11,config_D,train,2590000,0.9911111111111112,176.706862886,41.84723514211886,5
11,config_D,train,2600000,0.9911111111111112,180.05814507941582,41.711007751937984,10
11,config_D,train,2610000,0.9822222222222221,179.7696064626621,41.014848484848486,5
11,config_D,train,2620000,0.9733333333333333,186.28848465178322,41.40161616161616,5
11,config_D,train,2630000,0.9733333333333333,217.29284071417266,41.7705772005772,5
11,config_D,train,2640000,0.9911111111111112,202.5784334738969,41.57525252525253,5
11,config_D,train,2650000,0.9866666666666667,192.96737408306507,43.63587301587301,10
11,config_D,train,2660000,0.9777777777777779,178.71176462678898,42.945,5
11,config_D,train,2670000,0.9777777777777779,181.7060907164046,43.22944444444445,5
11,config_D,train,2680000,0.9822222222222223,186.5345212724345,41.82308943089431,5
11,config_D,train,2690000,0.9777777777777779,174.85679190079344,40.883189368770765,5
11,config_D,train,2700000,0.9822222222222221,174.76149222588052,41.97928118393234,10
11,config_D,train,2710000,0.9777777777777776,172.84684846808096,40.50818181818182,5
11,config_D,train,2720000,0.9822222222222223,200.75825880337584,41.51400986610289,5
11,config_D,train,2730000,0.9777777777777779,204.23549360607694,41.43948320413436,5
11,config_D,train,2740000,0.9777777777777776,184.58570720348686,41.85808080808081,5
11,config_D,train,2750000,0.9777777777777779,207.00492762954724,41.78561221975856,10
11,config_D,train,2760000,0.9822222222222223,187.9961368318697,43.59804878048781,5
11,config_D,train,2770000,0.9733333333333333,197.2618711502477,41.42797845565288,5
11,config_D,train,2780000,0.9911111111111112,183.05576186067012,41.32222222222222,5
11,config_D,train,2790000,0.9955555555555555,193.45163330321378,41.32050505050505,5
11,config_D,train,2800000,0.9955555555555555,181.89687762537218,41.6440404040404,10
11,config_D,train,2810000,0.9911111111111112,186.9729709929597,41.48217054263566,5
11,config_D,train,2820000,0.9644444444444444,281.2581748777173,41.251664317594546,5
11,config_D,train,2830000,0.9688888888888888,254.3022816962185,42.10613510520487,5
11,config_D,train,2840000,0.96,230.8505977968879,41.710515435876516,5
11,config_D,train,2850000,0.96,204.83509089161288,41.71086124401914,10
11,config_D,train,2860000,0.96,189.62561273524187,43.453716850265195,5
11,config_D,train,2870000,0.9911111111111112,184.58491665383707,44.28475452196382,5
11,config_D,train,2880000,1.0,192.8070858261936,43.284444444444446,5
11,config_D,train,2890000,0.9822222222222221,207.3713906080912,40.99366455250176,5
11,config_D,train,2900000,0.9911111111111112,175.28718106645906,41.15151515151515,10
11,config_D,train,2910000,0.9911111111111112,175.8536392316563,41.08979797979798,5
11,config_D,train,2920000,0.9911111111111112,177.64045096140129,41.36090909090909,5
11,config_D,train,2930000,0.9955555555555555,173.8587047395868,41.44757575757576,5
11,config_D,train,2940000,0.9866666666666667,178.02996220468344,41.039262391355415,5
11,config_D,train,2950000,0.9911111111111112,174.1470829867421,40.622325581395344,10
11,config_D,train,2960000,0.9866666666666667,169.33643376935888,40.38444444444444,5
11,config_D,train,2970000,0.9866666666666667,162.4818301122338,39.70412698412699,5
11,config_D,train,2980000,0.9822222222222221,163.23553465521212,39.4233145407564,5
11,config_D,train,2990000,0.9955555555555555,170.8666456918087,40.487272727272725,5
11,config_D,train,3000000,0.9911111111111112,170.76026821832937,40.960310077519374,10
11,config_D,train,3010000,0.9911111111111112,167.33259455513144,39.72640826873385,5
11,config_D,train,3020000,0.9911111111111112,170.04121520848398,41.25147286821705,5
11,config_D,train,3030000,1.0,164.76335178880197,39.62222222222222,5
11,config_D,train,3040000,0.9955555555555555,165.24936635424194,39.63626262626262,5
11,config_D,train,3050000,0.9911111111111112,169.62644994028219,41.239797979797984,10
11,config_D,train,3060000,0.9955555555555555,170.82993460135216,40.60858585858586,5
11,config_D,train,3070000,0.9911111111111112,165.76406318197223,40.34010101010101,5
11,config_D,train,3080000,1.0,166.47995274532008,39.93777777777778,5
11,config_D,train,3090000,1.0,161.38653451374313,39.480000000000004,5
11,config_D,train,3100000,1.0,163.37675054014036,39.32888888888889,10
11,config_D,train,3110000,0.9955555555555555,165.40386959771507,39.840909090909086,5
11,config_D,train,3120000,0.9955555555555555,162.4852507385492,39.40949494949495,5
11,config_D,train,3130000,1.0,161.3304469383947,39.08,5
11,config_D,train,3140000,0.9866666666666667,163.469150002973,39.17933521259103,5
11,config_D,train,3150000,0.9777777777777779,186.92298821629976,38.767331118493914,10
11,config_D,train,3160000,0.9866666666666667,155.4981720604526,41.62,5
11,config_D,train,3170000,0.9866666666666667,158.47002015473421,38.958912379610055,5
11,config_D,train,3180000,0.9733333333333333,181.22975450156497,38.50079767777442,5
11,config_D,train,3190000,0.9688888888888888,157.47228525549795,38.45678321678322,5
11,config_D,train,3200000,0.9244444444444444,160.76032505620424,48.032880529432255,10
11,config_D,train,3210000,0.9466666666666667,168.83909217088288,42.53316696375519,5
11,config_D,train,3220000,0.9955555555555555,176.23029107404184,41.46060606060606,5
11,config_D,train,3230000,0.9866666666666667,173.77851255020016,39.91982381959126,5
11,config_D,train,3240000,0.9955555555555555,158.9789889430772,40.56747474747475,5
11,config_D,train,3250000,0.9866666666666667,177.81809324124472,38.86888888888889,10
11,config_D,train,3260000,0.9911111111111112,160.721614667495,39.112971576227395,5
11,config_D,train,3270000,0.9822222222222223,156.92437152831218,39.99483204134367,5
11,config_D,train,3280000,1.0,156.8872880786983,38.91111111111111,5
11,config_D,train,3290000,1.0,160.42205977512418,39.053333333333335,5
11,config_D,train,3300000,0.9822222222222221,157.71559376756815,39.88626262626262,10
11,config_D,train,3310000,0.9911111111111112,154.65005716866855,39.03424242424243,5
11,config_D,train,3320000,0.9911111111111112,154.06230276154622,39.99727272727273,5
11,config_D,train,3330000,0.9644444444444444,154.39951213745306,38.913636363636364,5
11,config_D,train,3340000,0.9511111111111111,157.5509969798698,40.25209311156679,5
11,config_D,train,3350000,0.9822222222222221,155.49961394437588,39.469898989898994,10
11,config_D,train,3360000,0.9644444444444444,157.06490227972776,40.35934009143311,5
11,config_D,train,3370000,0.9511111111111111,197.14388358020636,40.69448116415069,5
11,config_D,train,3380000,0.9733333333333334,155.64104942751095,39.6371387155732,5
11,config_D,train,3390000,0.928888888888889,183.93398879470777,39.04342534820697,5
11,config_D,train,3400000,0.9511111111111111,189.41858498196066,39.25434250504018,10
11,config_D,train,3410000,0.9422222222222223,169.86643830745064,42.30101288388299,5
11,config_D,train,3420000,0.9422222222222223,180.59890297466805,39.54961340984597,5
11,config_D,train,3430000,0.9599999999999997,156.35677924297525,41.17857142857143,5
11,config_D,train,3440000,0.9644444444444444,156.2118359980463,42.57268364710225,5
11,config_D,train,3450000,0.9555555555555555,164.0985206459028,41.038564213564214,10
11,config_D,train,3460000,0.9688888888888888,161.87059805713005,41.832554112554114,5
11,config_D,train,3470000,0.9777777777777779,158.80647474143683,40.16441241685144,5
11,config_D,train,3480000,0.9777777777777776,160.7316563596661,38.8105261921541,5
11,config_D,train,3490000,0.9866666666666667,157.76463347204918,39.332623913554144,5
11,config_D,train,3500000,0.9955555555555555,153.98176759241747,39.500808080808085,10
11,config_D,train,3510000,1.0,160.88995209050702,41.92,5
11,config_D,train,3520000,0.9955555555555555,158.78919846827753,39.89484848484848,5
11,config_D,train,3530000,0.9911111111111112,157.07680444558474,40.30979797979798,5
11,config_D,train,3540000,0.9911111111111112,157.1748891100317,40.81478036175711,5
11,config_D,train,3550000,0.9866666666666667,180.06707889446173,40.064369274136716,10
11,config_D,train,3560000,0.9955555555555555,158.75761078855595,39.496464646464645,5
11,config_D,train,3570000,0.9911111111111112,178.4307834256212,40.534141414141416,5
11,config_D,train,3580000,0.9822222222222221,185.48489987800232,41.58616161616162,5
11,config_D,train,3590000,0.9822222222222221,173.81350699605105,41.29854256854257,5
11,config_D,train,3600000,0.9777777777777779,160.61080617002918,39.46510716925351,10
11,config_D,train,3610000,0.9911111111111112,156.11771957712944,40.6870707070707,5
11,config_D,train,3620000,0.9955555555555555,158.46803367766816,39.84131313131313,5
11,config_D,train,3630000,0.9955555555555555,153.9746697262746,39.15222222222222,5
11,config_D,train,3640000,0.9777777777777776,169.93853062669496,40.997287157287154,5
11,config_D,train,3650000,0.9777777777777779,173.4198174488981,41.08553911205074,10
11,config_D,train,3660000,0.9777777777777776,149.63491330168372,40.67858250276855,5
11,config_D,train,3670000,0.9866666666666667,161.1928992243272,41.68405214940099,5
11,config_D,train,3680000,0.9822222222222221,147.07316374207738,40.36239605355885,5
11,config_D,train,3690000,0.9911111111111112,149.4447263928434,40.225050505050504,5
11,config_D,train,3700000,0.9866666666666667,150.93018509668556,39.05616866337797,10
11,config_D,train,3710000,0.9733333333333333,147.92651695237194,38.599804691432595,5
11,config_D,train,3720000,0.9777777777777776,159.5815651881687,39.3997298567066,5
11,config_D,train,3730000,0.9911111111111112,164.5147235044048,40.73353535353535,5
11,config_D,train,3740000,0.9866666666666666,162.6149921942148,39.1020202020202,5
11,config_D,train,3750000,0.9822222222222221,166.93921313442496,39.204639417430116,10
11,config_D,train,3760000,0.9866666666666666,162.41577806801388,39.062525252525255,5
11,config_D,train,3770000,0.9866666666666667,171.881232095234,39.276687808315714,5
11,config_D,train,3780000,0.9866666666666666,181.84612667930224,41.11282828282828,5
11,config_D,train,3790000,0.9911111111111112,157.48027877304247,40.01571059431525,5
11,config_D,train,3800000,0.9777777777777776,155.245210091805,39.121834625323,10
11,config_D,train,3810000,0.9911111111111112,158.83620521225254,41.09616161616161,5
11,config_D,train,3820000,0.9688888888888888,178.41570343749558,41.53650452339618,5
11,config_D,train,3830000,0.9866666666666667,175.8922486471657,40.09068357998591,5
11,config_D,train,3840000,0.9777777777777776,196.774615416038,39.59138360347662,5
11,config_D,train,3850000,0.9733333333333333,173.52264582106068,39.10929561394678,10
11,config_D,train,3860000,0.9822222222222221,181.5664507649094,39.44636363636364,5
11,config_D,train,3870000,0.9911111111111112,190.8451267670484,39.94212121212121,5
11,config_D,train,3880000,0.9777777777777779,197.8909341120355,39.557578106647874,5
11,config_D,train,3890000,0.9822222222222221,182.4485695292478,39.37596664317594,5
11,config_D,train,3900000,0.9866666666666667,175.38084260139317,38.683174603174606,10
11,config_D,train,3910000,0.9866666666666667,157.31913022270058,38.75861404745126,5
11,config_D,train,3920000,1.0,159.3290278238105,39.27111111111111,5
11,config_D,train,3930000,0.9955555555555555,158.08169876124256,38.80464646464647,5
11,config_D,train,3940000,0.9866666666666667,171.73044745931776,39.41777073056143,5
11,config_D,train,3950000,0.9777777777777779,159.59562107431375,39.291199802907116,10
11,config_D,train,3960000,0.9733333333333334,156.85944161098763,38.77166950274154,5
11,config_D,train,3970000,0.9377777777777778,162.21590392251863,40.5720189701897,5
11,config_D,train,3980000,0.9511111111111111,155.1523267304484,39.18806107014559,5
11,config_D,train,3990000,0.9866666666666667,167.04185898324837,41.21174603174603,5
11,config_D,train,4000000,0.9644444444444444,166.83391864633845,39.54380952380952,10
11,config_D,train,4010000,0.9866666666666667,160.03329608407833,40.02063492063492,5
11,config_D,train,4020000,0.9911111111111112,165.82138777151502,40.646201550387595,5
11,config_D,train,4030000,0.9911111111111112,182.46373269703557,39.69646464646465,5
11,config_D,train,4040000,0.9822222222222221,161.04488128869406,38.70305144467935,5
11,config_D,train,4050000,0.9555555555555555,160.6985405514966,39.300611814605006,10
11,config_D,train,4060000,0.9733333333333333,160.47834820532836,40.74783690564178,5
11,config_D,train,4070000,0.9777777777777776,160.51767854584455,38.75489177489178,5
11,config_D,train,4080000,0.9777777777777776,159.42533091429223,40.384632034632034,5
11,config_D,train,4090000,0.9911111111111112,157.7389674418249,38.983049095607235,5
11,config_D,train,4100000,0.9866666666666667,162.4785972025767,38.77009161381254,10
11,config_D,train,4110000,0.9911111111111112,164.5279866617872,39.81705426356589,5
11,config_D,train,4120000,0.9733333333333333,160.47938820355236,39.528483170576195,5
11,config_D,train,4130000,0.9866666666666667,165.64878228896828,39.10247827108292,5
11,config_D,train,4140000,0.9911111111111112,165.7892814186198,39.192144702842384,5
11,config_D,train,4150000,0.9955555555555555,167.0383982584552,39.96121212121212,10
11,config_D,train,4160000,0.9911111111111112,168.02717754850914,40.393178294573644,5
11,config_D,train,4170000,0.9955555555555555,166.8493700341711,39.757171717171715,5
11,config_D,train,4180000,0.9955555555555555,169.41423218304453,39.82474747474747,5
11,config_D,train,4190000,0.9911111111111112,167.43772044516672,39.774949494949496,5
11,config_D,train,4200000,0.9644444444444444,158.50716574136317,40.16716640085061,10
11,config_D,train,4210000,0.9955555555555555,170.2124027135349,39.978989898989894,5
11,config_D,train,4220000,0.9911111111111112,166.04998232728983,39.76767676767677,5
11,config_D,train,4230000,0.9911111111111112,164.51456131303163,39.36919191919192,5
11,config_D,train,4240000,0.9955555555555555,168.90641208498468,39.863838383838385,5
11,config_D,train,4250000,0.9911111111111112,166.56121818751578,39.54780361757106,10
11,config_D,train,4260000,0.9644444444444444,165.39346053624772,39.42196779964222,5
11,config_D,train,4270000,0.9511111111111111,159.10740706395518,39.7706976744186,5
11,config_D,train,4280000,0.9822222222222223,160.85351133720692,39.226883468834686,5
11,config_D,train,4290000,0.9911111111111112,162.49807505727577,40.88713178294573,5
11,config_D,train,4300000,0.9822222222222223,157.76529670283233,40.035555555555554,10
11,config_D,train,4310000,0.9777777777777779,156.74308661659205,39.19037585153864,5
11,config_D,train,4320000,0.9777777777777779,157.85176912559015,39.48248583394925,5
11,config_D,train,4330000,0.9733333333333333,159.706948240729,39.285656565656566,5
11,config_D,train,4340000,0.9822222222222221,160.66949130914549,39.47554112554113,5
11,config_D,train,4350000,0.9644444444444444,164.22037680341796,40.334840714840716,10
11,config_D,train,4360000,0.96,164.06621930985153,40.23121094667606,5
11,config_D,train,4370000,0.9733333333333334,164.00013420961736,40.49581395348837,5
11,config_D,train,4380000,0.9822222222222221,165.66962369292756,39.72765327695561,5
11,config_D,train,4390000,0.9733333333333333,161.04758476960797,39.86600892647404,5
11,config_D,train,4400000,0.9911111111111112,165.5542414853197,39.56151515151515,10
11,config_D,train,4410000,0.9955555555555555,172.99914323559167,40.40959595959596,5
11,config_D,train,4420000,0.9866666666666667,162.55616734639904,39.32771435283063,5
11,config_D,train,4430000,0.9733333333333333,159.39449127509445,39.12129342202513,5
11,config_D,train,4440000,0.9822222222222221,161.29224453779022,40.441500721500724,5
11,config_D,train,4450000,0.96,159.24465589810129,39.046443001443,10
11,config_D,train,4460000,0.9777777777777776,154.9609284831938,38.6212987012987,5
11,config_D,train,4470000,0.9733333333333333,186.17797467724077,40.9903396087117,5
11,config_D,train,4480000,0.9777777777777776,168.45218128294434,41.53556495184402,5
11,config_D,train,4490000,0.9466666666666667,159.14275843361688,42.94225342225342,5
11,config_D,train,4500000,0.9688888888888888,158.0991438076805,40.20501291989664,10
11,config_D,train,4510000,0.9822222222222223,179.78957921407408,42.17188630490956,5
11,config_D,train,4520000,0.9688888888888888,185.1646374004604,40.24249591777102,5
11,config_D,train,4530000,0.9688888888888888,168.49240720020816,40.00508372764186,5
11,config_D,train,4540000,0.9688888888888888,184.23331420233026,39.56351421188631,5
11,config_D,train,4550000,0.9422222222222223,160.87305855815393,39.34865407989628,10
11,config_D,train,4560000,0.9688888888888888,176.91541394587983,40.81196382428941,5
11,config_D,train,4570000,0.9822222222222221,163.47760202386445,40.8737518037518,5
11,config_D,train,4580000,0.9822222222222223,165.60189747103087,39.9615503875969,5
11,config_D,train,4590000,0.9911111111111112,166.63372611139548,39.888989898989905,5
11,config_D,train,4600000,0.9777777777777779,170.09307092599005,39.41544222714954,10
11,config_D,train,4610000,0.9822222222222223,165.7328190535402,39.74449864498645,5
11,config_D,train,4620000,0.9866666666666667,163.14553830930976,39.497319708715054,5
11,config_D,train,4630000,0.9911111111111112,170.84015270706757,40.44414141414141,5
11,config_D,train,4640000,0.9866666666666667,171.5962912565067,41.29907211651398,5
11,config_D,train,4650000,1.0,166.6889527230773,39.91111111111111,10
11,config_D,train,4660000,0.9911111111111112,163.85582153859644,39.33989898989899,5
11,config_D,train,4670000,0.9866666666666667,170.0654023399572,40.020258397932814,5
11,config_D,train,4680000,0.9955555555555555,166.9967482454184,39.567070707070705,5
11,config_D,train,4690000,0.9955555555555555,164.6603434718914,39.163333333333334,5
11,config_D,train,4700000,0.9911111111111112,168.63170642404535,39.57979797979798,10
11,config_D,train,4710000,0.9911111111111112,164.5044593258117,39.12757575757576,5
11,config_D,train,4720000,0.9955555555555555,166.60137634623,39.530101010101006,5
11,config_D,train,4730000,0.9688888888888888,170.71617919630313,41.66191919191919,5
11,config_D,train,4740000,0.9777777777777779,184.3776402172547,39.377864005912784,5
11,config_D,train,4750000,0.9911111111111112,186.92018365346908,41.345151515151514,10
11,config_D,train,4760000,0.9777777777777776,180.56230576837515,41.098340548340545,5
11,config_D,train,4770000,1.0,172.1589340550291,40.17333333333333,5
11,config_D,train,4780000,1.0,169.82806221825876,39.23555555555556,5
11,config_D,train,4790000,0.9911111111111112,171.28071634222343,39.365994832041345,5
11,config_D,train,4800000,0.9955555555555555,169.9208836905728,39.025757575757574,10
11,config_D,train,4810000,0.9955555555555555,161.18819947539708,38.49808080808081,5
11,config_D,train,4820000,0.9955555555555555,164.5140884276313,38.76555555555556,5
11,config_D,train,4830000,0.9911111111111112,163.53919386279722,41.36676767676768,5
11,config_D,train,4840000,0.9777777777777779,161.99143219103397,41.233333333333334,5
11,config_D,train,4850000,0.9911111111111112,167.46079551187086,41.05454545454545,10
11,config_D,train,4860000,0.9955555555555555,168.19792178544296,39.4689898989899,5
11,config_D,train,4870000,0.9955555555555555,166.26310612844938,39.264848484848486,5
11,config_D,train,4880000,0.9911111111111112,167.70256855406691,39.066767676767675,5
11,config_D,train,4890000,0.9911111111111112,167.2926176144661,39.17393939393939,5
11,config_D,train,4900000,0.9866666666666666,162.26615149864503,38.76141414141414,10
11,config_D,train,4910000,0.9866666666666667,166.15960406747183,39.02657740192624,5
11,config_D,train,4920000,0.9777777777777779,168.18265358183058,42.09505050505051,5
11,config_D,train,4930000,0.9644444444444445,164.4309473317851,39.114342975987896,5
11,config_D,train,4940000,1.0,167.47984381029488,39.07111111111111,5
11,config_D,train,4950000,0.9911111111111112,166.26480473637213,39.114141414141415,10
11,config_D,train,4960000,0.9955555555555555,167.91330419553077,38.91626262626262,5
11,config_D,train,4970000,0.9955555555555555,165.19370983958007,38.928989898989904,5
11,config_D,train,4980000,1.0,164.1148934399945,38.86222222222222,5
11,config_D,train,4990000,0.9777777777777779,161.64022043628012,39.04222222222222,5
11,config_D,train,5000000,0.9866666666666667,159.91035789474623,40.05428571428572,5
11,config_E,test,50000,0.0,292.4705585234392,,5
11,config_E,test,100000,0.0,426.927125238895,,10
11,config_E,test,150000,0.12000000000000002,633.8355869709776,64.5,5
11,config_E,test,200000,0.24,701.6276093118547,42.0,10
11,config_E,test,250000,0.12,908.6128640382465,41.333333333333336,5
11,config_E,test,300000,0.04,1332.0121639933755,37.0,10
11,config_E,test,350000,0.16,1606.56905992497,55.0,5
11,config_E,test,400000,0.28,930.5007550425811,43.416666666666664,10
11,config_E,test,450000,0.28,1142.5291256737887,66.41666666666667,5
11,config_E,test,500000,0.27999999999999997,1039.90405024518,50.388888888888886,10
11,config_E,test,550000,0.64,913.9265583312302,122.55833333333334,5
11,config_E,test,600000,0.5599999999999999,552.7105043336512,73.36666666666667,10
11,config_E,test,650000,0.52,566.6333498647742,51.2,5
11,config_E,test,700000,0.56,745.1924507192344,63.5,10
11,config_E,test,750000,0.6,441.23637314821747,59.65,5
11,config_E,test,800000,0.52,392.2618363129153,81.16666666666666,10
11,config_E,test,850000,0.6,820.4656376963976,65.20416666666667,5
11,config_E,test,900000,0.52,1011.7158376460693,47.0125,10
11,config_E,test,950000,0.6,498.13250247865665,50.1,5
11,config_E,test,1000000,0.8,200.091981359172,123.42999999999999,10
11,config_E,test,1050000,0.8,419.6969450407729,48.05,5
11,config_E,test,1100000,0.8,214.20517713680812,55.17,10
11,config_E,test,1150000,0.9199999999999999,300.2321432191017,60.629999999999995,5
11,config_E,test,1200000,0.96,158.16814055844964,47.05,10
11,config_E,test,1250000,0.8800000000000001,172.96271924297713,41.760000000000005,5
11,config_E,test,1300000,0.8800000000000001,184.7208595995927,43.86,10
11,config_E,test,1350000,0.8800000000000001,170.40279565070887,63.05,5
11,config_E,test,1400000,0.8800000000000001,161.65591319890746,44.519999999999996,10
11,config_E,test,1450000,0.8800000000000001,155.6882233903365,42.17,5
11,config_E,test,1500000,0.9199999999999999,163.40809790333205,43.10666666666667,10
11,config_E,test,1550000,0.8400000000000001,178.78452600976564,47.44,5
11,config_E,test,1600000,0.8,186.50784959296533,42.9,10
11,config_E,test,1650000,0.8800000000000001,167.42359312156174,45.519999999999996,5
11,config_E,test,1700000,0.96,164.07666762090645,53.510000000000005,10
11,config_E,test,1750000,0.8400000000000001,176.3057196583398,43.986666666666665,5
11,config_E,test,1800000,0.8400000000000001,193.4528820435068,50.43,10
11,config_E,test,1850000,0.8800000000000001,236.75602699372183,50.54,5
11,config_E,test,1900000,0.8,322.8355664797238,40.269999999999996,10
11,config_E,test,1950000,0.8400000000000001,222.01678707072696,45.239999999999995,5
11,config_E,test,2000000,0.76,137.04958527827853,40.08,10
11,config_E,test,2050000,0.8400000000000001,136.0522431074936,53.0,5
11,config_E,test,2100000,0.8800000000000001,140.23875100991867,43.38666666666667,10
11,config_E,test,2150000,0.8800000000000001,163.81331756778292,46.480000000000004,5
11,config_E,test,2200000,0.8400000000000001,159.541343972623,43.93,10
11,config_E,test,2250000,0.72,123.04589418785444,42.43,5
11,config_E,test,2300000,0.8,181.89937837833457,50.3,10
11,config_E,test,2350000,0.8,161.44668503984582,45.736666666666665,5
11,config_E,test,2400000,0.9199999999999999,152.46384191970134,45.13333333333333,10
11,config_E,test,2450000,0.8400000000000001,184.85164321774153,44.489999999999995,5
11,config_E,test,2500000,0.8400000000000001,216.52648127602515,65.69,10
11,config_E,test,2550000,0.8800000000000001,198.18725462959577,46.63666666666667,5
11,config_E,test,2600000,0.9199999999999999,169.62328705629986,51.54,10
11,config_E,test,2650000,0.72,178.48142363044653,42.35,5
11,config_E,test,2700000,0.8400000000000001,171.0837253299979,45.65,10
11,config_E,test,2750000,0.8800000000000001,334.0178638224263,43.64,5
11,config_E,test,2800000,0.8400000000000001,153.817042136803,42.94,10
11,config_E,test,2850000,0.72,272.00967962456434,43.71,5
11,config_E,test,2900000,0.68,388.7535080691174,43.55,10
11,config_E,test,2950000,0.76,313.01034754986006,44.266666666666666,5
11,config_E,test,3000000,0.72,166.45089574303537,46.39666666666667,10
11,config_E,test,3050000,0.76,176.99783490582382,48.44666666666667,5
11,config_E,test,3100000,0.76,187.67225524491013,58.82333333333334,10
11,config_E,test,3150000,0.76,183.88489504454867,59.85,5
11,config_E,test,3200000,0.76,260.785649441596,59.89333333333334,10
11,config_E,test,3250000,0.8,226.79665027419364,51.28666666666667,5
11,config_E,test,3300000,0.8800000000000001,156.18890446244637,55.79,10
11,config_E,test,3350000,0.8800000000000001,137.43178854649568,42.78333333333333,5
11,config_E,test,3400000,0.9199999999999999,204.3233894116209,56.67999999999999,10
11,config_E,test,3450000,0.8400000000000001,185.6996003587744,62.71,5
11,config_E,test,3500000,0.64,128.001929050024,49.980000000000004,10
11,config_E,test,3550000,0.6799999999999999,220.73759445360247,57.64333333333333,5
11,config_E,test,3600000,0.76,149.25466268672704,44.96,10
11,config_E,test,3650000,0.8,190.20057368747672,53.220000000000006,5
11,config_E,test,3700000,0.64,110.0112902261712,55.510000000000005,10
11,config_E,test,3750000,0.5599999999999999,291.02933466569084,65.19999999999999,5
11,config_E,test,3800000,0.72,126.71737640424082,73.92333333333333,10
11,config_E,test,3850000,0.76,302.50787141473376,46.406666666666666,5
11,config_E,test,3900000,0.68,104.26294677747549,40.31,10
11,config_E,test,3950000,0.8400000000000001,188.18316283493238,50.54,5
11,config_E,test,4000000,0.8,179.68959556696427,46.086666666666666,10
11,config_E,test,4050000,0.9199999999999999,174.24424048346773,56.94,5
11,config_E,test,4100000,0.8,162.33614881367686,50.876666666666665,10
11,config_E,test,4150000,0.8400000000000001,173.7165577098868,47.70666666666666,5
11,config_E,test,4200000,0.76,376.2984191051978,45.51,10
11,config_E,test,4250000,0.8,264.94414087272844,43.67333333333333,5
11,config_E,test,4300000,0.8,343.6291088225794,50.89,10
11,config_E,test,4350000,0.72,203.2868859641382,54.88666666666667,5
11,config_E,test,4400000,0.76,179.2728754850205,47.74666666666666,10
11,config_E,test,4450000,0.8400000000000001,153.4569365295005,75.59,5
11,config_E,test,4500000,0.72,350.7675469876872,43.25,10
11,config_E,test,4550000,0.72,132.38210989502608,51.6,5
11,config_E,test,4600000,0.52,356.7021200415173,39.81666666666667,10
11,config_E,test,4650000,0.5599999999999999,201.36455344603743,50.57,5
11,config_E,test,4700000,0.52,179.391984319828,55.05,10
11,config_E,test,4750000,0.5599999999999999,323.8944149797741,46.68333333333334,5
11,config_E,test,4800000,0.48,236.9687548809577,59.11666666666666,10
11,config_E,test,4850000,0.5599999999999999,129.29350175083454,73.65,5
11,config_E,test,4900000,0.4800000000000001,197.57828066969336,140.95,10
11,config_E,test,4950000,0.6,305.87688722477134,114.96666666666665,5
11,config_E,test,5000000,0.36,479.58355921252013,37.666666666666664,5
11,config_E,train,50000,0.00444444444444444,228.94151425841477,445.0,5
11,config_E,train,100000,0.01777777777777776,249.04922844700232,151.16666666666663,10
11,config_E,train,150000,0.026666666666666637,514.9279696657885,112.5,5
11,config_E,train,200000,0.1288888888888889,650.5766188648621,62.31944444444445,10
11,config_E,train,250000,0.1422222222222222,861.2418783899051,72.6875,5
11,config_E,train,300000,0.1422222222222222,1048.5147553544798,107.24117647058824,10
11,config_E,train,350000,0.14666666666666664,1281.57546703989,83.45075757575758,5
11,config_E,train,400000,0.2311111111111111,1058.803068803651,87.30419580419581,10
11,config_E,train,450000,0.29333333333333333,859.8814948750793,112.56636904761905,5
11,config_E,train,500000,0.34222222222222215,1036.3982294079694,84.9296823438,10
11,config_E,train,550000,0.5022222222222222,708.7680164900828,83.61832283992527,5
11,config_E,train,600000,0.49777777777777776,472.06008172180174,59.26859668109669,10
11,config_E,train,650000,0.5466666666666666,517.621596295932,62.867931034482766,5
11,config_E,train,700000,0.5555555555555556,785.8686766737721,67.38408432783433,10
11,config_E,train,750000,0.5555555555555556,523.8701743234948,61.43469841269841,5
11,config_E,train,800000,0.5644444444444444,609.898791651639,65.4338245614035,10
11,config_E,train,850000,0.6711111111111111,497.58883427008675,74.37577276524645,5
11,config_E,train,900000,0.6044444444444445,691.0853125908584,56.32485096743161,10
11,config_E,train,950000,0.6222222222222222,511.6610931481061,63.700037231287226,5
11,config_E,train,1000000,0.7866666666666666,339.33014265344116,50.78462519936204,10
11,config_E,train,1050000,0.8222222222222222,404.6168183455074,51.77880026949795,5
11,config_E,train,1100000,0.8088888888888889,278.9086554298709,51.35573560448561,10
11,config_E,train,1150000,0.8799999999999999,300.83639594644774,48.14277603622431,5
11,config_E,train,1200000,0.9244444444444444,227.3907703948565,47.5644373972281,10
11,config_E,train,1250000,0.9466666666666667,163.99378046792833,44.968520499108735,5
11,config_E,train,1300000,0.8933333333333333,220.01118542393505,45.41587087087087,10
11,config_E,train,1350000,0.8755555555555554,220.29528031542685,48.059632538004635,5
11,config_E,train,1400000,0.8488888888888889,258.03543296568307,49.21223132487667,10
11,config_E,train,1450000,0.9333333333333332,165.42570001372965,45.50497241320771,5
11,config_E,train,1500000,0.8933333333333333,269.9597393622286,50.329123640587056,10
11,config_E,train,1550000,0.9200000000000002,262.73913746306215,52.78314245227973,5
11,config_E,train,1600000,0.9111111111111111,228.67690617266717,49.86302999478102,10
11,config_E,train,1650000,0.9244444444444444,215.54906597234057,44.77238686285632,5
11,config_E,train,1700000,0.8933333333333333,207.11311164824988,45.01488440846354,10
11,config_E,train,1750000,0.888888888888889,200.74304553176728,47.695971341320174,5
11,config_E,train,1800000,0.9244444444444444,222.58264335091616,52.71906775395148,10
11,config_E,train,1850000,0.9199999999999999,242.7415331283383,47.422164502164506,5
11,config_E,train,1900000,0.9466666666666667,198.92184690539784,46.70284002818887,10
11,config_E,train,1950000,0.8933333333333333,232.86551169454106,45.80405180736576,5
11,config_E,train,2000000,0.888888888888889,196.11269203236156,46.98442860715179,10
11,config_E,train,2050000,0.8488888888888889,235.65966358873806,45.00726358579375,5
11,config_E,train,2100000,0.8266666666666665,208.18659732020774,47.04905581272719,10
11,config_E,train,2150000,0.888888888888889,230.62707810651636,48.959527225524354,5
11,config_E,train,2200000,0.8577777777777778,238.6516009260992,48.75600367789392,10
11,config_E,train,2250000,0.7466666666666667,236.1119884596529,51.75812745795331,5
11,config_E,train,2300000,0.8666666666666668,218.1754261518663,51.51996596710153,10
11,config_E,train,2350000,0.8577777777777778,236.31876732942345,46.74816627816628,5
11,config_E,train,2400000,0.9288888888888888,204.80474285579166,49.342625591462806,10
11,config_E,train,2450000,0.8488888888888889,257.66920778142855,45.722035491451265,5
11,config_E,train,2500000,0.8444444444444444,255.11347296280096,49.04839202261992,10
11,config_E,train,2550000,0.888888888888889,217.35410157803364,46.42760446209113,5
11,config_E,train,2600000,0.8,324.59975445581085,54.97525221073609,10
11,config_E,train,2650000,0.8577777777777778,347.3326101511372,51.75364153627312,5
11,config_E,train,2700000,0.8533333333333333,242.52338354218378,51.91172161172161,10
11,config_E,train,2750000,0.8400000000000001,322.72860378942437,50.29783155441051,5
11,config_E,train,2800000,0.8355555555555554,251.74823197962502,50.655765765765764,10
11,config_E,train,2850000,0.7777777777777777,232.51296659792584,50.220682277541364,5
11,config_E,train,2900000,0.7955555555555556,272.72926380380125,50.341746031746034,10
11,config_E,train,2950000,0.8533333333333333,216.25820296930857,47.1832183933596,5
11,config_E,train,3000000,0.7644444444444444,307.3329831402906,50.9586480407533,10
11,config_E,train,3050000,0.7733333333333333,316.8354076206776,52.254564389858515,5
11,config_E,train,3100000,0.7511111111111111,372.6379842263185,52.237925433739385,10
11,config_E,train,3150000,0.7822222222222222,294.3615468272987,52.42450176908242,5
11,config_E,train,3200000,0.7288888888888889,269.445852085858,54.75906810035842,10
11,config_E,train,3250000,0.7288888888888889,325.80156251551716,51.964580792444565,5
11,config_E,train,3300000,0.7866666666666667,277.531844246498,55.71810526871502,10
11,config_E,train,3350000,0.7644444444444444,301.5039008465006,52.553531682943444,5
11,config_E,train,3400000,0.8088888888888889,241.5142535933462,51.6804371142911,10
11,config_E,train,3450000,0.8133333333333332,252.94957919815738,53.86512694821518,5
11,config_E,train,3500000,0.6933333333333334,221.922496308339,50.22626032626032,10
11,config_E,train,3550000,0.8044444444444444,220.67109195225117,50.500979407635384,5
11,config_E,train,3600000,0.8222222222222222,231.96071421305686,52.96753976149098,10
11,config_E,train,3650000,0.7688888888888888,202.98594123144167,52.90083285135917,5
11,config_E,train,3700000,0.6444444444444445,159.22209562224094,55.605520050125314,10
11,config_E,train,3750000,0.6933333333333334,179.6289776828156,52.606470477268445,5
11,config_E,train,3800000,0.72,226.59585755198083,54.51254079254079,10
11,config_E,train,3850000,0.76,256.44051143063,48.54929567508515,5
11,config_E,train,3900000,0.7155555555555556,237.30260337971072,55.908195914852264,10
11,config_E,train,3950000,0.7911111111111111,280.0620660367698,54.8353792501225,5
11,config_E,train,4000000,0.8311111111111111,291.9434739651776,53.25214343763766,10
11,config_E,train,4050000,0.8,268.9695873669611,57.859577001118055,5
11,config_E,train,4100000,0.72,269.4340962502657,57.67197401569071,10
11,config_E,train,4150000,0.7822222222222222,261.5486539692595,47.59788412472623,5
11,config_E,train,4200000,0.7511111111111111,285.5175248677509,47.75486003861004,10
11,config_E,train,4250000,0.7466666666666667,293.01506523982385,49.422649024061094,5
11,config_E,train,4300000,0.7022222222222222,322.76939913012535,49.87290463097274,10
11,config_E,train,4350000,0.711111111111111,176.92559584571694,55.131631701631704,5
11,config_E,train,4400000,0.7333333333333333,242.82859018594414,52.897578347578346,10
11,config_E,train,4450000,0.6355555555555555,255.6800605105637,55.07542124542124,5
11,config_E,train,4500000,0.6933333333333332,221.25753804894353,56.853211990270815,10
11,config_E,train,4550000,0.5377777777777778,226.08859569324787,58.652714513556624,5
11,config_E,train,4600000,0.5688888888888888,214.31433596776384,64.46439362439362,10
11,config_E,train,4650000,0.5422222222222223,237.33325693630968,68.61875382771935,5
11,config_E,train,4700000,0.5866666666666667,278.5381676071009,66.01905533063429,10
11,config_E,train,4750000,0.5155555555555555,323.5771084802557,61.34308666955726,5
11,config_E,train,4800000,0.4933333333333333,263.3245153333553,59.51860681114552,10
11,config_E,train,4850000,0.5511111111111111,270.1451672101481,82.31099846390168,5
11,config_E,train,4900000,0.5511111111111111,250.25900253376008,81.51880952380952,10
11,config_E,train,4950000,0.5733333333333334,252.09924883764833,56.35243077178561,5
11,config_E,train,5000000,0.5733333333333333,225.27103892807244,69.81109557109558,5
