config_name,group,checkpoint_step,mean_success_rate,std_success_rate,mean_avg_return,std_avg_return,mean_first_success_step,std_first_success_step,n_runs
config_A,test,5000,0.04,0.08944271909999159,336.20084901027974,189.40744717444102,412.0,,5
config_A,test,10000,0.2,0.2,548.3544178979021,486.9616497122616,271.1666666666667,156.9811559816443,5
config_A,test,15000,0.48,0.22803508501982758,322.35384184208175,101.00850442706724,168.41666666666666,75.61479499557095,5
config_A,test,20000,0.5599999999999999,0.2607680962081059,295.83359887725067,130.4608171704678,101.26666666666667,22.48845382758796,5
config_A,test,25000,0.72,0.2683281572999748,306.6397962210362,185.33701819367798,60.7,9.364827814754523,5
config_A,test,30000,0.76,0.0894427190999916,289.7637681825414,78.30511646844637,52.83333333333333,3.5857549956583608,5
config_A,test,35000,0.8800000000000001,0.17888543819998315,144.5198300908393,119.70511496019859,48.4,3.8832975677895196,5
config_A,test,40000,0.8800000000000001,0.17888543819998315,137.10455747596956,117.58284823876114,43.96,4.603042472104726,5
config_A,test,45000,0.8800000000000001,0.17888543819998315,135.89121416159054,116.21120326002607,40.95333333333333,2.703249073902654,5
config_A,test,50000,0.96,0.08944271909999156,112.37185662165832,114.7147436129758,39.27,0.44665422868254734,5
config_A,test,55000,1.0,0.0,55.43256348507261,8.218686379192912,38.8,0.7874007874011824,5
config_A,test,60000,0.96,0.08944271909999156,84.89218532412761,60.15391491388281,38.9,1.1661903789690606,5
config_A,test,65000,0.96,0.08944271909999156,83.76671707064342,59.290330680192895,38.489999999999995,0.6248999919987209,5
config_A,test,70000,0.96,0.08944271909999156,118.5129975118638,132.04137580599098,38.239999999999995,0.6841052550594798,5
config_A,test,75000,0.96,0.08944271909999156,122.17564308966368,139.9912591577937,38.25,0.8077747210701742,5
config_A,test,80000,0.96,0.08944271909999156,143.56016573172224,192.04462738713764,38.08,0.7429670248402676,5
config_A,test,85000,1.0,0.0,57.82852460394273,9.57432702288063,38.04,0.5899152481501045,5
config_A,test,90000,0.96,0.08944271909999156,157.7325210158501,217.44691140726928,38.29,0.640702739185653,5
config_A,test,95000,1.0,0.0,58.325777188012424,8.823812797924209,38.239999999999995,0.7402702209328688,5
config_A,test,100000,1.0,0.0,63.031676606545304,5.852369376115187,38.0,0.6782329983125253,5
config_A,test,105000,1.0,0.0,66.59638933125123,5.184476568379428,38.2,0.6164414002968976,5
config_A,test,110000,1.0,0.0,62.801859882116524,3.025800665007091,37.8,0.5099019513592784,5
config_A,test,115000,1.0,0.0,62.4348322898205,1.782063117423506,37.8,0.3162277660168374,5
config_A,test,120000,1.0,0.0,61.64240467582867,3.247542745253084,37.760000000000005,0.5727128425310549,5
config_A,test,125000,1.0,0.0,62.4528072610569,4.725210444587364,37.760000000000005,0.5727128425310549,5
config_A,test,130000,1.0,0.0,61.52414821057995,7.848176194552214,37.72,0.7823042886243143,5
config_A,test,135000,1.0,0.0,63.81955471808154,7.622977818117297,37.959999999999994,0.8173126696681025,5
config_A,test,140000,1.0,0.0,63.30447437265674,7.3761384939145715,37.839999999999996,0.5176871642217918,5
config_A,test,145000,1.0,0.0,65.28378803419861,10.311307723957759,38.08,0.6418722614352469,5
config_A,test,150000,1.0,0.0,67.99565760162466,11.042442037060438,38.2,1.0677078252031318,5
config_A,test,155000,1.0,0.0,65.32309112550911,10.558668806655685,37.8,0.9486832980505164,5
config_A,test,160000,1.0,0.0,69.01881496255835,10.80120747720532,38.12,0.9444575162494093,5
config_A,test,165000,1.0,0.0,71.07303582631064,11.07400442376508,38.36,1.0139033484509274,5
config_A,test,170000,1.0,0.0,71.07133545150994,12.507043099423532,38.239999999999995,1.152388823271035,5
config_A,test,175000,1.0,0.0,69.85372374068893,12.10619532785939,38.160000000000004,1.1523888232710358,5
config_A,test,180000,1.0,0.0,72.41279781127265,11.437616156586676,38.480000000000004,1.0545141061171268,5
config_A,test,185000,1.0,0.0,71.90803958864493,10.545789332848193,38.4,0.9380831519646876,5
config_A,test,190000,1.0,0.0,74.26680695984771,9.408303700730281,38.68,0.729383301152417,5
config_A,test,195000,1.0,0.0,72.08165650131014,10.497780719906919,38.44,0.7402702209328732,5
config_A,test,200000,1.0,0.0,73.36452179697035,8.3141018446472,38.720000000000006,0.5932958789676515,5
config_A,test,205000,1.0,0.0,77.24116107263521,7.3899345140363435,38.76,0.6693280212272578,5
config_A,test,210000,1.0,0.0,73.29802261893246,4.50762683010951,38.56,0.5727128425310554,5
config_A,test,215000,1.0,0.0,70.6470104167835,6.627754172072214,38.32000000000001,0.5215361924162116,5
config_A,test,220000,1.0,0.0,72.3102272954147,7.37912870422406,38.480000000000004,0.7949842765740727,5
config_A,test,225000,1.0,0.0,73.08016413630467,6.415161581107138,38.56,0.6542170893518447,5
config_A,test,230000,1.0,0.0,72.23006072165956,6.487465258721861,38.480000000000004,0.8318653737234184,5
config_A,test,235000,1.0,0.0,73.32360215282831,7.511719982696255,38.56,0.7402702209328694,5
config_A,test,240000,1.0,0.0,72.50909816925243,6.361344909598622,38.56,0.8173126696681009,5
config_A,test,245000,1.0,0.0,73.47975613567759,8.46614701177407,38.64,0.8988882021697667,5
config_A,test,250000,1.0,0.0,72.94653209569073,7.814605040271769,38.68,1.0825894882179508,5
config_A,test,255000,1.0,0.0,73.70333138534022,6.33513555300397,38.64,1.0899541274751003,5
config_A,test,260000,1.0,0.0,73.66263806270425,7.427668721423028,38.64,1.2441864811996621,5
config_A,test,265000,1.0,0.0,73.11603458720893,6.961658395336511,38.56,1.17813411800185,5
config_A,test,270000,1.0,0.0,72.72594830079905,8.302794481159705,38.68,1.2537942414925978,5
config_A,test,275000,1.0,0.0,75.05363937660931,8.948593567797158,38.56,1.099090533122728,5
config_A,test,280000,1.0,0.0,71.54469210837973,8.224513065748551,38.239999999999995,0.9099450532861851,5
config_A,test,285000,1.0,0.0,71.48484326221572,9.98873636429852,38.32,1.015874007936025,5
config_A,test,290000,1.0,0.0,71.36487798105085,8.546984018574808,38.239999999999995,0.7924645102463582,5
config_A,test,295000,1.0,0.0,71.02340717838112,7.710866468640721,38.279999999999994,0.6418722614352506,5
config_A,test,300000,1.0,0.0,69.7662881136616,6.362184704299534,38.12,0.6723094525588641,5
config_A,test,305000,1.0,0.0,71.33589899961956,6.398491583479378,38.239999999999995,0.6542170893518466,5
config_A,test,310000,1.0,0.0,72.70053179582943,5.317326214886441,38.36,0.7668115805072322,5
config_A,test,315000,1.0,0.0,73.87695857755838,6.691067176630074,38.44,0.7536577472566709,5
config_A,test,320000,1.0,0.0,74.43624787738527,8.033501386403138,38.519999999999996,0.8074651695274527,5
config_A,test,325000,1.0,0.0,74.43767237168015,8.275213713358564,38.36,0.8173126696681035,5
config_A,test,330000,1.0,0.0,74.64777285520549,8.957515971489387,38.4,0.9695359714832629,5
config_A,test,335000,1.0,0.0,74.25278785724478,7.861105185005835,38.480000000000004,0.9121403400793102,5
config_A,test,340000,1.0,0.0,75.70775315388498,8.13901044014558,38.68,0.9444575162494082,5
config_A,test,345000,1.0,0.0,73.63672031059141,5.998213163026746,38.64,0.6841052550594827,5
config_A,test,350000,1.0,0.0,74.14194404449731,6.481377182375152,38.72,0.878635305459553,5
config_A,test,355000,1.0,0.0,73.4481684854535,5.9949271346996,38.519999999999996,0.8438009243891559,5
config_A,test,360000,1.0,0.0,77.20624061160815,4.098636823453701,38.68,0.7563068160475618,5
config_A,test,365000,1.0,0.0,78.54861547513045,4.182778018672964,38.64,0.7402702209328715,5
config_A,test,370000,1.0,0.0,77.24846354982205,6.195481997249771,38.6,0.9165151389911654,5
config_A,test,375000,1.0,0.0,76.42208195776259,7.081642447541437,38.64,0.8876936408468868,5
config_A,test,380000,1.0,0.0,75.86608642121996,6.2877438824928165,38.6,0.8124038404635927,5
config_A,test,385000,1.0,0.0,74.03981537265511,4.937893596590216,38.6,0.9591663046625425,5
config_A,test,390000,1.0,0.0,73.24228651524841,4.526513634479335,38.6,0.8831760866327845,5
config_A,test,395000,1.0,0.0,73.84942644559872,4.7733582448114324,38.64,0.9208691546577071,5
config_A,test,400000,1.0,0.0,76.31544025367305,2.0725866900145884,38.839999999999996,0.6841052550594815,5
config_A,test,405000,1.0,0.0,75.66223057616655,3.8761039827198323,38.8,0.7874007874011815,5
config_A,test,410000,1.0,0.0,73.96590889206476,3.994484419620083,38.64,0.7924645102463568,5
config_A,test,415000,1.0,0.0,75.28533832184777,4.827564580816774,38.92,0.7823042886243194,5
config_A,test,420000,1.0,0.0,74.61506715491629,5.566413210437449,38.88,0.8786353054595497,5
config_A,test,425000,1.0,0.0,73.72970805050895,6.0993073060326175,38.64,0.9208691546577047,5
config_A,test,430000,1.0,0.0,74.97497189305707,5.786688426176501,38.760000000000005,0.8294576541331101,5
config_A,test,435000,1.0,0.0,76.42534194982451,6.9149509768961925,38.839999999999996,1.0334408546211087,5
config_A,test,440000,1.0,0.0,76.8768203238935,4.931321030233138,38.88,0.8671793355471525,5
config_A,test,445000,1.0,0.0,77.3475434475102,6.232961708530394,38.8,0.979795897113273,5
config_A,test,450000,1.0,0.0,77.27330603180803,4.509298275989406,38.8,0.7615773105863904,5
config_A,test,455000,1.0,0.0,77.53916692231212,5.465122775977873,38.8,0.7071067811865465,5
config_A,test,460000,1.0,0.0,78.91585105648849,4.963856816052976,38.88,0.7563068160475613,5
config_A,test,465000,1.0,0.0,78.45648796377849,6.31102082275192,38.8,0.9486832980505167,5
config_A,test,470000,1.0,0.0,78.01092231796996,5.792638653331459,38.72,0.7694153624668529,5
config_A,test,475000,1.0,0.0,78.59370667607895,6.858916368209088,38.720000000000006,0.9230384607371436,5
config_A,test,480000,1.0,0.0,79.0454927897326,5.159123432534718,38.72,0.7694153624668529,5
config_A,test,485000,1.0,0.0,79.2689591747431,6.03989383842637,38.760000000000005,0.9423375191511795,5
config_A,test,490000,1.0,0.0,79.59493295679061,6.201703820984966,38.88,0.9338094023943033,5
config_A,test,495000,1.0,0.0,79.0761716597606,5.015586099402024,38.8,0.8124038404635932,5
config_A,test,500000,1.0,0.0,70.8656814769756,6.275920844335449,38.12,0.6572670690061986,5
config_A,train,5000,0.04444444444444442,0.07535922203472517,429.3038783768881,311.1884163846892,382.125,69.13065076360847,5
config_A,train,10000,0.2533333333333333,0.18565865399293713,441.1514582940969,269.99874863904495,234.94315476190476,74.90580303047808,5
config_A,train,15000,0.43999999999999995,0.10351835287868548,392.8464993095096,100.03336301635137,168.30303836514364,83.54223500939143,5
config_A,train,20000,0.5466666666666666,0.1192569587999888,396.22236879918427,98.81912907517342,119.62717086834732,48.95970112177041,5
config_A,train,25000,0.72,0.21920169414502566,299.5440918619879,130.07209353988364,60.29935388503445,8.32974470066627,5
config_A,train,30000,0.7777777777777778,0.10772621905369618,246.61362805331993,53.775719784557715,52.6192716067716,3.5575045125375406,5
config_A,train,35000,0.8755555555555556,0.12332832822676988,172.15697080509767,106.14464193973637,48.493249891246705,4.008448675881934,5
config_A,train,40000,0.8266666666666665,0.13824294235551815,210.59567463707813,93.86211893932408,44.101847041847044,5.066740024873521,5
config_A,train,45000,0.8977777777777778,0.14452988925785867,133.8333380350692,108.07027516793555,41.29455608718767,3.0571488625837584,5
config_A,train,50000,0.9822222222222223,0.024343224778007325,80.96805908295718,25.594724968780902,39.632248062015506,1.3331154099497708,5
config_A,train,55000,0.9822222222222223,0.024343224778007325,69.9261461311754,14.599039231741388,39.31586563307494,1.3433339573711292,5
config_A,train,60000,0.9466666666666667,0.11925695879998881,104.05588008000146,103.89815417441498,39.21656565656566,1.3821706384925228,5
config_A,train,65000,0.9688888888888888,0.06956655929999346,86.96758719681574,61.406245511416955,38.98304093567252,0.8869471327570058,5
config_A,train,70000,0.96,0.08944271909999156,125.28528257176012,147.72827010829013,38.58888888888889,0.5729499148601725,5
config_A,train,75000,0.9866666666666667,0.02981423969999725,88.60075236557282,67.80107036649578,38.41936507936508,0.5841425118709072,5
config_A,train,80000,0.9955555555555555,0.00993807989999913,67.36125823577152,20.161950745442766,38.455252525252526,0.5787389141415672,5
config_A,train,85000,1.0,0.0,59.228917855064175,8.00297535968246,38.37777777777778,0.4127594582445925,5
config_A,train,90000,0.9866666666666667,0.02981423969999725,83.19753071547487,53.752825680754775,38.36507936507936,0.38388422080901186,5
config_A,train,95000,0.9955555555555555,0.009938079899999114,66.2059092987412,12.404810666351342,38.34848484848485,0.2674288922822352,5
config_A,train,100000,1.0,0.0,63.801565852544584,3.795664428795345,38.2,0.21314806770278563,5
config_A,train,105000,1.0,0.0,65.7059121524073,3.7305386231363635,38.23555555555556,0.21407279251186206,5
config_A,train,110000,1.0,0.0,63.18706721191753,2.410895355522314,38.031111111111116,0.19411082490597847,5
config_A,train,115000,1.0,0.0,63.73756692657288,3.9543699959814558,38.093333333333334,0.158230961057048,5
config_A,train,120000,1.0,0.0,61.42205072290828,3.7808655345890183,37.973333333333336,0.13644516829341666,5
config_A,train,125000,1.0,0.0,63.02543292835257,6.431326319319592,37.99111111111112,0.1761032244991937,5
config_A,train,130000,1.0,0.0,63.057720705463495,6.038103238579745,38.03111111111111,0.28743222496898146,5
config_A,train,135000,1.0,0.0,64.40038101127725,8.30201699705071,38.08,0.42005290672062184,5
config_A,train,140000,1.0,0.0,64.76359515773697,8.998324286503808,38.14666666666666,0.33244325608819136,5
config_A,train,145000,1.0,0.0,66.1513979859667,9.578230075428497,38.19111111111111,0.47573205447428324,5
config_A,train,150000,1.0,0.0,67.5315114218652,9.79713117803524,38.15555555555555,0.4911563578955605,5
config_A,train,155000,1.0,0.0,68.12074560895007,10.263095165309227,38.21777777777778,0.506598435951637,5
config_A,train,160000,1.0,0.0,70.37298168340945,8.923808786695632,38.31111111111112,0.5190209206278515,5
config_A,train,165000,1.0,0.0,71.76345155141121,9.168614408469326,38.431111111111115,0.4897971361368927,5
config_A,train,170000,1.0,0.0,71.44788686173057,8.48050273012088,38.36444444444445,0.4215198836895833,5
config_A,train,175000,1.0,0.0,70.3771432802988,7.792305569917724,38.36888888888889,0.3911363628211827,5
config_A,train,180000,1.0,0.0,72.50169176841894,7.534199716496478,38.50222222222222,0.4261802783208427,5
config_A,train,185000,1.0,0.0,74.42927826357959,7.046288286244309,38.67111111111111,0.4226313806979056,5
config_A,train,190000,1.0,0.0,73.91563242229353,7.725913973569026,38.684444444444445,0.550061724931458,5
config_A,train,195000,1.0,0.0,74.78639287322429,7.090684012267694,38.720000000000006,0.3857332283545096,5
config_A,train,200000,1.0,0.0,75.60722087430028,5.152610006168737,38.808888888888895,0.33318515224873535,5
config_A,train,205000,1.0,0.0,76.21887938212083,5.112379786204048,38.74666666666666,0.3245509718570141,5
config_A,train,210000,1.0,0.0,74.15685887230875,4.984156469891828,38.68888888888888,0.3063121944908939,5
config_A,train,215000,1.0,0.0,74.37396335815959,5.00654257733951,38.666666666666664,0.2662033011269095,5
config_A,train,220000,1.0,0.0,75.50551797619151,4.788322077635112,38.742222222222225,0.2660177289181446,5
config_A,train,225000,1.0,0.0,74.49538097891552,3.9942508939097165,38.63111111111111,0.27334236660773303,5
config_A,train,230000,1.0,0.0,73.84977239433091,5.455381883623274,38.66222222222222,0.3048577891491997,5
config_A,train,235000,1.0,0.0,74.29541567448572,5.087267275055559,38.67555555555556,0.3000411494412496,5
config_A,train,240000,1.0,0.0,74.92091050105866,5.451679484112842,38.70666666666666,0.19838856996147317,5
config_A,train,245000,1.0,0.0,74.80009041694818,5.325063371643428,38.78666666666667,0.2724375565560345,5
config_A,train,250000,1.0,0.0,75.27905641271558,7.40465765456526,38.8,0.35136418446315454,5
config_A,train,255000,1.0,0.0,75.16179916524842,6.250834907001614,38.75555555555555,0.3691832827963586,5
config_A,train,260000,1.0,0.0,75.73728191874132,5.596934958383109,38.80444444444445,0.3901250195311733,5
config_A,train,265000,1.0,0.0,75.57282647665394,5.636061956070959,38.80444444444445,0.4576914697495276,5
config_A,train,270000,1.0,0.0,73.94916005210108,4.67672976661755,38.742222222222225,0.4353514260887766,5
config_A,train,275000,1.0,0.0,75.17295399141514,5.360865533296426,38.644444444444446,0.45677343980209717,5
config_A,train,280000,1.0,0.0,72.26304554223296,5.175151060527395,38.45333333333333,0.34804569020335935,5
config_A,train,285000,1.0,0.0,72.80143685379488,6.250273427138658,38.51111111111111,0.34282774712314346,5
config_A,train,290000,1.0,0.0,73.46519462098179,6.694413410658436,38.52,0.2674063814487327,5
config_A,train,295000,1.0,0.0,72.23520746335565,6.655117283437331,38.45333333333333,0.2710746787906931,5
config_A,train,300000,1.0,0.0,73.00700939621967,6.507026819656624,38.56444444444444,0.24221202832779606,5
config_A,train,305000,1.0,0.0,73.30844412833883,6.331582811817163,38.55555555555556,0.2850167852973432,5
config_A,train,310000,1.0,0.0,73.91710306023049,5.21385533631795,38.60444444444445,0.31755236760703925,5
config_A,train,315000,1.0,0.0,73.92933840386686,4.838304242454301,38.6,0.2943920288775949,5
config_A,train,320000,1.0,0.0,74.43346004559206,7.244290262366378,38.60888888888889,0.2280350850198274,5
config_A,train,325000,1.0,0.0,75.38458921131271,6.210698979917582,38.666666666666664,0.1396645009997376,5
config_A,train,330000,1.0,0.0,75.43376541442694,6.90744728464958,38.61333333333333,0.29254101748914174,5
config_A,train,335000,1.0,0.0,75.37715955819729,7.784285294708708,38.666666666666664,0.3201080064641779,5
config_A,train,340000,1.0,0.0,75.48438808543435,6.216063740096209,38.724444444444444,0.23809947086184988,5
config_A,train,345000,1.0,0.0,75.34829001623777,6.385973554565089,38.742222222222225,0.17819395730426055,5
config_A,train,350000,1.0,0.0,75.4771556803918,5.73572958585528,38.75111111111111,0.18751131653092554,5
config_A,train,355000,1.0,0.0,75.80372446559396,6.493525413599278,38.733333333333334,0.2287917809108249,5
config_A,train,360000,1.0,0.0,77.44053949057599,5.877879249935589,38.77777777777778,0.2454524670486048,5
config_A,train,365000,1.0,0.0,78.37553138078218,6.031015164121294,38.75555555555555,0.16850834320114463,5
config_A,train,370000,1.0,0.0,78.39286967655048,6.119175486864732,38.75555555555555,0.17069212773041287,5
config_A,train,375000,1.0,0.0,77.81632259124035,5.788859458629353,38.76444444444444,0.19789010543016433,5
config_A,train,380000,1.0,0.0,77.35514279753082,5.983659826821521,38.77333333333333,0.22188863851318738,5
config_A,train,385000,1.0,0.0,76.4411920281564,5.815988260635287,38.70666666666666,0.24715667046043222,5
config_A,train,390000,1.0,0.0,75.766551152412,5.8945469337255325,38.74666666666667,0.2437363481457173,5
config_A,train,395000,1.0,0.0,75.88560194314535,5.356465494284391,38.724444444444444,0.19283460577704142,5
config_A,train,400000,1.0,0.0,76.68796607829469,6.421924905424809,38.77777777777778,0.23674750836291866,5
config_A,train,405000,1.0,0.0,76.59501157320142,5.696541787184006,38.77777777777778,0.2066786137526504,5
config_A,train,410000,1.0,0.0,76.67318615217104,6.105133732023817,38.89333333333333,0.1920648038785108,5
config_A,train,415000,1.0,0.0,76.939346181089,6.5868851506050925,38.92444444444445,0.28091561054329667,5
config_A,train,420000,1.0,0.0,76.67837506918087,6.923484932341885,38.973333333333336,0.2530797951557003,5
config_A,train,425000,1.0,0.0,76.10331286035508,6.239978436557853,38.82666666666667,0.19900989490878565,5
config_A,train,430000,1.0,0.0,76.58622780704106,5.953674636296835,38.84888888888889,0.27325202042559316,5
config_A,train,435000,1.0,0.0,77.01320231262837,6.313573437433363,38.92,0.2575286152145453,5
config_A,train,440000,1.0,0.0,77.38361816417044,5.89346817065059,38.91555555555556,0.24464638123596386,5
config_A,train,445000,1.0,0.0,77.60045746068717,5.37546545250181,38.92444444444445,0.2219998887776396,5
config_A,train,450000,1.0,0.0,77.86501008639192,4.675766264647861,38.897777777777776,0.17184546603717116,5
config_A,train,455000,1.0,0.0,78.1417407702488,5.997482367959763,38.906666666666666,0.21965180076713778,5
config_A,train,460000,1.0,0.0,79.11062913446759,5.490163292606484,38.973333333333336,0.24108806853539047,5
config_A,train,465000,1.0,0.0,79.61868168975312,5.972726325159594,38.964444444444446,0.286140775161246,5
config_A,train,470000,1.0,0.0,80.09538220973789,6.221585585254533,38.964444444444446,0.21863775779997963,5
config_A,train,475000,1.0,0.0,79.84043339635814,6.650043401528521,38.88888888888889,0.29606472432165337,5
config_A,train,480000,1.0,0.0,79.85550389264513,6.242974236023153,38.89333333333333,0.2466566564535451,5
config_A,train,485000,1.0,0.0,79.40543457774007,6.240560780712755,38.839999999999996,0.2958144229741118,5
config_A,train,490000,1.0,0.0,79.88736864992933,5.103106650774714,38.93333333333334,0.1879059391698683,5
config_A,train,495000,1.0,0.0,79.90142311071165,4.466321544895138,38.96,0.1709811916593056,5
config_A,train,500000,1.0,0.0,71.90031282575424,8.612962554852336,38.36888888888889,0.4378962050757591,5
config_B,test,5000,0.0,0.0,184.78370317369667,52.56260174281292,,,5
config_B,test,10000,0.08,0.1788854381999832,166.33858758027438,31.445361183010448,318.5,,5
config_B,test,15000,0.2,0.14142135623730953,468.07327557580555,427.45227979053897,331.125,112.01367104063682,5
config_B,test,20000,0.24,0.260768096208106,396.1651544384149,457.20527550782083,270.6666666666667,60.71518206621251,5
config_B,test,25000,0.36,0.16733200530681508,223.78126577712524,74.84059289570469,169.26666666666665,42.644134675500474,5
config_B,test,30000,0.6,0.4,232.80735428597467,90.4347060569916,140.18666666666667,48.320191316766206,5
config_B,test,35000,0.6799999999999999,0.30331501776206204,205.92831643829905,103.0110600532402,97.46000000000001,29.231797755184335,5
config_B,test,40000,0.6799999999999999,0.2280350850198276,250.5079024924583,108.12497454324034,74.74666666666667,11.702388170321854,5
config_B,test,45000,0.72,0.2280350850198276,227.70966431892748,99.58391130149857,67.72333333333333,9.485483060387006,5
config_B,test,50000,0.64,0.3847076812334269,245.0662427359407,147.0693969847831,55.608333333333334,8.192967851897274,5
config_B,test,55000,0.64,0.3847076812334269,263.4091326306534,148.67635990368387,51.85,8.356035742703195,5
config_B,test,60000,0.64,0.3847076812334269,276.78488427919206,158.88635902265975,48.92916666666666,6.347620945414641,5
config_B,test,65000,0.8,0.282842712474619,156.00389131369639,134.66595556105548,46.38,4.764661582945842,5
config_B,test,70000,0.8,0.282842712474619,159.87142663767486,139.0431885624307,45.11333333333333,3.287991619345902,5
config_B,test,75000,0.8,0.282842712474619,158.20466049367008,143.41276763598069,42.78,2.522300537208046,5
config_B,test,80000,0.8,0.282842712474619,170.05381917747192,162.2125471282433,41.54,2.044015655517345,5
config_B,test,85000,0.8800000000000001,0.17888543819998318,121.93060503023055,96.31305908259371,40.03666666666667,1.6763220321750711,5
config_B,test,90000,0.9199999999999999,0.17888543819998318,96.93866609221706,98.18514513418073,39.86666666666667,1.6699966733167144,5
config_B,test,95000,0.9199999999999999,0.17888543819998318,112.49584491090256,128.64328570639069,38.89333333333333,1.170564915851409,5
config_B,test,100000,0.9199999999999999,0.17888543819998318,114.082227198558,118.23397677058396,39.17333333333333,1.705937344166607,5
config_B,test,105000,0.9199999999999999,0.17888543819998318,124.7327866913864,135.77467929892973,38.986666666666665,1.4494443379753816,5
config_B,test,110000,0.96,0.08944271909999157,91.87312758105504,65.79700870670467,39.6,3.6,5
config_B,test,115000,0.96,0.08944271909999157,98.03742406487304,73.81157521351312,39.07,2.6333438818354127,5
config_B,test,120000,1.0,0.0,67.33654077926164,5.693134344161749,40.2,5.163332257370233,5
config_B,test,125000,1.0,0.0,66.04383882762214,6.885466761320296,39.92,4.977147777593105,5
config_B,test,130000,1.0,0.0,66.67947479272466,6.052106774430625,39.72,4.5444471610967145,5
config_B,test,135000,1.0,0.0,65.30976907734184,6.191836308364528,39.0,3.0495901363953792,5
config_B,test,140000,1.0,0.0,64.2245825881957,5.858846895990601,38.56,2.080384579831335,5
config_B,test,145000,1.0,0.0,61.56085266635098,3.5197283039174576,38.36,1.7401149387324968,5
config_B,test,150000,1.0,0.0,60.45885696561762,3.2661277309413537,38.2,1.4966629547095758,5
config_B,test,155000,1.0,0.0,60.76345540423695,3.2609425401994687,38.04,1.3069047402163647,5
config_B,test,160000,1.0,0.0,62.22262030721123,2.2825677382510943,38.04,0.9528903399657271,5
config_B,test,165000,1.0,0.0,60.66069858809634,4.948880039397396,37.96,0.8173126696681028,5
config_B,test,170000,1.0,0.0,59.04862592038571,6.321686942097533,37.72,0.6418722614352513,5
config_B,test,175000,1.0,0.0,58.79863408884272,6.311262571656237,37.760000000000005,0.6228964600959002,5
config_B,test,180000,1.0,0.0,59.448077704609545,7.413280337091336,37.720000000000006,0.7563068160475598,5
config_B,test,185000,1.0,0.0,60.647599965786995,8.957538506324816,37.8,0.8000000000000004,5
config_B,test,190000,1.0,0.0,62.29211454468998,6.761571535448824,37.8,0.583095189484531,5
config_B,test,195000,1.0,0.0,60.224241117387656,7.7549833980490925,37.67999999999999,0.5761944116355177,5
config_B,test,200000,1.0,0.0,60.49273456209653,6.333659671540854,37.72,0.5585696017507599,5
config_B,test,205000,1.0,0.0,62.411415909323445,6.978862987465404,37.92,0.4604345773288518,5
config_B,test,210000,1.0,0.0,61.4953025355617,8.264480138599307,37.879999999999995,0.7014271166700078,5
config_B,test,215000,1.0,0.0,61.59405394729828,9.100247801526233,37.879999999999995,0.5761944116355161,5
config_B,test,220000,1.0,0.0,62.20915795881707,10.62922235251,37.92,0.8671793355471494,5
config_B,test,225000,1.0,0.0,62.993860287023,8.958744704798612,38.08,0.6723094525588635,5
config_B,test,230000,1.0,0.0,64.71061695171345,8.772293980128715,38.2,0.7615773105863929,5
config_B,test,235000,1.0,0.0,64.54418059644023,8.92709616016875,38.16,0.7797435475847191,5
config_B,test,240000,1.0,0.0,66.14279528331578,8.676487304612916,38.239999999999995,0.7402702209328696,5
config_B,test,245000,1.0,0.0,64.0303390769966,9.298114895610027,38.08,0.8438009243891611,5
config_B,test,250000,1.0,0.0,65.56525844909893,11.328426946610097,38.08,0.7563068160475616,5
config_B,test,255000,1.0,0.0,67.46456322284348,9.92632490154194,38.239999999999995,0.7797435475847191,5
config_B,test,260000,1.0,0.0,68.42280519824592,10.809664950905438,38.239999999999995,0.7668115805072308,5
config_B,test,265000,1.0,0.0,69.2313098357704,11.398621133114425,38.28,0.8318653737234168,5
config_B,test,270000,1.0,0.0,70.44802125910294,11.236618697832206,38.28,0.8555699854482999,5
config_B,test,275000,1.0,0.0,70.26636913059755,12.471018960449875,38.239999999999995,0.9316651759081691,5
config_B,test,280000,1.0,0.0,68.48904825758835,11.533893603041763,38.239999999999995,1.0039920318408908,5
config_B,test,285000,1.0,0.0,70.21539272517555,12.476993828241675,38.480000000000004,0.9654014708917716,5
config_B,test,290000,1.0,0.0,67.60510393690652,10.489172445180703,38.239999999999995,0.9316651759081709,5
config_B,test,295000,1.0,0.0,68.87608580799714,8.975003681479308,38.239999999999995,0.8988882021697705,5
config_B,test,300000,1.0,0.0,69.93952389479271,8.248195303504538,38.32,0.7694153624668562,5
config_B,test,305000,1.0,0.0,71.2244107771044,8.583020843532905,38.4,0.8124038404635949,5
config_B,test,310000,1.0,0.0,71.23371194248728,8.818383973931846,38.44,0.7924645102463607,5
config_B,test,315000,1.0,0.0,71.35609554130396,9.058348793113705,38.480000000000004,0.6723094525588602,5
config_B,test,320000,1.0,0.0,74.66157680008716,9.622105650640588,38.8,0.6633249580710804,5
config_B,test,325000,1.0,0.0,73.24932544322931,10.738335821313344,38.559999999999995,0.8648699324175856,5
config_B,test,330000,1.0,0.0,74.27917132219494,10.48428363027043,38.6,0.8124038404635979,5
config_B,test,335000,1.0,0.0,73.57466921583091,12.311142778922537,38.6,0.9899494936611649,5
config_B,test,340000,1.0,0.0,72.20038415616754,12.01262813934966,38.48,0.8786353054595498,5
config_B,test,345000,1.0,0.0,73.15783522375179,11.751432057392595,38.480000000000004,0.8671793355471531,5
config_B,test,350000,1.0,0.0,73.04924630444,12.02311092139301,38.4,0.9273618495495675,5
config_B,test,355000,1.0,0.0,73.58033538740153,10.87866115778839,38.480000000000004,0.8318653737234154,5
config_B,test,360000,1.0,0.0,73.11091299047072,11.321195610502947,38.44,0.7536577472566729,5
config_B,test,365000,1.0,0.0,74.65015751471103,10.015711548116915,38.519999999999996,0.7155417527999329,5
config_B,test,370000,1.0,0.0,72.55532647120044,11.324272396993194,38.32,0.7694153624668562,5
config_B,test,375000,1.0,0.0,74.99196095295434,11.543045218111864,38.6,0.9165151389911694,5
config_B,test,380000,1.0,0.0,73.06739030290129,10.357069004383757,38.36,0.7924645102463571,5
config_B,test,385000,1.0,0.0,73.89940241637012,9.139267034633896,38.44,0.7797435475847178,5
config_B,test,390000,1.0,0.0,72.93517062582498,9.431172639759396,38.4,0.8717797887081359,5
config_B,test,395000,1.0,0.0,72.58031099054914,8.065345003978544,38.32,0.7014271166700068,5
config_B,test,400000,1.0,0.0,71.61177087598313,9.010047556989292,38.16,0.7797435475847191,5
config_B,test,405000,1.0,0.0,71.25915269702432,10.318714201969993,38.160000000000004,0.8414273587185059,5
config_B,test,410000,1.0,0.0,73.70107127029539,7.641432113291682,38.44,0.6693280212272599,5
config_B,test,415000,1.0,0.0,75.20981061566879,6.571381709318948,38.56,0.6066300355241241,5
config_B,test,420000,1.0,0.0,74.99753697130464,6.095213368668475,38.6,0.37416573867739333,5
config_B,test,425000,1.0,0.0,73.6596200248053,7.499065860661991,38.44,0.606630035524122,5
config_B,test,430000,1.0,0.0,74.75273174866796,7.71100364571896,38.52,0.46043457732885423,5
config_B,test,435000,1.0,0.0,75.18277951766808,5.78706864906626,38.519999999999996,0.46043457732885423,5
config_B,test,440000,1.0,0.0,75.46964223646755,8.412879044393938,38.56,0.6066300355241231,5
config_B,test,445000,1.0,0.0,74.79466917935376,8.282291532780901,38.480000000000004,0.6260990336999405,5
config_B,test,450000,1.0,0.0,76.1764160052829,7.593065989125791,38.64,0.5176871642217921,5
config_B,test,455000,1.0,0.0,76.18651967053704,7.682357418388155,38.64,0.4979959839195463,5
config_B,test,460000,1.0,0.0,76.03872211714062,8.689660574002167,38.6,0.5477225575051656,5
config_B,test,465000,1.0,0.0,76.76647466042076,8.021063157984447,38.64,0.4979959839195477,5
config_B,test,470000,1.0,0.0,75.2561687028111,7.822745715346624,38.519999999999996,0.438178046004135,5
config_B,test,475000,1.0,0.0,74.02385637495186,8.160888289788065,38.44,0.622896460095899,5
config_B,test,480000,1.0,0.0,75.26946573708855,8.466074715753418,38.64,0.4560701700396558,5
config_B,test,485000,1.0,0.0,74.89291061968912,8.995428179573102,38.6,0.547722557505165,5
config_B,test,490000,1.0,0.0,74.20321036735,9.79106343440267,38.56,0.6985699678629188,5
config_B,test,495000,1.0,0.0,72.6625583898404,9.419945274931258,38.36,0.5899152481501098,5
config_B,test,500000,0.8400000000000001,0.35777087639996635,202.7374211230179,291.7625053420492,39.04,0.5727128425310526,5
config_B,train,5000,0.00444444444444444,0.009938079899999053,199.972474289986,98.76277159818947,467.0,,5
config_B,train,10000,0.07999999999999999,0.13480667456091647,222.70985975062868,42.78393664112243,319.2142857142857,49.19442891969265,5
config_B,train,15000,0.17333333333333328,0.11044243235368158,402.066732264945,257.47910175790065,314.8890476190476,114.7987872416525,5
config_B,train,20000,0.21777777777777776,0.19077489805630893,304.4869394558772,194.73677446294232,241.52964426877472,17.314874684925208,5
config_B,train,25000,0.3022222222222222,0.15283332323599463,262.1000635430552,95.01954576577117,190.5028431372549,50.090983800123205,5
config_B,train,30000,0.5422222222222223,0.31015726795320714,261.81277326724876,111.88940668645982,140.31255183413077,30.26650113199417,5
config_B,train,35000,0.6044444444444445,0.20691741061306276,274.2255050271717,85.01587503209005,99.92446275946276,28.47664124559561,5
config_B,train,40000,0.6666666666666666,0.20427529234278038,258.718062489405,80.64063463869465,75.1254104551779,12.3340829790624,5
config_B,train,45000,0.7066666666666667,0.22299864363203736,224.39142884472398,92.89487833755852,66.66846461032507,8.731278258096225,5
config_B,train,50000,0.6266666666666667,0.20691741061306276,275.05092115652076,76.9315371147425,57.450095871272346,8.08996497309204,5
config_B,train,55000,0.5777777777777777,0.26851213274654606,317.8258254027377,70.81423211769653,51.88787878787879,6.721012467109967,5
config_B,train,60000,0.6488888888888888,0.23695600466784575,275.4843013641195,87.74804356717586,48.967478991596636,4.9430244480800365,5
config_B,train,65000,0.7555555555555555,0.2753224820747526,187.96845542903043,144.91352627593452,46.333954866023404,4.2867529658237755,5
config_B,train,70000,0.8,0.282842712474619,148.90148463940073,132.0878007605578,44.80740740740741,2.8581892067947776,5
config_B,train,75000,0.8044444444444444,0.2790636902391218,144.71498432872093,128.60328734486635,42.304761904761904,2.1098280502478173,5
config_B,train,80000,0.8044444444444444,0.2790636902391218,155.97491118693716,144.56457531091473,41.37730158730159,1.9214447656392246,5
config_B,train,85000,0.8311111111111111,0.25608640517134107,158.31831426314193,143.56111333944736,39.883359914938865,1.2569214731114697,5
config_B,train,90000,0.8844444444444445,0.23433646802602787,121.1281381272862,131.38699529403925,39.907729789590256,1.1911602721753665,5
config_B,train,95000,0.8933333333333333,0.23851391759997756,130.38647651052312,166.9004751770392,39.01714285714286,0.9947420347996917,5
config_B,train,100000,0.8933333333333333,0.23851391759997756,133.43253837642172,158.1689824969932,39.22031746031746,1.2045989809739452,5
config_B,train,105000,0.8977777777777778,0.22857583769997852,139.19606017656187,165.65585274129617,39.04222222222222,0.9885892180148984,5
config_B,train,110000,0.9199999999999999,0.17888543819998318,121.65753627118893,129.70543909119218,39.3437037037037,2.229147234637046,5
config_B,train,115000,0.9733333333333334,0.05962847939999437,86.93791931621824,49.00729463659287,39.779829059829055,3.521913782208844,5
config_B,train,120000,0.9955555555555555,0.009938079899999114,70.38973915720527,12.074491152763047,40.30131313131314,4.7494612703908805,5
config_B,train,125000,1.0,0.0,65.26802227081355,2.6623498078124523,40.284444444444446,4.824177790880501,5
config_B,train,130000,1.0,0.0,65.97715410929533,4.0201690480017325,40.031111111111116,4.319424973160829,5
config_B,train,135000,1.0,0.0,64.73175321926591,3.2576483669754217,39.35111111111111,2.8003262596515106,5
config_B,train,140000,1.0,0.0,63.60334312395796,3.323462884172714,38.84444444444445,1.7960175423268245,5
config_B,train,145000,1.0,0.0,61.849173079973525,3.992183635679412,38.69777777777778,1.5579822341654952,5
config_B,train,150000,1.0,0.0,61.081428971859815,3.3893479018068273,38.54666666666667,1.286645557301412,5
config_B,train,155000,1.0,0.0,62.16991727695641,2.7303694942942243,38.39111111111111,0.9616857626963389,5
config_B,train,160000,1.0,0.0,62.60465846779285,4.341920977613892,38.257777777777775,0.540598662207231,5
config_B,train,165000,1.0,0.0,61.73042107333198,7.107134116002039,38.19555555555555,0.40776415357197715,5
config_B,train,170000,1.0,0.0,61.254603363227886,5.496009277832061,38.10666666666667,0.27994708494708404,5
config_B,train,175000,1.0,0.0,59.826913497154365,6.662642518811567,37.964444444444446,0.15523777063620858,5
config_B,train,180000,1.0,0.0,59.9592799670191,7.812440675912595,37.97777777777778,0.16850834320115052,5
config_B,train,185000,1.0,0.0,60.48355188672948,8.442997981180175,37.955555555555556,0.22553092366871674,5
config_B,train,190000,1.0,0.0,62.072181331524106,6.551295658429549,37.973333333333336,0.21453366019817174,5
config_B,train,195000,1.0,0.0,60.91987660310285,7.112212078242806,37.93333333333333,0.21829869671542976,5
config_B,train,200000,1.0,0.0,61.55881810276926,7.646765708771863,38.022222222222226,0.3607262906832872,5
config_B,train,205000,1.0,0.0,62.125661155782915,8.052555449473605,38.08444444444444,0.43614472623456085,5
config_B,train,210000,1.0,0.0,61.55039832175985,7.828015307456617,38.08444444444444,0.41168128629011336,5
config_B,train,215000,1.0,0.0,62.33098776918702,9.35563285933658,38.18666666666667,0.4860015749606164,5
config_B,train,220000,1.0,0.0,63.344003882789615,9.811543278409205,38.24444444444445,0.5643744488533452,5
config_B,train,225000,1.0,0.0,64.24250982463907,9.65919996031905,38.30222222222223,0.5119799378785479,5
config_B,train,230000,1.0,0.0,65.87801414559674,9.094172127468958,38.404444444444444,0.5264368931497238,5
config_B,train,235000,1.0,0.0,66.03068176759977,9.097668594972399,38.488888888888894,0.5228129047119379,5
config_B,train,240000,1.0,0.0,66.41418939779173,8.946106471412621,38.413333333333334,0.484984408556822,5
config_B,train,245000,1.0,0.0,66.51250760330858,9.750648539216598,38.45333333333333,0.567776690583868,5
config_B,train,250000,1.0,0.0,67.43561211694863,11.106577822648577,38.43555555555555,0.6506596842369744,5
config_B,train,255000,1.0,0.0,68.56484361900793,10.55007040770408,38.51111111111111,0.6216266991421957,5
config_B,train,260000,1.0,0.0,68.77079422858833,10.738905124159349,38.471111111111114,0.6491019437140311,5
config_B,train,265000,1.0,0.0,69.58751865231925,10.875794633940384,38.52,0.6491399818601424,5
config_B,train,270000,1.0,0.0,69.12339764083036,10.768654980312927,38.44888888888889,0.6830216091153465,5
config_B,train,275000,1.0,0.0,70.21886771713496,9.343913711142038,38.52444444444444,0.6187602100417121,5
config_B,train,280000,1.0,0.0,69.61476328989446,9.121837003034033,38.54666666666667,0.6582055665984886,5
config_B,train,285000,1.0,0.0,69.69665176626691,9.500188450137273,38.59555555555555,0.6752045871940621,5
config_B,train,290000,1.0,0.0,70.50602170209984,8.7035280041228,38.666666666666664,0.6501661705923455,5
config_B,train,295000,1.0,0.0,71.50978151403724,7.2580258684641885,38.67111111111111,0.5857147158771597,5
config_B,train,300000,1.0,0.0,71.76529196519243,7.448996046270432,38.67111111111111,0.5802085619056652,5
config_B,train,305000,1.0,0.0,72.40924711322671,7.635594891524894,38.75555555555555,0.5354126134736346,5
config_B,train,310000,1.0,0.0,72.2837964545038,7.962773265401758,38.760000000000005,0.5520780048659754,5
config_B,train,315000,1.0,0.0,72.09919854093376,8.514426952369684,38.742222222222225,0.6181613517441247,5
config_B,train,320000,1.0,0.0,73.30308302365783,8.1719786855541,38.81333333333333,0.5212994210813571,5
config_B,train,325000,1.0,0.0,73.71867004687998,7.981277682467706,38.80444444444444,0.5607314447098753,5
config_B,train,330000,1.0,0.0,73.9074589318156,8.01254659690637,38.80888888888889,0.59971186497155,5
config_B,train,335000,1.0,0.0,73.24334351041173,8.28644059799841,38.8,0.5845753972429323,5
config_B,train,340000,1.0,0.0,73.6918554886469,9.379406408781872,38.8,0.6289320754704404,5
config_B,train,345000,1.0,0.0,72.75024745726748,9.138212665438816,38.72888888888889,0.6676659177895629,5
config_B,train,350000,1.0,0.0,72.17061119210133,8.86817435273991,38.666666666666664,0.6847546194724724,5
config_B,train,355000,1.0,0.0,72.58638482709397,8.255002966218644,38.68888888888888,0.6495962658774885,5
config_B,train,360000,1.0,0.0,72.2698880026062,8.306136623107763,38.693333333333335,0.6043872521962081,5
config_B,train,365000,1.0,0.0,73.53410751438427,8.177168146741382,38.68888888888889,0.5724109721062801,5
config_B,train,370000,1.0,0.0,72.47031134437017,9.01712802827854,38.64,0.6340931115175995,5
config_B,train,375000,1.0,0.0,72.9073291970847,8.544707693076186,38.684444444444445,0.6062228738999478,5
config_B,train,380000,1.0,0.0,73.69075881625767,7.855842884454389,38.73777777777777,0.6217061351784462,5
config_B,train,385000,1.0,0.0,73.66121479829697,7.348620002468933,38.65777777777778,0.5815263016460853,5
config_B,train,390000,1.0,0.0,73.4232670108295,7.1402852672008965,38.626666666666665,0.6175219294351674,5
config_B,train,395000,1.0,0.0,73.05059385405966,7.244909833185253,38.57777777777778,0.6136311676215181,5
config_B,train,400000,1.0,0.0,73.76934406959897,6.781347380904254,38.626666666666665,0.6062228738999474,5
config_B,train,405000,1.0,0.0,73.36860299816269,6.76976790686789,38.586666666666666,0.6121405470827093,5
config_B,train,410000,1.0,0.0,74.72045052569901,6.451286004531052,38.72888888888889,0.5861361237422213,5
config_B,train,415000,1.0,0.0,75.21449811175233,5.253257778491878,38.75555555555555,0.5001234415523054,5
config_B,train,420000,1.0,0.0,75.67152537866566,5.8704819625467515,38.78666666666667,0.5042045440317049,5
config_B,train,425000,1.0,0.0,74.6858437660875,6.392907303364165,38.68888888888889,0.5873144571734433,5
config_B,train,430000,1.0,0.0,75.00002056724915,5.920072432509327,38.742222222222225,0.5412833401472739,5
config_B,train,435000,1.0,0.0,74.19384204835009,5.7037581498456325,38.66666666666667,0.42426406871192773,5
config_B,train,440000,1.0,0.0,74.65384074104058,5.253901744433962,38.724444444444444,0.4057001264389641,5
config_B,train,445000,1.0,0.0,75.1194584414704,6.396442759994112,38.69777777777777,0.4625746519665526,5
config_B,train,450000,1.0,0.0,75.33720878854987,5.735730347823771,38.74666666666666,0.45693557911021737,5
config_B,train,455000,1.0,0.0,75.52673294015828,5.0715486854554435,38.74666666666666,0.4440553852676312,5
config_B,train,460000,1.0,0.0,75.83646450868608,4.696026867626438,38.80888888888889,0.3727111217107895,5
config_B,train,465000,1.0,0.0,76.55529049133517,5.424067916456096,38.87111111111111,0.45634078667181094,5
config_B,train,470000,1.0,0.0,75.66412312581303,4.709466160771453,38.75555555555555,0.32697642154582646,5
config_B,train,475000,1.0,0.0,75.22852478545717,5.174225349435888,38.71111111111111,0.3741657386773938,5
config_B,train,480000,1.0,0.0,74.86149133097875,5.236948735314431,38.70222222222222,0.3939668470102636,5
config_B,train,485000,1.0,0.0,74.93195369281946,4.501022568759328,38.724444444444444,0.2674063814487327,5
config_B,train,490000,1.0,0.0,75.16241121878309,4.8126225408669105,38.75555555555555,0.3231786571610905,5
config_B,train,495000,1.0,0.0,74.31659774797133,5.50491594449146,38.69777777777777,0.33650344411496735,5
config_B,train,500000,0.8844444444444445,0.25839007739997566,166.24344437139536,213.2256240739136,39.18152046783626,0.39151808759414286,5
config_C,test,5000,0.04,0.0894427190999916,343.67660984142384,278.2201466568437,272.0,,5
config_C,test,10000,0.16,0.260768096208106,315.9012769033559,182.5760742870499,215.16666666666666,135.5287997274216,5
config_C,test,15000,0.56,0.38470768123342686,490.7819822629323,195.11087079051057,121.35416666666667,76.02230347075785,5
config_C,test,20000,0.48,0.2280350850198276,445.135583039011,248.84017598631496,67.55,20.772878953096512,5
config_C,test,25000,0.5599999999999999,0.2607680962081059,451.72140462805817,274.912808806994,52.25333333333333,10.00812447742111,5
config_C,test,30000,0.64,0.21908902300206645,401.71491463414134,223.78999035097905,45.913333333333334,5.738156885659761,5
config_C,test,35000,0.8400000000000001,0.21908902300206648,171.51030554077818,162.79561081817624,40.69333333333333,2.0583704450095643,5
config_C,test,40000,0.8400000000000001,0.21908902300206648,168.00202736624863,152.84961573382304,39.92,2.4085034541990793,5
config_C,test,45000,0.8400000000000001,0.21908902300206648,177.45600606073035,163.71154080606888,39.06666666666667,1.5584892970081299,5
config_C,test,50000,0.9199999999999999,0.17888543819998318,117.6636933223032,120.45382998573653,39.85333333333333,2.368027777614855,5
config_C,test,55000,0.9199999999999999,0.17888543819998318,115.98716796425981,124.84860233274367,39.08,1.1278297743897372,5
config_C,test,60000,0.9199999999999999,0.17888543819998318,117.05427390359573,128.38240499744214,38.29333333333333,0.8227325743453252,5
config_C,test,65000,0.96,0.08944271909999157,88.82390845970957,57.32162267292568,39.83,3.391091269783223,5
config_C,test,70000,0.96,0.08944271909999157,89.69440957640505,57.38257179131418,40.04,3.0509015061125764,5
config_C,test,75000,0.96,0.08944271909999157,91.21053206167346,55.82729095411986,39.43,2.4453016173879245,5
config_C,test,80000,0.96,0.08944271909999157,97.46718853568699,62.469391005224054,38.65,0.909670269933014,5
config_C,test,85000,0.8800000000000001,0.1788854381999832,160.84226230391994,133.7692747893192,38.44333333333333,0.4612181937242133,5
config_C,test,90000,0.8800000000000001,0.1788854381999832,163.45627491380523,134.46917826721148,38.28333333333333,0.48790937227681686,5
config_C,test,95000,0.96,0.08944271909999157,100.88138462522339,67.20140422688014,38.39,0.36124783736376687,5
config_C,test,100000,0.96,0.08944271909999157,99.8959022866486,61.473092157122004,38.33,0.6280923498976878,5
config_C,test,105000,0.96,0.08944271909999157,101.32503193473427,59.562513965409124,38.35,0.39686269665968765,5
config_C,test,110000,0.96,0.08944271909999157,103.30789551139723,64.65731382348756,38.45,0.638357266740185,5
config_C,test,115000,0.96,0.08944271909999157,103.4508859366742,65.79099529890155,38.3,0.37416573867739505,5
config_C,test,120000,0.96,0.08944271909999157,102.94985832873401,63.702026972944665,38.339999999999996,0.24083189157584675,5
config_C,test,125000,0.96,0.08944271909999157,104.19767033051171,59.592741465525506,38.39,0.45880278987817874,5
config_C,test,130000,0.96,0.08944271909999157,106.60722181428768,62.072420620762294,38.55,0.37749172176353735,5
config_C,test,135000,1.0,0.0,73.05497948983756,9.08803843943037,38.64,0.35777087639996547,5
config_C,test,140000,1.0,0.0,67.26410478722498,10.975166273494867,38.4,0.3464101615137748,5
config_C,test,145000,1.0,0.0,67.67510088430329,9.682318569087206,38.519999999999996,0.4147288270665547,5
config_C,test,150000,1.0,0.0,69.37504486770285,9.448192368768613,38.68,0.5761944116355158,5
config_C,test,155000,1.0,0.0,69.66094683664653,10.232625352709583,38.68,0.5761944116355153,5
config_C,test,160000,1.0,0.0,71.0713850350962,8.0453554503622,38.72,0.5932958789676552,5
config_C,test,165000,1.0,0.0,68.20854711475971,6.245936346771167,38.64,0.8763560920082665,5
config_C,test,170000,1.0,0.0,68.43701368141197,5.8727361465688315,38.6,0.7211102550927975,5
config_C,test,175000,1.0,0.0,71.92495174097036,6.980834718130181,38.760000000000005,0.654217089351845,5
config_C,test,180000,1.0,0.0,70.12700897374283,5.175662451602633,38.519999999999996,0.6260990336999398,5
config_C,test,185000,1.0,0.0,71.53067085551133,6.204858756762054,38.68,0.5019960159204438,5
config_C,test,190000,1.0,0.0,70.19792261840647,4.534286826862242,38.519999999999996,0.4816637831516912,5
config_C,test,195000,1.0,0.0,69.47656834078573,3.1767647966383343,38.480000000000004,0.7014271166700066,5
config_C,test,200000,1.0,0.0,69.45394285707664,4.024108992643326,38.56,0.7668115805072322,5
config_C,test,205000,1.0,0.0,67.23554742050176,6.167189060330126,38.32,0.641872261435251,5
config_C,test,210000,1.0,0.0,66.18782069249883,6.2547663973202035,38.2,0.6633249580710786,5
config_C,test,215000,1.0,0.0,66.62514176351763,3.243501371671478,38.32000000000001,0.8074651695274544,5
config_C,test,220000,1.0,0.0,64.52704450691962,3.9360764195513114,38.2,0.7874007874011807,5
config_C,test,225000,1.0,0.0,63.71008877144648,5.391381257649985,38.28,0.8438009243891595,5
config_C,test,230000,1.0,0.0,63.280244425202525,2.7564100061290926,38.160000000000004,0.7924645102463579,5
config_C,test,235000,1.0,0.0,64.8109442509339,3.915124956564589,38.160000000000004,0.6985699678629188,5
config_C,test,240000,1.0,0.0,64.40672198994366,3.1368783597734637,38.120000000000005,0.7293833011524179,5
config_C,test,245000,1.0,0.0,63.21533152951059,4.516928945654736,38.04,1.043072384832424,5
config_C,test,250000,1.0,0.0,64.7506965829003,3.5215986982588734,38.12,0.8438009243891584,5
config_C,test,255000,1.0,0.0,63.770190380509064,4.290667306244511,38.160000000000004,0.8648699324175867,5
config_C,test,260000,1.0,0.0,66.26503670349402,2.1313112432623877,38.2,0.8246211251235316,5
config_C,test,265000,1.0,0.0,65.57177339524361,1.6291732126107488,38.160000000000004,0.8648699324175857,5
config_C,test,270000,1.0,0.0,65.46887325803655,2.5934051691289692,38.160000000000004,0.8876936408468852,5
config_C,test,275000,1.0,0.0,67.30066196008897,2.3403167025821237,38.08,0.7014271166700063,5
config_C,test,280000,1.0,0.0,67.53756853643722,4.030361147498676,38.239999999999995,0.6542170893518475,5
config_C,test,285000,1.0,0.0,65.38278749456286,3.0711590916223526,37.96,0.779743547584718,5
config_C,test,290000,1.0,0.0,65.61600978323125,4.408713561695406,38.0,0.7615773105863899,5
config_C,test,295000,1.0,0.0,65.14224631322503,4.476803532032444,37.92,0.807465169527455,5
config_C,test,300000,1.0,0.0,66.69728275712293,3.09451013152513,38.08,0.7694153624668535,5
config_C,test,305000,1.0,0.0,69.03732928660857,5.607603651585792,38.160000000000004,0.6542170893518438,5
config_C,test,310000,1.0,0.0,67.5670283930513,5.887480212759521,38.0,0.7071067811865465,5
config_C,test,315000,1.0,0.0,68.1939961489436,4.506016318006617,38.12,0.5585696017507543,5
config_C,test,320000,1.0,0.0,69.8179205495685,5.769770535218687,38.12,0.6418722614352478,5
config_C,test,325000,1.0,0.0,68.8552727131726,3.033005737933343,37.839999999999996,0.7402702209328683,5
config_C,test,330000,1.0,0.0,67.61147713138193,2.8973867127154334,37.72,0.6418722614352498,5
config_C,test,335000,1.0,0.0,68.5521114128999,3.5457297039335325,37.88,0.6572670690062022,5
config_C,test,340000,1.0,0.0,70.03825410993335,5.074829923912224,37.88,0.7563068160475607,5
config_C,test,345000,1.0,0.0,70.84010465579402,3.7553400698312,37.92,0.6723094525588639,5
config_C,test,350000,1.0,0.0,69.61297798778028,5.588283688356654,37.92,0.5761944116355178,5
config_C,test,355000,1.0,0.0,69.65469869750294,5.121505945424225,37.92,0.8786353054595518,5
config_C,test,360000,1.0,0.0,70.61962798322071,3.773283103849282,38.0,0.7615773105863904,5
config_C,test,365000,1.0,0.0,67.05172813669617,6.463988209341553,37.839999999999996,0.8294576541331078,5
config_C,test,370000,1.0,0.0,68.24367110715323,4.438892577509342,37.8,0.6480740698407849,5
config_C,test,375000,1.0,0.0,72.39128730135457,5.119597274830833,37.92,0.5761944116355164,5
config_C,test,380000,1.0,0.0,71.88658766895229,7.153247684530749,37.88,0.7563068160475611,5
config_C,test,385000,1.0,0.0,72.843785231824,6.364337703983065,37.959999999999994,0.7924645102463584,5
config_C,test,390000,1.0,0.0,71.59963351370818,3.5878259021604104,37.88,0.6418722614352474,5
config_C,test,395000,1.0,0.0,73.12821348411538,3.426492546594517,38.0,0.5099019513592767,5
config_C,test,400000,1.0,0.0,72.15578974414969,3.7346898642688298,37.96,0.5899152481501072,5
config_C,test,405000,1.0,0.0,70.92783201927972,4.276758495552839,37.88,0.5403702434442506,5
config_C,test,410000,1.0,0.0,69.94788371355098,5.647809338804307,37.92,0.7293833011524199,5
config_C,test,415000,1.0,0.0,69.3928875917637,5.712350933249955,37.8,0.6164414002969005,5
config_C,test,420000,1.0,0.0,69.43606001155345,6.085675260711427,37.84,0.4335896677735757,5
config_C,test,425000,1.0,0.0,69.51216361125799,7.014654933386273,37.8,0.5656854249492398,5
config_C,test,430000,1.0,0.0,68.90876976648265,6.129500687082813,37.760000000000005,0.32863353450309896,5
config_C,test,435000,1.0,0.0,70.7457166632496,8.418525811744553,37.88,0.30331501776206127,5
config_C,test,440000,1.0,0.0,69.54874855403042,6.1455328777392895,37.839999999999996,0.3286335345030975,5
config_C,test,445000,1.0,0.0,71.7382707183704,6.80381043101031,37.96,0.21908902300206767,5
config_C,test,450000,1.0,0.0,71.85743979072984,7.191245527063323,37.92,0.1788854381999868,5
config_C,test,455000,1.0,0.0,72.15991703760389,5.403669586542113,37.92,0.3898717737923609,5
config_C,test,460000,1.0,0.0,70.32029549881216,5.139285680725822,37.8,0.48989794855663615,5
config_C,test,465000,1.0,0.0,71.69684053290877,3.539635259967076,37.96,0.4335896677735773,5
config_C,test,470000,1.0,0.0,70.84313278027335,3.9390491429753487,37.839999999999996,0.5366563145999524,5
config_C,test,475000,1.0,0.0,69.06913852828792,4.860666222888368,37.72,0.334664010613632,5
config_C,test,480000,1.0,0.0,70.96411195105007,5.250527262217685,37.879999999999995,0.36331804249169913,5
config_C,test,485000,1.0,0.0,72.27015195520718,5.115966860588576,37.92,0.5019960159204443,5
config_C,test,490000,1.0,0.0,74.07226701101612,3.354027764447212,38.08,0.5215361924162103,5
config_C,test,495000,1.0,0.0,72.16098139245139,2.530765719322776,37.96,0.5549774770204651,5
config_C,test,500000,0.96,0.08944271909999157,104.26876883700625,65.49939762613103,38.38,0.48166378315169306,5
config_C,train,5000,0.048888888888888885,0.08663817195385747,342.9739710580352,227.9093957520219,371.83333333333337,4.006938426723803,5
config_C,train,10000,0.1288888888888889,0.17025761163891515,366.77834415137943,185.31949266122126,219.3953947368421,79.15630161164552,5
config_C,train,15000,0.39555555555555555,0.21510835627253444,603.2393983237764,207.95889522966883,102.60716298596734,36.12927327870827,5
config_C,train,20000,0.48,0.13109227736669002,364.63031583381616,142.84670003458774,65.06680555555555,18.88930877035365,5
config_C,train,25000,0.5866666666666667,0.2333862373887311,360.03986286102656,151.54594597172107,51.68301587301587,8.817307293687383,5
config_C,train,30000,0.6577777777777778,0.2009852276372447,321.51100507808957,156.7754493039267,46.265449735449735,6.058396971255186,5
config_C,train,35000,0.8444444444444444,0.21773242158072692,182.38585624217816,125.45167796208521,41.223623639233395,1.9795696303644186,5
config_C,train,40000,0.8177777777777777,0.2343364680260279,191.46270857043982,149.29452161960128,40.01560675883256,2.6482855021109204,5
config_C,train,45000,0.8044444444444444,0.26961334912183293,214.89646015666185,210.96968521637828,39.48317460317461,1.629107248096313,5
config_C,train,50000,0.8933333333333333,0.23851391759997756,133.7512549476018,154.62196272341012,39.99111111111112,1.7177073436760193,5
config_C,train,55000,0.8933333333333333,0.23851391759997756,132.25263583433804,156.45089978600714,39.40571428571429,1.0744692889796517,5
config_C,train,60000,0.8977777777777778,0.21636731457134373,130.60216255224734,148.0271870346034,38.64036012296882,0.7158128930214371,5
config_C,train,65000,0.9066666666666666,0.20869967789998037,127.8106022733433,142.47959993454594,39.401111111111106,1.6905163941862076,5
config_C,train,70000,0.9066666666666666,0.18485897193853712,131.31842562124356,129.19758137989479,40.01761081295965,2.5990743523281887,5
config_C,train,75000,0.9155555555555555,0.18882351809998224,125.59913548557908,129.72738985837407,39.190940170940166,1.4824462451466627,5
config_C,train,80000,0.9466666666666667,0.11925695879998881,106.6152947339687,84.43280683291731,38.53979797979798,0.48186667269702155,5
config_C,train,85000,0.9333333333333332,0.09938079899999067,117.81779563224586,66.4711132668588,38.71634920634921,0.636212871481119,5
config_C,train,90000,0.9377777777777778,0.08520128672302588,118.64803144745856,60.58658372803445,38.69157894736842,0.664601500197298,5
config_C,train,95000,0.9688888888888888,0.043319085976928684,93.8425262094711,31.676471892623674,38.777963608207514,0.6466921172030021,5
config_C,train,100000,0.9466666666666667,0.11925695879998881,110.42662840228418,81.72456281965772,38.68,0.6499002772505736,5
config_C,train,105000,0.9466666666666667,0.11925695879998881,111.79293266807709,81.57085568109726,38.826262626262626,0.738421837102097,5
config_C,train,110000,0.9466666666666667,0.11925695879998881,113.46185334218315,85.94850210583141,38.773737373737376,0.6792687089670333,5
config_C,train,115000,0.9555555555555555,0.09938079899999064,106.9146971877597,72.74082112329025,38.649523809523814,0.5139554102927736,5
config_C,train,120000,0.9555555555555555,0.09938079899999064,106.04665547776933,71.30138262477927,38.516825396825396,0.4633909435246807,5
config_C,train,125000,0.9777777777777779,0.049690399499995354,90.07042884651715,27.611259135261392,38.65722222222222,0.41154069147624023,5
config_C,train,130000,0.9911111111111112,0.0198761597999981,81.33510956369581,8.20305398330594,38.80847545219638,0.3474739559801046,5
config_C,train,135000,0.9955555555555555,0.009938079899999114,80.15531237499269,9.749657541951123,38.70484848484848,0.24916184363591298,5
config_C,train,140000,1.0,0.0,70.80464862699037,10.17176924258345,38.644444444444446,0.4163331998932258,5
config_C,train,145000,1.0,0.0,71.33963382794,8.680277030394377,38.77333333333333,0.13184352865947666,5
config_C,train,150000,1.0,0.0,71.22626093027648,9.690705689988196,38.81777777777778,0.36864784628138186,5
config_C,train,155000,1.0,0.0,71.36067911970973,9.521752645133018,38.86666666666666,0.3610683735393753,5
config_C,train,160000,1.0,0.0,71.46547217458753,7.686825004682835,38.88444444444444,0.30526248571546505,5
config_C,train,165000,1.0,0.0,70.37697442442328,6.759570280485498,38.85777777777778,0.276932045860877,5
config_C,train,170000,1.0,0.0,70.7067519311635,5.877435666324277,38.84444444444445,0.3130889511912296,5
config_C,train,175000,1.0,0.0,73.0727763730627,4.488419408767371,38.96,0.46835672803041706,5
config_C,train,180000,1.0,0.0,72.95089174418628,4.00980170039518,39.02222222222222,0.6640690132215101,5
config_C,train,185000,1.0,0.0,71.78410137216706,3.7531182842326754,38.77777777777778,0.31583712007893366,5
config_C,train,190000,1.0,0.0,71.64745947303163,2.595083561890639,38.71111111111111,0.17708197167233075,5
config_C,train,195000,1.0,0.0,71.64127147540712,1.840382676981087,38.733333333333334,0.27397395568751165,5
config_C,train,200000,1.0,0.0,71.62140607881685,2.5758355212590835,38.81333333333333,0.29714692711905516,5
config_C,train,205000,1.0,0.0,70.30920086509312,4.136739783043736,38.73777777777777,0.26731402904347984,5
config_C,train,210000,1.0,0.0,67.54007721473188,3.261829710583519,38.55555555555556,0.2543449587168788,5
config_C,train,215000,1.0,0.0,67.74566382386692,4.165623111180111,38.56,0.17666317257201436,5
config_C,train,220000,1.0,0.0,66.73188640875568,3.870588587009966,38.64,0.12995725793078586,5
config_C,train,225000,1.0,0.0,66.21701891853442,3.658851581060541,38.60444444444444,0.2295459823754091,5
config_C,train,230000,1.0,0.0,65.46451110319965,3.5274609088961544,38.47555555555556,0.2291153141116782,5
config_C,train,235000,1.0,0.0,65.45928515397792,3.100713452608399,38.36888888888889,0.21863775779997638,5
config_C,train,240000,1.0,0.0,65.91405199714731,3.469051557883841,38.306666666666665,0.24914669187864524,5
config_C,train,245000,1.0,0.0,66.10140855994342,5.285201564795607,38.4,0.3130889511912243,5
config_C,train,250000,1.0,0.0,66.20083424016687,5.359030199585433,38.35555555555556,0.3562493231529159,5
config_C,train,255000,1.0,0.0,65.00490403781983,3.983522223765021,38.35111111111111,0.306875935039181,5
config_C,train,260000,1.0,0.0,66.78448277663831,4.734096148985222,38.36888888888889,0.258485618197248,5
config_C,train,265000,1.0,0.0,66.835482103767,2.4578259159129203,38.4,0.26340599091399136,5
config_C,train,270000,1.0,0.0,66.69156325619092,2.176214633987861,38.40888888888889,0.3191810508314638,5
config_C,train,275000,1.0,0.0,68.2253558033521,2.1322768133422585,38.36888888888889,0.25512040246339507,5
config_C,train,280000,1.0,0.0,68.67570601780233,2.7608083927996128,38.36888888888889,0.285276560637884,5
config_C,train,285000,1.0,0.0,67.53003539526298,2.966805798775974,38.30222222222223,0.2546360268556648,5
config_C,train,290000,1.0,0.0,67.39134803347667,4.347674126397915,38.266666666666666,0.3083208205669239,5
config_C,train,295000,1.0,0.0,67.32852413789946,4.329091691499926,38.315555555555555,0.317940906070744,5
config_C,train,300000,1.0,0.0,68.68583673365944,3.9469832382094046,38.39111111111111,0.2660177289181405,5
config_C,train,305000,1.0,0.0,68.65388294853548,3.8399898853755228,38.34666666666667,0.27826623719996973,5
config_C,train,310000,1.0,0.0,69.73033849939479,4.852584863967658,38.36888888888889,0.19975293381549908,5
config_C,train,315000,1.0,0.0,69.73283547044214,4.913045798774785,38.324444444444445,0.21750549872430258,5
config_C,train,320000,1.0,0.0,69.91347003195308,4.290971200935324,38.297777777777775,0.20523999802700177,5
config_C,train,325000,1.0,0.0,71.10287181633586,2.514478553222959,38.29777777777778,0.29211869733608475,5
config_C,train,330000,1.0,0.0,70.3299912810481,3.149119750785707,38.21333333333333,0.28828997747252755,5
config_C,train,335000,1.0,0.0,69.55915894699596,3.6006771970077738,38.25333333333333,0.37502263306184563,5
config_C,train,340000,1.0,0.0,70.57231438675858,4.011340617930619,38.284444444444446,0.43642769825306554,5
config_C,train,345000,1.0,0.0,70.50818632866044,3.8274281579984284,38.28888888888889,0.3071172213574469,5
config_C,train,350000,1.0,0.0,70.08617245755414,5.211821261770383,38.239999999999995,0.34007987442313636,5
config_C,train,355000,1.0,0.0,69.91808399673906,4.604755224819768,38.333333333333336,0.3731745694165918,5
config_C,train,360000,1.0,0.0,70.59822646125906,5.67470865509035,38.38666666666667,0.373373013764261,5
config_C,train,365000,1.0,0.0,69.25372266952262,6.036591400834354,38.21333333333333,0.392082127955011,5
config_C,train,370000,1.0,0.0,70.65476102446685,6.479315722522367,38.222222222222214,0.41455018013728073,5
config_C,train,375000,1.0,0.0,72.55649150985622,7.332720508161155,38.257777777777775,0.47547247457037217,5
config_C,train,380000,1.0,0.0,72.33529610266004,6.605688927020191,38.19555555555555,0.45034965839313384,5
config_C,train,385000,1.0,0.0,72.75293645914437,6.487038978108703,38.266666666666666,0.41722185234485615,5
config_C,train,390000,1.0,0.0,71.37716860086807,5.690767701779324,38.24444444444445,0.4283185614976991,5
config_C,train,395000,1.0,0.0,73.12979054580896,5.683531324498266,38.346666666666664,0.44682694747256796,5
config_C,train,400000,1.0,0.0,72.31987409614693,4.40162997998758,38.33333333333333,0.48508622117651246,5
config_C,train,405000,1.0,0.0,71.58575487116721,5.3088712283080675,38.36,0.5731438101912096,5
config_C,train,410000,1.0,0.0,71.57258379112815,4.821436532066968,38.32000000000001,0.46788201530611323,5
config_C,train,415000,1.0,0.0,71.22963894909476,6.217891578939609,38.266666666666666,0.4546060565661951,5
config_C,train,420000,1.0,0.0,70.86384716016137,6.854646159483837,38.16444444444444,0.34304374698524887,5
config_C,train,425000,1.0,0.0,71.04635422641738,7.482044537826563,38.22666666666667,0.4782684818600744,5
config_C,train,430000,1.0,0.0,70.69729968020333,6.922704393377785,38.22222222222222,0.39876352099836343,5
config_C,train,435000,1.0,0.0,71.62138050427532,7.326614177858313,38.257777777777775,0.588490431234286,5
config_C,train,440000,1.0,0.0,71.94482069797243,6.59243204272974,38.24444444444445,0.5096597751635469,5
config_C,train,445000,1.0,0.0,72.5684490328099,6.443424097304803,38.18222222222222,0.4350109974486073,5
config_C,train,450000,1.0,0.0,73.69231434509489,5.648580634092638,38.19555555555555,0.47593961646254557,5
config_C,train,455000,1.0,0.0,73.93262550736445,4.587630021974579,38.21333333333333,0.3989492371557545,5
config_C,train,460000,1.0,0.0,72.92848074449367,4.746270497239275,38.16444444444444,0.2622787133123668,5
config_C,train,465000,1.0,0.0,73.00409832427292,4.359496978575514,38.14222222222222,0.3653511755578222,5
config_C,train,470000,1.0,0.0,73.28058316780269,4.550835844193011,38.28,0.3626377984153132,5
config_C,train,475000,1.0,0.0,72.56837977366152,4.136926329585596,38.21333333333333,0.4673539911955652,5
config_C,train,480000,1.0,0.0,73.40017005209086,4.346690703045418,38.23555555555556,0.37005171477097415,5
config_C,train,485000,1.0,0.0,73.33625184060479,3.797232059561915,38.21777777777778,0.23115384220348162,5
config_C,train,490000,1.0,0.0,74.21205214466984,4.103132760482525,38.275555555555556,0.34555376919866987,5
config_C,train,495000,1.0,0.0,74.42388548653521,4.23857140607848,38.306666666666665,0.44594192170154323,5
config_C,train,500000,0.9199999999999999,0.17888543819998318,139.63131327061961,146.07422131501767,38.442962962962966,0.782637375802317,5
config_D,test,5000,0.04,0.08944271909999159,326.06132636326316,170.8662970451146,444.0,,5
config_D,test,10000,0.2,0.2,485.74492959175495,358.80453776341835,233.0,89.98472092527709,5
config_D,test,15000,0.44000000000000006,0.2607680962081059,383.16872507619644,184.76837996058228,204.6,152.52475208961985,5
config_D,test,20000,0.5599999999999999,0.2607680962081059,294.39816819543114,105.89251169874481,120.47333333333333,47.781484093969105,5
config_D,test,25000,0.76,0.21908902300206645,249.71773743112598,106.25562264256553,64.46666666666667,20.173745314145318,5
config_D,test,30000,0.72,0.1788854381999832,249.3661744963631,110.6047471535545,53.973333333333336,8.417785404196946,5
config_D,test,35000,0.8800000000000001,0.1095445115010332,176.27688572768096,121.53495979397088,47.12,5.306316990154284,5
config_D,test,40000,0.9199999999999999,0.10954451150103317,111.96900335963656,75.21405573266475,42.95,4.789050010179471,5
config_D,test,45000,0.96,0.08944271909999157,84.21629994492328,55.40039768750049,40.65,3.8519475593522783,5
config_D,test,50000,1.0,0.0,58.913633884964305,6.203278110970534,38.92,1.063954886261632,5
config_D,test,55000,1.0,0.0,60.40272369926784,9.121240561389198,39.12,1.5912259424732886,5
config_D,test,60000,1.0,0.0,59.22096735850621,5.595743290183822,38.67999999999999,0.9338094023942979,5
config_D,test,65000,1.0,0.0,61.86781595452069,7.220376538229875,38.88,1.2049896265113633,5
config_D,test,70000,1.0,0.0,62.153847742891955,6.066443976931735,38.8,0.8000000000000009,5
config_D,test,75000,1.0,0.0,61.4319740125625,4.920694632113055,38.2,0.5999999999999993,5
config_D,test,80000,1.0,0.0,60.34149701820054,5.970251349227488,38.239999999999995,0.5549774770204656,5
config_D,test,85000,1.0,0.0,63.56293263827322,8.545324328493383,38.4,0.6782329983125278,5
config_D,test,90000,1.0,0.0,64.5914447657418,9.837716955246753,38.56,0.7127411872482179,5
config_D,test,95000,1.0,0.0,62.73048541518857,13.481419118538229,38.36,0.7402702209328713,5
config_D,test,100000,1.0,0.0,69.16405811959899,10.042204453160888,38.239999999999995,0.6542170893518476,5
config_D,test,105000,1.0,0.0,70.42777121001076,10.83513731712172,38.4,0.6782329983125274,5
config_D,test,110000,1.0,0.0,69.45718285905852,10.173033218874894,38.239999999999995,0.7127411872482167,5
config_D,test,115000,1.0,0.0,70.91924753553629,11.362113171230066,38.32,0.7563068160475607,5
config_D,test,120000,1.0,0.0,69.61786287649235,10.647284161835936,38.12,0.6418722614352503,5
config_D,test,125000,1.0,0.0,70.62955011051994,10.834423910360188,38.239999999999995,0.7266360849833996,5
config_D,test,130000,1.0,0.0,72.22209602245907,12.45219307043084,38.32,0.7949842765740714,5
config_D,test,135000,1.0,0.0,72.26190473162514,13.510460236623498,38.28,0.9859006035092992,5
config_D,test,140000,1.0,0.0,73.63897948605195,12.891207716773442,38.519999999999996,1.0256705123966479,5
config_D,test,145000,1.0,0.0,72.14871635690159,12.402305916316255,38.4,0.9797958971132712,5
config_D,test,150000,1.0,0.0,71.66543824549758,13.249478415829106,38.239999999999995,0.9099450532861872,5
config_D,test,155000,1.0,0.0,73.93462019832798,13.946169743198425,38.52,1.1882760622010367,5
config_D,test,160000,1.0,0.0,74.00800133601162,11.78191590672367,38.4,0.9695359714832641,5
config_D,test,165000,1.0,0.0,73.09107652495572,10.427433484883272,38.36,0.9208691546577065,5
config_D,test,170000,1.0,0.0,71.13160387065945,11.780397088096032,38.28,1.0733126291998976,5
config_D,test,175000,1.0,0.0,70.9304425711809,11.439089357139325,38.239999999999995,0.9838699100999072,5
config_D,test,180000,1.0,0.0,70.38334176614538,10.598516187120756,38.2,0.9486832980505118,5
config_D,test,185000,1.0,0.0,71.91569518229886,8.522191489564175,38.44,0.9208691546577059,5
config_D,test,190000,1.0,0.0,71.94804202515415,7.681732487161192,38.480000000000004,0.8197560612767645,5
config_D,test,195000,1.0,0.0,71.55253159218901,7.636482178990653,38.480000000000004,0.756306816047562,5
config_D,test,200000,1.0,0.0,73.44322265781868,6.853496699933444,38.56,0.7127411872482204,5
config_D,test,205000,1.0,0.0,72.56717992796112,7.320363924997993,38.6,0.7874007874011808,5
config_D,test,210000,1.0,0.0,69.33395046925884,8.490935173482082,38.32,0.7155417527999316,5
config_D,test,215000,1.0,0.0,69.72338880413157,7.3579717529641355,38.36,0.6693280212272603,5
config_D,test,220000,1.0,0.0,70.42248959766705,5.346714601684256,38.4,0.6324555320336752,5
config_D,test,225000,1.0,0.0,70.52020423146062,6.1856754398102245,38.36,0.6542170893518464,5
config_D,test,230000,1.0,0.0,70.59379411493202,4.902944750909582,38.44,0.5549774770204648,5
config_D,test,235000,1.0,0.0,71.20667668928046,6.751097289668484,38.36,0.7127411872482191,5
config_D,test,240000,1.0,0.0,73.03959293395292,6.662584897028429,38.56,0.7127411872482191,5
config_D,test,245000,1.0,0.0,71.93756371450691,4.320385865131316,38.28,0.5585696017507593,5
config_D,test,250000,1.0,0.0,74.03878461729,6.030513643252588,38.6,0.774596669241484,5
config_D,test,255000,1.0,0.0,74.34492048792269,4.811792829159622,38.519999999999996,0.7293833011524203,5
config_D,test,260000,1.0,0.0,71.58056693418867,6.059479893588547,38.4,0.7348469228349579,5
config_D,test,265000,1.0,0.0,72.7598962304125,5.485876286453155,38.56,0.6985699678629192,5
config_D,test,270000,1.0,0.0,71.97789610637088,4.570491803026459,38.32,0.6723094525588649,5
config_D,test,275000,1.0,0.0,72.91315817490224,4.250369415441164,38.480000000000004,0.6870225614927072,5
config_D,test,280000,1.0,0.0,70.60658210795671,3.4640309416852806,38.239999999999995,0.6228964600959003,5
config_D,test,285000,1.0,0.0,69.9808314734103,4.135115220886815,38.160000000000004,0.8173126696681011,5
config_D,test,290000,1.0,0.0,70.36051027845197,3.5609033130934082,38.2,0.7071067811865472,5
config_D,test,295000,1.0,0.0,70.35083882615531,4.313815051116363,38.2,0.6164414002968986,5
config_D,test,300000,1.0,0.0,73.113757589813,3.6627793432552043,38.44,0.5176871642217906,5
config_D,test,305000,1.0,0.0,71.17970235146467,6.138404297413547,38.2,0.7874007874011802,5
config_D,test,310000,1.0,0.0,72.70858672032806,6.100117946405373,38.32,0.8899438184514792,5
config_D,test,315000,1.0,0.0,71.5844492076346,2.7838084249295316,38.32,0.5932958789676538,5
config_D,test,320000,1.0,0.0,72.86280961839381,4.1527878729326355,38.48,0.7563068160475588,5
config_D,test,325000,1.0,0.0,70.57572622328371,4.265899599796787,38.2,0.7874007874011824,5
config_D,test,330000,1.0,0.0,71.20954871331283,3.217759974103154,38.32,0.5932958789676521,5
config_D,test,335000,1.0,0.0,70.74812770207267,4.5566258114425,38.28,0.6418722614352503,5
config_D,test,340000,1.0,0.0,72.05818372001161,2.9763379170630397,38.28,0.7563068160475634,5
config_D,test,345000,1.0,0.0,72.27816787091577,2.2339780437922485,38.32,0.576194411635516,5
config_D,test,350000,1.0,0.0,71.72146680623044,2.107288604865017,38.279999999999994,0.558569601750757,5
config_D,test,355000,1.0,0.0,72.69009455662211,4.120003073480575,38.36,0.5899152481501098,5
config_D,test,360000,1.0,0.0,71.77727600835644,4.203578876165658,38.239999999999995,0.6985699678629197,5
config_D,test,365000,1.0,0.0,71.78097967471051,5.449306407434473,38.36,0.5549774770204646,5
config_D,test,370000,1.0,0.0,70.49580591999745,4.778792753482884,38.2,0.6324555320336774,5
config_D,test,375000,1.0,0.0,71.05733940922168,5.248579095347509,38.279999999999994,0.5019960159204457,5
config_D,test,380000,1.0,0.0,70.68747707845323,5.336955312889016,38.28,0.41472882706655356,5
config_D,test,385000,1.0,0.0,71.00707636515556,6.264025644294183,38.36,0.4979959839195486,5
config_D,test,390000,1.0,0.0,72.03937485572564,5.3667361926341215,38.4,0.37416573867739283,5
config_D,test,395000,1.0,0.0,71.66793196307574,4.025350144004912,38.28,0.5585696017507599,5
config_D,test,400000,1.0,0.0,72.63070936309725,4.611161197677938,38.32,0.6572670690061995,5
config_D,test,405000,1.0,0.0,73.15206228245896,5.441807702815178,38.4,0.6782329983125259,5
config_D,test,410000,1.0,0.0,72.01608441070063,5.816191810378956,38.239999999999995,0.7402702209328715,5
config_D,test,415000,1.0,0.0,73.19590170357446,3.9025287706419576,38.36,0.4979959839195494,5
config_D,test,420000,1.0,0.0,75.27909861286626,3.091939059071524,38.6,0.4898979485566331,5
config_D,test,425000,1.0,0.0,71.35144284890053,3.995229888752271,38.2,0.489897948556635,5
config_D,test,430000,1.0,0.0,72.21694859766008,5.225974642903398,38.36,0.5899152481501054,5
config_D,test,435000,1.0,0.0,72.65258215008599,3.6759235912314105,38.32,0.41472882706655456,5
config_D,test,440000,1.0,0.0,73.33859086517546,4.681867097881872,38.4,0.4690415759823445,5
config_D,test,445000,1.0,0.0,73.43274924612179,4.253463333591074,38.44,0.4335896677735734,5
config_D,test,450000,1.0,0.0,75.32348459382729,4.936276767671311,38.519999999999996,0.5215361924162116,5
config_D,test,455000,1.0,0.0,75.93023694213325,7.63902319076351,38.519999999999996,0.8074651695274538,5
config_D,test,460000,1.0,0.0,75.16616665079133,5.33281376227236,38.519999999999996,0.6099180272790775,5
config_D,test,465000,1.0,0.0,76.3474547363337,6.2522637506617835,38.6,0.7745966692414854,5
config_D,test,470000,1.0,0.0,73.80333534716816,5.817814149787118,38.4,0.7745966692414848,5
config_D,test,475000,1.0,0.0,73.86016711717632,6.3176371129036815,38.36,0.7668115805072357,5
config_D,test,480000,1.0,0.0,74.20956015767624,4.762900086223341,38.480000000000004,0.6572670690062012,5
config_D,test,485000,1.0,0.0,74.14880162667893,4.676737130131376,38.32,0.5019960159204443,5
config_D,test,490000,1.0,0.0,74.91881181049,7.248695760770684,38.44,0.8173126696681056,5
config_D,test,495000,1.0,0.0,74.84708831517,7.007037315748695,38.480000000000004,0.7563068160475618,5
config_D,test,500000,1.0,0.0,67.11688414150846,6.6344497076571685,38.04,0.4335896677735773,5
config_D,train,5000,0.03999999999999998,0.0776188853181021,392.80117985071803,258.64068633534754,376.625,100.93949301437966,5
config_D,train,10000,0.21777777777777776,0.19588356329812456,435.11172837845425,231.37486871631464,282.49339826839827,106.39295659625442,5
config_D,train,15000,0.3822222222222222,0.1426382803189441,390.7071515376752,151.67009542464848,168.67166019166018,80.02348653994066,5
config_D,train,20000,0.52,0.14790721148705543,384.96402191789736,105.41063747680539,133.31922077922079,69.3709025851971,5
config_D,train,25000,0.6933333333333334,0.23799574640871624,304.01242197887984,119.5260470854577,64.22369865906451,18.212390051176058,5
config_D,train,30000,0.7066666666666667,0.15666272650679616,304.0411526093796,51.94559494088103,54.41355806690492,8.340619300813641,5
config_D,train,35000,0.8933333333333333,0.05305482838361478,162.13127724240385,63.68305858001174,47.53222871094964,5.394585390525121,5
config_D,train,40000,0.9288888888888888,0.10818365728567188,108.5349852635225,73.97746223156621,43.151339869281045,5.247366103501712,5
config_D,train,45000,0.9511111111111111,0.09737289911202951,91.59708456645747,63.747003457203654,40.79079365079365,3.7831218703493863,5
config_D,train,50000,1.0,0.0,57.5349146700958,5.165874011106079,39.306666666666665,1.0937984557167686,5
config_D,train,55000,0.9688888888888888,0.04868644955601478,104.02476802658619,77.65749241236762,39.52021963824289,1.635525154906866,5
config_D,train,60000,0.9955555555555555,0.00993807989999913,63.71087894553489,12.198037836118504,39.21222222222222,1.365946061151506,5
config_D,train,65000,1.0,0.0,62.31849541151663,8.847559316679106,39.266666666666666,1.3400755460554472,5
config_D,train,70000,1.0,0.0,61.61514449871684,10.760052306820766,39.031111111111116,0.8686018281137033,5
config_D,train,75000,1.0,0.0,61.15770181147614,5.828085083225567,38.44,0.23747644457586686,5
config_D,train,80000,1.0,0.0,59.68414948299761,6.355293770933171,38.40888888888889,0.3656889321017603,5
config_D,train,85000,1.0,0.0,62.03569545239516,7.36299002832824,38.61333333333334,0.4114413088367329,5
config_D,train,90000,1.0,0.0,62.9245706667077,10.690596893215579,38.653333333333336,0.5201139476292869,5
config_D,train,95000,1.0,0.0,63.48650302825693,13.976107405839773,38.693333333333335,0.7026229517640856,5
config_D,train,100000,1.0,0.0,68.86925321353678,10.491709146008406,38.40888888888888,0.5309204678761916,5
config_D,train,105000,1.0,0.0,69.61974600152,10.001448111726063,38.46666666666666,0.6128258770283405,5
config_D,train,110000,1.0,0.0,69.85582220465098,8.974123628560077,38.45333333333333,0.5603349968027856,5
config_D,train,115000,1.0,0.0,70.58360225321411,10.511871374275515,38.43555555555555,0.668442080374072,5
config_D,train,120000,1.0,0.0,69.90180487500325,9.978650579829702,38.32888888888889,0.5787171850281543,5
config_D,train,125000,1.0,0.0,70.64586196910082,10.267130519765008,38.44,0.6671109630616507,5
config_D,train,130000,1.0,0.0,71.35096207825976,11.063976351637699,38.431111111111115,0.685943524292288,5
config_D,train,135000,1.0,0.0,71.05401885828374,11.80388894308963,38.471111111111114,0.7668115805072312,5
config_D,train,140000,1.0,0.0,71.51899437771708,10.803107687587145,38.53333333333333,0.8205689083394144,5
config_D,train,145000,1.0,0.0,71.42146182134938,11.45574833370783,38.511111111111106,0.8828964677919517,5
config_D,train,150000,1.0,0.0,71.57335090481254,10.842576637894924,38.488888888888894,0.878972464069607,5
config_D,train,155000,1.0,0.0,72.77605822828693,9.507702200786085,38.68888888888889,0.8492553019565056,5
config_D,train,160000,1.0,0.0,72.97829302773275,8.772341309319419,38.59111111111112,0.7819886014767152,5
config_D,train,165000,1.0,0.0,73.27449166330837,7.948969350748994,38.62222222222222,0.7368602058484108,5
config_D,train,170000,1.0,0.0,72.05262711528674,8.563595586272637,38.56,0.7946425549411881,5
config_D,train,175000,1.0,0.0,70.9464069213121,8.538111465430122,38.45333333333333,0.8271026329495627,5
config_D,train,180000,1.0,0.0,70.74051876525837,8.689920605654681,38.480000000000004,0.8109741132401689,5
config_D,train,185000,1.0,0.0,71.93132089786673,5.935085624714738,38.608888888888885,0.6497102868126127,5
config_D,train,190000,1.0,0.0,71.38224734247119,5.163641271391265,38.62222222222222,0.5993823981893877,5
config_D,train,195000,1.0,0.0,72.61953644852187,4.505745676705903,38.742222222222225,0.4987886561027544,5
config_D,train,200000,1.0,0.0,73.26094549867858,5.151683855233941,38.69777777777777,0.5046940156002618,5
config_D,train,205000,1.0,0.0,71.88895628610376,4.085922844306569,38.69333333333334,0.4269906177591278,5
config_D,train,210000,1.0,0.0,71.36765099077881,4.388798808421346,38.62666666666667,0.43586157050372937,5
config_D,train,215000,1.0,0.0,70.9047124332448,2.7861442333435247,38.65777777777778,0.29254101748914174,5
config_D,train,220000,1.0,0.0,71.50220833738572,2.1780611269758365,38.693333333333335,0.24261945002589044,5
config_D,train,225000,1.0,0.0,71.99125693332746,2.3691731902391924,38.693333333333335,0.3108729246953514,5
config_D,train,230000,1.0,0.0,71.0006616366135,2.800544260330866,38.6,0.2845832994414599,5
config_D,train,235000,1.0,0.0,72.45732075789019,2.854775039972102,38.66666666666667,0.1962613525850616,5
config_D,train,240000,1.0,0.0,72.47730503040921,3.6698949366019153,38.64,0.27550178686880045,5
config_D,train,245000,1.0,0.0,72.37062930625879,2.9452023535771836,38.62222222222222,0.2577203001054038,5
config_D,train,250000,1.0,0.0,73.15721617307896,4.34291353645093,38.724444444444444,0.34840022395139775,5
config_D,train,255000,1.0,0.0,73.45200880010263,4.841218709576765,38.76,0.32788133957196247,5
config_D,train,260000,1.0,0.0,71.94049962045554,4.603218527973006,38.68,0.30816061228353575,5
config_D,train,265000,1.0,0.0,72.51010431555491,4.6854043521208775,38.76444444444444,0.28484347011847727,5
config_D,train,270000,1.0,0.0,73.27386004272782,4.093028072499957,38.76888888888889,0.20763215336530133,5
config_D,train,275000,1.0,0.0,72.47193056263082,3.933510428715649,38.608888888888885,0.1704025734460537,5
config_D,train,280000,1.0,0.0,71.65852849776846,3.3574717597630306,38.568888888888885,0.17819395730426135,5
config_D,train,285000,1.0,0.0,71.19045175156002,3.469795382852737,38.50666666666667,0.263593401817043,5
config_D,train,290000,1.0,0.0,70.64762390805383,3.9237079403211035,38.51111111111111,0.28974232912011694,5
config_D,train,295000,1.0,0.0,70.72558018935908,4.311646485276684,38.49777777777778,0.2365388282797347,5
config_D,train,300000,1.0,0.0,71.03029646535583,3.8496813416127074,38.50666666666667,0.2218886385131816,5
config_D,train,305000,1.0,0.0,71.05409712968529,4.820570026761618,38.559999999999995,0.25210227201585167,5
config_D,train,310000,1.0,0.0,71.66831820048628,4.129396895953724,38.55555555555556,0.2244334430747128,5
config_D,train,315000,1.0,0.0,71.48365117168774,3.5136410520772627,38.59555555555555,0.27550178686879695,5
config_D,train,320000,1.0,0.0,71.34367428592746,4.064937656498047,38.54222222222222,0.2280350850198268,5
config_D,train,325000,1.0,0.0,71.55881713204755,4.61208736589129,38.519999999999996,0.21693715309983486,5
config_D,train,330000,1.0,0.0,69.80033731647238,4.2524607052061905,38.44888888888889,0.12312795713062079,5
config_D,train,335000,1.0,0.0,69.79902932721343,3.8642523704580607,38.431111111111115,0.1696765259450728,5
config_D,train,340000,1.0,0.0,70.23790180709823,3.017303081722469,38.54222222222222,0.13296244712579242,5
config_D,train,345000,1.0,0.0,70.26681517386473,2.948936193151394,38.54222222222222,0.16525326615625116,5
config_D,train,350000,1.0,0.0,71.25298349768413,2.679297437040283,38.56444444444445,0.2225553059298515,5
config_D,train,355000,1.0,0.0,71.69046438180061,2.170014110842543,38.568888888888885,0.127269520562456,5
config_D,train,360000,1.0,0.0,72.63373227723955,2.9813782342050414,38.58222222222222,0.140017635573542,5
config_D,train,365000,1.0,0.0,71.22470836961246,3.5505519410913156,38.50666666666667,0.15744879630149508,5
config_D,train,370000,1.0,0.0,71.34631139939135,3.838967408165267,38.49333333333333,0.11265592760565947,5
config_D,train,375000,1.0,0.0,70.9962609627306,3.762765869914073,38.52444444444444,0.07793634629666588,5
config_D,train,380000,1.0,0.0,69.57220691277111,3.6926649707855153,38.488888888888894,0.08461970117626758,5
config_D,train,385000,1.0,0.0,70.42865167342413,3.927362488865239,38.50666666666667,0.1280432025856699,5
config_D,train,390000,1.0,0.0,71.50928112986762,3.879699834839273,38.51555555555556,0.27773332977720855,5
config_D,train,395000,1.0,0.0,71.61774163829237,3.1934651409580295,38.48444444444444,0.2069174106130606,5
config_D,train,400000,1.0,0.0,72.51101696162638,2.9469542550744032,38.488888888888894,0.23985592383247495,5
config_D,train,405000,1.0,0.0,72.08452701345259,2.3372045202984366,38.52444444444444,0.2317938632960939,5
config_D,train,410000,1.0,0.0,71.29800993630394,1.7916224938883833,38.480000000000004,0.22199988877763885,5
config_D,train,415000,1.0,0.0,71.72186293192335,2.8594917490053318,38.56444444444445,0.09108400680852854,5
config_D,train,420000,1.0,0.0,71.59978792890877,3.183444961281711,38.586666666666666,0.11177578968852643,5
config_D,train,425000,1.0,0.0,71.6246674155752,3.8488700066359987,38.55555555555556,0.1360827634879546,5
config_D,train,430000,1.0,0.0,71.2423980967192,4.035045583569762,38.52444444444444,0.1445298892578573,5
config_D,train,435000,1.0,0.0,71.94427087344017,4.269940929286169,38.56444444444444,0.16967652594507265,5
config_D,train,440000,1.0,0.0,71.76040157054808,5.733766619318869,38.56,0.15507863397660424,5
config_D,train,445000,1.0,0.0,71.69949692459875,5.14801746525469,38.488888888888894,0.10061539042374909,5
config_D,train,450000,1.0,0.0,73.37288286433514,5.462264361922384,38.58222222222222,0.10931887889998722,5
config_D,train,455000,1.0,0.0,73.60059617058748,5.927012775646513,38.617777777777775,0.08225224677031638,5
config_D,train,460000,1.0,0.0,73.60545619334428,5.214534259402658,38.64,0.11589693164804846,5
config_D,train,465000,1.0,0.0,74.26992313943433,5.8244711908204065,38.70222222222222,0.11925695879998612,5
config_D,train,470000,1.0,0.0,73.43475714547598,4.750018011150339,38.62222222222222,0.05211573066470257,5
config_D,train,475000,1.0,0.0,73.2842060900883,5.056472130970181,38.58222222222222,0.06554613868334601,5
config_D,train,480000,1.0,0.0,73.2722317583202,4.352634627072768,38.56444444444444,0.0763358401658539,5
config_D,train,485000,1.0,0.0,73.56641059518947,4.431964439378707,38.577777777777776,0.11439589045541235,5
config_D,train,490000,1.0,0.0,73.24050577708219,4.5333726984211875,38.53777777777778,0.06363476028122826,5
config_D,train,495000,1.0,0.0,73.31617853144226,4.4677203277489745,38.55111111111111,0.07436978013636222,5
config_D,train,500000,1.0,0.0,68.53420535404246,6.465750329145815,38.333333333333336,0.2362254625052124,5
config_E,test,5000,0.04,0.08944271909999159,349.8060394721987,219.04167891039174,310.0,,5
config_E,test,10000,0.16,0.16733200530681513,553.9996340584954,494.75803863541114,335.3333333333333,160.21652016360028,5
config_E,test,15000,0.52,0.30331501776206204,278.2735407913847,110.26325311242034,118.34,21.42143786023711,5
config_E,test,20000,0.5599999999999999,0.2607680962081059,321.3622758662825,117.81151313520178,89.72,14.932079560463103,5
config_E,test,25000,0.8800000000000001,0.17888543819998318,175.49474122609914,102.39443914456128,64.28999999999999,11.120948700538094,5
config_E,test,30000,0.9199999999999999,0.17888543819998318,129.47772396883923,109.25316013687001,54.29333333333333,4.354716472464717,5
config_E,test,35000,0.8400000000000001,0.16733200530681513,178.14104926544178,106.5786465428069,47.736666666666665,2.2464910910622873,5
config_E,test,40000,0.8400000000000001,0.08944271909999157,199.78329174551507,102.87745984515482,44.15,2.971741913423843,5
config_E,test,45000,0.9199999999999999,0.10954451150103317,109.75287679597912,64.94579407069513,40.67,1.2111977542911814,5
config_E,test,50000,0.96,0.08944271909999157,85.22810269058664,55.107436326114474,40.21,1.4090777125481762,5
config_E,test,55000,0.96,0.08944271909999157,87.94268885822567,60.88679474039074,38.97,0.6119640512317674,5
config_E,test,60000,0.9199999999999999,0.1095445115010332,112.64816898322408,73.47985068542131,38.660000000000004,0.6218922736294445,5
config_E,test,65000,0.96,0.08944271909999157,134.52535563556862,166.1216453134886,38.8,0.6633249580710772,5
config_E,test,70000,0.96,0.08944271909999157,92.083046109829,60.79841514903802,39.03,0.4631414470763755,5
config_E,test,75000,0.96,0.08944271909999157,146.23680114963133,190.55076552256287,38.87,0.6924593850905648,5
config_E,test,80000,0.9199999999999999,0.17888543819998315,222.34332937889977,359.43985100789746,38.56,0.9208691546577048,5
config_E,test,85000,0.9199999999999999,0.17888543819998315,228.8325920200487,369.822023554193,38.42666666666666,0.7096164848392102,5
config_E,test,90000,0.9199999999999999,0.17888543819998315,224.5673612869738,354.50526239489227,38.32,0.7949842765740712,5
config_E,test,95000,0.9199999999999999,0.17888543819998315,223.26508235645596,346.3103725874119,38.4,0.8717797887081375,5
config_E,test,100000,1.0,0.0,72.41052341513856,10.69124397483812,38.519999999999996,0.4816637831516899,5
config_E,test,105000,1.0,0.0,72.20664158304655,8.261603208442851,38.480000000000004,0.3898717737923598,5
config_E,test,110000,1.0,0.0,72.15946189229702,10.758291831344254,38.480000000000004,0.5932958789676535,5
config_E,test,115000,1.0,0.0,72.27033178471285,12.759747024655072,38.760000000000005,0.4560701700396564,5
config_E,test,120000,1.0,0.0,71.26681934098863,12.155855481048892,38.64,0.5899152481501054,5
config_E,test,125000,1.0,0.0,73.43909179039812,12.805515726815534,38.72,0.7014271166700096,5
config_E,test,130000,1.0,0.0,72.70893718547946,13.611733418146569,38.72,0.7293833011524203,5
config_E,test,135000,1.0,0.0,75.16380315189181,12.93204956500908,38.8,0.7348469228349538,5
config_E,test,140000,1.0,0.0,75.50780530906694,13.352306341136309,38.8,0.7071067811865471,5
config_E,test,145000,1.0,0.0,76.29510995421661,12.690928409698856,38.92,0.6870225614927082,5
config_E,test,150000,1.0,0.0,76.0497008812162,11.741941668515222,38.88,0.6099180272790757,5
config_E,test,155000,1.0,0.0,75.27333228162098,12.848007799707995,39.0,0.8831760866327856,5
config_E,test,160000,1.0,0.0,75.40568105857292,11.40696386646329,39.12,0.7155417527999347,5
config_E,test,165000,1.0,0.0,74.63652009997838,10.02959307951024,39.08,0.7694153624668554,5
config_E,test,170000,1.0,0.0,74.24760494193143,11.116167680056174,38.88,0.8555699854483011,5
config_E,test,175000,1.0,0.0,74.34403881984758,10.715331477534857,38.88,0.9859006035093034,5
config_E,test,180000,1.0,0.0,73.65210217669734,9.979620531749005,38.88,0.8074651695274545,5
config_E,test,185000,1.0,0.0,76.4108590452423,7.7983719724971925,39.08,0.7694153624668535,5
config_E,test,190000,1.0,0.0,76.85223248697233,8.137065133246006,39.04,0.9099450532861891,5
config_E,test,195000,1.0,0.0,75.22668198142927,9.004593433664686,38.92,0.8438009243891605,5
config_E,test,200000,1.0,0.0,75.01746241583865,9.162207213667838,38.92,0.9444575162494053,5
config_E,test,205000,1.0,0.0,76.3312100600191,8.999358163465965,39.160000000000004,0.8876936408468886,5
config_E,test,210000,1.0,0.0,74.75126677188449,8.335683286583052,39.0,0.6782329983125271,5
config_E,test,215000,1.0,0.0,74.60832117444022,9.364207222808368,38.92,0.6723094525588634,5
config_E,test,220000,1.0,0.0,74.79233482785735,9.737372275916012,38.96,0.7127411872482188,5
config_E,test,225000,1.0,0.0,75.55565284150828,6.910850436801135,38.92,0.6723094525588644,5
config_E,test,230000,1.0,0.0,74.36739557504468,9.123025709699416,38.96,0.5899152481501035,5
config_E,test,235000,1.0,0.0,74.70681594492012,9.157900148823526,39.0,0.5477225575051667,5
config_E,test,240000,1.0,0.0,73.42186579082329,7.9867486739335165,38.839999999999996,0.6387487769068525,5
config_E,test,245000,1.0,0.0,73.90355286006101,10.235450984408287,38.92,0.7429670248402682,5
config_E,test,250000,1.0,0.0,73.28549596365056,9.616909608909802,38.68,0.8438009243891583,5
config_E,test,255000,1.0,0.0,71.02651019884334,8.788714522174855,38.480000000000004,0.8318653737234182,5
config_E,test,260000,1.0,0.0,71.16232913108897,10.140638790416173,38.519999999999996,0.9338094023942994,5
config_E,test,265000,1.0,0.0,71.46161184632156,9.593695156603182,38.6,0.8124038404635929,5
config_E,test,270000,1.0,0.0,71.91687477731593,9.304826063788418,38.720000000000006,0.7429670248402667,5
config_E,test,275000,1.0,0.0,69.83384016080478,12.171780181173839,38.44,0.963327566303383,5
config_E,test,280000,1.0,0.0,69.37217824349244,11.97205198167626,38.64,0.9528903399657264,5
config_E,test,285000,1.0,0.0,67.36621327326552,12.970302091508936,38.480000000000004,0.6870225614927074,5
config_E,test,290000,1.0,0.0,68.21452485580635,13.321731098703607,38.480000000000004,0.8555699854482972,5
config_E,test,295000,0.96,0.08944271909999156,171.43602595401356,226.71845627511087,38.3,0.7615773105863913,5
config_E,test,300000,0.96,0.08944271909999156,172.87596350383015,228.83661070363908,38.260000000000005,0.6767569726275456,5
config_E,test,305000,1.0,0.0,81.92169095356667,30.04359627071839,40.4,5.190375708944393,5
config_E,test,310000,0.9199999999999999,0.1788854381999832,244.85406680446198,395.2507255918144,38.04,0.8648699324175857,5
config_E,test,315000,0.96,0.08944271909999156,151.96672215646313,187.5148729874331,39.03,2.1620592036297284,5
config_E,test,320000,0.96,0.08944271909999156,146.05228970882337,174.5234108918678,39.2,2.1999999999999993,5
config_E,test,325000,0.96,0.08944271909999156,155.48303536265308,193.72910535952423,39.89,3.6346251526120272,5
config_E,test,330000,0.96,0.08944271909999156,149.56504925972834,183.5600745330321,39.67,3.4495651899913398,5
config_E,test,335000,0.9199999999999999,0.1788854381999832,237.16935279989804,375.3639631747293,38.13333333333333,0.7318166133366736,5
config_E,test,340000,1.0,0.0,87.31961189480268,42.321338175260344,41.160000000000004,6.751888624673839,5
config_E,test,345000,0.96,0.08944271909999156,164.49992028357968,212.33963221368646,38.9,1.6062378404209015,5
config_E,test,350000,0.9199999999999999,0.1788854381999832,229.48870816754098,356.13806760366424,38.21333333333333,0.8005553627881641,5
config_E,test,355000,0.9199999999999999,0.1788854381999832,229.51772951104226,355.04394886579433,38.14666666666667,0.8684596837057093,5
config_E,test,360000,0.96,0.08944271909999156,159.4078829085125,196.81654872588032,38.87,1.2507997441637098,5
config_E,test,365000,1.0,0.0,76.24836931684467,14.160062976155553,39.480000000000004,2.402498699271239,5
config_E,test,370000,1.0,0.0,89.28963661200814,39.887023069271216,41.2,6.079473661428264,5
config_E,test,375000,1.0,0.0,75.63967324532297,14.150474063884682,39.36,2.23338308402298,5
config_E,test,380000,1.0,0.0,69.04703343695637,13.439679052680036,38.56,0.9208691546577056,5
config_E,test,385000,1.0,0.0,92.27481295691734,47.49767654876681,41.839999999999996,7.50253290562594,5
config_E,test,390000,1.0,0.0,70.12776037423464,7.779030901558036,38.8,1.2569805089976507,5
config_E,test,395000,1.0,0.0,68.78594208724482,11.186352385952206,38.6,0.4898979485566368,5
config_E,test,400000,1.0,0.0,92.46857538779557,47.72548270952216,41.72,7.558571293571295,5
config_E,test,405000,1.0,0.0,66.75711288420136,12.047640318964598,38.28,0.5761944116355198,5
config_E,test,410000,1.0,0.0,66.34268462851091,10.909284091663354,38.36,0.6228964600958994,5
config_E,test,415000,1.0,0.0,95.01846328612703,53.79565969101044,42.08,8.469474599997337,5
config_E,test,420000,0.9199999999999999,0.1788854381999832,284.7737093799466,479.3158061974893,37.78666666666667,0.9526571028211331,5
config_E,test,425000,0.96,0.08944271909999156,165.08965833149756,210.2569780078311,38.71,1.2808200498118385,5
config_E,test,430000,1.0,0.0,69.51326689824036,7.121084711235556,38.64,1.3221195104830707,5
config_E,test,435000,1.0,0.0,65.931671520874,9.11224028727627,38.12,0.5019960159204458,5
config_E,test,440000,1.0,0.0,70.4138411292922,7.011142587415076,38.76,1.2441864811996635,5
config_E,test,445000,1.0,0.0,67.71721383447623,8.924083376155624,38.32,0.558569601750758,5
config_E,test,450000,1.0,0.0,70.82001050153825,7.160152322228432,38.720000000000006,1.1009087155618276,5
config_E,test,455000,1.0,0.0,100.26452421791258,68.2777054132999,42.72,10.010594387947203,5
config_E,test,460000,1.0,0.0,69.13584600153672,7.104477855878042,38.44,0.8414273587185029,5
config_E,test,465000,1.0,0.0,72.27393571464097,6.789691776884072,38.8,1.1832159566199223,5
config_E,test,470000,1.0,0.0,69.35817285298612,6.812192061309709,38.68,1.3535139452550864,5
config_E,test,475000,1.0,0.0,71.14018895942422,9.37569776946123,38.760000000000005,1.337161172035741,5
config_E,test,480000,1.0,0.0,68.3367577798191,9.34785868171677,38.32,0.7293833011524211,5
config_E,test,485000,1.0,0.0,70.67315390636284,7.786775476002839,38.56,1.2992305415129404,5
config_E,test,490000,1.0,0.0,74.43648324784203,12.214743535042453,39.08,2.247665455533808,5
config_E,test,495000,1.0,0.0,70.12499275616612,8.312287576191729,38.6,0.6928203230275503,5
config_E,test,500000,0.96,0.08944271909999157,98.72322836294762,60.297852146715265,38.31,0.5661271941887243,5
config_E,train,5000,0.06666666666666664,0.09428090415820632,427.5916385482909,296.70442961115367,327.8666666666667,53.72432720223988,5
config_E,train,10000,0.06666666666666664,0.090267093384844,459.94481912192987,262.10743429869774,226.29166666666666,129.29039772714927,5
config_E,train,15000,0.4488888888888889,0.23115384220348162,374.8506893053974,89.2928404641106,137.5251207051207,48.51698048048096,5
config_E,train,20000,0.5555555555555556,0.22662308949301269,353.59805686386744,128.31909600242363,101.51124970636599,40.52134653198065,5
config_E,train,25000,0.7644444444444444,0.1836529201012834,240.28206301055306,108.43924688704512,62.96883116883116,9.827507939223283,5
config_E,train,30000,0.8044444444444444,0.20451689537499626,197.60287564563248,113.06479410255535,53.21617224880383,3.7297307009894065,5
config_E,train,35000,0.8444444444444444,0.20667861375264748,171.24601115690675,124.81606421620502,47.20281553072251,2.2134147547422227,5
config_E,train,40000,0.8666666666666666,0.16555182695279266,162.20890015323852,106.98746893126444,43.56345573126061,2.7052081723416026,5
config_E,train,45000,0.928888888888889,0.11589693164804711,103.2468346828559,69.71424591786868,40.41722591771372,1.077303858584002,5
config_E,train,50000,0.9288888888888888,0.15900927839998502,105.34335805536594,98.85017892762276,40.064521072796936,1.0838679433348766,5
config_E,train,55000,0.9555555555555555,0.09938079899999064,91.03523730589211,64.82390271414963,39.093333333333334,0.6096750804352322,5
config_E,train,60000,0.9511111111111111,0.07097208632298362,92.07350350857,44.26707388716371,38.907086007702176,0.2782495346128038,5
config_E,train,65000,0.9688888888888888,0.043319085976928684,111.22700451951619,66.73320827960394,38.9923964382501,0.5992230536888649,5
config_E,train,70000,0.9822222222222221,0.028974232912011802,81.19612085456663,18.94058139378499,39.31656565656566,0.46811049547720857,5
config_E,train,75000,0.9733333333333334,0.03975231959999624,105.72919237753084,77.85076808451933,39.03020356715196,0.22182203975476483,5
config_E,train,80000,0.9733333333333334,0.03975231959999624,105.59099226703862,77.07046588166031,38.81045944412933,0.259825554124815,5
config_E,train,85000,0.968888888888889,0.06956655929999342,127.59105582438522,139.15263187689746,38.73485380116959,0.30118650948900366,5
config_E,train,90000,0.968888888888889,0.06956655929999342,133.630927471338,149.13634771148355,38.742105263157896,0.3670493353705262,5
config_E,train,95000,0.9555555555555555,0.09938079899999068,163.00307185305599,209.21867952738873,38.78984126984127,0.5252572585930748,5
config_E,train,100000,1.0,0.0,72.10204979288793,12.89599894764446,38.81333333333333,0.5059156226921144,5
config_E,train,105000,1.0,0.0,72.97823027043667,12.108715163873576,38.91111111111111,0.6226189211609735,5
config_E,train,110000,1.0,0.0,72.79443944206176,11.655983704110197,38.83111111111111,0.583645419161877,5
config_E,train,115000,1.0,0.0,73.58534529344982,12.649045892273543,38.91555555555556,0.6288142868982924,5
config_E,train,120000,1.0,0.0,72.54505743857474,11.585645848603187,38.80888888888889,0.5993000031930259,5
config_E,train,125000,1.0,0.0,74.06167999702471,11.627176724489965,38.89333333333333,0.5505104253282235,5
config_E,train,130000,1.0,0.0,75.3421223357139,11.73013507207441,38.973333333333336,0.7325585132319742,5
config_E,train,135000,1.0,0.0,75.67707869945664,11.477636253680666,38.94222222222222,0.6266903068827062,5
config_E,train,140000,1.0,0.0,76.0103782748973,12.788191811473732,38.95111111111111,0.7342418614537798,5
config_E,train,145000,1.0,0.0,75.73528104101072,12.037577535344179,38.995555555555555,0.6366191566527708,5
config_E,train,150000,1.0,0.0,76.08390341097325,11.40089129573193,39.031111111111116,0.6149575916322751,5
config_E,train,155000,1.0,0.0,76.8971364529253,11.415375760438412,39.16888888888889,0.658955402301417,5
config_E,train,160000,1.0,0.0,76.19212607207136,11.030292579103905,39.08,0.5874405669964278,5
config_E,train,165000,1.0,0.0,76.71236026109601,10.555377019324919,39.12,0.5545769158156083,5
config_E,train,170000,1.0,0.0,75.89229529394467,9.595742771243293,38.96888888888889,0.4895450142608498,5
config_E,train,175000,1.0,0.0,75.78577354715318,9.574316900936399,38.973333333333336,0.5547549787246204,5
config_E,train,180000,1.0,0.0,75.5394867338659,9.140808681181115,39.0,0.5452375176171236,5
config_E,train,185000,1.0,0.0,77.5881756570802,7.9311714911158075,39.19111111111111,0.5297565245550497,5
config_E,train,190000,1.0,0.0,78.18925141731279,7.336598887514962,39.17777777777778,0.44249572781644025,5
config_E,train,195000,1.0,0.0,77.757686869114,8.491592476291416,39.15555555555555,0.4991350543381381,5
config_E,train,200000,1.0,0.0,77.28366271788454,8.388035530390146,39.160000000000004,0.47826848186007564,5
config_E,train,205000,1.0,0.0,76.45041537847945,8.538839831952995,39.06666666666666,0.48099690715362997,5
config_E,train,210000,1.0,0.0,77.0999665675281,8.069608208631236,39.15555555555555,0.4130584510098023,5
config_E,train,215000,1.0,0.0,76.31737264797081,8.239764939206745,39.05333333333333,0.4156209098935495,5
config_E,train,220000,1.0,0.0,76.22099424223991,7.839108501588328,39.044444444444444,0.34462360931712943,5
config_E,train,225000,1.0,0.0,76.98937041089671,7.625430761468354,39.044444444444444,0.44333194096133494,5
config_E,train,230000,1.0,0.0,76.21178404366759,7.8753612960666155,39.10666666666667,0.41585847545161414,5
config_E,train,235000,1.0,0.0,75.895467536293,8.097049522980363,39.05777777777778,0.5174963469782209,5
config_E,train,240000,1.0,0.0,74.82047574550269,7.614573171143712,39.044444444444444,0.48099690715362914,5
config_E,train,245000,1.0,0.0,74.39679481582668,8.072821239958785,38.995555555555555,0.5423770270818755,5
config_E,train,250000,1.0,0.0,74.56350563622232,8.40688437127479,38.88,0.6613864972657311,5
config_E,train,255000,1.0,0.0,73.40496282888404,8.237106974669341,38.78666666666667,0.6799782131586039,5
config_E,train,260000,1.0,0.0,72.02625631013154,8.85228994855563,38.64888888888889,0.7187781127083975,5
config_E,train,265000,1.0,0.0,71.77279578941003,8.044176244039411,38.66222222222222,0.5852930046007468,5
config_E,train,270000,1.0,0.0,74.53261586210463,7.284282884021346,39.0488888888889,0.9675474914174235,5
config_E,train,275000,0.9955555555555555,0.00993807989999913,82.60367924695126,21.682997135938418,38.65272727272727,0.5090049229933493,5
config_E,train,280000,1.0,0.0,73.3906168211809,8.346700074898548,38.955555555555556,0.9280272452364908,5
config_E,train,285000,1.0,0.0,70.70951327038611,8.338548982109705,38.64,0.5750791679262229,5
config_E,train,290000,1.0,0.0,70.81385298236128,8.420049103495526,38.6,0.633820475420076,5
config_E,train,295000,0.9866666666666667,0.02981423969999725,100.20018056507595,69.50022713566288,38.736825396825395,1.1490695349587483,5
config_E,train,300000,0.9955555555555555,0.00993807989999913,78.9232013689985,20.191129667861198,38.63363636363636,0.7024411571274928,5
config_E,train,305000,0.9866666666666667,0.02981423969999725,109.84939729368796,89.47192189608377,38.50063492063492,0.582476533059169,5
config_E,train,310000,0.9777777777777779,0.04969039949999535,115.13725165093197,103.69424385212616,38.55277777777778,0.6802153344600277,5
config_E,train,315000,0.9777777777777779,0.04969039949999535,119.68980000077855,113.78446990402357,38.74944444444444,0.9950192317764229,5
config_E,train,320000,0.9733333333333334,0.05962847939999439,121.47078558862968,119.71085255135259,38.707692307692305,0.7888837958554398,5
config_E,train,325000,0.9733333333333334,0.05962847939999439,120.47573767499053,116.03394374840579,38.77025641025641,0.9941700171188677,5
config_E,train,330000,0.9733333333333334,0.05962847939999439,120.94594000868467,117.36587926614808,38.90222222222222,1.2474764650542298,5
config_E,train,335000,0.9644444444444444,0.07950463919999254,140.59394028553652,159.62625536405335,38.905945945945945,1.1343220947078767,5
config_E,train,340000,0.9733333333333334,0.05962847939999439,128.3580726544522,132.2319678324533,39.12786324786325,1.734630661352007,5
config_E,train,345000,0.9688888888888888,0.06956655929999346,134.0317254033376,141.26944763523653,38.83812865497076,1.0027535019557332,5
config_E,train,350000,0.9644444444444444,0.07950463919999254,145.24365905705085,165.00490855150534,38.5612012012012,0.5340453273073587,5
config_E,train,355000,0.9644444444444444,0.07950463919999254,154.1091206819723,183.62738485296086,38.598438438438436,0.6400848032895702,5
config_E,train,360000,0.9688888888888888,0.06956655929999346,140.9582013035087,153.29278603483917,38.68327485380117,0.5782850485238129,5
config_E,train,365000,0.9733333333333334,0.05962847939999439,124.24045480572886,116.49503736666188,38.7251282051282,0.7263422663460932,5
config_E,train,370000,0.9777777777777779,0.04969039949999535,118.70883401488668,105.87132161074821,39.14888888888889,1.4999917695247431,5
config_E,train,375000,0.9822222222222223,0.039752319599996214,107.87247440577967,82.20769010528939,39.168563685636855,1.6307355183023038,5
config_E,train,380000,0.9822222222222223,0.039752319599996214,108.88620581599673,82.83548892001552,38.6089972899729,0.728394346722042,5
config_E,train,385000,0.9733333333333334,0.05962847939999439,127.26793135310223,125.38867985374745,39.1634188034188,1.6036418484269372,5
config_E,train,390000,0.9733333333333334,0.05962847939999439,129.4648842040014,127.77523038160618,38.68649572649573,0.7877807034327533,5
config_E,train,395000,0.9688888888888888,0.06956655929999346,142.9879239210798,159.680512632684,38.525146198830406,0.7362055172712401,5
config_E,train,400000,0.9733333333333334,0.05962847939999439,125.07731163968978,119.70350489541467,38.620170940170944,0.7502593118326468,5
config_E,train,405000,0.9955555555555555,0.00993807989999913,77.96818670772885,16.089427820471577,38.586666666666666,0.7781903667571197,5
config_E,train,410000,0.9866666666666667,0.02981423969999725,99.3255504442523,62.27038606013071,38.539682539682545,0.7673154440500649,5
config_E,train,415000,0.9733333333333334,0.05962847939999439,127.4433125670997,124.66039806043706,39.01299145299145,1.542007120453582,5
config_E,train,420000,0.9733333333333334,0.05962847939999439,129.23095387562967,128.65288697908215,38.44,0.5580831390782701,5
config_E,train,425000,0.9822222222222223,0.039752319599996214,104.63464058540644,75.18657094351663,38.40726287262873,0.6135123806936459,5
config_E,train,430000,0.9777777777777779,0.04969039949999535,124.75237984807418,121.20782595532411,38.385000000000005,0.6125853430087413,5
config_E,train,435000,0.9955555555555555,0.00993807989999913,75.9685784991717,16.30328820501028,38.28808080808081,0.5005304807572926,5
config_E,train,440000,0.9733333333333334,0.05962847939999439,136.49261151323117,148.50131462373196,38.32034188034188,0.47094963305058596,5
config_E,train,445000,0.9733333333333334,0.05962847939999439,131.83929511632928,137.1107545484209,38.369572649572646,0.48351206199184504,5
config_E,train,450000,0.9733333333333334,0.05962847939999439,132.2390598309624,136.98613227671004,38.441367521367525,0.46193145661606544,5
config_E,train,455000,0.9866666666666667,0.02981423969999725,100.39803616169651,67.09715621088884,38.46666666666666,0.5593205754957029,5
config_E,train,460000,0.9733333333333334,0.05962847939999439,130.3269263721323,133.63073354535996,38.39897435897436,0.5260773673612169,5
config_E,train,465000,0.9777777777777779,0.04969039949999535,125.19102655905237,121.01198702157568,38.622777777777785,0.7674925101174715,5
config_E,train,470000,0.9822222222222223,0.039752319599996214,112.04429232872226,94.60180402506977,38.540271002710035,0.6684662296063434,5
config_E,train,475000,0.9777777777777779,0.04969039949999535,123.88512163213936,120.13680973679962,38.59888888888889,0.720129446525474,5
config_E,train,480000,0.9777777777777779,0.04969039949999535,125.980932313672,122.98450674294669,38.49444444444445,0.5605607862326172,5
config_E,train,485000,0.9777777777777779,0.04969039949999535,127.62242464796218,127.39741411192291,38.55444444444444,0.699872122358308,5
config_E,train,490000,0.9777777777777779,0.04969039949999535,131.06696873876683,134.58048388349454,39.056111111111115,1.5757816990189244,5
config_E,train,495000,0.9733333333333334,0.05962847939999439,139.155803423843,152.40458437568446,38.673846153846156,0.8005526252580623,5
config_E,train,500000,0.9555555555555555,0.09938079899999064,104.77853405511087,76.06024127793579,38.373333333333335,0.2550236009412362,5
